filename,Bilirubin,Blood,Glucose,Ketone,Leukocytes,Nitrite,Protein,SpGravity,Urobilinogen,background,pH,strip
IMG_3750_png_jpg.rf.e9fa1e91094dda7ebadc097f0a301ca0.jpg,1,1,1,1,1,1,1,1,1,1,1,1
IMG_3833_png_jpg.rf.ea2afcb03156f7f09dc28051c3e7cd26.jpg,1,1,1,1,1,1,1,1,1,1,1,1
IMG_3021_png_jpg.rf.ea2d6dd6b70396b1abdeb0d54f34fa4f.jpg,1,1,1,1,1,1,1,1,1,1,1,1
IMG_3707_png_jpg.rf.e9cbcf730c295afbb18f4ecdeae2426d.jpg,1,1,1,1,1,1,1,1,1,1,1,1
IMG_3860_png_jpg.rf.ea359bdd0e018ba329eb1a4f888dc6d8.jpg,1,1,1,1,1,1,1,1,1,1,1,1
IMG_3653_png_jpg.rf.ec866832e462c237604cd4195a1453e7.jpg,1,1,1,1,1,1,1,1,1,1,1,1
IMG_3713_png_jpg.rf.ed359a9e53b2db6adb9b2ac32729cdf6.jpg,1,1,1,1,1,1,1,1,1,1,1,1
IMG_3775_png_jpg.rf.ed7b641085a5e072d8089ac59af431ba.jpg,1,1,1,1,1,1,1,1,1,1,1,1
IMG_2987_png_jpg.rf.ed964f985c9805dcb26d8799125d75ab.jpg,1,1,1,1,1,1,1,1,1,1,1,1
IMG_3611_png_jpg.rf.ea812124d96a6dd719c1280b362a1914.jpg,1,1,1,1,1,1,1,1,1,1,1,1
IMG_3022_png_jpg.rf.ea38dbc15448b13181e9b25e1e4eeeca.jpg,1,1,1,1,1,1,1,1,1,1,1,1
IMG_3873_png_jpg.rf.edb0f7a92fe3574105f676d645340d6e.jpg,1,1,1,1,1,1,1,1,1,1,1,1
IMG_2996_png_jpg.rf.eaab3066501c1b3560456dbc6a12d87b.jpg,1,1,1,1,1,1,1,1,1,1,1,1
IMG_3765_png_jpg.rf.eae785d7e342059435b82742c4167854.jpg,1,1,1,1,1,1,1,1,1,1,1,1
12_jpg.rf.edb09d80750aa524b80b55e86210b027.jpg,1,1,1,1,1,1,1,1,1,1,1,1
IMG_3817_png_jpg.rf.eab8cd2daeefa4ce9f54b7e15b4ea61f.jpg,1,1,1,1,1,1,1,1,1,1,1,1
IMG_3780_png_jpg.rf.e9cff12bda264b56d9bea10ccc069eb9.jpg,1,1,1,1,1,1,1,1,1,1,1,1
IMG_3574_png_jpg.rf.edb2b70c11f113736021169d2a842bc7.jpg,1,1,1,1,1,1,1,1,1,1,1,1
IMG_3637_png_jpg.rf.ee1140a192a660705559a1daeee9ee02.jpg,1,1,1,1,1,1,1,1,1,1,1,1
28_jpg.rf.ee0352a44dace8cdd2bf322a19ae4210.jpg,1,1,1,1,1,1,1,1,1,1,1,1
IMG_3001_png_jpg.rf.edd347ebc462c48b682db18de1580c0f.jpg,1,1,1,1,1,1,1,1,1,1,1,1
IMG_3919_png_jpg.rf.ee341ad1fe165a7d3f7f81799b294b1a.jpg,1,1,1,1,1,1,1,1,1,1,1,1
IMG_3873_png_jpg.rf.edbc2c529d573194ba8b86bd9cdafdcf.jpg,1,1,1,1,1,1,1,1,1,1,1,1
IMG_3695_png_jpg.rf.ee6183c633227e7108850ffc90dfc73e.jpg,1,1,1,1,1,1,1,1,1,1,1,1
23_jpg.rf.ee604e335caf9cb5ad86d0a80979c9f8.jpg,1,1,1,1,1,1,1,1,1,1,1,1
IMG_3901_png_jpg.rf.eb9e5ceb8e51641efeb4239b12183e3d.jpg,1,1,1,1,1,1,1,1,1,1,1,1
IMG_3950_png_jpg.rf.eece228f0b59f854bc8bec2bda501504.jpg,1,1,1,1,1,1,1,1,1,1,1,1
29_jpg.rf.eef57cd3ca7b427d17709c8a620fdf5d.jpg,1,1,1,1,1,1,1,1,1,1,1,1
IMG_3595_png_jpg.rf.ee7582d8ce593b5d0487bde73b10747c.jpg,1,1,1,1,1,1,1,1,1,1,1,1
IMG_3602_png_jpg.rf.ee6716f5708863175bd8097b7a33fd38.jpg,1,1,1,1,1,1,1,1,1,1,1,1
IMG_3887_png_jpg.rf.eb72e528bf9742bbc6ec06d7c92ef6bf.jpg,1,1,1,1,1,1,1,1,1,1,1,1
IMG_3609_png_jpg.rf.eaf68d5aafc76d7d9fe64d95fb43d7e7.jpg,1,1,1,1,1,1,1,1,1,1,1,1
IMG_3689_png_jpg.rf.ee7d1400c1f426e1c38a08ac436058ff.jpg,1,1,1,1,1,1,1,1,1,1,1,1
IMG_3700_png_jpg.rf.ef4f4f867d617b7921f127b1dd1ec8ef.jpg,1,1,1,1,1,1,1,1,1,1,1,1
IMG_3846_png_jpg.rf.ef299533209902a1fb198469b2368a2d.jpg,1,1,1,1,1,1,1,1,1,1,1,1
IMG_3742_png_jpg.rf.ef89ff07611adc30636fda8debbc0e1f.jpg,1,1,1,1,1,1,1,1,1,1,1,1
IMG_3699_png_jpg.rf.eb3a94004a2b5cf3c38ccbe272578f81.jpg,1,1,1,1,1,1,1,1,1,1,1,1
IMG_3572_png_jpg.rf.ef63a109d53be8a3e19b9e9ca66ede7d.jpg,1,1,1,1,1,1,1,1,1,1,1,1
IMG_3786_png_jpg.rf.efa10e4cc5d6fb60ad93497a9997c299.jpg,1,1,1,1,1,1,1,1,1,1,1,1
IMG_3873_png_jpg.rf.f02838983f046afacf0e4af93be4b3c6.jpg,1,1,1,1,1,1,1,1,1,1,1,1
IMG_3838_png_jpg.rf.efa8e76db36847bca2715c02b5682c9d.jpg,1,1,1,1,1,1,1,1,1,1,1,1
IMG_3936_png_jpg.rf.eff2461ca83c891876d02e506dcb2be1.jpg,1,1,1,1,1,1,1,1,1,1,1,1
5_jpg.rf.efad11a2342c0a801a902170e684b68f.jpg,1,1,1,1,1,1,1,1,1,1,1,1
IMG_3821_png_jpg.rf.f0481acb1841e36a36e87fbfe6960383.jpg,1,1,1,1,1,1,1,1,1,1,1,1
IMG_3753_png_jpg.rf.ef20572f93bb40efa694abdbb30fdd04.jpg,1,1,1,1,1,1,1,1,1,1,1,1
IMG_3757_png_jpg.rf.f091a4d5322e062f0592cb891bd7af6e.jpg,1,1,1,1,1,1,1,1,1,1,1,1
IMG_3651_png_jpg.rf.f02643a333a194a6751fe4f506ca98b4.jpg,1,1,1,1,1,1,1,1,1,1,1,1
IMG_3707_png_jpg.rf.f0b6b0ff2dca063c468df4c0c8271cfc.jpg,1,1,1,1,1,1,1,1,1,1,1,1
12_jpg.rf.f08d8fbfdd593fdb26deae16b0cd9a55.jpg,1,1,1,1,1,1,1,1,1,1,1,1
IMG_2995_png_jpg.rf.f0f5acee9213f67a604f7b4e8fb8e624.jpg,1,1,1,1,1,1,1,1,1,1,1,1
IMG_3719_png_jpg.rf.f13b13970b0c571868aee73a220b7f0f.jpg,1,1,1,1,1,1,1,1,1,1,1,1
IMG_3782_png_jpg.rf.f1397cc8b755c5678d3167bf4a5da6e8.jpg,1,1,1,1,1,1,1,1,1,1,1,1
IMG_3837_png_jpg.rf.f12e29148d857deed8525e5d57ba8fa8.jpg,1,1,1,1,1,1,1,1,1,1,1,1
IMG_3736_png_jpg.rf.f16832ea111650b621c99254fc02391b.jpg,1,1,1,1,1,1,1,1,1,1,1,1
21_jpg.rf.f15f78c1916ac9a55d329c3feb6e337e.jpg,1,1,1,1,1,1,1,1,1,1,1,1
IMG_3858_png_jpg.rf.f1b6723a4bcae6bad4d94211cdfd81ba.jpg,1,1,1,1,1,1,1,1,1,1,1,1
IMG_3935_png_jpg.rf.f1ad7d1d154ec032582f7fac706886fc.jpg,1,1,1,1,1,1,1,1,1,1,1,1
10_jpg.rf.f144f32bf3a7f90ae023134a41afc2c1.jpg,1,1,1,1,1,1,1,1,1,1,1,1
23_jpg.rf.f1e7ff7ff6448c4fea6f950a44c0ca74.jpg,1,1,1,1,1,1,1,1,1,1,1,1
IMG_3839_png_jpg.rf.f23f33062c1ad8c5d9a3e0507f91d50f.jpg,1,1,1,1,0,1,1,1,1,1,1,1
IMG_3677_png_jpg.rf.f1e0cd8c77dabc22000412b024bf60e3.jpg,1,1,1,1,1,1,1,1,1,1,1,1
IMG_3920_png_jpg.rf.f239bfa454cf39b672e3ee7cd854f032.jpg,1,1,1,1,1,1,1,1,1,1,1,1
IMG_3644_png_jpg.rf.f2b4c49c5092a7530a09bcf7eea94c52.jpg,1,1,1,1,1,1,1,1,1,1,1,1
IMG_3601_png_jpg.rf.f337d491791e7144553d81db400dc8d0.jpg,1,1,1,1,1,1,1,1,1,1,1,1
IMG_3771_png_jpg.rf.f29aae20510dfb222b73ab2aef2bc4b2.jpg,1,1,1,1,1,1,1,1,1,1,1,1
IMG_3888_png_jpg.rf.f2bd2e90c1841aa0d56eb0674423737e.jpg,1,1,1,1,1,1,1,1,1,1,1,1
IMG_3694_png_jpg.rf.f24c41e542fc529c92664c534000e16a.jpg,1,1,1,1,1,1,1,1,1,1,1,1
IMG_3024_png_jpg.rf.f1c5f893b026629eab389a7a817aee94.jpg,1,1,1,1,1,1,1,1,1,1,1,1
IMG_3899_png_jpg.rf.f1f501be657420a89a06990f80884450.jpg,1,1,1,1,1,1,1,1,1,1,1,1
IMG_2991_png_jpg.rf.f27c8dafd7a7d43e8504602f406672e1.jpg,1,1,1,1,1,1,1,1,1,1,1,1
IMG_3736_png_jpg.rf.f25e09a63469e6229ce067c962a7c761.jpg,1,1,1,1,1,1,1,1,1,1,1,1
IMG_3663_png_jpg.rf.f34dd9ac99c67bd10610afaebf24826d.jpg,1,1,1,1,1,1,1,1,1,1,1,1
IMG_3021_png_jpg.rf.f2e9201d849f13f3f8a88921c3307c65.jpg,1,1,1,1,1,1,1,1,1,1,1,1
IMG_3608_png_jpg.rf.f38b4263f6f270091431aab148ebad0f.jpg,1,1,1,1,1,1,1,1,1,1,1,1
IMG_3820_png_jpg.rf.f37a9651919fdeb1a11feb6c776c8664.jpg,1,1,1,1,1,1,1,1,1,1,1,1
12_jpg.rf.f375d7a898ee19970bf8d0c57cfe9f50.jpg,1,1,1,1,1,1,1,1,1,1,1,1
15_jpg.rf.ec5989d4058d4116f754ac3906fd1757.jpg,1,1,1,1,1,1,1,1,1,1,1,1
IMG_3817_png_jpg.rf.f3a4f549362681cb311b32d0f9369557.jpg,1,1,1,1,1,1,1,1,1,1,1,1
IMG_3752_png_jpg.rf.f18df95fe838d7573bec5d86706f6785.jpg,1,1,1,1,1,1,1,1,1,1,1,1
IMG_3708_png_jpg.rf.f46a60cf8db31fd7d4f13954f7a2460a.jpg,1,1,1,1,1,1,1,1,1,1,1,1
IMG_2986_png_jpg.rf.f451b006954bc2859e02091f45d74806.jpg,1,1,1,1,1,1,1,1,1,1,1,1
IMG_3713_png_jpg.rf.f3b04c966ef049a9b501e270177bcd75.jpg,1,1,1,1,1,1,1,1,1,1,1,1
IMG_3860_png_jpg.rf.f420f0a44236b838c529799a30f266c0.jpg,1,1,1,1,1,1,1,1,1,1,1,1
33_jpg.rf.ebafbd70950d2367fad36aceea4170da.jpg,1,1,1,1,1,1,1,1,1,1,1,1
IMG_3580_png_jpg.rf.f41a4650ba6adeea825795667b3efb6e.jpg,1,1,1,1,1,1,1,1,1,1,1,1
IMG_3838_png_jpg.rf.f47700d7242bc81ed0bd8fb0838c0cc8.jpg,1,1,1,1,1,1,1,1,1,1,1,1
IMG_3600_png_jpg.rf.f3d28bd09223a7425bc85e959b63bb1b.jpg,1,1,1,1,1,1,1,1,1,1,1,1
IMG_3638_png_jpg.rf.f485817e6b058937d9ba62547562a854.jpg,1,1,1,1,1,1,1,1,1,1,1,1
IMG_3943_png_jpg.rf.f4bcc23b55ae3a2d09f96db81a9fe11b.jpg,1,1,1,1,1,1,1,1,1,1,1,1
IMG_3713_png_jpg.rf.ebb7346973316196f25e91482813c372.jpg,1,1,1,1,1,1,1,1,1,1,1,1
IMG_3011_png_jpg.rf.f5194fed822b0764424f6556f6c367d1.jpg,1,1,1,1,1,1,1,1,1,1,1,1
IMG_3839_png_jpg.rf.ec01fd588da9c9958ae21e6172d8767c.jpg,1,1,1,1,0,1,1,1,1,1,1,1
IMG_3929_png_jpg.rf.f4a66c3731cc933a77e4d8dcf238a0e4.jpg,1,1,1,1,1,1,1,1,1,1,1,1
IMG_3898_png_jpg.rf.f4fa85902e6ef1c36a4e4ae16a23b732.jpg,1,1,1,1,1,1,1,1,1,1,1,1
IMG_2986_png_jpg.rf.f527e587ce4118b15521b75cf8c558e4.jpg,1,1,1,1,1,1,1,1,1,1,1,1
IMG_3656_png_jpg.rf.f476cdec00d41929c3b86ef19ecf260a.jpg,1,1,1,1,1,1,1,1,1,1,1,1
IMG_3605_png_jpg.rf.f525df66c37a1a2268bba628a3ac2ccf.jpg,1,1,1,1,1,1,1,1,1,1,1,1
IMG_3847_png_jpg.rf.f51914a59156d976a0d66f3b9b3e1fa9.jpg,1,1,1,1,1,1,1,1,1,1,1,1
IMG_3923_png_jpg.rf.f5389c835d607e9294ea3126d9398f7c.jpg,1,1,1,1,1,1,1,1,1,1,1,1
IMG_3017_png_jpg.rf.f52f28eea45939b5906870b30c046cff.jpg,1,1,1,1,1,1,1,1,1,1,1,1
IMG_3661_png_jpg.rf.ecc078d3c6fcf27d2351955894ab2645.jpg,1,1,1,1,1,1,1,1,1,1,1,1
IMG_3644_png_jpg.rf.f475231f0c7fc8753deb53faa4715ee8.jpg,1,1,1,1,1,1,1,1,1,1,1,1
IMG_3867_png_jpg.rf.f54151ef45e31c4a7d4ea826e4042b64.jpg,1,1,1,1,1,1,1,1,1,1,1,1
14_jpg.rf.f5de22d24f667c57ad6558404718da3f.jpg,1,1,1,1,1,1,1,1,1,1,1,1
32_jpg.rf.ed071991a942b6d0a83c80e21929ef57.jpg,1,1,1,1,1,1,1,1,1,1,1,1
IMG_3661_png_jpg.rf.f5eb84d78a07c63931f93f0eacacfdf6.jpg,1,1,1,1,1,1,1,1,1,1,1,1
IMG_3772_png_jpg.rf.ec5d9792c564528bc3d40b33d57fa50d.jpg,1,1,1,1,1,1,1,1,1,1,1,1
IMG_3652_png_jpg.rf.f5e286757a5eb41b67ad697db3259f8f.jpg,1,1,1,1,1,1,1,1,1,1,1,1
IMG_3811_png_jpg.rf.f5d2aac1b3bc374f87fe96d0e4cde56b.jpg,1,1,1,1,1,1,1,1,1,1,1,1
IMG_3021_png_jpg.rf.f613acde4485cfc83465675a76c4d3f2.jpg,1,1,1,1,1,1,1,1,1,1,1,1
27_jpg.rf.f6222ca32c5b2afc970b349e9d044239.jpg,1,1,1,1,1,1,1,1,1,1,1,1
IMG_3950_png_jpg.rf.f60aef8f330029364ff4c990d8bb18d8.jpg,1,1,1,1,1,1,1,1,1,1,1,1
IMG_3833_png_jpg.rf.ec5183ed8a4a6f2cd1eb56d08df3ff12.jpg,1,1,1,1,1,1,1,1,1,1,1,1
IMG_3772_png_jpg.rf.f699e0dee5ac80e5f00e513be914287f.jpg,1,1,1,1,1,1,1,1,1,1,1,1
IMG_3703_png_jpg.rf.f5dd3ccb6c89cf9da72a09c9ad5ab234.jpg,1,1,1,1,1,1,1,1,1,1,1,1
IMG_3974_png_jpg.rf.f625613fc94e5ec01860a4a3a2e5b25e.jpg,1,1,1,1,1,1,1,1,1,1,1,1
IMG_3750_png_jpg.rf.f7176a625cfd54b14fe1440026dc334b.jpg,1,1,1,1,1,1,1,1,1,1,1,1
IMG_3822_png_jpg.rf.f61eeff03e346f90980dc3072158a2b7.jpg,1,1,1,1,1,1,1,1,1,1,1,1
IMG_3830_png_jpg.rf.f6aaec013514ef42ded22be39e9f1f63.jpg,1,1,1,1,1,1,1,1,1,1,1,1
IMG_3769_png_jpg.rf.f79def12333857b7c4b4055a4b85a0ee.jpg,1,1,1,1,1,1,1,1,1,1,1,1
IMG_3627_png_jpg.rf.f76e93ee7f1e6860b1793dba7dfb7a5a.jpg,1,1,1,1,1,1,1,1,1,1,1,1
IMG_3612_png_jpg.rf.f6fd047b9fc29cda21494002d8482b44.jpg,1,1,1,1,1,1,1,1,1,1,1,1
IMG_2987_png_jpg.rf.f6d00871233d5df05832858385fb6ac4.jpg,1,1,1,1,1,1,1,1,1,1,1,1
IMG_3905_png_jpg.rf.f7a0b05ddac0fe51bd54e2c23d231e29.jpg,1,1,1,1,1,1,1,1,1,1,1,1
30_jpg.rf.f65d4632b624a68eda437a9ba707d574.jpg,1,1,1,1,1,1,1,1,1,1,1,1
IMG_3589_png_jpg.rf.f7a9cadfe6ead016e7df53f65ecf4eb5.jpg,1,1,1,1,1,1,1,1,1,1,1,1
IMG_3889_png_jpg.rf.f626f0ce6655674a83131d93bf3a4984.jpg,1,1,1,1,1,1,1,1,1,1,1,1
IMG_3849_png_jpg.rf.f811a13fce52b917c426456e16af22bc.jpg,1,1,1,1,1,1,1,1,1,1,1,1
28_jpg.rf.f7dd2d30ca20b2ba4b5c1e6b7412ea6c.jpg,1,1,1,1,1,1,1,1,1,1,1,1
25_jpg.rf.f8976a776d759cd013d5ff44a4087acb.jpg,1,1,1,1,1,1,1,1,1,1,1,1
IMG_3641_png_jpg.rf.f84f7385597fb7f0e98f786cb2a93548.jpg,1,1,1,1,1,1,1,1,1,1,1,1
IMG_3649_png_jpg.rf.ecb283a929e8f758b0b390158bc3d00d.jpg,1,1,1,1,1,1,1,1,1,1,1,1
IMG_3714_png_jpg.rf.f7d59940b5510b053b8cdadb2de4035b.jpg,1,1,1,1,1,1,1,1,1,1,1,1
IMG_3743_png_jpg.rf.f83944e4546f1fcd2cdc7f76ceb7f50c.jpg,1,1,1,1,1,1,1,1,1,1,1,1
12_jpg.rf.f864e24a685c9d7e78ea3f1842cf3d58.jpg,1,1,1,1,1,1,1,1,1,1,1,1
IMG_3938_png_jpg.rf.f84f319597167cbe55cfd576ac3c2a81.jpg,1,1,1,1,1,1,1,1,1,1,1,1
IMG_3698_png_jpg.rf.f810835cda28252744028b973fc48841.jpg,1,1,1,1,1,1,1,1,1,1,1,1
IMG_3906_png_jpg.rf.f64c00f86c30cbdbba755fc7887d0e49.jpg,1,1,1,1,1,1,1,1,1,1,1,1
29_jpg.rf.f814cf986ee177d0ef3a5590ae534936.jpg,1,1,1,1,1,1,1,1,1,1,1,1
IMG_3568_png_jpg.rf.f8809dba8dbf4cc8c73f5341d8f015c8.jpg,1,1,1,1,1,1,1,1,1,1,1,1
IMG_3617_png_jpg.rf.f7d9e17287029e2dbc0437e5b0edc5e8.jpg,1,1,1,1,1,1,1,1,1,1,1,1
IMG_3761_png_jpg.rf.f89d832bbe5f95097ec2a542f7ddc7af.jpg,1,1,1,1,1,1,1,1,1,1,1,1
IMG_3563_png_jpg.rf.f8d5a28df0408e9c2406719ab21f56e8.jpg,1,1,1,1,1,1,1,1,1,1,1,1
IMG_3658_png_jpg.rf.f8b2b649ed2a1f850281dda76ed6fef3.jpg,1,1,1,1,1,1,1,1,1,1,1,1
IMG_3849_png_jpg.rf.f95633328f9b2a4095cdd6ba9fb65aeb.jpg,1,1,1,1,1,1,1,1,1,1,1,1
IMG_3659_png_jpg.rf.f8ec665dd5256a294ee5e2d8793a7349.jpg,1,1,1,1,1,1,1,1,1,1,1,1
IMG_3893_png_jpg.rf.f8f5a4746303e2f9a85d91ebbe4d6ca9.jpg,1,1,1,1,1,1,1,1,1,1,1,1
IMG_3714_png_jpg.rf.f9fddd623b89fadca07370f47e21d714.jpg,1,1,1,1,1,1,1,1,1,1,1,1
IMG_3730_png_jpg.rf.f8e0d919632910eb1e2dc72bb809384d.jpg,1,1,1,1,1,1,1,1,1,1,1,1
IMG_3909_png_jpg.rf.f9a1b7bcf133802a48083f507239656e.jpg,1,1,1,1,1,1,1,1,1,1,1,1
IMG_3752_png_jpg.rf.f9d0dbfa3b81b9d02c4e31520ed77e0d.jpg,1,1,1,1,1,1,1,1,1,1,1,1
IMG_3580_png_jpg.rf.f938476af047ffc4ad21129d0f8ed924.jpg,1,1,1,1,1,1,1,1,1,1,1,1
IMG_3888_png_jpg.rf.f9dc150cda6062ec6a96102479015208.jpg,1,1,1,1,1,1,1,1,1,1,1,1
IMG_3749_png_jpg.rf.f9cf7af81f375a42761351c199e95d1c.jpg,1,1,1,1,1,1,1,1,1,1,1,1
IMG_3829_png_jpg.rf.fa69a5a7afb7ce2106a6e51db935fa14.jpg,1,1,1,1,1,1,1,1,1,1,1,1
32_jpg.rf.fa41be8478d14373e84d457acc7a310a.jpg,1,1,1,1,1,1,1,1,1,1,1,1
30_jpg.rf.f9b9714f6db4c2634769b3ee16054c39.jpg,1,1,1,1,1,1,1,1,1,1,1,1
IMG_3754_png_jpg.rf.f9ab08bd9b95cab98f9a396fa8b07982.jpg,1,1,1,1,1,1,1,1,1,1,1,1
IMG_2984_png_jpg.rf.f8cdb59786b71d950770e42b60ca0a80.jpg,1,1,1,1,1,1,1,1,1,1,1,1
IMG_2995_png_jpg.rf.fac6b561a34edc7d0366a02168d45a90.jpg,1,1,1,1,1,1,1,1,1,1,1,1
IMG_3918_png_jpg.rf.f976c134ccce664718fca99887f50d0e.jpg,1,1,1,1,1,1,1,1,1,1,1,1
IMG_3620_png_jpg.rf.fa82bde1a348a904fef8aaf6509599f5.jpg,1,1,1,1,1,1,1,1,1,1,1,1
IMG_3926_png_jpg.rf.f983319fb38775e23084b16171bd46af.jpg,1,1,1,1,1,1,1,1,1,1,1,1
IMG_3957_png_jpg.rf.f98bfdb7fcde24be38decd4f0f89070b.jpg,1,1,1,1,1,1,1,1,1,1,1,1
10_jpg.rf.fabde11c89e52c1e984dcaf99dc74d52.jpg,1,1,1,1,1,1,1,1,1,1,1,1
IMG_3756_png_jpg.rf.fb277cfbbacfd49c2c57ec54bc9fd66f.jpg,1,1,1,1,1,1,1,1,1,1,1,1
IMG_3668_png_jpg.rf.fb98a14c65e8251a58b7c3bbeb69d4b2.jpg,1,1,1,1,1,1,1,1,1,1,1,1
IMG_3759_png_jpg.rf.fb960542afed72a5187b4d4c41827dd9.jpg,1,1,1,1,1,1,1,1,1,1,1,1
IMG_3602_png_jpg.rf.fb2c9c6949ceb41dc471829a007bcbc5.jpg,1,1,1,1,1,1,1,1,1,1,1,1
IMG_3011_png_jpg.rf.f9e2a81e36968908c7720f387f5cc3b3.jpg,1,1,1,1,1,1,1,1,1,1,1,1
IMG_3853_png_jpg.rf.faf0eb337aa6b52718d89cef58e9d862.jpg,1,1,1,1,1,1,1,1,1,1,1,1
IMG_2979_png_jpg.rf.fb3dba5003d804d345bd7b5eabb30099.jpg,1,1,1,1,1,1,1,1,1,1,1,1
IMG_3652_png_jpg.rf.fc3d3a3e9b461da16d5148933ced2891.jpg,1,1,1,1,1,1,1,1,1,1,1,1
IMG_2978_png_jpg.rf.fca6a044ca2ab6026ba490450ff3cb27.jpg,1,1,1,1,1,1,1,1,1,1,1,1
IMG_3775_png_jpg.rf.fc226ae379c709b122aacc667b84947b.jpg,1,1,1,1,1,1,1,1,1,1,1,1
IMG_3574_png_jpg.rf.fc84da4686d6afe6afd581faef601b85.jpg,1,1,1,1,1,1,1,1,1,1,1,1
IMG_3792_png_jpg.rf.fcf99d53010f8781cf5c3d01ca969631.jpg,1,1,1,1,1,1,1,1,1,1,1,1
IMG_3799_png_jpg.rf.fbba6a6da58b16f2c6269621df7f4d55.jpg,1,1,1,1,1,1,1,1,1,1,1,1
IMG_3828_png_jpg.rf.fc4a6214839ccf6b8b6bd84cb55ffff2.jpg,1,1,1,1,1,1,1,1,1,1,1,1
IMG_3586_png_jpg.rf.fc39f1fa44a1502251cd4005e8cf8cca.jpg,1,1,1,1,1,1,1,1,1,1,1,1
IMG_3681_png_jpg.rf.fc3c300ebea860377a42069f5531e600.jpg,1,1,1,1,1,1,1,1,1,1,1,1
IMG_3885_png_jpg.rf.fc0d44d2e838935efb85842e73c33eae.jpg,1,1,1,1,1,1,1,1,1,1,1,1
IMG_3827_png_jpg.rf.fd5d98709e188d39b72d1e1f3e73eefa.jpg,1,1,1,1,1,1,1,1,1,1,1,1
IMG_3587_png_jpg.rf.fc3e4fef1033a24b1fd88688f6b83c1e.jpg,1,1,1,1,1,1,1,1,1,1,1,1
IMG_3974_png_jpg.rf.fdee04a0243cc365747f81f99d559357.jpg,1,1,1,1,1,1,1,1,1,1,1,1
IMG_3574_png_jpg.rf.fda4c9a603201f4ee56ecf8857c67b03.jpg,1,1,1,1,1,1,1,1,1,1,1,1
IMG_3796_png_jpg.rf.fc7dfad7a76c00131d7920d67eb9cccb.jpg,1,1,1,1,1,1,1,1,1,1,1,1
IMG_2979_png_jpg.rf.fd9cd4f833424a154cd48dcdb7dfbd89.jpg,1,1,1,1,1,1,1,1,1,1,1,1
IMG_3665_png_jpg.rf.fbb270eb1b05e5a3e04c24769e2aee10.jpg,1,1,1,1,1,1,1,1,1,1,1,1
IMG_3962_png_jpg.rf.fcf58e354f379606cef8050f7353dd69.jpg,1,1,1,1,1,1,1,1,1,1,1,1
IMG_3932_png_jpg.rf.fdf65c8f7353b0088fc4e10aecaab705.jpg,1,1,1,1,1,1,1,1,1,1,1,1
IMG_3768_png_jpg.rf.fdd5ff0176bab0010d9b27bdaaccb69b.jpg,1,1,1,1,1,1,1,1,1,1,1,1
IMG_3632_png_jpg.rf.fdb24c5ff83dda80042ea8e289d0309e.jpg,1,1,1,1,1,1,1,1,1,1,1,1
IMG_3838_png_jpg.rf.fc8a9a0b939495e8eb3e871bc10f549b.jpg,1,1,1,1,1,1,1,1,1,1,1,1
IMG_3881_png_jpg.rf.fcb4fc7c811fd20f34a2c9861c766d10.jpg,1,1,1,1,1,1,1,1,1,1,1,1
IMG_3729_png_jpg.rf.fe09a2cbbb38da510a22f4cdc6f31d4f.jpg,1,1,1,1,1,1,1,1,1,1,1,1
IMG_3887_png_jpg.rf.fdf07d685d847dd4b83758a5257da90a.jpg,1,1,1,1,1,1,1,1,1,1,1,1
IMG_3789_png_jpg.rf.fdd0eae4510e59993a897ed2a908b1ad.jpg,1,1,1,1,1,1,1,1,1,1,1,1
IMG_2996_png_jpg.rf.fdf1c67ccba540fa0117351061835abf.jpg,1,1,1,1,1,1,1,1,1,1,1,1
IMG_3915_png_jpg.rf.fdf174017d4c81588924d8bd24207b18.jpg,1,1,1,1,1,1,1,1,1,1,1,1
IMG_3673_png_jpg.rf.fe5137f3329680ba9f7cc717b739dd0c.jpg,1,1,1,1,1,1,1,1,1,1,1,1
IMG_3710_png_jpg.rf.fe59e95e6a9b67622e083094a67f3e37.jpg,1,1,1,1,1,1,1,1,1,1,1,1
IMG_3759_png_jpg.rf.feea26660190a922915ab5bf59269e95.jpg,1,1,1,1,1,1,1,1,1,1,1,1
IMG_3702_png_jpg.rf.fe40d114e92d7153eb052cede3f60df9.jpg,1,1,1,1,1,1,1,1,1,1,1,1
4_jpg.rf.fe28d2c91682efca8244a7c7c3bfbefb.jpg,1,1,1,1,1,1,1,1,1,1,1,1
25_jpg.rf.ffcdb8cdec5c08496556179d80de1478.jpg,1,1,1,1,1,1,1,1,1,1,1,1
30_jpg.rf.fe6bf5f38c1e30a1fc02de0d005beea9.jpg,1,1,1,1,1,1,1,1,1,1,1,1
IMG_3771_png_jpg.rf.ff001a2176fe73a8611d131a5183bf7d.jpg,1,1,1,1,1,1,1,1,1,1,1,1
IMG_3974_png_jpg.rf.ff830a232ef9fa4172c81fa7dc83581b.jpg,1,1,1,1,1,1,1,1,1,1,1,1
IMG_3002_png_jpg.rf.ff03e5178bb2e9086836c0d1bb5c9abf.jpg,1,1,1,1,1,1,1,1,1,1,1,1
IMG_3571_png_jpg.rf.fe1357aa4e0e3ede60d4a7139edfa037.jpg,1,1,1,1,1,1,1,1,1,1,1,1
IMG_3779_png_jpg.rf.fefdef198fd680b58dbeff12621b0d2b.jpg,1,1,1,1,1,1,1,1,1,1,1,1
IMG_3561_png_jpg.rf.ff24ec0cbaf44b23966d79483834c25c.jpg,1,1,1,1,1,1,1,1,1,1,1,1
IMG_3018_png_jpg.rf.fef46e3bcd17f41547ab471db12da79b.jpg,1,1,1,1,1,1,1,1,1,1,1,1
IMG_3803_png_jpg.rf.ff8d8b7fc52186a58ebb0994375d48c5.jpg,1,1,1,1,1,1,1,1,1,1,1,1
IMG_3699_png_jpg.rf.fef787b5985d512b9bfab536cb2a5134.jpg,1,1,1,1,1,1,1,1,1,1,1,1
IMG_3838_png_jpg.rf.ff57769e7f304e3cc014f79b24fdb313.jpg,1,1,1,1,1,1,1,1,1,1,1,1
IMG_3728_png_jpg.rf.887e3c689beb3902aa06ace196065088.jpg,1,1,1,1,1,1,1,1,1,1,1,1
IMG_3001_png_jpg.rf.878b6a720e586fab5fae168998a89f84.jpg,1,1,1,1,1,1,1,1,1,1,1,1
IMG_3714_png_jpg.rf.86d2d2c32ea1d96fb1da1e763a5bbd55.jpg,1,1,1,1,1,1,1,1,1,1,1,1
IMG_3664_png_jpg.rf.86d937e06ecf05931619fae309855f2a.jpg,1,1,1,1,1,1,1,1,1,1,1,1
IMG_3688_png_jpg.rf.8624e2ff98b4eb94da5c9f8cac3c47af.jpg,1,1,1,1,1,1,1,1,1,1,1,1
IMG_3717_png_jpg.rf.861cd22decbec465884868ee0d9f3c22.jpg,1,1,1,1,1,1,1,1,1,1,1,1
IMG_3816_png_jpg.rf.86acc26dd1b087a0afd4db7c0d2a6103.jpg,1,1,1,1,1,1,1,1,1,1,1,1
IMG_3817_png_jpg.rf.8603ef78753bbf999190484f2fef9fc2.jpg,1,1,1,1,1,1,1,1,1,1,1,1
IMG_3587_png_jpg.rf.887223462becb71f363b8cdb59c74b2d.jpg,1,1,1,1,1,1,1,1,1,1,1,1
IMG_3018_png_jpg.rf.86abddf4c8363f0e41feca0a536dec1a.jpg,1,1,1,1,1,1,1,1,1,1,1,1
IMG_3028_png_jpg.rf.864a63fe9de169b18fadc2413dd69ddf.jpg,1,1,1,1,1,1,1,1,1,1,1,1
IMG_3719_png_jpg.rf.88a7620f5de7794f56e55644c7deed5c.jpg,1,1,1,1,1,1,1,1,1,1,1,1
IMG_3921_png_jpg.rf.85d8ec50e0ab1f0e5a387343272fb10e.jpg,1,1,1,1,1,1,1,1,1,1,1,1
IMG_3009_png_jpg.rf.85fa48bcf5ad317f48db4718427ae0e0.jpg,1,1,1,1,1,1,1,1,1,1,1,1
IMG_3609_png_jpg.rf.88db1ec37f4cc81d95ed1e6f45386000.jpg,1,1,1,1,1,1,1,1,1,1,1,1
IMG_3788_png_jpg.rf.87546d577fe0d73afda277d560cd0c34.jpg,1,1,1,1,1,1,1,1,1,1,1,1
IMG_3572_png_jpg.rf.897a72db0f4d2e081df77ff63f6d58a7.jpg,1,1,1,1,1,1,1,1,1,1,1,1
IMG_3652_png_jpg.rf.898c4fed32d5fe951cd1d6bc28920b15.jpg,1,1,1,1,1,1,1,1,1,1,1,1
29_jpg.rf.86ba7da4db5af7c534364ccc30cda92d.jpg,1,1,1,1,1,1,1,1,1,1,1,1
12_jpg.rf.8900e575b4286771a4eeb29f00b69bab.jpg,1,1,1,1,1,1,1,1,1,1,1,1
IMG_3642_png_jpg.rf.89179260ad03b7e6dfdcae9f47760fc6.jpg,1,1,1,1,1,1,1,1,1,1,1,1
30_jpg.rf.8921f19c47a1733ec038d4bc2c2abac6.jpg,1,1,1,1,1,1,1,1,1,1,1,1
IMG_3853_png_jpg.rf.8951045adc2d2ba53aa71cc16ad6b5a6.jpg,1,1,1,1,1,1,1,1,1,1,1,1
IMG_3618_png_jpg.rf.8986f4dfa875ab45cf239d727929ccff.jpg,1,1,1,1,1,1,1,1,1,1,1,1
IMG_2983_png_jpg.rf.895d5fa78e037f061e802f663a198e25.jpg,1,1,1,1,1,1,1,1,1,1,1,1
IMG_3003_png_jpg.rf.894fd732968af4daee5ddfc6289aada7.jpg,1,1,1,1,1,1,1,1,1,1,1,1
IMG_3856_png_jpg.rf.8678b2af226d60de448a218b6cec8bc8.jpg,1,1,1,1,1,1,1,1,1,1,1,1
IMG_3571_png_jpg.rf.878c43fb964cc3a47d6a1ff92f95b59b.jpg,1,1,1,1,1,1,1,1,1,1,1,1
IMG_3889_png_jpg.rf.88c00b7b4869f5b9f9ae51dc5b9af6fe.jpg,1,1,1,1,1,1,1,1,1,1,1,1
IMG_3926_png_jpg.rf.880b524c74d66775d18704326bc24714.jpg,1,1,1,1,1,1,1,1,1,1,1,1
IMG_3798_png_jpg.rf.89da3c152bc183b01fb2d6426f878eea.jpg,1,1,1,1,1,1,1,1,1,1,1,1
IMG_3601_png_jpg.rf.894f32b1edfd2aaf425093dfaf08060a.jpg,1,1,1,1,1,1,1,1,1,1,1,1
IMG_3752_png_jpg.rf.89f6150657b1015a41ad7d99d68975d1.jpg,1,1,1,1,1,1,1,1,1,1,1,1
IMG_3839_png_jpg.rf.8a42e5fba0aac5c808658a79fbf3a552.jpg,1,1,1,1,0,1,1,1,1,1,1,1
IMG_3654_png_jpg.rf.876a56de335c020008a719b820068f73.jpg,1,1,1,1,1,1,1,1,1,1,1,1
IMG_3650_png_jpg.rf.8a9298c77d70cbe8e2188dc47db43640.jpg,1,1,1,1,1,1,1,1,1,1,1,1
29_jpg.rf.8a813d09f0d65f9c381a6a01375366fd.jpg,1,1,1,1,1,1,1,1,1,1,1,1
IMG_3606_png_jpg.rf.8abe04a11e4e62749c015047a9fc1a68.jpg,1,1,1,1,1,1,1,1,1,1,1,1
IMG_3007_png_jpg.rf.85ebc6612e18dec0ef438b021df2af41.jpg,1,1,1,1,1,1,1,1,1,1,1,1
27_jpg.rf.87c9077992f88b896cc268793be6a43f.jpg,1,1,1,1,1,1,1,1,1,1,1,1
IMG_3650_png_jpg.rf.8ac220848bd3ad377d02b6ff5f6ceffa.jpg,1,1,1,1,1,1,1,1,1,1,1,1
IMG_3868_png_jpg.rf.8a605cbefb958eaf7abaddecd05632df.jpg,1,1,1,1,1,1,1,1,1,1,1,1
IMG_3894_png_jpg.rf.8afc8a09c419533beffcf028095c22f2.jpg,1,1,1,1,1,1,1,1,1,1,1,1
IMG_3800_png_jpg.rf.8acf95725cb157080e7eee000feaa8fb.jpg,1,1,1,1,1,1,1,1,1,1,1,1
12_jpg.rf.8aca82783eb9e68a837081aacdc15794.jpg,1,1,1,1,1,1,1,1,1,1,1,1
12_jpg.rf.87d1c16898ecaa4ff829b99530f56ac2.jpg,1,1,1,1,1,1,1,1,1,1,1,1
IMG_3881_png_jpg.rf.883b1c52fbcc9bafe85605a77a465c34.jpg,1,1,1,1,1,1,1,1,1,1,1,1
IMG_3907_png_jpg.rf.8ad2796e97e9c5ee3e1f6009fdedbd26.jpg,1,1,1,1,1,1,1,1,1,1,1,1
IMG_3726_png_jpg.rf.881ae8997a126d2e210e6f90297551db.jpg,1,1,1,1,1,1,1,1,1,1,1,1
IMG_3676_png_jpg.rf.8acfa6ddd02b950aab7221cf4576cfa3.jpg,1,1,1,1,1,1,1,1,1,1,1,1
IMG_3569_png_jpg.rf.8aec24c6286051217c259d16d17cb857.jpg,1,1,1,1,1,1,1,1,1,1,1,1
IMG_3659_png_jpg.rf.8af7de7f5c659a539e5f69822578cb86.jpg,1,1,1,1,1,1,1,1,1,1,1,1
IMG_3769_png_jpg.rf.8b6bd0fcae8339217903ea02e5ce20da.jpg,1,1,1,1,1,1,1,1,1,1,1,1
IMG_3914_png_jpg.rf.8aff4e8c19d2084d3bf876cf3f419bd9.jpg,1,1,1,1,1,1,1,1,1,1,1,1
IMG_3605_png_jpg.rf.8b1b81875c4830205d10a9859110c070.jpg,1,1,1,1,1,1,1,1,1,1,1,1
IMG_3879_png_jpg.rf.8b7c3993498a0b9f6095cc4662947e13.jpg,1,1,1,1,1,1,1,1,1,1,1,1
IMG_3605_png_jpg.rf.8bccb46438dce39ef9a1022818a17b18.jpg,1,1,1,1,1,1,1,1,1,1,1,1
14_jpg.rf.8bca7f62b97215636c865119bea8f944.jpg,1,1,1,1,1,1,1,1,1,1,1,1
IMG_3750_png_jpg.rf.8bffe0197d83b9216ffdb487087f9be5.jpg,1,1,1,1,1,1,1,1,1,1,1,1
IMG_3942_png_jpg.rf.8c06a0400a1b1dd3a034df287342529e.jpg,1,1,1,1,1,1,1,1,1,1,1,1
IMG_3593_png_jpg.rf.8c0c65317f275176a508fbae32eb6c05.jpg,1,1,1,1,1,1,1,1,1,1,1,1
IMG_3726_png_jpg.rf.8c2085c57acd2fe1788724e95b8a35c8.jpg,1,1,1,1,1,1,1,1,1,1,1,1
IMG_3727_png_jpg.rf.8cb8f82eda3f3fc9e80ec109e872c41a.jpg,1,1,1,1,1,1,1,1,1,1,1,1
IMG_3758_png_jpg.rf.8cbabc6f3f5d881070bc8ad0b4cdabaa.jpg,1,1,1,1,1,1,1,1,1,1,1,1
IMG_3638_png_jpg.rf.8c2d8fa4bfc5d851d87eb65eafb0ae95.jpg,1,1,1,1,1,1,1,1,1,1,1,1
IMG_3698_png_jpg.rf.8cecdedc94f3bf932de85a12f31a0230.jpg,1,1,1,1,1,1,1,1,1,1,1,1
IMG_3898_png_jpg.rf.8c97ad07798006668df069f57a808c74.jpg,1,1,1,1,1,1,1,1,1,1,1,1
IMG_3740_png_jpg.rf.8d4490a31952babdd82e2a7b89eca854.jpg,1,1,1,1,1,1,1,1,1,1,1,1
IMG_3640_png_jpg.rf.8d4740546ba8258fa153afa7440659db.jpg,1,1,1,1,1,1,1,1,1,1,1,1
IMG_3717_png_jpg.rf.8d381c548c19e82048fdf51b930adc49.jpg,1,1,1,1,1,1,1,1,1,1,1,1
IMG_3825_png_jpg.rf.87f83ccf6a0e35f4c1428e0f027ed46a.jpg,1,1,1,1,1,1,1,1,1,1,1,1
IMG_3017_png_jpg.rf.8ce4f65e50fa662a45efec2819f827c1.jpg,1,1,1,1,1,1,1,1,1,1,1,1
IMG_3713_png_jpg.rf.8e301d1ed5c6c5fe07fdde12282bf206.jpg,1,1,1,1,1,1,1,1,1,1,1,1
IMG_3689_png_jpg.rf.8d6e3e1a9e51f67ef89c141275e300c1.jpg,1,1,1,1,1,1,1,1,1,1,1,1
IMG_3721_png_jpg.rf.8d7925f6b900f56e181bc62ace796859.jpg,1,1,1,1,1,1,1,1,1,1,1,1
IMG_3763_png_jpg.rf.8db19ec7c3f496c4cb6948274353b152.jpg,1,1,1,1,1,1,1,1,1,1,1,1
IMG_3583_png_jpg.rf.8e1dc859cc76d0c4444b028f80e356b6.jpg,1,1,1,1,1,1,1,1,1,1,1,1
IMG_3823_png_jpg.rf.8ea89a6ec5b43afcad165a67444f311c.jpg,1,1,1,1,1,1,1,1,1,1,1,1
32_jpg.rf.8ea630f7bc4c90f68f64e68da38a5e77.jpg,1,1,1,1,1,1,1,1,1,1,1,1
IMG_3852_png_jpg.rf.8db1fb3776d37df1382de4c76b9b330c.jpg,1,1,1,1,1,1,1,1,1,1,1,1
33_jpg.rf.8d4d128e197c703b5f95372b9456e721.jpg,1,1,1,1,1,1,1,1,1,1,1,1
IMG_3780_png_jpg.rf.8d8a6991ac5ae98c38dbd0b17aaaf3f6.jpg,1,1,1,1,1,1,1,1,1,1,1,1
IMG_3608_png_jpg.rf.8f170e86a2c03f87d81c98d00f64fc5e.jpg,1,1,1,1,1,1,1,1,1,1,1,1
IMG_3896_png_jpg.rf.8ee7056c701f923d0d916dd12bfd8ebe.jpg,1,1,1,1,1,1,1,1,1,1,1,1
IMG_3816_png_jpg.rf.8f0dba92ae1ecd64e06ee89eb6996b48.jpg,1,1,1,1,1,1,1,1,1,1,1,1
IMG_3580_png_jpg.rf.8ef605b52dc2f7b307db06a69b706c93.jpg,1,1,1,1,1,1,1,1,1,1,1,1
IMG_3709_png_jpg.rf.8e91ddce0c538dd2c3f45fe1776e51a7.jpg,1,1,1,1,1,1,1,1,1,1,1,1
IMG_3958_png_jpg.rf.8f4d873b2ea97e98a541f10a0fa29804.jpg,1,1,1,1,1,1,1,1,1,1,1,1
25_jpg.rf.8dd2ce46bccb91414fc959a4fbc68e58.jpg,1,1,1,1,1,1,1,1,1,1,1,1
IMG_3699_png_jpg.rf.8ec0a13f44d9e0b73e9471b157274eb2.jpg,1,1,1,1,1,1,1,1,1,1,1,1
IMG_3611_png_jpg.rf.8e35cfbf096ab5cc11a211a338481c35.jpg,1,1,1,1,1,1,1,1,1,1,1,1
IMG_3923_png_jpg.rf.8ec5b4d72fa3e0d78873b0b645417651.jpg,1,1,1,1,1,1,1,1,1,1,1,1
IMG_3943_png_jpg.rf.8ee0a58f327fa8c2f8128bb37280bb29.jpg,1,1,1,1,1,1,1,1,1,1,1,1
IMG_3727_png_jpg.rf.8dd3358a3d1e1775a7173bcafedefcc5.jpg,1,1,1,1,1,1,1,1,1,1,1,1
IMG_3695_png_jpg.rf.8f5270f3566b77b5658a602e3c1ea432.jpg,1,1,1,1,1,1,1,1,1,1,1,1
IMG_3710_png_jpg.rf.8fdcd09d9dd8a1620ef29bbab4c7a7b5.jpg,1,1,1,1,1,1,1,1,1,1,1,1
IMG_3621_png_jpg.rf.8fac3be269cd8d33c3080d080ba5f43c.jpg,1,1,1,1,1,1,1,1,1,1,1,1
IMG_3001_png_jpg.rf.8fb478b4f6322fdf6a4e1b5d6f61a090.jpg,1,1,1,1,1,1,1,1,1,1,1,1
IMG_3859_png_jpg.rf.8afadaebeb5b1ae1bcc873dd634c6ef9.jpg,1,1,1,1,1,1,1,1,1,1,1,1
IMG_2983_png_jpg.rf.8ff9efe6e1606f478b8ba6bbc06bbfc2.jpg,1,1,1,1,1,1,1,1,1,1,1,1
IMG_3641_png_jpg.rf.9053bfa24b3cb240bc3886517d47934f.jpg,1,1,1,1,1,1,1,1,1,1,1,1
IMG_3566_png_jpg.rf.8ffc78b60e00c9d6dd82cd4dc90be38d.jpg,1,1,1,1,1,1,1,1,1,1,1,1
IMG_3637_png_jpg.rf.90849dd7d077e7c698469f2b7059b8c5.jpg,1,1,1,1,1,1,1,1,1,1,1,1
IMG_3848_png_jpg.rf.900210ddfa16fe1d15dfe498e61c1843.jpg,1,1,1,1,1,1,1,1,1,1,1,1
14_jpg.rf.909a142795e434a3ce9da50f60ec8186.jpg,1,1,1,1,1,1,1,1,1,1,1,1
IMG_3724_png_jpg.rf.912f6e266c3f83b62c36713756d9e2a6.jpg,1,1,1,1,1,1,1,1,1,1,1,1
27_jpg.rf.91598bafe38fb88ddf4076f53db6ab28.jpg,1,1,1,1,1,1,1,1,1,1,1,1
21_jpg.rf.91bf2c9e040f0922f0124799bac245c9.jpg,1,1,1,1,1,1,1,1,1,1,1,1
IMG_3740_png_jpg.rf.907c6e576e0e1ef525015a8b8571ee72.jpg,1,1,1,1,1,1,1,1,1,1,1,1
IMG_3634_png_jpg.rf.9075e2c6b190833c950c4a22e14a0323.jpg,1,1,1,1,1,1,1,1,1,1,1,1
IMG_3757_png_jpg.rf.91fd7f81f11c025e6fdc073e87185415.jpg,1,1,1,1,1,1,1,1,1,1,1,1
IMG_3772_png_jpg.rf.91a077a2ec8513e2e3e1fac1667a2a62.jpg,1,1,1,1,1,1,1,1,1,1,1,1
IMG_3747_png_jpg.rf.919af7046737faac98ec3621c504a3be.jpg,1,1,1,1,1,1,1,1,1,1,1,1
IMG_3901_png_jpg.rf.91921b451478c72e1d7242809050fb76.jpg,1,1,1,1,1,1,1,1,1,1,1,1
IMG_3899_png_jpg.rf.92575f4739d08a0608a598377c547ffb.jpg,1,1,1,1,1,1,1,1,1,1,1,1
32_jpg.rf.90ac297e2eea8f6465604b68d6a656fd.jpg,1,1,1,1,1,1,1,1,1,1,1,1
IMG_3593_png_jpg.rf.9125c234878be8deab32cd911e95ce8a.jpg,1,1,1,1,1,1,1,1,1,1,1,1
IMG_3973_png_jpg.rf.91995faa8943bcba1a2f3d39dc1f1752.jpg,1,1,1,1,1,1,1,1,1,1,1,1
30_jpg.rf.91c60d9d89e2238e9a16f296054db65d.jpg,1,1,1,1,1,1,1,1,1,1,1,1
30_jpg.rf.911dd2e4e64b92d066c16f123429647f.jpg,1,1,1,1,1,1,1,1,1,1,1,1
IMG_3563_png_jpg.rf.9168ecd7bb1fff144a8094360de2149a.jpg,1,1,1,1,1,1,1,1,1,1,1,1
IMG_3590_png_jpg.rf.923807b327ae2b691cf962317e73cf92.jpg,1,1,1,1,1,1,1,1,1,1,1,1
IMG_3646_png_jpg.rf.90effdfeb1b1af3dc34b7c08c0e4d9f6.jpg,1,1,1,1,1,1,1,1,1,1,1,1
IMG_3701_png_jpg.rf.926583b920ecd82dacb22cd611064492.jpg,1,1,1,1,1,1,1,1,1,1,1,1
IMG_3757_png_jpg.rf.92b6718e46cd184456fb45131838639c.jpg,1,1,1,1,1,1,1,1,1,1,1,1
IMG_3726_png_jpg.rf.92b1937cd9eb3dd4962e18d081b52cc5.jpg,1,1,1,1,1,1,1,1,1,1,1,1
IMG_3028_png_jpg.rf.93323495410c632f3cf444f773882fab.jpg,1,1,1,1,1,1,1,1,1,1,1,1
IMG_3012_png_jpg.rf.9257963d0a600b6d3ce8eab808194b17.jpg,1,1,1,1,1,1,1,1,1,1,1,1
IMG_3672_png_jpg.rf.92805efe2c7f88d3ebff2e587c80b3f1.jpg,1,1,1,1,1,1,1,1,1,1,1,1
IMG_3788_png_jpg.rf.930f564ea3e9284097da3cd92f72466e.jpg,1,1,1,1,1,1,1,1,1,1,1,1
IMG_3617_png_jpg.rf.927db4af4a99f805f70963b7635e385e.jpg,1,1,1,1,1,1,1,1,1,1,1,1
IMG_2996_png_jpg.rf.9380d028d616170e7b0cc24f9609703b.jpg,1,1,1,1,1,1,1,1,1,1,1,1
IMG_3590_png_jpg.rf.93f4efdeb7ced90e6688d4850c906b31.jpg,1,1,1,1,1,1,1,1,1,1,1,1
5_jpg.rf.9332d457411d10d3ec7092cfcc78f8a6.jpg,1,1,1,1,1,1,1,1,1,1,1,1
IMG_2983_png_jpg.rf.929922c07fcefd3ed72b096c2712f974.jpg,1,1,1,1,1,1,1,1,1,1,1,1
IMG_3680_png_jpg.rf.93b1c2b3ebaaa01c2c3723407e00c0a8.jpg,1,1,1,1,1,1,1,1,1,1,1,1
IMG_3581_png_jpg.rf.92f28dd2acfd6100343136322680d524.jpg,1,1,1,1,1,1,1,1,1,1,1,1
IMG_3901_png_jpg.rf.94293f1ea4280def8726dad3bdb04346.jpg,1,1,1,1,1,1,1,1,1,1,1,1
IMG_2997_png_jpg.rf.939d33247563633da1163788f92a16b0.jpg,1,1,1,1,1,1,1,1,1,1,1,1
IMG_3607_png_jpg.rf.9439a01e6f528d137c586bd494a8ae36.jpg,1,1,1,1,1,1,1,1,1,1,1,1
IMG_3813_png_jpg.rf.93c2630c932cdc9e974b4782dc143bac.jpg,1,1,1,1,1,1,1,1,1,1,1,1
IMG_3559_png_jpg.rf.9430248e9471cba188a07d3b77cf4be9.jpg,1,1,1,1,1,1,1,1,1,1,1,1
IMG_3840_png_jpg.rf.94345da02e6e1e3a3f96ec7428cb1fdf.jpg,1,1,1,1,1,1,1,1,1,1,1,1
IMG_3901_png_jpg.rf.9472439f8ae98081f21609de13167ac7.jpg,1,1,1,1,1,1,1,1,1,1,1,1
IMG_3583_png_jpg.rf.94b67f97480f59b10c2d1abd0182af10.jpg,1,1,1,1,1,1,1,1,1,1,1,1
IMG_3853_png_jpg.rf.950e5e90f7dc11669e6b5667b695014d.jpg,1,1,1,1,1,1,1,1,1,1,1,1
IMG_3831_png_jpg.rf.959d76e9a0d1a454aeba3719343dabdf.jpg,1,1,1,1,1,1,1,1,1,1,1,1
IMG_3915_png_jpg.rf.9515d7575918c93bec51b8166beebadd.jpg,1,1,1,1,1,1,1,1,1,1,1,1
IMG_2991_png_jpg.rf.953563012434156cfe3603a5b3bad0a5.jpg,1,1,1,1,1,1,1,1,1,1,1,1
IMG_2979_png_jpg.rf.946799759f68821e30984021784fc0c6.jpg,1,1,1,1,1,1,1,1,1,1,1,1
IMG_3015_png_jpg.rf.94d3a422ef7c51e5822442e1e019b101.jpg,1,1,1,1,1,1,1,1,1,1,1,1
IMG_3747_png_jpg.rf.9598425bebb2bb27178a488dff0adfd8.jpg,1,1,1,1,1,1,1,1,1,1,1,1
IMG_3589_png_jpg.rf.93ca41907beb2b55a49ef682167c349e.jpg,1,1,1,1,1,1,1,1,1,1,1,1
IMG_3730_png_jpg.rf.957a462bb7ea7cd9d4ee44a1e9e0485a.jpg,1,1,1,1,1,1,1,1,1,1,1,1
IMG_3702_png_jpg.rf.95e3efb643b29026d1d4c92e07ac41a3.jpg,1,1,1,1,1,1,1,1,1,1,1,1
IMG_3635_png_jpg.rf.960fc9ace906c94900eafed325d2c0b3.jpg,1,1,1,1,1,1,1,1,1,1,1,1
IMG_2986_png_jpg.rf.94a4c5ca8d0e09b2d79b6aec49a27715.jpg,1,1,1,1,1,1,1,1,1,1,1,1
IMG_3792_png_jpg.rf.963e4086c0100d75f418c170bf0a7fdf.jpg,1,1,1,1,1,1,1,1,1,1,1,1
IMG_2997_png_jpg.rf.964d2306cdd2cea479924b01cd7af413.jpg,1,1,1,1,1,1,1,1,1,1,1,1
IMG_3713_png_jpg.rf.957eb785b9bd30f7f3c8381d1b14f549.jpg,1,1,1,1,1,1,1,1,1,1,1,1
IMG_3874_png_jpg.rf.955b9e88289121fd61dcd7ff63e7030f.jpg,1,1,1,1,1,1,1,1,1,1,1,1
IMG_3864_png_jpg.rf.93fdf4259446e40dcadcca24f0d6bb1e.jpg,1,1,1,1,1,1,1,1,1,1,1,1
IMG_3898_png_jpg.rf.96a3dee4d753bc480b2e5e9ed0763f87.jpg,1,1,1,1,1,1,1,1,1,1,1,1
IMG_3918_png_jpg.rf.96584f095aeb99947988892ecaeb2b24.jpg,1,1,1,1,1,1,1,1,1,1,1,1
25_jpg.rf.97053c937c703944be0044ad79be5b28.jpg,1,1,1,1,1,1,1,1,1,1,1,1
IMG_3663_png_jpg.rf.97328ac7b992c0c71e4a5a711721af0c.jpg,1,1,1,1,1,1,1,1,1,1,1,1
IMG_3010_png_jpg.rf.970795ab805b965f05feba00ef1dc1d4.jpg,1,1,1,1,1,1,1,1,1,1,1,1
23_jpg.rf.974b4de9aa32369c779702154a1256db.jpg,1,1,1,1,1,1,1,1,1,1,1,1
IMG_3601_png_jpg.rf.978ae03ce01d6335318c545bab94577b.jpg,1,1,1,1,1,1,1,1,1,1,1,1
IMG_3559_png_jpg.rf.97ad65438f5d8e122ab0264fc0032ab0.jpg,1,1,1,1,1,1,1,1,1,1,1,1
IMG_3716_png_jpg.rf.9839448ab0a13edbc270337ac5793b65.jpg,1,1,1,1,1,1,1,1,1,1,1,1
IMG_3788_png_jpg.rf.981bb94bd572665ab6eccc8bca1ebfca.jpg,1,1,1,1,1,1,1,1,1,1,1,1
IMG_3800_png_jpg.rf.983ee27d3845349434fc2f58c6e078f2.jpg,1,1,1,1,1,1,1,1,1,1,1,1
IMG_3907_png_jpg.rf.978a9179e4a4ceda981f14f74650e658.jpg,1,1,1,1,1,1,1,1,1,1,1,1
IMG_3948_png_jpg.rf.997924ac34c12d4edf222d680514a91c.jpg,1,1,1,1,1,1,1,1,1,1,1,1
IMG_3717_png_jpg.rf.997e8a3f9671a88e25faee952ba054c6.jpg,1,1,1,1,1,1,1,1,1,1,1,1
IMG_3666_png_jpg.rf.99b2a691eeb0ce0e35fd2acaa843cf1a.jpg,1,1,1,1,1,1,1,1,1,1,1,1
IMG_3888_png_jpg.rf.98aadcbb57fc0ad916615665cd698a76.jpg,1,1,1,1,1,1,1,1,1,1,1,1
IMG_3903_png_jpg.rf.99ede6af9ee672c97121099e9c4ff26b.jpg,1,1,1,1,1,1,1,1,1,1,1,1
IMG_3817_png_jpg.rf.99d4856b307f741505f81d29992fe63c.jpg,1,1,1,1,1,1,1,1,1,1,1,1
IMG_3653_png_jpg.rf.986578f21a8350103d2181c93d5a296e.jpg,1,1,1,1,1,1,1,1,1,1,1,1
IMG_3602_png_jpg.rf.97fdccb550498bf45e1827d890cc522f.jpg,1,1,1,1,1,1,1,1,1,1,1,1
IMG_3674_png_jpg.rf.99bc04d1d004d28ef9326b7438cb9704.jpg,1,1,1,1,1,1,1,1,1,1,1,1
10_jpg.rf.99e38b294689626f3b2feadf11bfd37e.jpg,1,1,1,1,1,1,1,1,1,1,1,1
IMG_3870_png_jpg.rf.99ded47c1b90d82429d9e7e16da96b00.jpg,1,1,1,1,1,1,1,1,1,1,1,1
IMG_3727_png_jpg.rf.99b7f4e2333b1b0f7793d1612ca49229.jpg,1,1,1,1,1,1,1,1,1,1,1,1
IMG_3729_png_jpg.rf.99e26f786f6e5a402a5bde868ea64fea.jpg,1,1,1,1,1,1,1,1,1,1,1,1
IMG_3702_png_jpg.rf.996805b6cd07dd301e86a06a5d756108.jpg,1,1,1,1,1,1,1,1,1,1,1,1
IMG_3734_png_jpg.rf.99f56495ddd622c7effe8516a32a201d.jpg,1,1,1,1,1,1,1,1,1,1,1,1
IMG_3673_png_jpg.rf.9895ea9f1ef77cb0ec4da137b3d55d21.jpg,1,1,1,1,1,1,1,1,1,1,1,1
IMG_3743_png_jpg.rf.99cbedd59086334d55746b6a3afaff0f.jpg,1,1,1,1,1,1,1,1,1,1,1,1
25_jpg.rf.9a2a75665d208937f6518eb24215bffc.jpg,1,1,1,1,1,1,1,1,0,1,1,1
IMG_3852_png_jpg.rf.9996dd7cd59429a143655d729728776f.jpg,1,1,1,1,1,1,1,1,1,1,1,1
IMG_3753_png_jpg.rf.9a070554753adfdce9d1d4f17b025efc.jpg,1,1,1,1,1,1,1,1,1,1,1,1
IMG_3015_png_jpg.rf.9a4135d38add808ccb89c15069be3ff3.jpg,1,1,1,1,1,1,1,1,1,1,1,1
IMG_3781_png_jpg.rf.999bbc63d9cde01d01c308c3b57a5ae7.jpg,1,1,1,1,1,1,1,1,1,1,1,1
IMG_3821_png_jpg.rf.999966f07e690ed412b333ce9719a97a.jpg,1,1,1,1,1,1,1,1,1,1,1,1
IMG_3934_png_jpg.rf.9a28529b89dc4d83a08c01a77ff86e83.jpg,1,1,1,1,1,1,1,1,1,1,1,1
IMG_3679_png_jpg.rf.9acade2ee867ae3e12c6b3c62669d83a.jpg,1,1,1,1,1,1,1,1,1,1,1,1
IMG_3879_png_jpg.rf.9a4fbbaca9afb4f75d6fe1a11797895c.jpg,1,1,1,1,1,1,1,1,1,1,1,1
IMG_3635_png_jpg.rf.9bade01210d059109d506a863bdf25b7.jpg,1,1,1,1,1,1,1,1,1,1,1,1
IMG_3626_png_jpg.rf.9a9efe6696a29fcdfa57cdd0e5e6b783.jpg,1,1,1,1,1,1,1,1,1,1,1,1
IMG_3606_png_jpg.rf.9c5dfcb5665b26a23ddde992d604c5ca.jpg,1,1,1,1,1,1,1,1,1,1,1,1
IMG_3691_png_jpg.rf.9be4bb2c0bac68e06c0df3ce69678ab0.jpg,1,1,1,1,1,1,1,1,1,1,1,1
IMG_3873_png_jpg.rf.9b1de15f2cd0f61f7cd9913c83deb159.jpg,1,1,1,1,1,1,1,1,1,1,1,1
IMG_3837_png_jpg.rf.9b97fa4359ad9c263fc6b764969c0bc1.jpg,1,1,1,1,1,1,1,1,1,1,1,1
IMG_3652_png_jpg.rf.9b29d74c214fdec5844707d679d9f2bd.jpg,1,1,1,1,1,1,1,1,1,1,1,1
IMG_3849_png_jpg.rf.9a901d363bae9ef6e10dac7b10c14a6b.jpg,1,1,1,1,1,1,1,1,1,1,1,1
IMG_3787_png_jpg.rf.9ccc8868f0f37dc1c69efcdb35167a0a.jpg,1,1,1,1,1,1,1,1,1,1,1,1
IMG_3905_png_jpg.rf.9b690fd37a23b4f4a7d9f87270e2be22.jpg,1,1,1,1,1,1,1,1,1,1,1,1
IMG_3759_png_jpg.rf.9c346979b27d6f8c28af74b4a1e8667a.jpg,1,1,1,1,1,1,1,1,1,1,1,1
IMG_3735_png_jpg.rf.9d483f399cfe3e5bf9343a67ec73f451.jpg,1,1,1,1,1,1,1,1,1,1,1,1
IMG_3837_png_jpg.rf.9d2d51a42213503a1efe2de2cd39c6df.jpg,1,1,1,1,1,1,1,1,1,1,1,1
IMG_3838_png_jpg.rf.9ccf174c83f0f0978625de9abd92d626.jpg,1,1,1,1,1,1,1,1,1,1,1,1
IMG_3899_png_jpg.rf.9bc70937474edbd3b41eed45716bce10.jpg,1,1,1,1,1,1,1,1,1,1,1,1
IMG_3771_png_jpg.rf.9bdb855bb04449dc417775823eb8ec20.jpg,1,1,1,1,1,1,1,1,1,1,1,1
IMG_3799_png_jpg.rf.9c9bdbd168f8181dfb8942e8546923ea.jpg,1,1,1,1,1,1,1,1,1,1,1,1
IMG_3646_png_jpg.rf.9d184e865b1c9f3aae1adde2c66d86e5.jpg,1,1,1,1,1,1,1,1,1,1,1,1
IMG_3605_png_jpg.rf.9d848800aafd04b3e173c0db51674c6b.jpg,1,1,1,1,1,1,1,1,1,1,1,1
28_jpg.rf.9b8e36c0cb576dffe31c8be0ad87e7f0.jpg,1,1,1,1,1,1,1,1,1,1,1,1
15_jpg.rf.9cbd61529640e9d356d80fa2d76942ac.jpg,1,1,1,1,1,1,1,1,1,1,1,1
IMG_3006_png_jpg.rf.9d708d540e0c46720b32865ba06ba383.jpg,1,1,1,1,1,1,1,1,1,1,1,1
IMG_3848_png_jpg.rf.9bcd01d73feb80f019a4d48f7e0f6c54.jpg,1,1,1,1,1,1,1,1,1,1,1,1
IMG_3936_png_jpg.rf.9dc151b93792fc492317047da9b01d23.jpg,1,1,1,1,1,1,1,1,1,1,1,1
IMG_3789_png_jpg.rf.9d8ce2bd5e7a9db4bf3b42036a35ceba.jpg,1,1,1,1,1,1,1,1,1,1,1,1
IMG_3871_png_jpg.rf.9dba5cf53826fc061110d435e9522bb4.jpg,1,1,1,1,1,1,1,1,1,1,1,1
IMG_3772_png_jpg.rf.9d91754066502552cdc36c93073ce338.jpg,1,1,1,1,1,1,1,1,1,1,1,1
IMG_3620_png_jpg.rf.9c7ebc041f1a742039454c20f16ab1a8.jpg,1,1,1,1,1,1,1,1,1,1,1,1
IMG_3022_png_jpg.rf.9dc9b56c8e4c065472d65108b8945141.jpg,1,1,1,1,1,1,1,1,1,1,1,1
IMG_3716_png_jpg.rf.9df4d6c2f3f9417dd1f4ebd5f042202a.jpg,1,1,1,1,1,1,1,1,1,1,1,1
IMG_3820_png_jpg.rf.9e3e9080b2e50d2b230716c06e4ef3f5.jpg,1,1,1,1,1,1,1,1,1,1,1,1
IMG_3958_png_jpg.rf.9e26f9cb2aee794d773f275d558e6710.jpg,1,1,1,1,1,1,1,1,1,1,1,1
IMG_3837_png_jpg.rf.9de8eb6df8b02e5f9e0027164cd4b485.jpg,1,1,1,1,1,1,1,1,1,1,1,1
IMG_3957_png_jpg.rf.9eef192336fdd2a78af3e516a08650e8.jpg,1,1,1,1,1,1,1,1,1,1,1,1
IMG_3030_png_jpg.rf.9ea2d97d39dcdaa85d0011414f9ea918.jpg,1,1,1,1,1,1,1,1,1,1,1,1
IMG_3923_png_jpg.rf.9ee42966ba811811b0c927d9c939b898.jpg,1,1,1,1,1,1,1,1,1,1,1,1
IMG_3644_png_jpg.rf.9f0fc1577398d970f637c0d2e53d9abe.jpg,1,1,1,1,1,1,1,1,1,1,1,1
IMG_3677_png_jpg.rf.9ee96616a5655d777d6995eceb935dd7.jpg,1,1,1,1,1,1,1,1,1,1,1,1
IMG_3608_png_jpg.rf.9ed7ad289ab44e042498010f28b723cb.jpg,1,1,1,1,1,1,1,1,1,1,1,1
IMG_3728_png_jpg.rf.9e1d603a36e82f7cce4c9b9acc98e5e8.jpg,1,1,1,1,1,1,1,1,1,1,1,1
IMG_3612_png_jpg.rf.9ed7f61f9cd0cf254644f70e891477b6.jpg,1,1,1,1,1,1,1,1,1,1,1,1
IMG_3906_png_jpg.rf.9ef03456541fd363d1662d4cb1dd0bb9.jpg,1,1,1,1,1,1,1,1,1,1,1,1
IMG_3847_png_jpg.rf.9f301991556e04125f1171695c2406b4.jpg,1,1,1,1,1,1,1,1,1,1,1,1
IMG_3970_png_jpg.rf.9e525829064482bf5b61472d3b82b4d0.jpg,1,1,1,1,1,1,1,1,1,1,1,1
28_jpg.rf.9f8489ba741c49140ce7501b3b37f1e7.jpg,1,1,1,1,1,1,1,1,1,1,1,1
IMG_3766_png_jpg.rf.9f7af7d61510c654a649cab04178a898.jpg,1,1,1,1,1,1,1,1,1,1,1,1
IMG_3026_png_jpg.rf.a043ffee81fa58bde7e17aa4eaab253f.jpg,1,1,1,1,1,1,1,1,1,1,1,1
IMG_3970_png_jpg.rf.9f9f485de603b2059554c71c5069750c.jpg,1,1,1,1,1,1,1,1,1,1,1,1
IMG_3663_png_jpg.rf.9fa3e20cf9f67487c7d76f917944e84d.jpg,1,1,1,1,1,1,1,1,1,1,1,1
IMG_3669_png_jpg.rf.9fbaec31fae58ae49bf8c46d5831a65f.jpg,1,1,1,1,1,1,1,1,1,1,1,1
IMG_3871_png_jpg.rf.9effd66e4dc053e8373a6d4e7786c658.jpg,1,1,1,1,1,1,1,1,1,1,1,1
IMG_3674_png_jpg.rf.9fddc612dc87ca81c5ed9ea87b3ae3c3.jpg,1,1,1,1,1,1,1,1,1,1,1,1
IMG_3689_png_jpg.rf.a0504001bea27774ad23c510489bf68a.jpg,1,1,1,1,1,1,1,1,1,1,1,1
IMG_3621_png_jpg.rf.9fee36830a795f379c2c4bf197f840ef.jpg,1,1,1,1,1,1,1,1,1,1,1,1
IMG_2981_png_jpg.rf.a06c41d3f1f33ee54846a3db066a5226.jpg,1,1,1,1,1,1,1,1,1,1,1,1
IMG_3631_png_jpg.rf.a086aa435a3d7dbaedd7cc631a52a183.jpg,1,1,1,1,1,1,1,1,1,1,1,1
4_jpg.rf.a075fcbde8049cec71b7f70df3a18f4a.jpg,1,1,1,1,1,1,1,1,1,1,1,1
IMG_3870_png_jpg.rf.a084cd6384cbc831efcc291603500176.jpg,1,1,1,1,1,1,1,1,1,1,1,1
IMG_3662_png_jpg.rf.a0601c8ad3b8fab14de26e48627c2e15.jpg,1,1,1,1,1,1,1,1,1,1,1,1
IMG_3868_png_jpg.rf.a0d5a2ed9fc1bd78d593ebbf60741c23.jpg,1,1,1,1,1,1,1,1,1,1,1,1
IMG_3948_png_jpg.rf.a15cf319aad4deaa27f2776c360fbf61.jpg,1,1,1,1,1,1,1,1,1,1,1,1
IMG_3756_png_jpg.rf.a0dc263b9a18729a9d3880d3883bbad2.jpg,1,1,1,1,1,1,1,1,1,1,1,1
IMG_3823_png_jpg.rf.a0c3a03f0cb9b547de75bfce05dbd1d6.jpg,1,1,1,1,1,1,1,1,1,1,1,1
IMG_3848_png_jpg.rf.a0ba96b84a9cd2c2b200d7cf38c7ba38.jpg,1,1,1,1,1,1,1,1,1,1,1,1
IMG_3766_png_jpg.rf.a1a3fb6911c0d23ed3040617c1ff36d8.jpg,1,1,1,1,1,1,1,1,1,1,1,1
29_jpg.rf.a09cb8f7974bb1ec223132ae52abfed7.jpg,1,1,1,1,1,1,1,1,1,1,1,1
IMG_3763_png_jpg.rf.a1a06d72161cbeb5697575d2ed10b3d5.jpg,1,1,1,1,1,1,1,1,1,1,1,1
IMG_3766_png_jpg.rf.a10e4afa83dac0c264272945c0ce3c8d.jpg,1,1,1,1,1,1,1,1,1,1,1,1
IMG_3653_png_jpg.rf.a0c719b69419179b1158dc267c451fe4.jpg,1,1,1,1,1,1,1,1,1,1,1,1
IMG_3831_png_jpg.rf.a1bfd5b09c12c90a1ad1361c20cbc1d6.jpg,1,1,1,1,1,1,1,1,1,1,1,1
IMG_3874_png_jpg.rf.a2009e84eb6e0a2831b0372d96b701e4.jpg,1,1,1,1,1,1,1,1,1,1,1,1
IMG_3024_png_jpg.rf.a23de42a65b16788958e1cbfd45f4ded.jpg,1,1,1,1,1,1,1,1,1,1,1,1
32_jpg.rf.a259a40322b11756fb64c6d30d0f05d1.jpg,1,1,1,1,1,1,1,1,1,1,1,1
30_jpg.rf.a28524dd7a12e14ab93dd399911b00a6.jpg,1,1,1,1,1,1,1,1,1,1,1,1
IMG_3665_png_jpg.rf.a1bad84f12b060490d698a7ce69df28b.jpg,1,1,1,1,1,1,1,1,1,1,1,1
IMG_3792_png_jpg.rf.a22373e6cd85ad865d8f40f247efa456.jpg,1,1,1,1,1,1,1,1,1,1,1,1
10_jpg.rf.a31d23558d039c3ce21b1fa0820b4baf.jpg,1,1,1,1,1,1,1,1,1,1,1,1
IMG_3766_png_jpg.rf.a2d4902d28ebd4a077d43392ba8d604e.jpg,1,1,1,1,1,1,1,1,1,1,1,1
IMG_3874_png_jpg.rf.a2b648a22554d693ed4814122c5002e3.jpg,1,1,1,1,1,1,1,1,1,1,1,1
IMG_3620_png_jpg.rf.a2c55c24b8dab93ddd96d5fc68d9442f.jpg,1,1,1,1,1,1,1,1,1,1,1,1
IMG_3823_png_jpg.rf.a30ec9532f2938537dc9f103fa3d88ce.jpg,1,1,1,1,1,1,1,1,1,1,1,1
IMG_3570_png_jpg.rf.a29888fbde0643012b4fecfe18ecfe2e.jpg,1,1,1,1,1,1,1,1,1,1,1,1
IMG_3918_png_jpg.rf.a40aee7ac7f05a7c59c799f8f2a20e68.jpg,1,1,1,1,1,1,1,1,1,1,1,1
IMG_3723_png_jpg.rf.a312e5c541dbfad538c24d8826767ab9.jpg,1,1,1,1,1,1,1,1,1,1,1,1
IMG_3732_png_jpg.rf.a39339525ab86f84776b54f7dc0fbabd.jpg,1,1,1,1,1,1,1,1,1,1,1,1
IMG_3828_png_jpg.rf.a4748b7cd768812b1326d7c9b0bf486f.jpg,1,1,1,1,1,1,1,1,1,1,1,1
29_jpg.rf.a452cf25f130ef8ceb7b8708e618d771.jpg,1,1,1,1,1,1,1,1,1,1,1,1
IMG_3901_png_jpg.rf.a1fa4f33625f5c5cc6040ded0a27b43a.jpg,1,1,1,1,1,1,1,1,1,1,1,1
33_jpg.rf.a3dad8a9d7ea549ef0255566f30887b3.jpg,1,1,1,1,1,1,1,1,1,1,1,1
IMG_3822_png_jpg.rf.a38f44ee6db14158ba68cc4e3c10cbe6.jpg,1,1,1,1,1,1,1,1,1,1,1,1
IMG_3806_png_jpg.rf.a338a651a39eb3d7e81312e80bc6a82d.jpg,1,1,1,1,1,1,1,1,1,1,1,1
IMG_3609_png_jpg.rf.a5b0dd5eb052fdf8b1cb56c1b1258399.jpg,1,1,1,1,1,1,1,1,1,1,1,1
21_jpg.rf.a575809c8a7f87d1d59da0a26bd1a5ed.jpg,1,1,1,1,1,1,1,1,1,1,1,1
IMG_3649_png_jpg.rf.a492e8776e0d3aeee30b77c850934d9d.jpg,1,1,1,1,1,1,1,1,1,1,1,1
10_jpg.rf.a5a0e590e84a8260f06fc4e3389992fe.jpg,1,1,1,1,1,1,1,1,1,1,1,1
IMG_3566_png_jpg.rf.a603439bc39dd546a37b2a8eaba7e04e.jpg,1,1,1,1,1,1,1,1,1,1,1,1
IMG_3663_png_jpg.rf.a578d285419110c76ad4cb2e59ecf353.jpg,1,1,1,1,1,1,1,1,1,1,1,1
IMG_3733_png_jpg.rf.a62b97b37c94fd1ec6f21ec2532647e9.jpg,1,1,1,1,1,1,1,1,1,1,1,1
IMG_3729_png_jpg.rf.a4e163f6657f55f10fe8f536fac53201.jpg,1,1,1,1,1,1,1,1,1,1,1,1
IMG_3566_png_jpg.rf.a6614927dfbdc2b1c10f75270d946b1f.jpg,1,1,1,1,1,1,1,1,1,1,1,1
IMG_3952_png_jpg.rf.a4a7436b62bc1dd38bc8b851adecaf00.jpg,1,1,1,1,1,1,1,1,1,1,1,1
IMG_3769_png_jpg.rf.a5531e32591cd084dafa3291cb9b1a97.jpg,1,1,1,1,1,1,1,1,1,1,1,1
21_jpg.rf.a44ab87d0ff47a6e644723634954fca7.jpg,1,1,1,1,1,1,1,1,1,1,1,1
IMG_3820_png_jpg.rf.a4a0e1c65826add07902cc631ae1f5f0.jpg,1,1,1,1,1,1,1,1,1,1,1,1
IMG_3626_png_jpg.rf.a3beb939bd72e01501870473c40fff98.jpg,1,1,1,1,1,1,1,1,1,1,1,1
IMG_3687_png_jpg.rf.a51c5f75d8e4fd47580ffc35b00ac047.jpg,1,1,1,1,1,1,1,1,1,1,1,1
IMG_3921_png_jpg.rf.a5805157e0b816a32554fefd096eec94.jpg,1,1,1,1,1,1,1,1,1,1,1,1
IMG_3902_png_jpg.rf.a671914c8e64c4926315978618ef6136.jpg,1,1,1,1,1,1,1,1,1,1,1,1
IMG_3872_png_jpg.rf.a666fc3df3580ead1ea8cd0f769896ac.jpg,1,1,1,1,1,1,1,1,1,1,1,1
IMG_3654_png_jpg.rf.a738feb5c08d5238b20bd434c9fc64d1.jpg,1,1,1,1,1,1,1,1,1,1,1,1
IMG_3811_png_jpg.rf.a6b52c874004bb5ebafbdd1ecaea6e1f.jpg,1,1,1,1,1,1,1,1,1,1,1,1
IMG_3566_png_jpg.rf.a702f06dd8e3a05420c321e53e9d9814.jpg,1,1,1,1,1,1,1,1,1,1,1,1
IMG_3633_png_jpg.rf.a6f958118f36a125f234fc1802c333f4.jpg,1,1,1,1,1,1,1,1,1,1,1,1
IMG_3859_png_jpg.rf.a70f0a25a25d97e4acec3cc817566e0e.jpg,1,1,1,1,1,1,1,1,1,1,1,1
IMG_3871_png_jpg.rf.a6856d992c20058a99ed7c7655c3ad2b.jpg,1,1,1,1,1,1,1,1,1,1,1,1
IMG_3973_png_jpg.rf.a6df9f6ab62716c6082194636ab95251.jpg,1,1,1,1,1,1,1,1,1,1,1,1
IMG_3635_png_jpg.rf.a6e3d58c4927c1e66cbea46e7b508cb8.jpg,1,1,1,1,1,1,1,1,1,1,1,1
IMG_3902_png_jpg.rf.a669377a76733c360d78351ee06464db.jpg,1,1,1,1,1,1,1,1,1,1,1,1
IMG_3785_png_jpg.rf.00206ea7f426dd262f56017dfbfb4b56.jpg,1,1,1,1,1,1,1,1,1,1,1,1
IMG_3024_png_jpg.rf.00d74c2a48426dbace23133eadc756d0.jpg,1,1,1,1,1,1,1,1,1,1,1,1
IMG_3029_png_jpg.rf.004bfd7646f037c9e557ef2dc54eb93a.jpg,1,1,1,1,1,1,1,1,1,1,1,1
IMG_3716_png_jpg.rf.001f5176fdfea9cd14ab91bf25c5c90d.jpg,1,1,1,1,1,1,1,1,1,1,1,1
25_jpg.rf.001b0978f69e6f21a367317a6fe6129f.jpg,1,1,1,1,1,1,1,1,1,1,1,1
IMG_3888_png_jpg.rf.004c55114e9f053ca859d2360f984258.jpg,1,1,1,1,1,1,1,1,1,1,1,1
IMG_3012_png_jpg.rf.008fcd122eaa86f3590b6b347275b73e.jpg,1,1,1,1,1,1,1,1,1,1,1,1
IMG_3668_png_jpg.rf.0127c34da38ad011875a84dd4bc03211.jpg,1,1,1,1,1,1,1,1,1,1,1,1
IMG_3703_png_jpg.rf.01481e575d0c895b08fa1a472877a2eb.jpg,1,1,1,1,1,1,1,1,1,1,1,1
IMG_2984_png_jpg.rf.012a5b2ef9d54ab62221565fcfbd3c7d.jpg,1,1,1,1,1,1,1,1,1,1,1,1
IMG_3599_png_jpg.rf.01188843fa9ff414e3ea8dc8432c8597.jpg,1,1,1,1,1,1,1,1,1,1,1,1
IMG_3660_png_jpg.rf.014f5ecb6a0e7bd3f2d62fd88c0cff2d.jpg,1,1,1,1,1,1,1,1,1,1,1,1
IMG_3885_png_jpg.rf.01abfdf0ccdcb546a80319d9b6b43fca.jpg,1,1,1,1,1,1,1,1,1,1,1,1
IMG_3775_png_jpg.rf.014aafefed56f050a6f440a5ad215bc4.jpg,1,1,1,1,1,1,1,1,1,1,1,1
IMG_3801_png_jpg.rf.018dd94cefd31919f1cae8fe8b5aa78a.jpg,1,1,1,1,1,1,1,1,1,1,1,1
IMG_3656_png_jpg.rf.01e75621de52cc81cd290a77a94c40f0.jpg,1,1,1,1,1,1,1,1,1,1,1,1
IMG_3601_png_jpg.rf.01816e999972b7ba89694afad596ff8a.jpg,1,1,1,1,1,1,1,1,1,1,1,1
IMG_3872_png_jpg.rf.01f1bf79ca0e24b331db402b507e354e.jpg,1,1,1,1,1,1,1,1,1,1,1,1
IMG_3716_png_jpg.rf.01ec0ef1f6d3e12361940392b6815907.jpg,1,1,1,1,1,1,1,1,1,1,1,1
IMG_3874_png_jpg.rf.018aabfdd292afdcdb2f4d8d46622ca4.jpg,1,1,1,1,1,1,1,1,1,1,1,1
4_jpg.rf.015c1c5f7c067c70cee074cac171eb74.jpg,1,1,1,1,1,1,1,1,1,1,1,1
IMG_3731_png_jpg.rf.02c59d1db4dc80341d44ee00fe7c1dc9.jpg,1,1,1,1,1,1,1,1,1,1,1,1
IMG_3753_png_jpg.rf.02b9128d0f2c80f95ed65878eb69e010.jpg,1,1,1,1,1,1,1,1,1,1,1,1
IMG_3841_png_jpg.rf.0201ebb25b366f7ce17ecfef9c936d9e.jpg,1,1,1,1,1,1,1,1,1,1,1,1
30_jpg.rf.03148c0975952ca8c7b4bfdb566597e2.jpg,1,1,1,1,1,1,1,1,1,1,1,1
IMG_3761_png_jpg.rf.0318f7b08e816bb9484d633c99ebc9ad.jpg,1,1,1,1,1,1,1,1,1,1,1,1
IMG_2979_png_jpg.rf.02ed560293297e89af568c20dfa4b3f4.jpg,1,1,1,1,1,1,1,1,1,1,1,1
IMG_3611_png_jpg.rf.025c3c47dfc10666a1ceffd526d23309.jpg,1,1,1,1,1,1,1,1,1,1,1,1
IMG_3654_png_jpg.rf.01fcf758104a3161e05e530d158ab5a3.jpg,1,1,1,1,1,1,1,1,1,1,1,1
23_jpg.rf.0362beb331e0faf813f5b3a48db88d08.jpg,1,1,1,1,1,1,1,1,1,1,1,1
32_jpg.rf.034f560eb91179b3c347a9d62350c334.jpg,1,1,1,1,1,1,1,1,1,1,1,1
IMG_3786_png_jpg.rf.02e442a19561b9596824d16f19303496.jpg,1,1,1,1,1,1,1,1,1,1,1,1
IMG_3889_png_jpg.rf.0471817dde9e3dcb437461742cbbf597.jpg,1,1,1,1,1,1,1,1,1,1,1,1
IMG_3732_png_jpg.rf.0376c679382d02810d5bd77da1a7288d.jpg,1,1,1,1,1,1,1,1,1,1,1,1
15_jpg.rf.03e4e3193b38f1f295e6d4fb0f30a26c.jpg,1,1,1,1,1,1,1,1,1,1,1,1
IMG_3561_png_jpg.rf.03ef0db242d0b8baed84fe04e9df76ef.jpg,1,1,1,1,1,1,1,1,1,1,1,1
IMG_3806_png_jpg.rf.03b160bf2682a5dea8348db79c0fa03d.jpg,1,1,1,1,1,1,1,1,1,1,1,1
IMG_3817_png_jpg.rf.0407dce81e9b90a80b7975fef96341a2.jpg,1,1,1,1,1,1,1,1,1,1,1,1
IMG_2988_png_jpg.rf.031a6cf398ae98752b05fda09734fe54.jpg,1,1,1,1,1,1,1,1,1,1,1,1
IMG_3880_png_jpg.rf.03f0afbd5b76801208510eb6e1ad372a.jpg,1,1,1,1,1,1,1,1,1,1,1,1
IMG_3783_png_jpg.rf.048c1109db4bf2482b65756e6b59b69c.jpg,1,1,1,1,1,1,1,1,1,1,1,1
IMG_3799_png_jpg.rf.04d12ca93bcb9a74577f5ee8466eca65.jpg,1,1,1,1,1,1,1,1,1,1,1,1
IMG_3899_png_jpg.rf.04946e4a1bdc2e27ccb2b5b36092df20.jpg,1,1,1,1,1,1,1,1,1,1,1,1
IMG_3669_png_jpg.rf.04acd5a3d1266e0802e83be6b9f96527.jpg,1,1,1,1,1,1,1,1,1,1,1,1
IMG_2978_png_jpg.rf.04ca6f513f3500b3883abc71d113c217.jpg,1,1,1,1,1,1,1,1,1,1,1,1
IMG_3736_png_jpg.rf.0509c20c0ede28aff99deb7a7fcaf141.jpg,1,1,1,1,1,1,1,1,1,1,1,1
IMG_3590_png_jpg.rf.04c626b77513432b4198af35295aca57.jpg,1,1,1,1,1,1,1,1,1,1,1,1
IMG_3830_png_jpg.rf.0522be1eedbb525f4af0f3860e0c0c80.jpg,1,1,1,1,1,1,1,1,1,1,1,1
IMG_3858_png_jpg.rf.04793551de33582f05b72ec819fe60ab.jpg,1,1,1,1,1,1,1,1,1,1,1,1
IMG_3615_png_jpg.rf.0533ed39a70106d16becd2a6f035e62c.jpg,1,1,1,1,1,1,1,1,1,1,1,1
IMG_3010_png_jpg.rf.050e01d449663da2699e6dc6e263b9a4.jpg,1,1,1,1,1,1,1,1,1,1,1,1
14_jpg.rf.0587f210ac190e09bfa3400522184b70.jpg,1,1,1,1,1,1,1,1,1,1,1,1
IMG_2991_png_jpg.rf.05593864c163e9f1b21886051f18e0c7.jpg,1,1,1,1,1,1,1,1,1,1,1,1
IMG_3766_png_jpg.rf.06380d229be9e99eed2203f3c80d1c61.jpg,1,1,1,1,1,1,1,1,1,1,1,1
IMG_3967_png_jpg.rf.05bfa1be64cc87a2a292a7ef12c715ab.jpg,1,1,1,1,1,1,1,1,1,1,1,1
IMG_3841_png_jpg.rf.05a912369ddfacd8e744540c2cbdc06d.jpg,1,1,1,1,1,1,1,1,1,1,1,1
IMG_3909_png_jpg.rf.05705b164907c8715391125af4206bed.jpg,1,1,1,1,1,1,1,1,1,1,1,1
IMG_3839_png_jpg.rf.05baee089db0a8183b8b498e9863687b.jpg,1,1,1,1,0,1,1,1,1,1,1,1
IMG_3947_png_jpg.rf.05ddb3c59d9578ccd1c925eb300a82c8.jpg,1,1,1,1,1,1,1,1,1,1,1,1
IMG_2988_png_jpg.rf.0613ec7dddb198a8d0fc2ca8999ea55a.jpg,1,1,1,1,1,1,1,1,1,1,1,1
IMG_3932_png_jpg.rf.05b213f0b1e81704f51dcac3df21dd68.jpg,1,1,1,1,1,1,1,1,1,1,1,1
IMG_3846_png_jpg.rf.066bbf38b8d65a252de41785950c767f.jpg,1,1,1,1,1,1,1,1,1,1,1,1
IMG_3705_png_jpg.rf.0623657ff4bf0eb24cf3ae1dde1bbb20.jpg,1,1,1,1,1,1,1,1,1,1,1,1
IMG_3733_png_jpg.rf.06d05a3cf1e6c21ecb068637016c89f1.jpg,1,1,1,1,1,1,1,1,1,1,1,1
IMG_3598_png_jpg.rf.0657adb806d4663aea65617a68fc7d9a.jpg,1,1,1,1,1,1,1,1,1,1,1,1
IMG_3952_png_jpg.rf.069a6a05a1253deb8c9e93c6bd0e96e0.jpg,1,1,1,1,1,1,1,1,1,1,1,1
IMG_3827_png_jpg.rf.06b23706d34c084eb4ae84e9900ac7be.jpg,1,1,1,1,1,1,1,1,1,1,1,1
IMG_3651_png_jpg.rf.06e4cd16ba99390d8969083bb663b9f3.jpg,1,1,1,1,1,1,1,1,1,1,1,1
IMG_3825_png_jpg.rf.067e4e1e6a582bfca4814ca82461bea7.jpg,1,1,1,1,1,1,1,1,1,1,1,1
IMG_3811_png_jpg.rf.078368c59d904ab0752d104ef92fbc97.jpg,1,1,1,1,1,1,1,1,1,1,1,1
IMG_3685_png_jpg.rf.070728d7b8ad6dc4f5bb7109f6cf9a14.jpg,1,1,1,1,1,1,1,1,1,1,1,1
10_jpg.rf.0711d19aa7a9339dc19d68bf7332576c.jpg,1,1,1,1,1,1,1,1,1,1,1,1
29_jpg.rf.06b90cad7c08d2d197cf1fc18f11dd9c.jpg,1,1,1,1,1,1,1,1,1,1,1,1
21_jpg.rf.08201f9fcc933e5c7b278250a326d215.jpg,1,1,1,1,1,1,1,1,1,1,1,1
IMG_3847_png_jpg.rf.07c654834c4bbd4a7f3c5a55292a8b1a.jpg,1,1,1,1,1,1,1,1,1,1,1,1
IMG_3735_png_jpg.rf.07a9178616d8fe7c37386b3221444432.jpg,1,1,1,1,1,1,1,1,1,1,1,1
IMG_3833_png_jpg.rf.0704948c7d2683f440de1d5cfce8d4ee.jpg,1,1,1,1,1,1,1,1,1,1,1,1
IMG_3659_png_jpg.rf.08355d23a7f9dffd58c60b1411804a6c.jpg,1,1,1,1,1,1,1,1,1,1,1,1
IMG_3007_png_jpg.rf.0800caac8e99ae0b0b40bfddbed22545.jpg,1,1,1,1,1,1,1,1,1,1,1,1
IMG_3015_png_jpg.rf.08352af7d2d827344fbcd9fb9eb07db0.jpg,1,1,1,1,1,1,1,1,1,1,1,1
23_jpg.rf.07855666e3f148085d039adc2fb541fd.jpg,1,1,1,1,1,1,1,1,1,1,1,1
IMG_3566_png_jpg.rf.07d6eaa8a38651bd0392a839b80b54cb.jpg,1,1,1,1,1,1,1,1,1,1,1,1
32_jpg.rf.08d47d3317b3e49bf1908f6e74aa06ec.jpg,1,1,1,1,1,1,1,1,1,1,1,1
IMG_3691_png_jpg.rf.0896c511a5fbf1c1cd7a6bdd0062b45d.jpg,1,1,1,1,1,1,1,1,1,1,1,1
IMG_3669_png_jpg.rf.092ed3b6b19cfbe3fc27f730f9851ba4.jpg,1,1,1,1,1,1,1,1,1,1,1,1
30_jpg.rf.08cd9250cdac29cf929983e82f8455c9.jpg,1,1,1,1,1,1,1,1,1,1,1,1
IMG_3853_png_jpg.rf.085941ed4238d2a3f3d8e0e0d610de4c.jpg,1,1,1,1,1,1,1,1,1,1,1,1
IMG_3736_png_jpg.rf.09666c44a863db7611fc6a73e3db8ca5.jpg,1,1,1,1,1,1,1,1,1,1,1,1
IMG_3631_png_jpg.rf.09670fb2db746fe8493e953aa5453e03.jpg,1,1,1,1,1,1,1,1,1,1,1,1
IMG_3935_png_jpg.rf.095ee127d03fc48838d34e3f10340e41.jpg,1,1,1,1,1,1,1,1,1,1,1,1
IMG_3581_png_jpg.rf.09e9673e5c3e9bdc0a1dcc87ad4cfa1c.jpg,1,1,1,1,1,1,1,1,1,1,1,1
IMG_3943_png_jpg.rf.0a442444d04bee5532e036d16ca777d4.jpg,1,1,1,1,1,1,1,1,1,1,1,1
IMG_3612_png_jpg.rf.09f526c9f672ce0820092cc8e8ff700e.jpg,1,1,1,1,1,1,1,1,1,1,1,1
IMG_3026_png_jpg.rf.0a274c3728ba964254a1b6023b395f5c.jpg,1,1,1,1,1,1,1,1,1,1,1,1
IMG_2998_png_jpg.rf.09d195504473d9f3d8f4717bd46f187b.jpg,1,1,1,1,1,1,1,1,1,1,1,1
IMG_3758_png_jpg.rf.0a3a89c29e1205b88f543c6397de2ef6.jpg,1,1,1,1,1,1,1,1,1,1,1,1
32_jpg.rf.0a20011711bf5087f2e75eedebc72d70.jpg,1,1,1,1,1,1,1,1,1,1,1,1
IMG_3742_png_jpg.rf.0a4b0247cbc1f3cb09a9ad7a4edf3844.jpg,1,1,1,1,1,1,1,1,1,1,1,1
32_jpg.rf.0a9750a23360ce459f297e1be811b75c.jpg,1,1,1,1,1,1,1,1,1,1,1,1
IMG_3763_png_jpg.rf.0ad96e34bebff939fd6b84584b10ee5d.jpg,1,1,1,1,1,1,1,1,1,1,1,1
IMG_3792_png_jpg.rf.0a628264d7d48a465a5c8dadafc6e7d9.jpg,1,1,1,1,1,1,1,1,1,1,1,1
IMG_3710_png_jpg.rf.0a4ee135eac0ce54c77addc108c4f2ae.jpg,1,1,1,1,1,1,1,1,1,1,1,1
IMG_2988_png_jpg.rf.0b3f50e33c1fbd5ca4da2c3d91d61e08.jpg,1,1,1,1,1,1,1,1,1,1,1,1
IMG_3780_png_jpg.rf.0b17ba3a946089946280eb176b982537.jpg,1,1,1,1,1,1,1,1,1,1,1,1
IMG_3661_png_jpg.rf.0b34c86db1aaa2b4a8811ef66cb2ca69.jpg,1,1,1,1,1,1,1,1,1,1,1,1
IMG_3646_png_jpg.rf.0a7b7492a8b24d90a40562cc5c4aa4b0.jpg,1,1,1,1,1,1,1,1,1,1,1,1
IMG_2986_png_jpg.rf.0a1b5d3a271b0899cc564b81d76bdbcd.jpg,1,1,1,1,1,1,1,1,1,1,1,1
IMG_3845_png_jpg.rf.0b7d17c237bef5270215aecf36f56739.jpg,1,1,1,1,1,1,1,1,1,1,1,1
10_jpg.rf.0b66462dc2e404ae551fa0e2ca4cfee5.jpg,1,1,1,1,1,1,1,1,1,1,1,1
IMG_3881_png_jpg.rf.0b8f7b296b4634376b4ee3eeb531ac24.jpg,1,1,1,1,1,1,1,1,1,1,1,1
IMG_3699_png_jpg.rf.0bd9283a91f1fa2d54320004df5ec424.jpg,1,1,1,1,1,1,1,1,1,1,1,1
IMG_3609_png_jpg.rf.0c02763137918d8066791a6853d0faf4.jpg,1,1,1,1,1,1,1,1,1,1,1,1
IMG_3658_png_jpg.rf.0be815cd1c482981eee580f4ed706d68.jpg,1,1,1,1,1,1,1,1,1,1,1,1
IMG_3740_png_jpg.rf.0c0774574de48dcf445ab2c8f42ef59f.jpg,1,1,1,1,1,1,1,1,1,1,1,1
32_jpg.rf.0c212442e1ca00df7b92c702b2674c2a.jpg,1,1,1,1,1,1,1,1,1,1,1,1
IMG_3559_png_jpg.rf.0becaf66aa9ad122a9ee01079cdab56e.jpg,1,1,1,1,1,1,1,1,1,1,1,1
IMG_3558_png_jpg.rf.0c0e3d06a35c35ee8b7d6c8fbef57c71.jpg,1,1,1,1,1,1,1,1,1,1,1,1
IMG_3962_png_jpg.rf.0be32bac070dc8230d65502c1803426e.jpg,1,1,1,1,1,1,1,1,1,1,1,1
IMG_2984_png_jpg.rf.0cec9002030bbac3f018b2a9b60be789.jpg,1,1,1,1,1,1,1,1,1,1,1,1
9_jpg.rf.0cc3f5f29d681c14c9f5b20e154eb31d.jpg,1,1,1,1,1,1,1,1,1,1,1,1
IMG_3973_png_jpg.rf.0c6d8c5fa36b2278544309b8ee3391c2.jpg,1,1,1,1,1,1,1,1,1,1,1,1
IMG_3571_png_jpg.rf.0cfe183a57915560b345e1866893aaf8.jpg,1,1,1,1,1,1,1,1,1,1,1,1
IMG_3662_png_jpg.rf.0d1ec398b05a04519652ff8844dbe76f.jpg,1,1,1,1,1,1,1,1,1,1,1,1
IMG_3831_png_jpg.rf.0c3c08c07907cda66574428c18a05359.jpg,1,1,1,1,1,1,1,1,1,1,1,1
IMG_3605_png_jpg.rf.0cc249dec09e632c03ce0224e0050998.jpg,1,1,1,1,1,1,1,1,1,1,1,1
IMG_3658_png_jpg.rf.0d5bd3c9a24c5e67bef8e21093363a2b.jpg,1,1,1,1,1,1,1,1,1,1,1,1
25_jpg.rf.0e34222fc44557925c704520583ecabf.jpg,1,1,1,1,1,1,1,1,1,1,1,1
IMG_3562_png_jpg.rf.0def9b49c6e8bd3c3ec68ef8aa1d1dbb.jpg,1,1,1,1,1,1,1,1,1,1,1,1
IMG_3880_png_jpg.rf.0e1765c4e082dc8ab393268a13216496.jpg,1,1,1,1,1,1,1,1,1,1,1,1
IMG_3852_png_jpg.rf.0d37aecd27514628f9dabf77e5eab14f.jpg,1,1,1,1,1,1,1,1,1,1,1,1
IMG_3789_png_jpg.rf.0c5d468e4a5798ef5eeaf5d32462e2f1.jpg,1,1,1,1,1,1,1,1,1,1,1,1
IMG_3673_png_jpg.rf.0c3393605f71532eb96ee80406b009f6.jpg,1,1,1,1,1,1,1,1,1,1,1,1
IMG_3611_png_jpg.rf.0de8ad07bea30f448e1d1c7a266e9e35.jpg,1,1,1,1,1,1,1,1,1,1,1,1
IMG_3609_png_jpg.rf.0d6346c1593afef16db186af2d138ce4.jpg,1,1,1,1,1,1,1,1,1,1,1,1
IMG_3688_png_jpg.rf.0e79332d3307bcc2cda9c806788e9cbc.jpg,1,1,1,1,1,1,1,1,1,1,1,1
IMG_3772_png_jpg.rf.0d5c04f87374e48b8366716d1bffaeb7.jpg,1,1,1,1,1,1,1,1,1,1,1,1
IMG_3621_png_jpg.rf.0ca9d042b38708c0435dc03fa80fa67d.jpg,1,1,1,1,1,1,1,1,1,1,1,1
IMG_3723_png_jpg.rf.0e7aea08755800fafeeed708d5d6c293.jpg,1,1,1,1,1,1,1,1,1,1,1,1
IMG_3967_png_jpg.rf.0d93bcb9b9fe7e7f2c3e9c74589272de.jpg,1,1,1,1,1,1,1,1,1,1,1,1
IMG_3700_png_jpg.rf.0e8f9e8e689ab9112dd9b5d1ec98d941.jpg,1,1,1,1,1,1,1,1,1,1,1,1
IMG_3785_png_jpg.rf.0c42f80153965d4280adb6ed1727140c.jpg,1,1,1,1,1,1,1,1,1,1,1,1
IMG_3808_png_jpg.rf.0c82feaccf26bbf58f252dfb7a9dcae1.jpg,1,1,1,1,1,1,1,1,1,1,1,1
IMG_3765_png_jpg.rf.0e9b4a294355488d5d033bf37ddcc4f7.jpg,1,1,1,1,1,1,1,1,1,1,1,1
IMG_3830_png_jpg.rf.0e6f99dc8ae7265821af54690fbb65bd.jpg,1,1,1,1,1,1,1,1,1,1,1,1
10_jpg.rf.0e95e185fd7bb45ab61df8562d3260ba.jpg,1,1,1,1,1,1,1,1,1,1,1,1
IMG_3708_png_jpg.rf.0ee2fb3ec2d70a29ad2f254bda02ef80.jpg,1,1,1,1,1,1,1,1,1,1,1,1
IMG_3950_png_jpg.rf.0eb40fd761d49ca30c64a9e790f3f1f8.jpg,1,1,1,1,1,1,1,1,1,1,1,1
IMG_2997_png_jpg.rf.0ec51fe3be8ca5465bc3b8a5b9560b07.jpg,1,1,1,1,1,1,1,1,1,1,1,1
IMG_3006_png_jpg.rf.0fcf52b2f0274adaa3cce3fb0969fa3b.jpg,1,1,1,1,1,1,1,1,1,1,1,1
IMG_3662_png_jpg.rf.0ef499cba63d093cc0b7e76dddf10667.jpg,1,1,1,1,1,1,1,1,1,1,1,1
31_jpg.rf.1043b53b1e740a65a0315aa9c58ba557.jpg,1,1,1,1,1,1,1,1,1,1,1,1
IMG_3942_png_jpg.rf.0fd85064471310983e53695d346d274b.jpg,1,1,1,1,1,1,1,1,1,1,1,1
IMG_3806_png_jpg.rf.104e4843d38c7e132bd308e4c032dd82.jpg,1,1,1,1,1,1,1,1,1,1,1,1
IMG_3801_png_jpg.rf.1078b7540c6667789ffddc1c9aea78ea.jpg,1,1,1,1,1,1,1,1,1,1,1,1
IMG_3571_png_jpg.rf.0f4122421d876c4321e0ec68e80449fe.jpg,1,1,1,1,1,1,1,1,1,1,1,1
IMG_3627_png_jpg.rf.105da243662045bf719168a2af1d3f38.jpg,1,1,1,1,1,1,1,1,1,1,1,1
IMG_3733_png_jpg.rf.1060f33384f2e130b2892e723c4c3a92.jpg,1,1,1,1,1,1,1,1,1,1,1,1
IMG_3894_png_jpg.rf.0fd7cb70329d61150645d2454541e659.jpg,1,1,1,1,1,1,1,1,1,1,1,1
IMG_3688_png_jpg.rf.1052d12c5af5410507735d1bc27637d3.jpg,1,1,1,1,1,1,1,1,1,1,1,1
IMG_3750_png_jpg.rf.10e71e23dcbbdfefd69018edacc47ac4.jpg,1,1,1,1,1,1,1,1,1,1,1,1
IMG_3844_png_jpg.rf.11319bcfff4a7b3ff189911e745084f6.jpg,1,1,1,1,1,1,1,1,1,1,1,1
IMG_3001_png_jpg.rf.11617d084ed592a271924ee7d142ea34.jpg,1,1,1,1,1,1,1,1,1,1,1,1
IMG_3646_png_jpg.rf.11c671ebeab70f06883860c52f046447.jpg,1,1,1,1,1,1,1,1,1,1,1,1
IMG_3759_png_jpg.rf.11a582018af069a46c61f8fefe00727a.jpg,1,1,1,1,1,1,1,1,1,1,1,1
IMG_3027_png_jpg.rf.11d792af46294a1ef163192d1f89c71b.jpg,1,1,1,1,1,1,1,1,1,1,1,1
IMG_3707_png_jpg.rf.1129bc726d97e0e9f452c86408974c13.jpg,1,1,1,1,1,1,1,1,1,1,1,1
IMG_3689_png_jpg.rf.1122bce919fd25d96b3fcef5923218c4.jpg,1,1,1,1,1,1,1,1,1,1,1,1
IMG_3014_png_jpg.rf.0fe118eb9e7b15d15ef096b82f2262fb.jpg,1,1,1,1,1,1,1,1,1,1,1,1
IMG_3847_png_jpg.rf.1157c34bf148f4ba838c3eab2d2fd06b.jpg,1,1,1,1,1,1,1,1,1,1,1,1
IMG_3959_png_jpg.rf.11f72275a5821bde92a7d6e8c6625662.jpg,1,1,1,1,1,1,1,1,1,1,1,1
IMG_3787_png_jpg.rf.1214b26e25f8dbfdad3d0beb2aebd4cb.jpg,1,1,1,1,1,1,1,1,1,1,1,1
IMG_3830_png_jpg.rf.10efb04012efabaa9d1dff36ddc684a0.jpg,1,1,1,1,1,1,1,1,1,1,1,1
27_jpg.rf.11a152494e4b436bf2e10a8490ce0f03.jpg,1,1,1,1,1,1,1,1,1,1,1,1
IMG_3884_png_jpg.rf.0f91931570ec629cb8f310fcfaf7340f.jpg,1,1,1,1,1,1,1,1,1,1,1,1
IMG_3961_png_jpg.rf.1203a50b3f1a25bb1c918682c7996338.jpg,1,1,1,1,1,1,1,1,1,1,1,1
33_jpg.rf.121bae8f6144ad32a5d3d06502003883.jpg,1,1,1,1,1,1,1,1,1,1,1,1
IMG_3570_png_jpg.rf.124db066ef785b3582b544098499969d.jpg,1,1,1,1,1,1,1,1,1,1,1,1
IMG_3769_png_jpg.rf.122a1bd7b2dc08ed8f560af2ab4cec26.jpg,1,1,1,1,1,1,1,1,1,1,1,1
29_jpg.rf.121c126cf8db45598a2b7a11da54e2a5.jpg,1,1,1,1,1,1,1,1,1,1,1,1
29_jpg.rf.128f3bfdd5359ee25c59a59e0dc31dbf.jpg,1,1,1,1,1,1,1,1,1,1,1,1
IMG_3723_png_jpg.rf.12a3234c25e314f8f292ee501cf0c8c6.jpg,1,1,1,1,1,1,1,1,1,1,1,1
30_jpg.rf.1262560fd32fa23f7c68a93223de6c46.jpg,1,1,1,1,1,1,1,1,1,1,1,1
IMG_3792_png_jpg.rf.12f9e25b6c0e124ce3f26258c3da4ba7.jpg,1,1,1,1,1,1,1,1,1,1,1,1
IMG_2988_png_jpg.rf.13352c2f7b9c8ea197a939179829b14a.jpg,1,1,1,1,1,1,1,1,1,1,1,1
31_jpg.rf.144e7a7c1b91255730b687525602f692.jpg,1,1,1,1,1,1,1,1,1,1,1,1
IMG_3936_png_jpg.rf.14ce1ced060e2ba1b22962f6394613c2.jpg,1,1,1,1,1,1,1,1,1,1,1,1
25_jpg.rf.141d798de56f93bc2a399b19ec314b00.jpg,1,1,1,1,1,1,1,1,0,1,1,1
21_jpg.rf.1313e6852c58fa7f7402096f9adf1f49.jpg,1,1,1,1,1,1,1,1,1,1,1,1
IMG_3974_png_jpg.rf.138558940161ad1a02a3ab2eed867d35.jpg,1,1,1,1,1,1,1,1,1,1,1,1
IMG_3864_png_jpg.rf.138252e0c402b115ae4f596c797ef1e8.jpg,1,1,1,1,1,1,1,1,1,1,1,1
IMG_3952_png_jpg.rf.128e544b6d3a2bf148046b215106507e.jpg,1,1,1,1,1,1,1,1,1,1,1,1
IMG_2983_png_jpg.rf.1492ad54f1276a0b06f59de6e57f00ff.jpg,1,1,1,1,1,1,1,1,1,1,1,1
IMG_3564_png_jpg.rf.148ca85825400c6a62cbc908764491fc.jpg,1,1,1,1,1,1,1,1,1,1,1,1
IMG_3587_png_jpg.rf.13814108f4d6aa46ccd204aa4df2585c.jpg,1,1,1,1,1,1,1,1,1,1,1,1
IMG_3564_png_jpg.rf.1388595cca108da6d6cd01576a8d5ec7.jpg,1,1,1,1,1,1,1,1,1,1,1,1
IMG_3850_png_jpg.rf.13c918560c67a4469153280776cd53b2.jpg,1,1,1,1,1,1,1,1,1,1,1,1
IMG_3600_png_jpg.rf.126564d7ffdf46962493d131078f7427.jpg,1,1,1,1,1,1,1,1,1,1,1,1
IMG_3632_png_jpg.rf.15a611a06d92f2eb72fc94b5908914f2.jpg,1,1,1,1,1,1,1,1,1,1,1,1
IMG_3844_png_jpg.rf.13f24ee4098302c4362c1626da3e33ab.jpg,1,1,1,1,1,1,1,1,1,1,1,1
IMG_3662_png_jpg.rf.153fd992160b7ee6729829778834b387.jpg,1,1,1,1,1,1,1,1,1,1,1,1
IMG_3942_png_jpg.rf.13b1ee18b477ad8a4c2f4a0bdda40b27.jpg,1,1,1,1,1,1,1,1,1,1,1,1
IMG_3653_png_jpg.rf.1424caccf2a307835f82e13207bf6456.jpg,1,1,1,1,1,1,1,1,1,1,1,1
IMG_3840_png_jpg.rf.14de728a1dac8cba6d0bff821bb1e9a6.jpg,1,1,1,1,1,1,1,1,1,1,1,1
IMG_3018_png_jpg.rf.156d060993d9bcddceddbb5b0d8122b3.jpg,1,1,1,1,1,1,1,1,1,1,1,1
IMG_3914_png_jpg.rf.15b6c6719bce182657d5215617950396.jpg,1,1,1,1,1,1,1,1,1,1,1,1
IMG_3959_png_jpg.rf.15df096fbd8e030cdea124b1d6ed46f2.jpg,1,1,1,1,1,1,1,1,1,1,1,1
IMG_3943_png_jpg.rf.1533e59c294e368d4b064b817cdfe334.jpg,1,1,1,1,1,1,1,1,1,1,1,1
21_jpg.rf.16bdae739b6734976540b32677fd36f9.jpg,1,1,1,1,1,1,1,1,1,1,1,1
IMG_3752_png_jpg.rf.1625e94fe2de589aca7e38cc0fa7f560.jpg,1,1,1,1,1,1,1,1,1,1,1,1
IMG_3627_png_jpg.rf.160d1871bf9fa99a7b5ca99712af0ad5.jpg,1,1,1,1,1,1,1,1,1,1,1,1
25_jpg.rf.1677ce8ae256be091834e12a0fed4c65.jpg,1,1,1,1,1,1,1,1,1,1,1,1
IMG_3909_png_jpg.rf.1477fa11b192a331a8ec4f4005a33b09.jpg,1,1,1,1,1,1,1,1,1,1,1,1
IMG_3827_png_jpg.rf.17462a26cb943dcea4e6d9bc61f1036f.jpg,1,1,1,1,1,1,1,1,1,1,1,1
IMG_3844_png_jpg.rf.15ba1b32c3682bbc2472517e12abebc1.jpg,1,1,1,1,1,1,1,1,1,1,1,1
IMG_3948_png_jpg.rf.15ec5f79a163c3d054521e5f1e356fbf.jpg,1,1,1,1,1,1,1,1,1,1,1,1
IMG_3783_png_jpg.rf.16dd6b4229d28c7b30ae5ccf4da4bcb3.jpg,1,1,1,1,1,1,1,1,1,1,1,1
IMG_3595_png_jpg.rf.166333a912756ff77388b60fd4494306.jpg,1,1,1,1,1,1,1,1,1,1,1,1
IMG_3611_png_jpg.rf.16dc2fb00c10e7901bb48ca487229530.jpg,1,1,1,1,1,1,1,1,1,1,1,1
30_jpg.rf.16f751286c5ad0d677aaf6cdd8528ded.jpg,1,1,1,1,1,1,1,1,1,1,1,1
IMG_3570_png_jpg.rf.176657ed352b51d14af6d844d45fdf89.jpg,1,1,1,1,1,1,1,1,1,1,1,1
IMG_3724_png_jpg.rf.1818a2b048bbcbe7e5e0fd36493108f8.jpg,1,1,1,1,1,1,1,1,1,1,1,1
IMG_3830_png_jpg.rf.16a378a2f95e0fa517a12edd47b83a3c.jpg,1,1,1,1,1,1,1,1,1,1,1,1
IMG_3726_png_jpg.rf.1773d5db1fe57f5f5693fbc3262b568d.jpg,1,1,1,1,1,1,1,1,1,1,1,1
IMG_3799_png_jpg.rf.1726db3d540d4f9e6faead0f9c50090b.jpg,1,1,1,1,1,1,1,1,1,1,1,1
IMG_3783_png_jpg.rf.17ae59899ecda09490bd35fbb19abb27.jpg,1,1,1,1,1,1,1,1,1,1,1,1
IMG_3684_png_jpg.rf.181666685e4ccc13f98d90a94eb17511.jpg,1,1,1,1,1,1,1,1,0,1,1,1
IMG_3729_png_jpg.rf.16750a116e9f11cbe1c1a7a954625df4.jpg,1,1,1,1,1,1,1,1,1,1,1,1
IMG_3884_png_jpg.rf.18bb073f8a7e4372dd2055ef9001eb78.jpg,1,1,1,1,1,1,1,1,1,1,1,1
21_jpg.rf.17568da084e4cefcf94927722b0aa261.jpg,1,1,1,1,1,1,1,1,1,1,1,1
IMG_3972_png_jpg.rf.177e36cb9ef0cf01d67e7088f90c863b.jpg,1,1,1,1,1,1,1,1,1,1,1,1
IMG_3740_png_jpg.rf.14ce6679f9cd52482bbf0bdcadc9a591.jpg,1,1,1,1,1,1,1,1,1,1,1,1
IMG_3949_png_jpg.rf.185c5ae337f56df12dd9c7ededb15f42.jpg,1,1,1,1,1,1,1,1,1,1,1,1
IMG_3780_png_jpg.rf.186f891aaf0f271e6b5fba32b56f23d0.jpg,1,1,1,1,1,1,1,1,1,1,1,1
IMG_3666_png_jpg.rf.18c86d4e4de1cbcfe238368867603d9c.jpg,1,1,1,1,1,1,1,1,1,1,1,1
IMG_3858_png_jpg.rf.18f32da12414ef025b442829a81301d9.jpg,1,1,1,1,1,1,1,1,1,1,1,1
IMG_3705_png_jpg.rf.18fc581bbc1a3e2a24d644aa116ce7c4.jpg,1,1,1,1,1,1,1,1,1,1,1,1
IMG_3661_png_jpg.rf.1934b2ec3b339289f87c5f3dd92fb8fc.jpg,1,1,1,1,1,1,1,1,1,1,1,1
IMG_3873_png_jpg.rf.1900fb9fce4b40bdd66023c50a98ef26.jpg,1,1,1,1,1,1,1,1,1,1,1,1
IMG_3700_png_jpg.rf.1a1e5b80bbf0043a22d8bb44c320a1ad.jpg,1,1,1,1,1,1,1,1,1,1,1,1
IMG_3959_png_jpg.rf.1953934d1befe722cdccec60daacd63c.jpg,1,1,1,1,1,1,1,1,1,1,1,1
IMG_3797_png_jpg.rf.1a1bb010012d90368d5252c09fa11404.jpg,1,1,1,1,1,1,1,1,1,1,1,1
IMG_3608_png_jpg.rf.191529ddd6bcfc8f73bf6d75f2401e9b.jpg,1,1,1,1,1,1,1,1,1,1,1,1
IMG_3730_png_jpg.rf.1affc221df23a0a4273c6c88695eb865.jpg,1,1,1,1,1,1,1,1,1,1,1,1
IMG_3801_png_jpg.rf.1aa45f181be26ac4b6712f3270f0031d.jpg,1,1,1,1,1,1,1,1,1,1,1,1
29_jpg.rf.1b3cf6bc388be64e2af69b9651f4397e.jpg,1,1,1,1,1,1,1,1,1,1,1,1
29_jpg.rf.1a8e097e2358b6ec1fb6a3788c2ab0e5.jpg,1,1,1,1,1,1,1,1,1,1,1,1
IMG_3642_png_jpg.rf.1b3350c6e61890cb2c26d6f9172aafa1.jpg,1,1,1,1,1,1,1,1,1,1,1,1
IMG_3681_png_jpg.rf.1a1778166042b48e03e57f141b8b7066.jpg,1,1,1,1,1,1,1,1,1,1,1,1
IMG_3920_png_jpg.rf.1b456921b61acf5dc100efcb423996a6.jpg,1,1,1,1,1,1,1,1,1,1,1,1
IMG_3638_png_jpg.rf.1aad4fcb06bb8875aded1a3768cefb00.jpg,1,1,1,1,1,1,1,1,1,1,1,1
IMG_3714_png_jpg.rf.1a89317c3ea370f9d4b88ad016ff4008.jpg,1,1,1,1,1,1,1,1,1,1,1,1
IMG_3664_png_jpg.rf.19b8e3b6e5156d89597eba1677a74cf6.jpg,1,1,1,1,1,1,1,1,1,1,1,1
IMG_3705_png_jpg.rf.1acfbceb5fc5e3383bd5a3c3b0438e0e.jpg,1,1,1,1,1,1,1,1,1,1,1,1
IMG_3948_png_jpg.rf.1a0e08a10751f7ccc914ca504c6e340b.jpg,1,1,1,1,1,1,1,1,1,1,1,1
IMG_3677_png_jpg.rf.19a3040fd37eead8806851c01727ede2.jpg,1,1,1,1,1,1,1,1,1,1,1,1
IMG_3783_png_jpg.rf.1ada514ce46963cf01357af5878d3bfd.jpg,1,1,1,1,1,1,1,1,1,1,1,1
IMG_3737_png_jpg.rf.18d6f87779b6575f3101824e7632a9fb.jpg,1,1,1,1,1,1,1,1,1,1,1,1
IMG_3618_png_jpg.rf.1a6fd3af81cb5a4d450b8384cb42402b.jpg,1,1,1,1,1,1,1,1,1,1,1,1
IMG_3562_png_jpg.rf.1b514ba7881fa12d6ed70312afdeaaf9.jpg,1,1,1,1,1,1,1,1,1,1,1,1
IMG_3651_png_jpg.rf.19c3b1776d7e3aead27f9342295415d6.jpg,1,1,1,1,1,1,1,1,1,1,1,1
23_jpg.rf.1b9d9ab24792c7ee2c0b764a8d935be7.jpg,1,1,1,1,1,1,1,1,1,1,1,1
IMG_3885_png_jpg.rf.1914d09ce9b2acc28f6d7fd6a61cea64.jpg,1,1,1,1,1,1,1,1,1,1,1,1
IMG_3905_png_jpg.rf.1c0cf4b3e8e8fb8104a85a1b4851e623.jpg,1,1,1,1,1,1,1,1,1,1,1,1
IMG_3768_png_jpg.rf.1c09d7f37794a609378c56d6cb38ac63.jpg,1,1,1,1,1,1,1,1,1,1,1,1
27_jpg.rf.1c0f406505cdce1b9690502afe352e99.jpg,1,1,1,1,1,1,1,1,1,1,1,1
IMG_3013_png_jpg.rf.1bee5bf99046c40cdfb451fc222eb6ee.jpg,1,1,1,1,1,1,1,1,1,1,1,1
IMG_2995_png_jpg.rf.1c61ba1d6cf3490cfd62f3a4dbfc0e68.jpg,1,1,1,1,1,1,1,1,1,1,1,1
IMG_3809_png_jpg.rf.1c94fdd16eedb360deb2ed5f4609aa2b.jpg,1,1,1,1,1,1,1,1,1,1,1,1
IMG_3942_png_jpg.rf.1c1d1a5329d44d19641b4d1145ac82e7.jpg,1,1,1,1,1,1,1,1,1,1,1,1
25_jpg.rf.61dcf9d6d43b5109b6361a26d0fd9faa.jpg,1,1,1,1,1,1,1,1,1,1,1,1
32_jpg.rf.64f68365533762bcba473dd8b023e493.jpg,1,1,1,1,1,1,1,1,1,1,1,1
IMG_3837_png_jpg.rf.64fb0507a87b5a362edb2222a9a8ef9c.jpg,1,1,1,1,1,1,1,1,1,1,1,1
4_jpg.rf.6319657331d80c814fb488b0e68b43e8.jpg,1,1,1,1,1,1,1,1,1,1,1,1
IMG_3589_png_jpg.rf.625c4afc451d6d82ce8c8901a9c40cdf.jpg,1,1,1,1,1,1,1,1,1,1,1,1
IMG_3797_png_jpg.rf.628af216a914c0451dd80094549352a4.jpg,1,1,1,1,1,1,1,1,1,1,1,1
IMG_3729_png_jpg.rf.638e79137d738ff5d7df6bade7d71913.jpg,1,1,1,1,1,1,1,1,1,1,1,1
IMG_3558_png_jpg.rf.65328cc0909962ba88dc2f9b811a4186.jpg,1,1,1,1,1,1,1,1,1,1,1,1
IMG_3717_png_jpg.rf.653eebd6f585ff193abec21271d2d6fc.jpg,1,1,1,1,1,1,1,1,1,1,1,1
IMG_3708_png_jpg.rf.651f0d41420b711b63b5f59ad398e12f.jpg,1,1,1,1,1,1,1,1,1,1,1,1
IMG_3870_png_jpg.rf.65581ad68fa259806efd4d0bc64913f7.jpg,1,1,1,1,1,1,1,1,1,1,1,1
IMG_3710_png_jpg.rf.64f4d1b944742c4faf1932da04c67cf1.jpg,1,1,1,1,1,1,1,1,1,1,1,1
IMG_3907_png_jpg.rf.65781940f4c0c941dd5ff0aa4538d98c.jpg,1,1,1,1,1,1,1,1,1,1,1,1
IMG_3020_png_jpg.rf.65b4656d635d6e5b7587b3a277234e96.jpg,1,1,1,1,1,1,1,1,1,1,1,1
IMG_3803_png_jpg.rf.625a33cf34987ae2a47b3f9b77765c39.jpg,1,1,1,1,1,1,1,1,1,1,1,1
IMG_3592_png_jpg.rf.6584c55e7af0db041e81ae460ea6f99a.jpg,1,1,1,1,1,1,1,1,1,1,1,1
IMG_3701_png_jpg.rf.6577813d799d8cc566b02b1b15444d63.jpg,1,1,1,1,1,1,1,1,1,1,1,1
IMG_3918_png_jpg.rf.65d6b4ce949c8a2586a26dcd94f46ee7.jpg,1,1,1,1,1,1,1,1,1,1,1,1
IMG_3849_png_jpg.rf.623d18265ff1b5cf5043f6936b4e6742.jpg,1,1,1,1,1,1,1,1,1,1,1,1
IMG_3688_png_jpg.rf.624649a7643374614bdbc37d564d0cec.jpg,1,1,1,1,1,1,1,1,1,1,1,1
IMG_3808_png_jpg.rf.65fc635716b13e3b883771b621ba15ea.jpg,1,1,1,1,1,1,1,1,1,1,1,1
12_jpg.rf.66481fee63aecfb61217e34b5acf5c71.jpg,1,1,1,1,1,1,1,1,1,1,1,1
IMG_3907_png_jpg.rf.662804ee85d34d400cca5ac4d1c775f6.jpg,1,1,1,1,1,1,1,1,1,1,1,1
29_jpg.rf.6630406e8120d75df6a906ab956fb391.jpg,1,1,1,1,1,1,1,1,1,1,1,1
IMG_3903_png_jpg.rf.661804ce34df7b36a83aaad3a2d2ec44.jpg,1,1,1,1,1,1,1,1,1,1,1,1
IMG_3015_png_jpg.rf.6425eb6b7014cb23191e3dc898a9f041.jpg,1,1,1,1,1,1,1,1,1,1,1,1
IMG_3561_png_jpg.rf.65f1893d05a159523599e12b47592f50.jpg,1,1,1,1,1,1,1,1,1,1,1,1
IMG_3728_png_jpg.rf.633256910e1365fbdae70a88e1105f31.jpg,1,1,1,1,1,1,1,1,1,1,1,1
IMG_3028_png_jpg.rf.668714248655de4037be3f2691bd05ff.jpg,1,1,1,1,1,1,1,1,1,1,1,1
IMG_3881_png_jpg.rf.63be7f39a4722f6d4ddff067c5feea7c.jpg,1,1,1,1,1,1,1,1,1,1,1,1
IMG_3635_png_jpg.rf.664a8f10615c9b2909c4638ece544333.jpg,1,1,1,1,1,1,1,1,1,1,1,1
IMG_3859_png_jpg.rf.669ac1ec09e8a8818f24cc551a52cf90.jpg,1,1,1,1,1,1,1,1,1,1,1,1
IMG_3030_png_jpg.rf.6323c70119f281401137390b030c5c76.jpg,1,1,1,1,1,1,1,1,1,1,1,1
14_jpg.rf.669ab08fd36b91fc5bb5469ae1d5187d.jpg,1,1,1,1,1,1,1,1,1,1,1,1
IMG_3972_png_jpg.rf.6436f6f7a24e5b50116568fe02193583.jpg,1,1,1,1,1,1,1,1,1,1,1,1
IMG_3926_png_jpg.rf.66f6de0f6233ecf8d4f90434c77a572d.jpg,1,1,1,1,1,1,1,1,1,1,1,1
IMG_3761_png_jpg.rf.6312fae511094af97f5dd0241fe28b07.jpg,1,1,1,1,1,1,1,1,1,1,1,1
IMG_3007_png_jpg.rf.66d05313c0ac90aca2098e78b37796b4.jpg,1,1,1,1,1,1,1,1,1,1,1,1
IMG_3743_png_jpg.rf.67894076bc6036cf1276ed24850a3aae.jpg,1,1,1,1,1,1,1,1,1,1,1,1
IMG_3742_png_jpg.rf.66a8bedcb22565a5411b9824c1b572e1.jpg,1,1,1,1,1,1,1,1,1,1,1,1
IMG_3703_png_jpg.rf.673dab156871364e0c9c2ddf2c0581b2.jpg,1,1,1,1,1,1,1,1,1,1,1,1
IMG_3602_png_jpg.rf.635c5f779a58009bcd01bde6cf91af5b.jpg,1,1,1,1,1,1,1,1,1,1,1,1
IMG_3563_png_jpg.rf.67cf65d4249c1abb455df5e4330d31fa.jpg,1,1,1,1,1,1,1,1,1,1,1,1
IMG_3973_png_jpg.rf.67144c98e1d798c1186f9f395e88a79c.jpg,1,1,1,1,1,1,1,1,1,1,1,1
IMG_3839_png_jpg.rf.63ed7366dafcaac63f03fc8a79e879a0.jpg,1,1,1,1,0,1,1,1,1,1,1,1
IMG_3595_png_jpg.rf.66dc48ee75eb33156c93c8615f4d9af3.jpg,1,1,1,1,1,1,1,1,1,1,1,1
IMG_3844_png_jpg.rf.67b111afb3fa7d949f39cb106a80eda7.jpg,1,1,1,1,1,1,1,1,1,1,1,1
IMG_3615_png_jpg.rf.67eb20fc0c685ed47168de537e7a106a.jpg,1,1,1,1,1,1,1,1,1,1,1,1
IMG_3677_png_jpg.rf.681be1c528a35b530dd326fae187f94f.jpg,1,1,1,1,1,1,1,1,1,1,1,1
IMG_3021_png_jpg.rf.674067074099832169b90844d120df7d.jpg,1,1,1,1,1,1,1,1,1,1,1,1
IMG_3646_png_jpg.rf.67b17c8c2f565416577213d630bea55d.jpg,1,1,1,1,1,1,1,1,1,1,1,1
IMG_3766_png_jpg.rf.6750e9e79639f41a5dbc4c7e90f74f3d.jpg,1,1,1,1,1,1,1,1,1,1,1,1
IMG_3872_png_jpg.rf.630f6ab1abfe34d3af081f0aed96c635.jpg,1,1,1,1,1,1,1,1,1,1,1,1
4_jpg.rf.682a53b0e43455bb58e195c812335144.jpg,1,1,1,1,1,1,1,1,1,1,1,1
IMG_3782_png_jpg.rf.689c27204518abab35b04a49e815ac28.jpg,1,1,1,1,1,1,1,1,1,1,1,1
IMG_3808_png_jpg.rf.6892bc9693add57e849945f4d491d98d.jpg,1,1,1,1,1,1,1,1,1,1,1,1
12_jpg.rf.681c931cdee9e0f7dea2045c936fda5a.jpg,1,1,1,1,1,1,1,1,1,1,1,1
IMG_3572_png_jpg.rf.6847a0971270715a02c1005dd2b8feff.jpg,1,1,1,1,1,1,1,1,1,1,1,1
IMG_3009_png_jpg.rf.685586ab1696e06727871c93f4db0e26.jpg,1,1,1,1,1,1,1,1,1,1,1,1
30_jpg.rf.68c70a02da614f65cc569dd28b7d628e.jpg,1,1,1,1,1,1,1,1,1,1,1,1
15_jpg.rf.6343290d72ac22f908330f237cbead1f.jpg,1,1,1,1,1,1,1,1,1,1,1,1
IMG_3786_png_jpg.rf.643fd16ff6eb7977c9e2b958c414760e.jpg,1,1,1,1,1,1,1,1,1,1,1,1
IMG_3580_png_jpg.rf.69b500bfdd1c720eebfc2c957c814011.jpg,1,1,1,1,1,1,1,1,1,1,1,1
IMG_3747_png_jpg.rf.69078958cdd26ca38e6552d1d2eb15b8.jpg,1,1,1,1,1,1,1,1,1,1,1,1
IMG_3689_png_jpg.rf.68f4ac8b1a44fe22ca0fc02ea817ec9c.jpg,1,1,1,1,1,1,1,1,1,1,1,1
IMG_3757_png_jpg.rf.64165dca772118eae34f2a6d43908f39.jpg,1,1,1,1,1,1,1,1,1,1,1,1
IMG_3849_png_jpg.rf.69bf98c45d14baebdbd759095bbe50f9.jpg,1,1,1,1,1,1,1,1,1,1,1,1
IMG_3782_png_jpg.rf.69105e0684afe8c0d1a045e896285256.jpg,1,1,1,1,1,1,1,1,1,1,1,1
29_jpg.rf.68e604b31774bbc99ff7c08fb1b83299.jpg,1,1,1,1,1,1,1,1,1,1,1,1
25_jpg.rf.68e7efb23cc46f10575737504b2e2596.jpg,1,1,1,1,1,1,1,1,1,1,1,1
29_jpg.rf.69f5fc9326fca120fd7610dc2d9ca7a7.jpg,1,1,1,1,1,1,1,1,1,1,1,1
IMG_2986_png_jpg.rf.6a152b6aadfd2f10e011e3362eef2f69.jpg,1,1,1,1,1,1,1,1,1,1,1,1
IMG_3564_png_jpg.rf.68ac6d1f0b4cf2a73f856e2eba646ff7.jpg,1,1,1,1,1,1,1,1,1,1,1,1
IMG_3887_png_jpg.rf.62b23d20309e9143770b39466c5e263e.jpg,1,1,1,1,1,1,1,1,1,1,1,1
IMG_3598_png_jpg.rf.638edd44753ec4c8988957e624dcaccd.jpg,1,1,1,1,1,1,1,1,1,1,1,1
IMG_3842_png_jpg.rf.683abb87a195ab78825decefc8b8812b.jpg,1,1,1,1,1,1,1,1,1,1,1,1
25_jpg.rf.6a22f6b436e4d2919d7157ec76751983.jpg,1,1,1,1,1,1,1,1,1,1,1,1
IMG_3635_png_jpg.rf.6375d4cd57a0d496946d11280eaea78b.jpg,1,1,1,1,1,1,1,1,1,1,1,1
IMG_3013_png_jpg.rf.6aa941e227ac11286d07c8653571daca.jpg,1,1,1,1,1,1,1,1,1,1,1,1
IMG_3874_png_jpg.rf.6a84978d6aa66659fcea49b4ca6771cc.jpg,1,1,1,1,1,1,1,1,1,1,1,1
IMG_3660_png_jpg.rf.6ae17b3e68fe78d01de344af34d7136e.jpg,1,1,1,1,1,1,1,1,1,1,1,1
IMG_3856_png_jpg.rf.6b785424ac79392573a54a66a644d2dd.jpg,1,1,1,1,1,1,1,1,1,1,1,1
IMG_3812_png_jpg.rf.6aed8645280b3427e2786b35cd792ec1.jpg,1,1,1,1,1,1,1,1,1,1,1,1
IMG_3709_png_jpg.rf.6af31828137036c364d9f9d19423ef34.jpg,1,1,1,1,1,1,1,1,1,1,1,1
IMG_2997_png_jpg.rf.6aa49d2b302afda97ba092f2d3318c1b.jpg,1,1,1,1,1,1,1,1,1,1,1,1
IMG_3636_png_jpg.rf.6b1961f807feca6746caeb33ef8cfbf8.jpg,1,1,1,1,1,1,1,1,1,1,1,1
IMG_3632_png_jpg.rf.6ae13200692faaf3bdf10676b12078fb.jpg,1,1,1,1,1,1,1,1,1,1,1,1
32_jpg.rf.6a96ec4a5233b0e31e81ba68d3a0c5e9.jpg,1,1,1,1,1,1,1,1,1,1,1,1
IMG_3786_png_jpg.rf.6b4d7782b70ab36d9d4309a86ec99961.jpg,1,1,1,1,1,1,1,1,1,1,1,1
30_jpg.rf.6bf8eab0df452fd60286f1833e28a720.jpg,1,1,1,1,1,1,1,1,1,1,1,1
30_jpg.rf.6b2bff119aca372f1cd87f9a97673072.jpg,1,1,1,1,1,1,1,1,1,1,1,1
IMG_3615_png_jpg.rf.6b9f205dd2464375cae703b0a5eb8968.jpg,1,1,1,1,1,1,1,1,1,1,1,1
IMG_3583_png_jpg.rf.6c08ad6ace9bdbcdc047f3006ffb08ba.jpg,1,1,1,1,1,1,1,1,1,1,1,1
IMG_3662_png_jpg.rf.64c2b001ceddedd8a2f99a8b279932b6.jpg,1,1,1,1,1,1,1,1,1,1,1,1
IMG_3673_png_jpg.rf.6c2274587d37a5c0111dc4e069e9a7c5.jpg,1,1,1,1,1,1,1,1,1,1,1,1
IMG_3879_png_jpg.rf.6c294b1e27415c1e8526bfcab716fbae.jpg,1,1,1,1,1,1,1,1,1,1,1,1
IMG_3644_png_jpg.rf.6b8e6d128759f7675ac81ffc06d35921.jpg,1,1,1,1,1,1,1,1,1,1,1,1
IMG_3570_png_jpg.rf.6c796d68b9cf22b2c61c5726e81ca6ee.jpg,1,1,1,1,1,1,1,1,1,1,1,1
IMG_3856_png_jpg.rf.6cada160143cabc0f73aaa09ab71196f.jpg,1,1,1,1,1,1,1,1,1,1,1,1
IMG_3905_png_jpg.rf.6c3033a2108b4d2c734d02e1de7f4051.jpg,1,1,1,1,1,1,1,1,1,1,1,1
IMG_3569_png_jpg.rf.6c7aee83d075363327564c060d0ba594.jpg,1,1,1,1,1,1,1,1,1,1,1,1
IMG_3003_png_jpg.rf.6b73f14eceb03666f8dc8ed1459adc0d.jpg,1,1,1,1,1,1,1,1,1,1,1,1
IMG_3664_png_jpg.rf.6c2e7c67da795036c8d7e8e9485595bc.jpg,1,1,1,1,1,1,1,1,1,1,1,1
IMG_3921_png_jpg.rf.6d57060d2d76f456c88467f608cb4385.jpg,1,1,1,1,1,1,1,1,1,1,1,1
IMG_3687_png_jpg.rf.6d2cb9a318a9317a55c9727e779142de.jpg,1,1,1,1,1,1,1,1,1,1,1,1
IMG_3605_png_jpg.rf.6b1096749f97ff60a50010ccf687eae6.jpg,1,1,1,1,1,1,1,1,1,1,1,1
IMG_3880_png_jpg.rf.6c35e83f6babcc0c3e0cceb7ed326184.jpg,1,1,1,1,1,1,1,1,1,1,1,1
IMG_3583_png_jpg.rf.6d8c8c5008b8fcdfcdcbd0e464a25ef1.jpg,1,1,1,1,1,1,1,1,1,1,1,1
IMG_3026_png_jpg.rf.6d937c2cc4776427927945ae3ba764ad.jpg,1,1,1,1,1,1,1,1,1,1,1,1
IMG_3651_png_jpg.rf.6dcc2915c2137edb1089a51fa569c26f.jpg,1,1,1,1,1,1,1,1,1,1,1,1
IMG_3942_png_jpg.rf.6dfa226f48638b1818a58ddae9b5d196.jpg,1,1,1,1,1,1,1,1,1,1,1,1
IMG_2981_png_jpg.rf.6e3a2ea1a319ec8eeefb38a971e09466.jpg,1,1,1,1,1,1,1,1,1,1,1,1
12_jpg.rf.6e4bc1edd0b294a465ffd081df7196df.jpg,1,1,1,1,1,1,1,1,1,1,1,1
IMG_3698_png_jpg.rf.6e8840010e801fb0c78d3d684acb8293.jpg,1,1,1,1,1,1,1,1,1,1,1,1
IMG_3587_png_jpg.rf.6eb1e67ac79f315dbb760dad18957950.jpg,1,1,1,1,1,1,1,1,1,1,1,1
IMG_3612_png_jpg.rf.6ea03af6d737aba34ac8528f6656abe5.jpg,1,1,1,1,1,1,1,1,1,1,1,1
IMG_3592_png_jpg.rf.6e3b714c893de67faed06a5ea02b1155.jpg,1,1,1,1,1,1,1,1,1,1,1,1
IMG_3666_png_jpg.rf.6f795da30ce47d1e4aab599921b16ef2.jpg,1,1,1,1,1,1,1,1,1,1,1,1
IMG_2986_png_jpg.rf.6f395936888752808977f534d283e398.jpg,1,1,1,1,1,1,1,1,1,1,1,1
IMG_3859_png_jpg.rf.6f3c493a26a522ddbc328faa029803a3.jpg,1,1,1,1,1,1,1,1,1,1,1,1
IMG_3733_png_jpg.rf.701ea98db64d4d6cfa83bf9b67784210.jpg,1,1,1,1,1,1,1,1,1,1,1,1
IMG_3707_png_jpg.rf.6f6c2af6b2d04484284ea3c12f8d20e4.jpg,1,1,1,1,1,1,1,1,1,1,1,1
31_jpg.rf.703739344321e161d36d261d14898a99.jpg,1,1,1,1,1,1,1,1,1,1,1,1
IMG_3627_png_jpg.rf.6e40dfc0d6cabf3ba3e8b321f1557e8e.jpg,1,1,1,1,1,1,1,1,1,1,1,1
IMG_3920_png_jpg.rf.70ca254188a6acfcd74f0c2bfd4c3d9a.jpg,1,1,1,1,1,1,1,1,1,1,1,1
14_jpg.rf.6f5bda07b67ac5b04a3703401a12b785.jpg,1,1,1,1,1,1,1,1,1,1,1,1
IMG_3633_png_jpg.rf.6f1a9ae225994dd6c3e57242e43f82a6.jpg,1,1,1,1,1,1,1,1,1,1,1,1
IMG_3002_png_jpg.rf.715d531d0df840aa4b715487a6fe6402.jpg,1,1,1,1,1,1,1,1,1,1,1,1
IMG_3030_png_jpg.rf.6fb6f4b6c911ef3cfe2bb16e5cfb8978.jpg,1,1,1,1,1,1,1,1,1,1,1,1
IMG_3700_png_jpg.rf.70b7e106c960f54f6d3b5a2465a3ad20.jpg,1,1,1,1,1,1,1,1,1,1,1,1
IMG_3640_png_jpg.rf.7045bbbd197e412916f5b21a5be103ca.jpg,1,1,1,1,1,1,1,1,1,1,1,1
IMG_3637_png_jpg.rf.7013ab39dc99728e4d3cb2d9c6fed6ca.jpg,1,1,1,1,1,1,1,1,1,1,1,1
IMG_3736_png_jpg.rf.704f8347acc32f05580a113621bada6c.jpg,1,1,1,1,1,1,1,1,1,1,1,1
IMG_3888_png_jpg.rf.703848bce83cdfb685c34b04f688b9a0.jpg,1,1,1,1,1,1,1,1,1,1,1,1
IMG_3958_png_jpg.rf.718ea881de7cec0ffd133ad70e66faba.jpg,1,1,1,1,1,1,1,1,1,1,1,1
IMG_3558_png_jpg.rf.7028578ca28c67d620f2e948c6f25383.jpg,1,1,1,1,1,1,1,1,1,1,1,1
IMG_3785_png_jpg.rf.6ea887ef890bf028d50e6fb161a246c7.jpg,1,1,1,1,1,1,1,1,1,1,1,1
16_png_jpg.rf.721c9f79ff6e5a5cc2c7d10d07ed7961.jpg,1,1,1,1,1,1,1,1,1,1,1,1
IMG_3796_png_jpg.rf.7255438daf015bfb074346b4662ef79d.jpg,1,1,1,1,1,1,1,1,1,1,1,1
IMG_3698_png_jpg.rf.71e243ec39a1ccddbd0549be1a17bee7.jpg,1,1,1,1,1,1,1,1,1,1,1,1
IMG_3621_png_jpg.rf.72e21f80dd9498872e585880339fcf8c.jpg,1,1,1,1,1,1,1,1,1,1,1,1
IMG_3676_png_jpg.rf.725f796bc31a80680b751dfd13903cf6.jpg,1,1,1,1,1,1,1,1,1,1,1,1
IMG_3617_png_jpg.rf.727ae3df85efec4da6d576fab628cecd.jpg,1,1,1,1,1,1,1,1,1,1,1,1
IMG_3763_png_jpg.rf.72742044a8671b8f1fbe3c94becb1d7c.jpg,1,1,1,1,1,1,1,1,1,1,1,1
IMG_3859_png_jpg.rf.737aaaffa30e8b47985ec9b3dc60448a.jpg,1,1,1,1,1,1,1,1,1,1,1,1
IMG_3673_png_jpg.rf.73bbd7f158717ab71d1d3f515679c730.jpg,1,1,1,1,1,1,1,1,1,1,1,1
12_jpg.rf.738ca10fe39a0a2841d01c92e54a1200.jpg,1,1,1,1,1,1,1,1,1,1,1,1
IMG_3849_png_jpg.rf.72bb7669e1e89a9647ea896f0675e35b.jpg,1,1,1,1,1,1,1,1,1,1,1,1
IMG_3691_png_jpg.rf.74f449396e860adf31ed7f1f8e225baf.jpg,1,1,1,1,1,1,1,1,1,1,1,1
IMG_3728_png_jpg.rf.73546f5edd9a2c2c025c1cfb1f7887a7.jpg,1,1,1,1,1,1,1,1,1,1,1,1
IMG_3613_png_jpg.rf.739465f302c0d7472e7437d60f909b3e.jpg,1,1,1,1,1,1,1,1,1,1,1,1
16_png_jpg.rf.7285376a863e22941075f67b4fbfa34c.jpg,1,1,1,1,1,1,1,1,1,1,1,1
33_jpg.rf.74330b9057ec6a0cd269d7e2829d5bf3.jpg,1,1,1,1,1,1,1,1,1,1,1,1
IMG_3871_png_jpg.rf.72a455ec1c385657a835cbeadfd99761.jpg,1,1,1,1,1,1,1,1,1,1,1,1
IMG_3868_png_jpg.rf.7406bd9f8329542379e4da2074a97edd.jpg,1,1,1,1,1,1,1,1,1,1,1,1
IMG_3765_png_jpg.rf.71b6e225bf795a2b237b8ef8f0356197.jpg,1,1,1,1,1,1,1,1,1,1,1,1
IMG_3024_png_jpg.rf.7269adc7d0dc5f037f5411350c7b9e2e.jpg,1,1,1,1,1,1,1,1,1,1,1,1
IMG_3922_png_jpg.rf.73c745bfcfe82dbd880949d4e65fcfd1.jpg,1,1,1,1,1,0,1,1,1,1,1,1
IMG_3948_png_jpg.rf.73d72e634e02259001f1b5ca4113ace6.jpg,1,1,1,1,1,1,1,1,1,1,1,1
IMG_3680_png_jpg.rf.751fce3ea633504649864ac4776917e3.jpg,1,1,1,1,1,1,1,1,1,1,1,1
IMG_3626_png_jpg.rf.73a2cb9ff91458bf721ce46f76003155.jpg,1,1,1,1,1,1,1,1,1,1,1,1
IMG_3589_png_jpg.rf.752012c4c363848a1378c17833307232.jpg,1,1,1,1,1,1,1,1,1,1,1,1
IMG_3654_png_jpg.rf.73341c82f27c4fab784ae7f2385179b3.jpg,1,1,1,1,1,1,1,1,1,1,1,1
IMG_3011_png_jpg.rf.755ab46d058320d2f3cd8f39b9621729.jpg,1,1,1,1,1,1,1,1,1,1,1,1
IMG_3813_png_jpg.rf.7535248c0874ffd1c0da924525e1d5ea.jpg,1,1,1,1,1,1,1,1,1,1,1,1
IMG_3967_png_jpg.rf.7591ea74b9ce95f1bba6977abe72050a.jpg,1,1,1,1,1,1,1,1,1,1,1,1
27_jpg.rf.75622590e311fa66c6e14fa13ee8c784.jpg,1,1,1,1,1,1,1,1,1,1,1,1
IMG_3829_png_jpg.rf.759e1b91c945e02ed4e72c4e8d22ac9f.jpg,1,1,1,1,1,1,1,1,1,1,1,1
IMG_3838_png_jpg.rf.761119590352f767297fe5381e904be3.jpg,1,1,1,1,1,1,1,1,1,1,1,1
IMG_3961_png_jpg.rf.763ed92849c9db3003d9be81da659c4a.jpg,1,1,1,1,1,1,1,1,1,1,1,1
12_jpg.rf.763e61775642c1c4a5795e2f730d5076.jpg,1,1,1,1,1,1,1,1,1,1,1,1
15_jpg.rf.7663ffc2dc354bcc4fbbc719a4811ded.jpg,1,1,1,1,1,1,1,1,1,1,1,1
IMG_3006_png_jpg.rf.762b4e6afb810c7a4e66d79f3900ead7.jpg,1,1,1,1,1,1,1,1,1,1,1,1
IMG_3734_png_jpg.rf.75b8fddf5c0cb310eb2d4917ca176fe1.jpg,1,1,1,1,1,1,1,1,1,1,1,1
IMG_3896_png_jpg.rf.7670cd66c6a5638c4ad47b9bd386a2ab.jpg,1,1,1,1,1,1,1,1,1,1,1,1
23_jpg.rf.76589ae5e40306b93616e5554df064de.jpg,1,1,1,1,1,1,1,1,1,1,1,1
IMG_3874_png_jpg.rf.765b8fcf3f620adfd601cc406cd5ab58.jpg,1,1,1,1,1,1,1,1,1,1,1,1
IMG_3759_png_jpg.rf.77259962828c04e53265a38ad640165d.jpg,1,1,1,1,1,1,1,1,1,1,1,1
IMG_3698_png_jpg.rf.76930886897f8b6eba5e855de9475924.jpg,1,1,1,1,1,1,1,1,1,1,1,1
IMG_2984_png_jpg.rf.77326a0dca6d47cc58b121ae56291e96.jpg,1,1,1,1,1,1,1,1,1,1,1,1
IMG_3572_png_jpg.rf.77076e974f9be84dd985a8dd724fe2dc.jpg,1,1,1,1,1,1,1,1,1,1,1,1
IMG_3685_png_jpg.rf.7679bbabbfc57721963df7b2f818e8fa.jpg,1,1,1,1,1,1,1,1,1,1,1,1
IMG_3564_png_jpg.rf.7736498cfc8728703c5583a8ac9b705f.jpg,1,1,1,1,1,1,1,1,1,1,1,1
IMG_3957_png_jpg.rf.77414c378e6a3b5238d6dc69d9378f7b.jpg,1,1,1,1,1,1,1,1,1,1,1,1
IMG_2979_png_jpg.rf.7734a87a1fc497734f9404d88abdef03.jpg,1,1,1,1,1,1,1,1,1,1,1,1
IMG_3938_png_jpg.rf.75a780f038130dedce5abc5a1db63628.jpg,1,1,1,1,1,1,1,1,1,1,1,1
IMG_3920_png_jpg.rf.7727655d9d5a44e3e15a994922e9eb27.jpg,1,1,1,1,1,1,1,1,1,1,1,1
IMG_3668_png_jpg.rf.76353ecc374c17b7d7d4ac2220d903a8.jpg,1,1,1,1,1,1,1,1,1,1,1,1
12_jpg.rf.76d968bd0eda54532e76ef4338a2dda9.jpg,1,1,1,1,1,1,1,1,1,1,1,1
IMG_3867_png_jpg.rf.776a08cf2b5fc80f832cf84d39737acb.jpg,1,1,1,1,1,1,1,1,1,1,1,1
IMG_3562_png_jpg.rf.777d0b0dfc90162d9585c84d060e0c4a.jpg,1,1,1,1,1,1,1,1,1,1,1,1
IMG_3935_png_jpg.rf.777ece6276347293ac390be00db0b47b.jpg,1,1,1,1,1,1,1,1,1,1,1,1
IMG_3894_png_jpg.rf.77ac8666940d01f527206c4909ed2cd4.jpg,1,1,1,1,1,1,1,1,1,1,1,1
IMG_3782_png_jpg.rf.779bdbbb6b161c1142f660511adbd876.jpg,1,1,1,1,1,1,1,1,1,1,1,1
IMG_3779_png_jpg.rf.77ab5d86e1c1b5760d792284145d62c6.jpg,1,1,1,1,1,1,1,1,1,1,1,1
IMG_3789_png_jpg.rf.77736c4b8759304f3c298c64efb7041b.jpg,1,1,1,1,1,1,1,1,1,1,1,1
IMG_3970_png_jpg.rf.77b7c75e5a5b3e447269949f1cf0bdd3.jpg,1,1,1,1,1,1,1,1,1,1,1,1
IMG_3873_png_jpg.rf.78536c0fc77aa4cf117e8541f8ac4434.jpg,1,1,1,1,1,1,1,1,1,1,1,1
IMG_3786_png_jpg.rf.77c5a661239bb3d6623293396678db8e.jpg,1,1,1,1,1,1,1,1,1,1,1,1
IMG_3714_png_jpg.rf.782156de01d7ba3fd392547f546ab5e2.jpg,1,1,1,1,1,1,1,1,1,1,1,1
IMG_3651_png_jpg.rf.77e4dec469cd791629c4073f9a7f8d23.jpg,1,1,1,1,1,1,1,1,1,1,1,1
IMG_3022_png_jpg.rf.77dbb81a9fec4f4b47aaea082ec5a208.jpg,1,1,1,1,1,1,1,1,1,1,1,1
IMG_3703_png_jpg.rf.7804af917bf9bbfe94bc48237eecd884.jpg,1,1,1,1,1,1,1,1,1,1,1,1
IMG_3801_png_jpg.rf.7860d2197f1ebe8ddf486bf2f2f15878.jpg,1,1,1,1,1,1,1,1,1,1,1,1
IMG_3811_png_jpg.rf.78a8ed89df13e1e84355b4a76a12ff48.jpg,1,1,1,1,1,1,1,1,1,1,1,1
IMG_3901_png_jpg.rf.77ede6ef9b9ca252acee3e09bd872d39.jpg,1,1,1,1,1,1,1,1,1,1,1,1
IMG_3926_png_jpg.rf.78c31c5f1853aa79caf4b49d5964e89f.jpg,1,1,1,1,1,1,1,1,1,1,1,1
IMG_3749_png_jpg.rf.791b2035550df6e9ce726045b7c64c46.jpg,1,1,1,1,1,1,1,1,1,1,1,1
IMG_3694_png_jpg.rf.78c99ccc601ac5c7a2b40999d6dc5f58.jpg,1,1,1,1,1,1,1,1,1,1,1,1
33_jpg.rf.78b88860611f43e25d3161c471fac313.jpg,1,1,1,1,1,1,1,1,1,1,1,1
IMG_3903_png_jpg.rf.78984242950d3c0f01a0ac1bafa4bde9.jpg,1,1,1,1,1,1,1,1,1,1,1,1
IMG_3973_png_jpg.rf.792269a4f038e06b896bf53a3079e81c.jpg,1,1,1,1,1,1,1,1,1,1,1,1
IMG_3622_png_jpg.rf.78a95a79e12ea82a8b6aa6a5ea5a07b8.jpg,1,1,1,1,1,1,1,1,1,1,1,1
IMG_3026_png_jpg.rf.79395b3f6c54e89b0351c9c0cd2d3b9f.jpg,1,1,1,1,1,1,1,1,1,1,1,1
IMG_3932_png_jpg.rf.7974d337f65bc5dc647c7f2f6e894980.jpg,1,1,1,1,1,1,1,1,1,1,1,1
IMG_3608_png_jpg.rf.78e466ea2dd164b93e3dd35e10e77a51.jpg,1,1,1,1,1,1,1,1,1,1,1,1
IMG_3686_png_jpg.rf.7973c92a21dacaaff04e5389f40d3125.jpg,1,1,1,1,1,1,1,1,1,1,1,1
31_jpg.rf.78ae5ea40fd06fd0126a5fd8b4d9134f.jpg,1,1,1,1,1,1,1,1,1,1,1,1
IMG_3884_png_jpg.rf.7942acc8bebfe1cedaf992c54940ddeb.jpg,1,1,1,1,1,1,1,1,1,1,1,1
IMG_2984_png_jpg.rf.7941d9f1b057ee44949ca663ac9a9eb0.jpg,1,1,1,1,1,1,1,1,1,1,1,1
IMG_3595_png_jpg.rf.77edaed1d03ebdaa89aec7c541a85883.jpg,1,1,1,1,1,1,1,1,1,1,1,1
IMG_3772_png_jpg.rf.77c663d3092b02f9facd3fde56a2b16c.jpg,1,1,1,1,1,1,1,1,1,1,1,1
IMG_3920_png_jpg.rf.79cac3d46d76bb1f88928068f309feb1.jpg,1,1,1,1,1,1,1,1,1,1,1,1
IMG_3919_png_jpg.rf.79f37b69e865dc9410ea45cbcb88243e.jpg,1,1,1,1,1,1,1,1,1,1,1,1
IMG_3737_png_jpg.rf.79c65d763ba7acf0cecb0aa306f2867b.jpg,1,1,1,1,1,1,1,1,1,1,1,1
IMG_3634_png_jpg.rf.79c03abf001e0a3f14c52ff8c0c9af87.jpg,1,1,1,1,1,1,1,1,1,1,1,1
IMG_3701_png_jpg.rf.79e25ffcdbe841dbabeb0a0a899fadbd.jpg,1,1,1,1,1,1,1,1,1,1,1,1
30_jpg.rf.7a1661b56a2e525f219c9c464835d643.jpg,1,1,1,1,1,1,1,1,1,1,1,1
IMG_3593_png_jpg.rf.79dc9e1789a1f0c12b42071e69fefea4.jpg,1,1,1,1,1,1,1,1,1,1,1,1
27_jpg.rf.7a4e5cdbc200892d51d0253fdc04f32d.jpg,1,1,1,1,1,1,1,1,1,1,1,1
IMG_3753_png_jpg.rf.7b8ceae453b1f8bba30becb247439172.jpg,1,1,1,1,1,1,1,1,1,1,1,1
IMG_3620_png_jpg.rf.7b73ccab4656359cc3b8d09711c0c778.jpg,1,1,1,1,1,1,1,1,1,1,1,1
IMG_3757_png_jpg.rf.7a83eaa2a58874789afe2188a4967dee.jpg,1,1,1,1,1,1,1,1,1,1,1,1
IMG_3602_png_jpg.rf.7b3d3f84fc9c5cf16ac460f734b2481d.jpg,1,1,1,1,1,1,1,1,1,1,1,1
IMG_3687_png_jpg.rf.7c884f0283ee5b78c528516aa4acc195.jpg,1,1,1,1,1,1,1,1,1,1,1,1
IMG_3030_png_jpg.rf.7ab61c23b3ab5754fd2af7433b2a0386.jpg,1,1,1,1,1,1,1,1,1,1,1,1
IMG_3691_png_jpg.rf.7cc9fe82a6eea20aa83476c42ea3fb5f.jpg,1,1,1,1,1,1,1,1,1,1,1,1
IMG_3681_png_jpg.rf.7eafc2d48b71a96ced88f3c0351bacb9.jpg,1,1,1,1,1,1,1,1,1,1,1,1
IMG_3693_png_jpg.rf.7c9f20d63bae30787b5347667494da2f.jpg,1,1,1,1,1,1,1,1,1,1,1,1
IMG_3929_png_jpg.rf.7bf165976a13e62d5dc3c4b6b4fcb736.jpg,1,1,1,1,1,1,1,1,1,1,1,1
29_jpg.rf.7e16a49b998ea1550a3b68bf86a24fe0.jpg,1,1,1,1,1,1,1,1,1,1,1,1
IMG_3570_png_jpg.rf.7b7410c26089932f08211755aa66dbf2.jpg,1,1,1,1,1,1,1,1,1,1,1,1
25_jpg.rf.7a65592edc5f3a74af084437ab1d6662.jpg,1,1,1,1,1,1,1,1,1,1,1,1
IMG_3694_png_jpg.rf.7da96607bbc4d6e1af338e80799935db.jpg,1,1,1,1,1,1,1,1,1,1,1,1
33_jpg.rf.7a9fd0d86e273668ff8e1ddea5514bdf.jpg,1,1,1,1,1,1,1,1,1,1,1,1
IMG_3848_png_jpg.rf.7ec4d88a6993c86308ceff95799572e5.jpg,1,1,1,1,1,1,1,1,1,1,1,1
IMG_3932_png_jpg.rf.7cbad8bc08e425c742b2eab5e15f1f27.jpg,1,1,1,1,1,1,1,1,1,1,1,1
IMG_3029_png_jpg.rf.7b70acd24ee959b05412bbad057a228b.jpg,1,1,1,1,1,1,1,1,1,1,1,1
IMG_2991_png_jpg.rf.7e99343babfc462dcb0609746a088b75.jpg,1,1,1,1,1,1,1,1,1,1,1,1
IMG_3768_png_jpg.rf.7d1220fa5e72295f02df82a148faa09f.jpg,1,1,1,1,1,1,1,1,1,1,1,1
IMG_3012_png_jpg.rf.7f34cd4c07fb53176c7786694d296a08.jpg,1,1,1,1,1,1,1,1,1,1,1,1
IMG_3761_png_jpg.rf.7ee60a23b8e5186f796a4f16492b9710.jpg,1,1,1,1,1,1,1,1,1,1,1,1
IMG_3849_png_jpg.rf.7d1b2a57d991d5efd862718fde7c2522.jpg,1,1,1,1,1,1,1,1,1,1,1,1
IMG_3733_png_jpg.rf.7e0ee8a02585321c48df2c7f0fa76064.jpg,1,1,1,1,1,1,1,1,1,1,1,1
IMG_3660_png_jpg.rf.7f42ad1a50d0323c6d9d957486e11008.jpg,1,1,1,1,1,1,1,1,1,1,1,1
25_jpg.rf.7f5998cbe26363574d4ec4cdc96e034a.jpg,1,1,1,1,1,1,1,1,1,1,1,1
IMG_3769_png_jpg.rf.7f452fe9aa71e29751f287fac903f2a0.jpg,1,1,1,1,1,1,1,1,1,1,1,1
IMG_3811_png_jpg.rf.7eb769c90b7324503f8c763ea027df7a.jpg,1,1,1,1,1,1,1,1,1,1,1,1
IMG_3885_png_jpg.rf.7d6d3894fa0bc51b9a4f7b7ca3809b6b.jpg,1,1,1,1,1,1,1,1,1,1,1,1
IMG_2981_png_jpg.rf.7f93e168a372ec6ee518fb46ee36e56c.jpg,1,1,1,1,1,1,1,1,1,1,1,1
23_jpg.rf.7fce1b267db2cbeb7def0ca03f5626bd.jpg,1,1,1,1,1,1,1,1,1,1,1,1
IMG_3002_png_jpg.rf.8083314ae0547efd039c65c2ff482d79.jpg,1,1,1,1,1,1,1,1,1,1,1,1
IMG_3929_png_jpg.rf.7fc9455c102c3226bbe1270ff515271c.jpg,1,1,1,1,1,1,1,1,1,1,1,1
IMG_2991_png_jpg.rf.80aab8252b024111135d9b018304ff8e.jpg,1,1,1,1,1,1,1,1,1,1,1,1
IMG_3656_png_jpg.rf.81434ed68a8fabc379647849527b1c53.jpg,1,1,1,1,1,1,1,1,1,1,1,1
IMG_3803_png_jpg.rf.8113301461577bbd9e21ddb4c7119880.jpg,1,1,1,1,1,1,1,1,1,1,1,1
32_jpg.rf.7fba85b1944fc1dbb4c59a18d297a39c.jpg,1,1,1,1,1,1,1,1,1,1,1,1
IMG_3852_png_jpg.rf.7f9d873213dd5353f9e6a8d543d4a0cd.jpg,1,1,1,1,1,1,1,1,1,1,1,1
IMG_3871_png_jpg.rf.80ef2d9403047922a20e2f7acfc2a823.jpg,1,1,1,1,1,1,1,1,1,1,1,1
IMG_3599_png_jpg.rf.80c90b6ca96dfc6cb28fb96e1f80e52f.jpg,1,1,1,1,1,1,1,1,1,1,1,1
IMG_3029_png_jpg.rf.8135f22a5a350b146fcd68dcd65aacaf.jpg,1,1,1,1,1,1,1,1,1,1,1,1
IMG_3833_png_jpg.rf.819289522e915d46887d88276d1fdbaa.jpg,1,1,1,1,1,1,1,1,1,1,1,1
IMG_3635_png_jpg.rf.80948fabaec046abba419f2a92b35091.jpg,1,1,1,1,1,1,1,1,1,1,1,1
IMG_3595_png_jpg.rf.81d5f2af80a7bda1a17c140cf4fbc303.jpg,1,1,1,1,1,1,1,1,1,1,1,1
IMG_3758_png_jpg.rf.81d2a87fac828f5f415b1bd6165d8637.jpg,1,1,1,1,1,1,1,1,1,1,1,1
IMG_3909_png_jpg.rf.817ca56da777e39dce4251ac6d6b4170.jpg,1,1,1,1,1,1,1,1,1,1,1,1
29_jpg.rf.81a69b85be4a5f35170e448525a8bdf2.jpg,1,1,1,1,1,1,1,1,1,1,1,1
IMG_3699_png_jpg.rf.80f29eaf2f9bfea29c2b7ce7a19be2aa.jpg,1,1,1,1,1,1,1,1,1,1,1,1
33_jpg.rf.80881996e55c882aed9117fc73875a39.jpg,1,1,1,1,1,1,1,1,1,1,1,1
29_jpg.rf.81fae1785e6ea726a3fd6efb65c252ec.jpg,1,1,1,1,1,1,1,1,1,1,1,1
IMG_3572_png_jpg.rf.81c9c65e16128806b3e7ee18b1dd1b87.jpg,1,1,1,1,1,1,1,1,1,1,1,1
IMG_3022_png_jpg.rf.82162386b04fdde194f3cec7692f3de2.jpg,1,1,1,1,1,1,1,1,1,1,1,1
IMG_3653_png_jpg.rf.82469fd995a2dff5656a6650aedabd08.jpg,1,1,1,1,1,1,1,1,1,1,1,1
25_jpg.rf.819b7e5c53f8d5b8c870142e47b4eb28.jpg,1,1,1,1,1,1,1,1,0,1,1,1
IMG_3858_png_jpg.rf.826a8e2ced02936b68f33c781767d1e9.jpg,1,1,1,1,1,1,1,1,1,1,1,1
IMG_3650_png_jpg.rf.825ef28879b6561e48d1f7fc6515d282.jpg,1,1,1,1,1,1,1,1,1,1,1,1
IMG_3949_png_jpg.rf.823426840cc7d999e5db229425b59fe0.jpg,1,1,1,1,1,1,1,1,1,1,1,1
IMG_3018_png_jpg.rf.8084490c01d92f4829a8f44bd9e530c1.jpg,1,1,1,1,1,1,1,1,1,1,1,1
IMG_3608_png_jpg.rf.829c8f6304b10bbb6e664023f2e2b427.jpg,1,1,1,1,1,1,1,1,1,1,1,1
IMG_2978_png_jpg.rf.823c3efbf4e0352f8bff6ce7caf43799.jpg,1,1,1,1,1,1,1,1,1,1,1,1
IMG_3740_png_jpg.rf.82aa97ae00068cd43ab6ed34b4aafea9.jpg,1,1,1,1,1,1,1,1,1,1,1,1
IMG_3870_png_jpg.rf.82719662141d832cc550ea7f50818d36.jpg,1,1,1,1,1,1,1,1,1,1,1,1
IMG_3684_png_jpg.rf.8330b3e3d08d7e443725b119f98a9c14.jpg,1,1,1,1,1,1,1,1,0,1,1,1
IMG_3716_png_jpg.rf.82e1d014ea3a1809d7b5925dcac8da77.jpg,1,1,1,1,1,1,1,1,1,1,1,1
27_jpg.rf.827c8dcbf5c65e24d72c01a4229c09d4.jpg,1,1,1,1,1,1,1,1,1,1,1,1
IMG_3620_png_jpg.rf.8341650de33419c54ef9a8ddac41a64a.jpg,1,1,1,1,1,1,1,1,1,1,1,1
IMG_3730_png_jpg.rf.8369e44fb31de067afd56380c643b41d.jpg,1,1,1,1,1,1,1,1,1,1,1,1
IMG_3949_png_jpg.rf.83259461a61b7e26c6abd415528243a4.jpg,1,1,1,1,1,1,1,1,1,1,1,1
IMG_3606_png_jpg.rf.83c680d4c5124898e554dc6dc74c7975.jpg,1,1,1,1,1,1,1,1,1,1,1,1
IMG_3763_png_jpg.rf.836ac8c6b1464b081abfc9dfa47b1bef.jpg,1,1,1,1,1,1,1,1,1,1,1,1
IMG_3569_png_jpg.rf.849f8607755129d93c655258503a2a7e.jpg,1,1,1,1,1,1,1,1,1,1,1,1
IMG_3022_png_jpg.rf.835f37830cdde13b664e236eab577038.jpg,1,1,1,1,1,1,1,1,1,1,1,1
IMG_3024_png_jpg.rf.849f082f2015f36e53f1976014807524.jpg,1,1,1,1,1,1,1,1,1,1,1,1
IMG_3881_png_jpg.rf.82e1605cf8ed77e4f6957fe5318c38b4.jpg,1,1,1,1,1,1,1,1,1,1,1,1
29_jpg.rf.83593de38551f8463090a2e98447bbe9.jpg,1,1,1,1,1,1,1,1,1,1,1,1
14_jpg.rf.84f4bc65b7b3d807c727a95e42e7e2b2.jpg,1,1,1,1,1,1,1,1,1,1,1,1
25_jpg.rf.846537006c846df1df9f05e9d5ea2338.jpg,1,1,1,1,1,1,1,1,1,1,1,1
IMG_3642_png_jpg.rf.850dfd7bb95fd88e268f7b0ad9043f2d.jpg,1,1,1,1,1,1,1,1,1,1,1,1
IMG_3828_png_jpg.rf.8512c50093594135cb725b5e521df55f.jpg,1,1,1,1,1,1,1,1,1,1,1,1
IMG_3731_png_jpg.rf.8592911dfbb1999b3884750afdf64f7d.jpg,1,1,1,1,1,1,1,1,1,1,1,1
IMG_3769_png_jpg.rf.85bd9aa94d0b59f5338e10ab05138917.jpg,1,1,1,1,1,1,1,1,1,1,1,1
IMG_3742_png_jpg.rf.8417fcf681a460249508af41a6848dca.jpg,1,1,1,1,1,1,1,1,1,1,1,1
IMG_3708_png_jpg.rf.849533da7a94b5900d29aae80aac0102.jpg,1,1,1,1,1,1,1,1,1,1,1,1
23_jpg.rf.843d33b25a2f85409b64a81f15c9f802.jpg,1,1,1,1,1,1,1,1,1,1,1,1
IMG_3606_png_jpg.rf.848168603ac0d5d5c86977abf177c572.jpg,1,1,1,1,1,1,1,1,1,1,1,1
IMG_3566_png_jpg.rf.8531c859f1dd53dc509e857b6c630bdf.jpg,1,1,1,1,1,1,1,1,1,1,1,1
IMG_3958_png_jpg.rf.84d3438c1390a0c99e8b70827635e509.jpg,1,1,1,1,1,1,1,1,1,1,1,1
IMG_3574_png_jpg.rf.8582f2ab3e462db4fbca85ed4fc740c6.jpg,1,1,1,1,1,1,1,1,1,1,1,1
IMG_3559_png_jpg.rf.1cab87e7582bb8397be76b0a89854d29.jpg,1,1,1,1,1,1,1,1,1,1,1,1
IMG_3926_png_jpg.rf.1cb0510c6ea255a8ab8c0079b7e4a10b.jpg,1,1,1,1,1,1,1,1,1,1,1,1
IMG_3613_png_jpg.rf.1f85e7ed86acde10938a54cbddfb42c6.jpg,1,1,1,1,1,1,1,1,1,1,1,1
IMG_3710_png_jpg.rf.1f8e0797139299f84b3514a6238c050e.jpg,1,1,1,1,1,1,1,1,1,1,1,1
IMG_3617_png_jpg.rf.1ce1aff4fc95bc438dcc2307fe3ca6d6.jpg,1,1,1,1,1,1,1,1,1,1,1,1
IMG_3649_png_jpg.rf.1f9bb0aa424a6f654028b9a57c2fc672.jpg,1,1,1,1,1,1,1,1,1,1,1,1
IMG_3028_png_jpg.rf.1f9c36f261fd5fc59c5d1807f88e9a20.jpg,1,1,1,1,1,1,1,1,1,1,1,1
IMG_3650_png_jpg.rf.1d09ae04afdc3e19b8af960b292dfc72.jpg,1,1,1,1,1,1,1,1,1,1,1,1
IMG_3695_png_jpg.rf.1fcd8b34daba6c54915fc9974607bebc.jpg,1,1,1,1,1,1,1,1,1,1,1,1
IMG_3729_png_jpg.rf.1fc73f193540fe769cafa71b91dbd027.jpg,1,1,1,1,1,1,1,1,1,1,1,1
IMG_3564_png_jpg.rf.1fe1e92f8ef0723b07571006c32873f3.jpg,1,1,1,1,1,1,1,1,1,1,1,1
IMG_3691_png_jpg.rf.1cebb333a45ae867604099dc4674b307.jpg,1,1,1,1,1,1,1,1,1,1,1,1
IMG_3652_png_jpg.rf.1cf28573c79dc545587100629ec0af61.jpg,1,1,1,1,1,1,1,1,1,1,1,1
IMG_3958_png_jpg.rf.1ff79b305089d4f253c4195558534f0b.jpg,1,1,1,1,1,1,1,1,1,1,1,1
IMG_3768_png_jpg.rf.1d03beb62a54fca493b5ae59d1b27baa.jpg,1,1,1,1,1,1,1,1,1,1,1,1
IMG_3812_png_jpg.rf.1d0aec6b1cb673afcc1fc76a30c7307b.jpg,1,1,1,1,1,1,1,1,1,1,1,1
15_jpg.rf.200f539b22ba6cb50c8a858bc6fc785e.jpg,1,1,1,1,1,1,1,1,1,1,1,1
IMG_3723_png_jpg.rf.2018557c81805cf86c0fc95f2d4ca6c6.jpg,1,1,1,1,1,1,1,1,1,1,1,1
IMG_3775_png_jpg.rf.200699a8a94dc5f0c0f82d8ddb4cc12b.jpg,1,1,1,1,1,1,1,1,1,1,1,1
IMG_3889_png_jpg.rf.2064b861f4a5c9024232d0e3fc6f77ad.jpg,1,1,1,1,1,1,1,1,1,1,1,1
IMG_3013_png_jpg.rf.206a511a82c9be73768f35c4de747e50.jpg,1,1,1,1,1,1,1,1,1,1,1,1
IMG_3889_png_jpg.rf.207121152773df342d460b765daf0025.jpg,1,1,1,1,1,1,1,1,1,1,1,1
IMG_3656_png_jpg.rf.207bb1d951463caec05b475b82a972a1.jpg,1,1,1,1,1,1,1,1,1,1,1,1
IMG_3860_png_jpg.rf.20739110e35078bc2a952e8efb5720ca.jpg,1,1,1,1,1,1,1,1,1,1,1,1
IMG_3948_png_jpg.rf.20c7c9e2af8d5307c4ade41aed52d29c.jpg,1,1,1,1,1,1,1,1,1,1,1,1
IMG_3783_png_jpg.rf.2090773659738b7f3497590d8517d038.jpg,1,1,1,1,1,1,1,1,1,1,1,1
IMG_3002_png_jpg.rf.209538b1895e8891e4b89f64c0a79993.jpg,1,1,1,1,1,1,1,1,1,1,1,1
IMG_3889_png_jpg.rf.20b937cd78d0943c3b13ef7e406ee3fe.jpg,1,1,1,1,1,1,1,1,1,1,1,1
IMG_3842_png_jpg.rf.200e0e7a7819fba6f8f4eaaa14e29b08.jpg,1,1,1,1,1,1,1,1,1,1,1,1
IMG_3827_png_jpg.rf.1e1b1babd21fc7891d61d00871d3bc17.jpg,1,1,1,1,1,1,1,1,1,1,1,1
IMG_3756_png_jpg.rf.20d56f46f2a9b137f14416b188aae30c.jpg,1,1,1,1,1,1,1,1,1,1,1,1
IMG_3641_png_jpg.rf.20e4a44b22ba044d5b3c6cc9a5250501.jpg,1,1,1,1,1,1,1,1,1,1,1,1
IMG_3572_png_jpg.rf.1ec3fcf9b4bea64345ed16b4d63d479c.jpg,1,1,1,1,1,1,1,1,1,1,1,1
27_jpg.rf.1e285716cfd0e8c13cfb28d30cc9dcb9.jpg,1,1,1,1,1,1,1,1,1,1,1,1
IMG_2995_png_jpg.rf.20e977f147f811c84bb2d9be457876ed.jpg,1,1,1,1,1,1,1,1,1,1,1,1
IMG_3606_png_jpg.rf.21710a956221f98aaf33d228dbb4c4ce.jpg,1,1,1,1,1,1,1,1,1,1,1,1
IMG_3615_png_jpg.rf.210af890b18c6fa05506340308f2f04c.jpg,1,1,1,1,1,1,1,1,1,1,1,1
IMG_3808_png_jpg.rf.21eb3f17aa55ddeb4db44b6a44132202.jpg,1,1,1,1,1,1,1,1,1,1,1,1
IMG_3589_png_jpg.rf.21f7bf95391c2ce3203e3e3f98cdc61e.jpg,1,1,1,1,1,1,1,1,1,1,1,1
IMG_3813_png_jpg.rf.21711f189d113899e120c9bcc9cc392e.jpg,1,1,1,1,1,1,1,1,1,1,1,1
IMG_3027_png_jpg.rf.21784b267fbfd4a2480ba0193e857b3b.jpg,1,1,1,1,1,1,1,1,1,1,1,1
IMG_3752_png_jpg.rf.2212ddf980818e3584de9b882f4de1a0.jpg,1,1,1,1,1,1,1,1,1,1,1,1
27_jpg.rf.220081a687d31631092db4874a3417dc.jpg,1,1,1,1,1,1,1,1,1,1,1,1
IMG_3006_png_jpg.rf.2231fe5f175df62cae289da2fe07c8fc.jpg,1,1,1,1,1,1,1,1,1,1,1,1
IMG_3656_png_jpg.rf.22795d0f463deee875faa5b681f017da.jpg,1,1,1,1,1,1,1,1,1,1,1,1
IMG_3020_png_jpg.rf.22442ef041c4fc2e9398bf0a0ced062e.jpg,1,1,1,1,1,1,1,1,1,1,1,1
4_jpg.rf.2203f090ad3443418c7de3e69525da2c.jpg,1,1,1,1,1,1,1,1,1,1,1,1
23_jpg.rf.1e177d39a39e156c795441fc8e055b91.jpg,1,1,1,1,1,1,1,1,1,1,1,1
IMG_3013_png_jpg.rf.1e884d11d5e6dc51534698d593d62f4c.jpg,1,1,1,1,1,1,1,1,1,1,1,1
IMG_3932_png_jpg.rf.22049bb7185710a35ba2c186308e6a86.jpg,1,1,1,1,1,1,1,1,1,1,1,1
IMG_3558_png_jpg.rf.2279cb29374adb2896fce5c8130b6d7a.jpg,1,1,1,1,1,1,1,1,1,1,1,1
IMG_3856_png_jpg.rf.229a5b189a4e7265cd2154cbb19adb9c.jpg,1,1,1,1,1,1,1,1,1,1,1,1
IMG_3010_png_jpg.rf.22bc92b1ae405dd4b3e82c39a067019f.jpg,1,1,1,1,1,1,1,1,1,1,1,1
IMG_3590_png_jpg.rf.229e1c03d882ffabeeb85e4d62d8f373.jpg,1,1,1,1,1,1,1,1,1,1,1,1
28_jpg.rf.2313a8c5a933979fac596e956d21fe0e.jpg,1,1,1,1,1,1,1,1,1,1,1,1
IMG_3637_png_jpg.rf.22c9e05bb3c85e1a064a7fa0327228ca.jpg,1,1,1,1,1,1,1,1,1,1,1,1
IMG_3003_png_jpg.rf.22f1742f0dc5b002d0291c636520682c.jpg,1,1,1,1,1,1,1,1,1,1,1,1
IMG_3766_png_jpg.rf.1ef06ef2aeb6caf81393c60f60f1fb7a.jpg,1,1,1,1,1,1,1,1,1,1,1,1
IMG_3661_png_jpg.rf.237dedfe095eaf63b756537231b25ae3.jpg,1,1,1,1,1,1,1,1,1,1,1,1
IMG_3974_png_jpg.rf.2362fd2256859a7c4070d4eecb581a2a.jpg,1,1,1,1,1,1,1,1,1,1,1,1
IMG_3932_png_jpg.rf.23172b4e06235e4963030c4c3e801dd9.jpg,1,1,1,1,1,1,1,1,1,1,1,1
IMG_3783_png_jpg.rf.1f7c7b6d6f59abc37bff6b94dcbc3459.jpg,1,1,1,1,1,1,1,1,1,1,1,1
IMG_3786_png_jpg.rf.2332788a7baadc1c5d660cb54d4cccab.jpg,1,1,1,1,1,1,1,1,1,1,1,1
IMG_3672_png_jpg.rf.23a22b3638c56228a216ef53b08e3ad1.jpg,1,1,1,1,1,1,1,1,1,1,1,1
29_jpg.rf.239db1bba8b109db8cccbba81cd41524.jpg,1,1,1,1,1,1,1,1,1,1,1,1
IMG_3612_png_jpg.rf.239e58d54f60e7995c1c7c1d57a058a5.jpg,1,1,1,1,1,1,1,1,1,1,1,1
IMG_3581_png_jpg.rf.1e900e2b80a54d3c0637d797f7280b4c.jpg,1,1,1,1,1,1,1,1,1,1,1,1
IMG_3749_png_jpg.rf.240554940eb40b36280fcf04590a587a.jpg,1,1,1,1,1,1,1,1,1,1,1,1
IMG_3961_png_jpg.rf.23fa25d251c4cb6434cc36d10bf2708c.jpg,1,1,1,1,1,1,1,1,1,1,1,1
IMG_3601_png_jpg.rf.24b1ed08a1a0c82c5a94d5514fc758e9.jpg,1,1,1,1,1,1,1,1,1,1,1,1
IMG_3798_png_jpg.rf.1e5b45eaf9dac9d3006d79aeff606917.jpg,1,1,1,1,1,1,1,1,1,1,1,1
IMG_3919_png_jpg.rf.24b63a54bb111c4ee4db30ed08995234.jpg,1,1,1,1,1,1,1,1,1,1,1,1
IMG_3014_png_jpg.rf.2434638b9292d4058b3791aab50d2963.jpg,1,1,1,1,1,1,1,1,1,1,1,1
IMG_3727_png_jpg.rf.24cfe865789ac214dc6b086cfced739f.jpg,1,1,1,1,1,1,1,1,1,1,1,1
IMG_3734_png_jpg.rf.24746245ac22af87d0390660012a68dc.jpg,1,1,1,1,1,1,1,1,1,1,1,1
IMG_3640_png_jpg.rf.2449e434996b6eacc3f2574dec4f0f33.jpg,1,1,1,1,1,1,1,1,1,1,1,1
IMG_3719_png_jpg.rf.23b0c79338b3a4c069c03078fda7bad3.jpg,1,1,1,1,1,1,1,1,1,1,1,1
IMG_3750_png_jpg.rf.247fc175887f11de897cfd2fa107530b.jpg,1,1,1,1,1,1,1,1,1,1,1,1
IMG_3806_png_jpg.rf.1d352687ce526f679d4f83840ab099e5.jpg,1,1,1,1,1,1,1,1,1,1,1,1
IMG_3654_png_jpg.rf.24b00025cdc68d5abc84b10259624d22.jpg,1,1,1,1,1,1,1,1,1,1,1,1
33_jpg.rf.24e8a1fac5dfd3f9dfbd334b391d29e4.jpg,1,1,1,1,1,1,1,1,1,1,1,1
IMG_3651_png_jpg.rf.251d26014f3a8a37494bd515f7527ede.jpg,1,1,1,1,1,1,1,1,1,1,1,1
IMG_3825_png_jpg.rf.1f70062b5bfe4d078280bd94552744b5.jpg,1,1,1,1,1,1,1,1,1,1,1,1
IMG_3959_png_jpg.rf.1e0808b2685b62c9a458a20eed337f00.jpg,1,1,1,1,1,1,1,1,1,1,1,1
IMG_3020_png_jpg.rf.2578a2930e1a6c1b729024c3f1d55f9a.jpg,1,1,1,1,1,1,1,1,1,1,1,1
IMG_2996_png_jpg.rf.256eab9c3fea3f9509e665812d1a9da3.jpg,1,1,1,1,1,1,1,1,1,1,1,1
IMG_3583_png_jpg.rf.1d42de5e33929b3311170131232ed45e.jpg,1,1,1,1,1,1,1,1,1,1,1,1
IMG_3703_png_jpg.rf.26a87f54ec2db1bead9b4e59a3a24a3a.jpg,1,1,1,1,1,1,1,1,1,1,1,1
IMG_3636_png_jpg.rf.260cbc1bb111c43890bc0facfcccab96.jpg,1,1,1,1,1,1,1,1,1,1,1,1
IMG_3027_png_jpg.rf.1d75297c5331e155d587c367e0bd8226.jpg,1,1,1,1,1,1,1,1,1,1,1,1
IMG_3830_png_jpg.rf.25550511fe378ffefad5b30ec9fedcee.jpg,1,1,1,1,1,1,1,1,1,1,1,1
IMG_3569_png_jpg.rf.2677f7a08478e90e7d77f8b82a93f016.jpg,1,1,1,1,1,1,1,1,1,1,1,1
IMG_3735_png_jpg.rf.269759bc1b03bd445081e047ba1fdbf3.jpg,1,1,1,1,1,1,1,1,1,1,1,1
IMG_3652_png_jpg.rf.2520eb7f5665828fa14e9a6284be684a.jpg,1,1,1,1,1,1,1,1,1,1,1,1
IMG_3015_png_jpg.rf.25b1e0d378f9b26e531ca1dd75eb85e2.jpg,1,1,1,1,1,1,1,1,1,1,1,1
IMG_3823_png_jpg.rf.26c8f1eccad3a0c0370d44805b38eab6.jpg,1,1,1,1,1,1,1,1,1,1,1,1
28_jpg.rf.25cbf15bedd94aa2303072350f14ca14.jpg,1,1,1,1,1,1,1,1,1,1,1,1
IMG_3561_png_jpg.rf.26824aee76ab248335d996eb0be7319f.jpg,1,1,1,1,1,1,1,1,1,1,1,1
IMG_3938_png_jpg.rf.26046b3e32c551b5f49310866b60162c.jpg,1,1,1,1,1,1,1,1,1,1,1,1
IMG_3605_png_jpg.rf.2659e506f83051e07cdf690e29c29250.jpg,1,1,1,1,1,1,1,1,1,1,1,1
IMG_3781_png_jpg.rf.26d9a135defa8927b88ae1b612947f2a.jpg,1,1,1,1,1,1,1,1,1,1,1,1
5_jpg.rf.26d3316da07468c9e19f8a32118eb36a.jpg,1,1,1,1,1,1,1,1,1,1,1,1
IMG_3586_png_jpg.rf.1e215cee5c9bd1f6f488f013528f7bf9.jpg,1,1,1,1,1,1,1,1,1,1,1,1
IMG_3782_png_jpg.rf.26653a0b14c152332bff04a60b6517b4.jpg,1,1,1,1,1,1,1,1,1,1,1,1
IMG_3870_png_jpg.rf.1d247c78f54608ebfad5e7a111dcc19c.jpg,1,1,1,1,1,1,1,1,1,1,1,1
IMG_3702_png_jpg.rf.26d0e05d1ba90d44a6f83a28f2ba166f.jpg,1,1,1,1,1,1,1,1,1,1,1,1
IMG_3901_png_jpg.rf.26d364bd206289aaea7d874c86d7b43e.jpg,1,1,1,1,1,1,1,1,1,1,1,1
33_jpg.rf.26d02cb4d35789546bd0bc8952872c59.jpg,1,1,1,1,1,1,1,1,1,1,1,1
9_jpg.rf.1e84d453d096a942b2a4bfe5ae126145.jpg,1,1,1,1,1,1,1,1,1,1,1,1
IMG_3806_png_jpg.rf.27014d4e909e081fe3e763c06a9172d3.jpg,1,1,1,1,1,1,1,1,1,1,1,1
IMG_3637_png_jpg.rf.26f86c0248296a1c9bd8ba723f529600.jpg,1,1,1,1,1,1,1,1,1,1,1,1
IMG_2987_png_jpg.rf.27ef623e571565b57802eeb1efc659bd.jpg,1,1,1,1,1,1,1,1,1,1,1,1
IMG_3698_png_jpg.rf.27812c8bfe33ee8960a110eec4a7413a.jpg,1,1,1,1,1,1,1,1,1,1,1,1
IMG_3022_png_jpg.rf.279bfe107de31d1ddfcdb79c6d4bec0c.jpg,1,1,1,1,1,1,1,1,1,1,1,1
IMG_3916_png_jpg.rf.27dd3806e74dc1d8b7c2809580af9dbf.jpg,1,1,1,1,1,1,1,1,1,1,1,1
IMG_3788_png_jpg.rf.2786f43402b5162fc30c30d0dc71d33a.jpg,1,1,1,1,1,1,1,1,1,1,1,1
IMG_3929_png_jpg.rf.27afd7543044c8f8547ee6be9c7463bb.jpg,1,1,1,1,1,1,1,1,1,1,1,1
IMG_3831_png_jpg.rf.287df71e5eb235fd8fedb5ee7550b879.jpg,1,1,1,1,1,1,1,1,1,1,1,1
IMG_3797_png_jpg.rf.2765bca4a65898ff7364b5332239219f.jpg,1,1,1,1,1,1,1,1,1,1,1,1
IMG_3672_png_jpg.rf.2893c94778d45de8cd3f3b6cc719c747.jpg,1,1,1,1,1,1,1,1,1,1,1,1
IMG_3571_png_jpg.rf.2757a53fef3342fcf530db4d90b6342c.jpg,1,1,1,1,1,1,1,1,1,1,1,1
IMG_3830_png_jpg.rf.27e490feb39899a54886f18a9c7d625c.jpg,1,1,1,1,1,1,1,1,1,1,1,1
IMG_3730_png_jpg.rf.283203cc75eab595b230558a1e4888a7.jpg,1,1,1,1,1,1,1,1,1,1,1,1
16_png_jpg.rf.28b0c3138197fb5c6a48df2ed9cdb729.jpg,1,1,1,1,1,1,1,1,1,1,1,1
IMG_3569_png_jpg.rf.284ab76f932aeb4a0fb38bd2fc379ccc.jpg,1,1,1,1,1,1,1,1,1,1,1,1
IMG_3947_png_jpg.rf.28db33eb4c17d11644c8309d0986bca5.jpg,1,1,1,1,1,1,1,1,1,1,1,1
IMG_3970_png_jpg.rf.2975b1a8db9c959000db5a4ac27671bf.jpg,1,1,1,1,1,1,1,1,1,1,1,1
IMG_3788_png_jpg.rf.28b1c4dedad1ab84c33d1f635f1dfeb9.jpg,1,1,1,1,1,1,1,1,1,1,1,1
IMG_3732_png_jpg.rf.27a8a1d16fa8016c65cd7d3fbc9aa849.jpg,1,1,1,1,1,1,1,1,1,1,1,1
IMG_3621_png_jpg.rf.28b42cee15e2d2d50ff7784d96215b9a.jpg,1,1,1,1,1,1,1,1,1,1,1,1
IMG_3893_png_jpg.rf.2998a62445af4843be0c02a51674f1a5.jpg,1,1,1,1,1,1,1,1,1,1,1,1
IMG_3717_png_jpg.rf.298f85beff7d40ad343799408b5b1657.jpg,1,1,1,1,1,1,1,1,1,1,1,1
IMG_3568_png_jpg.rf.281da1588796069aa40af1e899b2da2e.jpg,1,1,1,1,1,1,1,1,1,1,1,1
IMG_3018_png_jpg.rf.294803d1e85589dc276a88e3c3c7df8d.jpg,1,1,1,1,1,1,1,1,1,1,1,1
IMG_3011_png_jpg.rf.295ea411531a7b911e306f210d0b0cf2.jpg,1,1,1,1,1,1,1,1,1,1,1,1
33_jpg.rf.29aad7c0acc910e60f8a4d54d37824e3.jpg,1,1,1,1,1,1,1,1,1,1,1,1
IMG_3030_png_jpg.rf.29e52bcbb3b1338d741e8c67478f2ab1.jpg,1,1,1,1,1,1,1,1,1,1,1,1
IMG_2983_png_jpg.rf.29bf27126b753dc4490443ed726f77ea.jpg,1,1,1,1,1,1,1,1,1,1,1,1
IMG_3653_png_jpg.rf.2a7138773eacf0ed270386a2c2faccb4.jpg,1,1,1,1,1,1,1,1,1,1,1,1
IMG_2978_png_jpg.rf.29d946b4bec986ff0981808f0a7bbdca.jpg,1,1,1,1,1,1,1,1,1,1,1,1
IMG_3785_png_jpg.rf.2a69fcbba4c2a96f94c86858d115a679.jpg,1,1,1,1,1,1,1,1,1,1,1,1
IMG_3729_png_jpg.rf.2ac91f15c667f3131e404bfc86f0e7ce.jpg,1,1,1,1,1,1,1,1,1,1,1,1
IMG_3726_png_jpg.rf.2a5877a715c5ced73eac566cbd08868d.jpg,1,1,1,1,1,1,1,1,1,1,1,1
5_jpg.rf.2a1f0452e38a79b0ed5b6be4bc4f4541.jpg,1,1,1,1,1,1,1,1,1,1,1,1
IMG_3938_png_jpg.rf.2ac315718909e7c98cf9ee0b00eb77e4.jpg,1,1,1,1,1,1,1,1,1,1,1,1
IMG_3950_png_jpg.rf.29b12894414fe10a4082d38a2d5559cf.jpg,1,1,1,1,1,1,1,1,1,1,1,1
IMG_3973_png_jpg.rf.2a88a2b561599f5776eb5a67ebcdaa2a.jpg,1,1,1,1,1,1,1,1,1,1,1,1
IMG_3622_png_jpg.rf.2b74d580aedd662a453951caed490f66.jpg,1,1,1,1,1,1,1,1,1,1,1,1
29_jpg.rf.2aed8c9b03deda71028597d830f351cf.jpg,1,1,1,1,1,1,1,1,1,1,1,1
IMG_3026_png_jpg.rf.2afc899130d928e3d609f4d024fac8ec.jpg,1,1,1,1,1,1,1,1,1,1,1,1
IMG_3621_png_jpg.rf.2b0e22b6c9e2f048f611c414640ed169.jpg,1,1,1,1,1,1,1,1,1,1,1,1
IMG_3789_png_jpg.rf.2b3c33c2b7f82301bedccf22407c2010.jpg,1,1,1,1,1,1,1,1,1,1,1,1
30_jpg.rf.2aecc27226b8d9aa40739a832f9fe39f.jpg,1,1,1,1,1,1,1,1,1,1,1,1
IMG_3972_png_jpg.rf.2b962cd66ae916f46b3a16dae30bd5f4.jpg,1,1,1,1,1,1,1,1,1,1,1,1
10_jpg.rf.2b4f889a584ccf47d41acc9ffec0501c.jpg,1,1,1,1,1,1,1,1,1,1,1,1
IMG_3724_png_jpg.rf.2b4165b1ad91a1f3942b31899398ab18.jpg,1,1,1,1,1,1,1,1,1,1,1,1
29_jpg.rf.2bf93900c29655c218805ae6c1b03900.jpg,1,1,1,1,1,1,1,1,1,1,1,1
IMG_2983_png_jpg.rf.2bcb7a29465be5a4361b067f73611a17.jpg,1,1,1,1,1,1,1,1,1,1,1,1
IMG_3007_png_jpg.rf.2c55eb44a4b55eeb2f10265199d44dec.jpg,1,1,1,1,1,1,1,1,1,1,1,1
IMG_3586_png_jpg.rf.2c5cb35bddf541e33f1b6a1b5771b716.jpg,1,1,1,1,1,1,1,1,1,1,1,1
IMG_3618_png_jpg.rf.2c1d0d5058aae18f1e5d936122912b85.jpg,1,1,1,1,1,1,1,1,1,1,1,1
IMG_3599_png_jpg.rf.2c0c0396499e2d9d99ad90eb3a89e99b.jpg,1,1,1,1,1,1,1,1,1,1,1,1
IMG_2995_png_jpg.rf.2d2f39ed71682dcff6c404f049195fb5.jpg,1,1,1,1,1,1,1,1,1,1,1,1
21_jpg.rf.2bb2056482817d10efb0993e73db96bd.jpg,1,1,1,1,1,1,1,1,1,1,1,1
IMG_3798_png_jpg.rf.2ce9539999acad8add03af98f9cb7bc3.jpg,1,1,1,1,1,1,1,1,1,1,1,1
IMG_3680_png_jpg.rf.2ccd895c55ea2c03f8d17f709d4e7990.jpg,1,1,1,1,1,1,1,1,1,1,1,1
IMG_3926_png_jpg.rf.2d58e3acfd1a4890ff9327636207bc2f.jpg,1,1,1,1,1,1,1,1,1,1,1,1
IMG_3684_png_jpg.rf.2d672b27e0e750de3c6b86b5e74d6cd2.jpg,1,1,1,1,1,1,1,1,0,1,1,1
28_jpg.rf.2d7c91bc63255225723e1efa8f07c7e2.jpg,1,1,1,1,1,1,1,1,1,1,1,1
IMG_3631_png_jpg.rf.2dda3d527fdc78e802413abcd957cd67.jpg,1,1,1,1,1,1,1,1,1,1,1,1
IMG_3734_png_jpg.rf.2e7181253bc9fced627025cc94c0c876.jpg,1,1,1,1,1,1,1,1,1,1,1,1
IMG_3721_png_jpg.rf.2e4daac6b47a94617eefcbfc2466458d.jpg,1,1,1,1,1,1,1,1,1,1,1,1
IMG_3780_png_jpg.rf.2f84df00d0ac6e720b3785e3fd85cadb.jpg,1,1,1,1,1,1,1,1,1,1,1,1
IMG_3622_png_jpg.rf.2e2f3bdebff45d7a966c25ce90e5b256.jpg,1,1,1,1,1,1,1,1,1,1,1,1
IMG_3785_png_jpg.rf.2eb97a4939f6a494b277558b2f258541.jpg,1,1,1,1,1,1,1,1,1,1,1,1
IMG_3907_png_jpg.rf.2d62bd7c58ec7183c2eae68b30a4424f.jpg,1,1,1,1,1,1,1,1,1,1,1,1
IMG_3919_png_jpg.rf.2ef12a8f0255042ae98dd0bb3b1e12e4.jpg,1,1,1,1,1,1,1,1,1,1,1,1
28_jpg.rf.2f6ac3301cd21f73747020668d78f1e9.jpg,1,1,1,1,1,1,1,1,1,1,1,1
IMG_2987_png_jpg.rf.2f5597aef9165692de52920f0517598d.jpg,1,1,1,1,1,1,1,1,1,1,1,1
IMG_3010_png_jpg.rf.2fcf690490bfe7698b5ec597922cbb60.jpg,1,1,1,1,1,1,1,1,1,1,1,1
IMG_3825_png_jpg.rf.301f1ef23defa3a7f7c346dc1b8afad7.jpg,1,1,1,1,1,1,1,1,1,1,1,1
9_jpg.rf.2fcf39c70d76196e1c3d09380eb502d9.jpg,1,1,1,1,1,1,1,1,1,1,1,1
IMG_3641_png_jpg.rf.2e38198098746902724c88168f5d6748.jpg,1,1,1,1,1,1,1,1,1,1,1,1
IMG_3952_png_jpg.rf.2f92023232d1961047121332447eb812.jpg,1,1,1,1,1,1,1,1,1,1,1,1
IMG_3882_png_jpg.rf.2f95eef2881d1016e90b2123664907f5.jpg,1,1,1,1,1,1,1,1,1,1,1,1
IMG_3003_png_jpg.rf.2ff2f09c3f4ffa02728e7e32b01acc6c.jpg,1,1,1,1,1,1,1,1,1,1,1,1
IMG_3758_png_jpg.rf.300741e28b2c7ff050b84bcf98a28c59.jpg,1,1,1,1,1,1,1,1,1,1,1,1
IMG_3957_png_jpg.rf.30e2e097ae9afeac5d26fb15f43b46ee.jpg,1,1,1,1,1,1,1,1,1,1,1,1
33_jpg.rf.2fffc3a1f9ef098ce2d0eacfb399cb3a.jpg,1,1,1,1,1,1,1,1,1,1,1,1
IMG_3662_png_jpg.rf.31056a1f1e3faae9fce4daf30d18a08a.jpg,1,1,1,1,1,1,1,1,1,1,1,1
IMG_3813_png_jpg.rf.30e1df0a94bc3438c7bcc9117983f14f.jpg,1,1,1,1,1,1,1,1,1,1,1,1
IMG_3885_png_jpg.rf.311e762a78a53b11c3f78616512ca3b4.jpg,1,1,1,1,1,1,1,1,1,1,1,1
IMG_3636_png_jpg.rf.2fb7620fc23bfc439675a6c58ae804e8.jpg,1,1,1,1,1,1,1,1,1,1,1,1
IMG_3771_png_jpg.rf.30f89a4d0947e2c122d2811443a63bf0.jpg,1,1,1,1,1,1,1,1,1,1,1,1
14_jpg.rf.300153c103f563b06267939ce633637d.jpg,1,1,1,1,1,1,1,1,1,1,1,1
30_jpg.rf.30ea30965c1cb422a6db700c3f106dce.jpg,1,1,1,1,1,1,1,1,1,1,1,1
IMG_3942_png_jpg.rf.306ee450f824eb12f94b69ca8c64eaa2.jpg,1,1,1,1,1,1,1,1,1,1,1,1
IMG_3608_png_jpg.rf.315ebc1f4a98536d56e9028d6b5d561b.jpg,1,1,1,1,1,1,1,1,1,1,1,1
IMG_3859_png_jpg.rf.31e01249d8157ffd9b8598269938921d.jpg,1,1,1,1,1,1,1,1,1,1,1,1
IMG_3654_png_jpg.rf.2ff31244c63caebfaea1c9f2cc94dbe8.jpg,1,1,1,1,1,1,1,1,1,1,1,1
IMG_3763_png_jpg.rf.322f2def8652254c7ddcd95695379d32.jpg,1,1,1,1,1,1,1,1,1,1,1,1
28_jpg.rf.32ecd5a6a027829e53e5a60e36b2d2ee.jpg,1,1,1,1,1,1,1,1,1,1,1,1
23_jpg.rf.311d87209f5f12bd30006ffcf44ecb89.jpg,1,1,1,1,1,1,1,1,1,1,1,1
32_jpg.rf.326b3801d2cd0cdde2b11d18e7a9ee9b.jpg,1,1,1,1,1,1,1,1,1,1,1,1
IMG_3902_png_jpg.rf.33f2b4c47816b702f7cea7c75d714e96.jpg,1,1,1,1,1,1,1,1,1,1,1,1
IMG_3727_png_jpg.rf.32883c9355dba6c0a4b79b4d4abceba4.jpg,1,1,1,1,1,1,1,1,1,1,1,1
IMG_3957_png_jpg.rf.3421d0bfb628866a0645c6852c38c9f8.jpg,1,1,1,1,1,1,1,1,1,1,1,1
IMG_2978_png_jpg.rf.337b86387f1dd56fc02040c3bceefca2.jpg,1,1,1,1,1,1,1,1,1,1,1,1
IMG_3634_png_jpg.rf.32a48cd20b70bf85d91ddd7e7e564c06.jpg,1,1,1,1,1,1,1,1,1,1,1,1
IMG_3646_png_jpg.rf.32c0186f49d310414455f965cc3e6e68.jpg,1,1,1,1,1,1,1,1,1,1,1,1
IMG_3586_png_jpg.rf.32f075a3fdf602463c5e70ebb5f2f2eb.jpg,1,1,1,1,1,1,1,1,1,1,1,1
IMG_3020_png_jpg.rf.3401b3ae5bf30ca65dc10b398b4e52b0.jpg,1,1,1,1,1,1,1,1,1,1,1,1
21_jpg.rf.334c2fbf55b1a5dfee2bad97dfd85b0c.jpg,1,1,1,1,1,1,1,1,1,1,1,1
IMG_3845_png_jpg.rf.32f7983057231977c1b5b3511c76e0d4.jpg,1,1,1,1,1,1,1,1,1,1,1,1
IMG_2986_png_jpg.rf.346fd8c94b21b68070888e1e5563373f.jpg,1,1,1,1,1,1,1,1,1,1,1,1
21_jpg.rf.3422e1f17949f02bcd4cbe78e527bff5.jpg,1,1,1,1,1,1,1,1,1,1,1,1
28_jpg.rf.332aea1f012bd998864ed5111473aeba.jpg,1,1,1,1,1,1,1,1,1,1,1,1
IMG_3813_png_jpg.rf.327322aebf4b7034188d94b10e4cc914.jpg,1,1,1,1,1,1,1,1,1,1,1,1
IMG_3631_png_jpg.rf.335dccebce32ccfbb3d80aad4f2a58f6.jpg,1,1,1,1,1,1,1,1,1,1,1,1
IMG_3607_png_jpg.rf.343717c151eea69a0d4c05403892ae8b.jpg,1,1,1,1,1,1,1,1,1,1,1,1
IMG_3747_png_jpg.rf.32b479a0cbec5dcd5c0be6cc31223199.jpg,1,1,1,1,1,1,1,1,1,1,1,1
IMG_3833_png_jpg.rf.348ec9da1daabeba39ddb5fa5619ecd9.jpg,1,1,1,1,1,1,1,1,1,1,1,1
IMG_3874_png_jpg.rf.338f04f41d5f745b95cf66cfb72af324.jpg,1,1,1,1,1,1,1,1,1,1,1,1
IMG_3684_png_jpg.rf.34b48efeae2bc0c6e6a9fdea1ecb5be6.jpg,1,1,1,1,1,1,1,1,0,1,1,1
IMG_3642_png_jpg.rf.3496b0c8d6a75faaaa77d309e73d4f77.jpg,1,1,1,1,1,1,1,1,1,1,1,1
IMG_3803_png_jpg.rf.34b638bcd425a6ca5fdafb32d0809a1b.jpg,1,1,1,1,1,1,1,1,1,1,1,1
IMG_3840_png_jpg.rf.333cdd424f4e282221a0c215fbcd9d9f.jpg,1,1,1,1,1,1,1,1,1,1,1,1
IMG_3800_png_jpg.rf.34c7871a9a4e071258e77603305b8cf4.jpg,1,1,1,1,1,1,1,1,1,1,1,1
IMG_3827_png_jpg.rf.3598eb3683e5201b202c255a447aa071.jpg,1,1,1,1,1,1,1,1,1,1,1,1
IMG_3889_png_jpg.rf.35af398c819b8662e85b39f3269c3df8.jpg,1,1,1,1,1,1,1,1,1,1,1,1
30_jpg.rf.3535d5bc366be9427f47d4868a0975d9.jpg,1,1,1,1,1,1,1,1,1,1,1,1
IMG_3894_png_jpg.rf.34e2ba62e9a12af7055702064f7fc830.jpg,1,1,1,1,1,1,1,1,1,1,1,1
IMG_3737_png_jpg.rf.3602d689f4fe555597126b374e504282.jpg,1,1,1,1,1,1,1,1,1,1,1,1
IMG_3779_png_jpg.rf.36288288d0a6090a99ff0701f79b0221.jpg,1,1,1,1,1,1,1,1,1,1,1,1
IMG_3844_png_jpg.rf.352fada0bc97869c388c7f06bbef9c1c.jpg,1,1,1,1,1,1,1,1,1,1,1,1
IMG_3017_png_jpg.rf.34cd2938d961f0c335ea8256c05cfdfd.jpg,1,1,1,1,1,1,1,1,1,1,1,1
IMG_3934_png_jpg.rf.36547b0509bd66313864426acf376caf.jpg,1,1,1,1,1,1,1,1,1,1,1,1
IMG_3716_png_jpg.rf.35376bb2df2108607c5a184538a92d3b.jpg,1,1,1,1,1,1,1,1,1,1,1,1
IMG_3958_png_jpg.rf.36c8e2a6ae0bb2490342de6681c9eda2.jpg,1,1,1,1,1,1,1,1,1,1,1,1
IMG_3641_png_jpg.rf.3637e6137d0f55197f18f58829c1e7f5.jpg,1,1,1,1,1,1,1,1,1,1,1,1
IMG_3898_png_jpg.rf.373e06f122024a63e252549d94d7d8f4.jpg,1,1,1,1,1,1,1,1,1,1,1,1
IMG_3571_png_jpg.rf.367a82f416effb66619644642b64f6aa.jpg,1,1,1,1,1,1,1,1,1,1,1,1
IMG_3574_png_jpg.rf.37096619e08c160a1b97f0518480c2fe.jpg,1,1,1,1,1,1,1,1,1,1,1,1
IMG_3668_png_jpg.rf.326898bd0ade6e0aee7abdede499ce4b.jpg,1,1,1,1,1,1,1,1,1,1,1,1
IMG_3561_png_jpg.rf.36d7e3b0bb39f2b462513224f784c483.jpg,1,1,1,1,1,1,1,1,1,1,1,1
IMG_3898_png_jpg.rf.3772b01024f9dcdd6f1f85d4b042bbaa.jpg,1,1,1,1,1,1,1,1,1,1,1,1
IMG_3586_png_jpg.rf.35f5474242564a048d15b62ffe050b7a.jpg,1,1,1,1,1,1,1,1,1,1,1,1
IMG_3779_png_jpg.rf.3728a10c866fb38b3a966abb0076afdb.jpg,1,1,1,1,1,1,1,1,1,1,1,1
IMG_3878_png_jpg.rf.37862a763dd07acf92bc891d591a6a94.jpg,1,1,1,1,1,1,1,1,1,1,1,1
IMG_3893_png_jpg.rf.35d03f84a6c05762bdd5408296eff8d6.jpg,1,1,1,1,1,1,1,1,1,1,1,1
IMG_3786_png_jpg.rf.3672e5346d320b47e2d6788d8d7bee35.jpg,1,1,1,1,1,1,1,1,1,1,1,1
IMG_3948_png_jpg.rf.373833b4e29db6e94073c9f37ab6f0e7.jpg,1,1,1,1,1,1,1,1,1,1,1,1
IMG_3922_png_jpg.rf.37dab2a7334f8dd14197e7b76a120d70.jpg,1,1,1,1,1,0,1,1,1,1,1,1
IMG_3636_png_jpg.rf.37c77ce189136b6b2fe458967972ef5e.jpg,1,1,1,1,1,1,1,1,1,1,1,1
IMG_3662_png_jpg.rf.376ac9835d06427e30ae1e1373fda28a.jpg,1,1,1,1,1,1,1,1,1,1,1,1
IMG_3617_png_jpg.rf.37fb5b7af10dd7f69d8419fdd2bacb62.jpg,1,1,1,1,1,1,1,1,1,1,1,1
IMG_3796_png_jpg.rf.38a834fcf9cbf7edb53a7aae0fc8254d.jpg,1,1,1,1,1,1,1,1,1,1,1,1
IMG_3012_png_jpg.rf.38c0e8c86aad334a59879b39e47d0c67.jpg,1,1,1,1,1,1,1,1,1,1,1,1
33_jpg.rf.38d4d1c64d702c23e0e08455ec935127.jpg,1,1,1,1,1,1,1,1,1,1,1,1
IMG_3840_png_jpg.rf.3a702b60c28f9392a36434cccb8a45e7.jpg,1,1,1,1,1,1,1,1,1,1,1,1
IMG_3568_png_jpg.rf.3854c6ed4a5831e80bfae60652598d50.jpg,1,1,1,1,1,1,1,1,1,1,1,1
IMG_3609_png_jpg.rf.380b720334db882cf01de4e31d1a9642.jpg,1,1,1,1,1,1,1,1,1,1,1,1
IMG_3878_png_jpg.rf.385ed7a400bcce99890e84d100da69a0.jpg,1,1,1,1,1,1,1,1,1,1,1,1
IMG_3600_png_jpg.rf.381f5346e7d38544a3aaf1570aa39f39.jpg,1,1,1,1,1,1,1,1,1,1,1,1
IMG_3563_png_jpg.rf.39233655800f1cebe21dd767486b68ab.jpg,1,1,1,1,1,1,1,1,1,1,1,1
IMG_3747_png_jpg.rf.3a907ad300ab431dbf4d696d80cd5936.jpg,1,1,1,1,1,1,1,1,1,1,1,1
IMG_3664_png_jpg.rf.39e59c754a71c2dc945222aa77a94163.jpg,1,1,1,1,1,1,1,1,1,1,1,1
IMG_3010_png_jpg.rf.39a42e9ae919a7cf9259a69543dddf63.jpg,1,1,1,1,1,1,1,1,1,1,1,1
29_jpg.rf.39a429a3ddc23085647ff065c800bec6.jpg,1,1,1,1,1,1,1,1,1,1,1,1
IMG_3919_png_jpg.rf.3937d7d601ea2d15bec3db1a970a94c2.jpg,1,1,1,1,1,1,1,1,1,1,1,1
IMG_3943_png_jpg.rf.3a92ffef8778cabe7b1a16997fd4a764.jpg,1,1,1,1,1,1,1,1,1,1,1,1
IMG_3811_png_jpg.rf.390dd1dd54f9e1ac2feb23f79db134b8.jpg,1,1,1,1,1,1,1,1,1,1,1,1
5_jpg.rf.393aa43b5d5e6d2998921809372b6a33.jpg,1,1,1,1,1,1,1,1,1,1,1,1
IMG_3769_png_jpg.rf.3ae1fb1cb4a6e13feae0dfc3dd46084e.jpg,1,1,1,1,1,1,1,1,1,1,1,1
16_png_jpg.rf.3a3893bfa0616d4109ab64cc5c199081.jpg,1,1,1,1,1,1,1,1,1,1,1,1
IMG_3638_png_jpg.rf.3a9d6854215e67e72951528df80e719a.jpg,1,1,1,1,1,1,1,1,1,1,1,1
IMG_3779_png_jpg.rf.385cff3a66b57962858c2bd8c8366c64.jpg,1,1,1,1,1,1,1,1,1,1,1,1
IMG_3850_png_jpg.rf.3974b9142455ed31b53b4493a312f5c8.jpg,1,1,1,1,1,1,1,1,1,1,1,1
IMG_3821_png_jpg.rf.394ed7fbe1955c003eb78929c2c3bbdd.jpg,1,1,1,1,1,1,1,1,1,1,1,1
IMG_3858_png_jpg.rf.39c4d7f4eeac7afac33b075299bdb816.jpg,1,1,1,1,1,1,1,1,1,1,1,1
IMG_3559_png_jpg.rf.3a8608e380e12d9051cdef861cecfce1.jpg,1,1,1,1,1,1,1,1,1,1,1,1
IMG_3615_png_jpg.rf.3920d4dd0af2a6599c8c0ed617bbf22b.jpg,1,1,1,1,1,1,1,1,1,1,1,1
IMG_3759_png_jpg.rf.3b289d2551dabf370a1254e24634a6ef.jpg,1,1,1,1,1,1,1,1,1,1,1,1
IMG_3029_png_jpg.rf.3b7b42dea6909bc6b1b6333fc07c4f97.jpg,1,1,1,1,1,1,1,1,1,1,1,1
IMG_3599_png_jpg.rf.3b8ef2694632a5cd76b0bc7679df5a74.jpg,1,1,1,1,1,1,1,1,1,1,1,1
IMG_3735_png_jpg.rf.3b2a716faf6c94acbcc1f39f74b37e9c.jpg,1,1,1,1,1,1,1,1,1,1,1,1
IMG_3852_png_jpg.rf.3b30b07a4640a7a090d0caa71419aaaf.jpg,1,1,1,1,1,1,1,1,1,1,1,1
IMG_3827_png_jpg.rf.3b968a31b1c6bd685798b3ef2da346b1.jpg,1,1,1,1,1,1,1,1,1,1,1,1
IMG_3732_png_jpg.rf.3bbf2e8bf471dc6a73f36303907faa8a.jpg,1,1,1,1,1,1,1,1,1,1,1,1
15_jpg.rf.3b45094d2034b904522873bb91818afc.jpg,1,1,1,1,1,1,1,1,1,1,1,1
IMG_3677_png_jpg.rf.3bff9636383a9d651a293b96d4479b0b.jpg,1,1,1,1,1,1,1,1,1,1,1,1
IMG_3906_png_jpg.rf.3c0ac3abf24dd5939c4040f11900f21d.jpg,1,1,1,1,1,1,1,1,1,1,1,1
IMG_3668_png_jpg.rf.3bef20229bebbef8b927070bef549b3e.jpg,1,1,1,1,1,1,1,1,1,1,1,1
IMG_3734_png_jpg.rf.3bbe7117800a7559af9f3488968f8505.jpg,1,1,1,1,1,1,1,1,1,1,1,1
IMG_3563_png_jpg.rf.3ba00cbed51daf29f543001ff0379ce7.jpg,1,1,1,1,1,1,1,1,1,1,1,1
IMG_3002_png_jpg.rf.3c9d9b587109d3d7e135bce1cdd0e55e.jpg,1,1,1,1,1,1,1,1,1,1,1,1
IMG_3914_png_jpg.rf.3d2e7dee8a00a5e1914760c1b4c00d81.jpg,1,1,1,1,1,1,1,1,1,1,1,1
IMG_3970_png_jpg.rf.3bd4e131ae304ed8fa041ff5702d45e8.jpg,1,1,1,1,1,1,1,1,1,1,1,1
IMG_3841_png_jpg.rf.3bf00ac3a60ad0a250c363d72c377cb4.jpg,1,1,1,1,1,1,1,1,1,1,1,1
IMG_3564_png_jpg.rf.3da3ebdcf9bf73650f90f68e9e1b6d18.jpg,1,1,1,1,1,1,1,1,1,1,1,1
IMG_3811_png_jpg.rf.3baa5b844610a8d1097d58b1db4f79b3.jpg,1,1,1,1,1,1,1,1,1,1,1,1
IMG_3882_png_jpg.rf.3d6090f1a7c3da1f7d6b54f8bc13eaf3.jpg,1,1,1,1,1,1,1,1,1,1,1,1
IMG_3688_png_jpg.rf.3c376637ce3820641943e9814c6e0cb3.jpg,1,1,1,1,1,1,1,1,1,1,1,1
IMG_3006_png_jpg.rf.3e62fb29d69adf45362a9a2632bc4f15.jpg,1,1,1,1,1,1,1,1,1,1,1,1
IMG_3747_png_jpg.rf.3d64e3a1cdfd5ff75048e7f7dbd7a3c2.jpg,1,1,1,1,1,1,1,1,1,1,1,1
IMG_3753_png_jpg.rf.3d5567bbef0c6d21cf7bbf7146b973b1.jpg,1,1,1,1,1,1,1,1,1,1,1,1
IMG_3607_png_jpg.rf.3de66f1924001a6fd990ed1429cd658e.jpg,1,1,1,1,1,1,1,1,1,1,1,1
IMG_3020_png_jpg.rf.3e5f1fb649d2bf492008c4f41a82529e.jpg,1,1,1,1,1,1,1,1,1,1,1,1
IMG_3909_png_jpg.rf.3b368aa9d9c41eb822bc1e99f01c0b06.jpg,1,1,1,1,1,1,1,1,1,1,1,1
IMG_3896_png_jpg.rf.3e24dfe7787e464c3229e412781533ef.jpg,1,1,1,1,1,1,1,1,1,1,1,1
IMG_3638_png_jpg.rf.3eca59be253a3787bfdf0f4c81703fc2.jpg,1,1,1,1,1,1,1,1,1,1,1,1
IMG_3820_png_jpg.rf.3c7a0e504f1dc8ec0544666ca1d51435.jpg,1,1,1,1,1,1,1,1,1,1,1,1
IMG_3852_png_jpg.rf.3ea4011665c88d5973f99451f85f8a40.jpg,1,1,1,1,1,1,1,1,1,1,1,1
IMG_3864_png_jpg.rf.3e7b9f1e31e5e45d4e57c6dd7f308bef.jpg,1,1,1,1,1,1,1,1,1,1,1,1
IMG_3024_png_jpg.rf.3d7fa2cc4cac8f587f2aa52cc48ba2b1.jpg,1,1,1,1,1,1,1,1,1,1,1,1
IMG_3850_png_jpg.rf.3ee23d1e4ab79480babd8854b7f75bbb.jpg,1,1,1,1,1,1,1,1,1,1,1,1
IMG_3868_png_jpg.rf.3de104665e0d3f75044934ace7ddeb3e.jpg,1,1,1,1,1,1,1,1,1,1,1,1
IMG_3839_png_jpg.rf.3ea77b5bd341bf0065bf8150173da8e9.jpg,1,1,1,1,0,1,1,1,1,1,1,1
IMG_3809_png_jpg.rf.a90cf24502e018a28f8f38de44107a2c.jpg,1,1,1,1,1,1,1,1,1,1,1,1
IMG_3936_png_jpg.rf.a9046460f2e2ab0c6a0f54d6a8d49d39.jpg,1,1,1,1,1,1,1,1,1,1,1,1
IMG_3620_png_jpg.rf.a97b32b8294126aa22d642aa6851892d.jpg,1,1,1,1,1,1,1,1,1,1,1,1
IMG_3847_png_jpg.rf.a9804b0df81cd4f96567ba7a46933fd8.jpg,1,1,1,1,1,1,1,1,1,1,1,1
IMG_3693_png_jpg.rf.a9336bff36b6188334f2504bf31b04d2.jpg,1,1,1,1,1,1,1,1,1,1,1,1
IMG_3673_png_jpg.rf.a9328bb6703036b03401c79984acbe77.jpg,1,1,1,1,1,1,1,1,1,1,1,1
IMG_2984_png_jpg.rf.a9879f7290459ffabd371edbf6cb2f34.jpg,1,1,1,1,1,1,1,1,1,1,1,1
IMG_3783_png_jpg.rf.a9b935ff40cf68b85d5803ac876d03f7.jpg,1,1,1,1,1,1,1,1,1,1,1,1
IMG_3730_png_jpg.rf.a91a34b6cefee35db9a2b4a17b220131.jpg,1,1,1,1,1,1,1,1,1,1,1,1
IMG_3659_png_jpg.rf.a90fcc6ec3da5f8563be0398e15f9980.jpg,1,1,1,1,1,1,1,1,1,1,1,1
IMG_3649_png_jpg.rf.a9c99db6fae61fb7bfc040e68cf102f7.jpg,1,1,1,1,1,1,1,1,1,1,1,1
IMG_3679_png_jpg.rf.aa81197814d7b694ca493fb666357e9d.jpg,1,1,1,1,1,1,1,1,1,1,1,1
IMG_3967_png_jpg.rf.aa13630b5753912fccfff6128c9e780f.jpg,1,1,1,1,1,1,1,1,1,1,1,1
IMG_3914_png_jpg.rf.aa7fb07b263c0474a84e7d7c98b3ba02.jpg,1,1,1,1,1,1,1,1,1,1,1,1
IMG_3613_png_jpg.rf.a9bf64ee67780c88c47095c6ba64b2cb.jpg,1,1,1,1,1,1,1,1,1,1,1,1
IMG_3831_png_jpg.rf.aa9547d181d8e2a949294d687eb27085.jpg,1,1,1,1,1,1,1,1,1,1,1,1
IMG_3749_png_jpg.rf.aa43b0e4dcd83f9c513d9a41f02a34f7.jpg,1,1,1,1,1,1,1,1,1,1,1,1
IMG_3919_png_jpg.rf.ab12e5cdc025765f29eb4103bed980c0.jpg,1,1,1,1,1,1,1,1,1,1,1,1
IMG_3844_png_jpg.rf.ab295f00365d0025682bc54ffdfbb745.jpg,1,1,1,1,1,1,1,1,1,1,1,1
IMG_3654_png_jpg.rf.ab3617930df5bfeb02950182ff7fb0d5.jpg,1,1,1,1,1,1,1,1,1,1,1,1
IMG_3622_png_jpg.rf.ab6179129abd92cf2588d941a780d9e5.jpg,1,1,1,1,1,1,1,1,1,1,1,1
IMG_3650_png_jpg.rf.ab0c3073d04823db1e9254962921145a.jpg,1,1,1,1,1,1,1,1,1,1,1,1
IMG_3007_png_jpg.rf.ac97827cfaf0ad361b9b2124ccd0118d.jpg,1,1,1,1,1,1,1,1,1,1,1,1
IMG_3735_png_jpg.rf.a828de17aaf44b2da33a1796e8c707e1.jpg,1,1,1,1,1,1,1,1,1,1,1,1
IMG_3936_png_jpg.rf.ab752c7e47b25f4729292b87646301df.jpg,1,1,1,1,1,1,1,1,1,1,1,1
IMG_3749_png_jpg.rf.ab32784e93c8555936e82220b033dbe7.jpg,1,1,1,1,1,1,1,1,1,1,1,1
25_jpg.rf.acb68db29e26cbd57bebbbab217f04a4.jpg,1,1,1,1,1,1,1,1,1,1,1,1
IMG_3020_png_jpg.rf.ad1a76fd9e411bddb098ee1c9d28270f.jpg,1,1,1,1,1,1,1,1,1,1,1,1
IMG_3622_png_jpg.rf.a75922c41dc316d97d4b56a225e2b071.jpg,1,1,1,1,1,1,1,1,1,1,1,1
IMG_3915_png_jpg.rf.a762b5152c204141beab036c6fa093f3.jpg,1,1,1,1,1,1,1,1,1,1,1,1
IMG_2988_png_jpg.rf.acaaa4c77d7c3edf5398875c260ef16a.jpg,1,1,1,1,1,1,1,1,1,1,1,1
30_jpg.rf.acded28f3c9b2d61623986784074b3f5.jpg,1,1,1,1,1,1,1,1,1,1,1,1
IMG_3724_png_jpg.rf.ad1eb900cd27275467ed5fc8626457db.jpg,1,1,1,1,1,1,1,1,1,1,1,1
IMG_3633_png_jpg.rf.acd82e607fb4a3b07b2a5c89c9f2b664.jpg,1,1,1,1,1,1,1,1,1,1,1,1
IMG_3962_png_jpg.rf.ad2c51b9f7c0505cf30bccc7a9670b37.jpg,1,1,1,1,1,1,1,1,1,1,1,1
IMG_3822_png_jpg.rf.a8f70431126332452b93262a8b3f4fb5.jpg,1,1,1,1,1,1,1,1,1,1,1,1
IMG_3837_png_jpg.rf.ad266092333a6776de4e7c1bb6d10e9a.jpg,1,1,1,1,1,1,1,1,1,1,1,1
IMG_3703_png_jpg.rf.a7475730d519a5553f06e3a31885ad76.jpg,1,1,1,1,1,1,1,1,1,1,1,1
IMG_3598_png_jpg.rf.ad38aad7a64f5e31bfe2267aeb9dc9f3.jpg,1,1,1,1,1,1,1,1,1,1,1,1
IMG_3709_png_jpg.rf.ad5444c016bcde0182df132711dd2463.jpg,1,1,1,1,1,1,1,1,1,1,1,1
IMG_3650_png_jpg.rf.adcacd3b6a25978e29afbce62a4038d2.jpg,1,1,1,1,1,1,1,1,1,1,1,1
IMG_2978_png_jpg.rf.ae08745c41aea20bddb4813f6611182b.jpg,1,1,1,1,1,1,1,1,1,1,1,1
IMG_3636_png_jpg.rf.a80956eb10a7deddcd64d59a163504ad.jpg,1,1,1,1,1,1,1,1,1,1,1,1
IMG_3915_png_jpg.rf.adb95f566d28707dfadd022346740b20.jpg,1,1,1,1,1,1,1,1,1,1,1,1
IMG_3562_png_jpg.rf.adeb610568e71da4ea1ef80fa8036d79.jpg,1,1,1,1,1,1,1,1,1,1,1,1
IMG_3898_png_jpg.rf.ad4bc239f5dc33b5ffc6670702bd8546.jpg,1,1,1,1,1,1,1,1,1,1,1,1
IMG_3822_png_jpg.rf.ae19c5d93aad86274faf68e25b121b6e.jpg,1,1,1,1,1,1,1,1,1,1,1,1
IMG_3686_png_jpg.rf.ae22b92f4c8e8cb32a71255e9b5d9ab3.jpg,1,1,1,1,1,1,1,1,1,1,1,1
IMG_3809_png_jpg.rf.a80d7e4df90bad68397bfb443437749c.jpg,1,1,1,1,1,1,1,1,1,1,1,1
14_jpg.rf.a8a4bfaeca13e8e753e8cb0b99229a8b.jpg,1,1,1,1,1,1,1,1,1,1,1,1
IMG_3842_png_jpg.rf.ae25358392c44b9b5e35bdd250058b1b.jpg,1,1,1,1,1,1,1,1,1,1,1,1
IMG_3967_png_jpg.rf.a7dbcbce5768b4b4e405c997627023cc.jpg,1,1,1,1,1,1,1,1,1,1,1,1
IMG_3719_png_jpg.rf.ae7b7857f7a5aa1731bd1a59a0cd1afd.jpg,1,1,1,1,1,1,1,1,1,1,1,1
IMG_3797_png_jpg.rf.a7f6c944c5f01726646810a08f114e77.jpg,1,1,1,1,1,1,1,1,1,1,1,1
IMG_3899_png_jpg.rf.ae9f63e702e62346d3e4ba4d7b3df961.jpg,1,1,1,1,1,1,1,1,1,1,1,1
IMG_3731_png_jpg.rf.ae4b8d4dbf12b033ed5694c9c58eb1f9.jpg,1,1,1,1,1,1,1,1,1,1,1,1
IMG_3842_png_jpg.rf.ae7ca3876d32a40ec64374f81845143a.jpg,1,1,1,1,1,1,1,1,1,1,1,1
IMG_3906_png_jpg.rf.ae3b4825b8706959c2c71c02725046d8.jpg,1,1,1,1,1,1,1,1,1,1,1,1
IMG_3590_png_jpg.rf.aeca02cf9549bb60e4270b9618dd18a9.jpg,1,1,1,1,1,1,1,1,1,1,1,1
IMG_2998_png_jpg.rf.aebc322246f2c77fa6cd1cbe028011c6.jpg,1,1,1,1,1,1,1,1,1,1,1,1
IMG_3781_png_jpg.rf.a77fcdf7cf6300d4a94490a9f127178d.jpg,1,1,1,1,1,1,1,1,1,1,1,1
IMG_3923_png_jpg.rf.aecfabb6985822ff3a1731c045a0cdbf.jpg,1,1,1,1,1,1,1,1,1,1,1,1
IMG_3882_png_jpg.rf.a8e36d1649998ff13da00a1bb85c45f2.jpg,1,1,1,1,1,1,1,1,1,1,1,1
IMG_3781_png_jpg.rf.af3d53535b15545a74de31dedb1b5332.jpg,1,1,1,1,1,1,1,1,1,1,1,1
IMG_3881_png_jpg.rf.a7e864a2059bf1ea6f1f0897d99ed537.jpg,1,1,1,1,1,1,1,1,1,1,1,1
IMG_3568_png_jpg.rf.af6055e7c43da7d7714086cf1d781931.jpg,1,1,1,1,1,1,1,1,1,1,1,1
IMG_3680_png_jpg.rf.aea476a11295224c29c9b458f12a6465.jpg,1,1,1,1,1,1,1,1,1,1,1,1
IMG_3845_png_jpg.rf.af3e377df91795ee25f134d19e781beb.jpg,1,1,1,1,1,1,1,1,1,1,1,1
IMG_3758_png_jpg.rf.af964b32710f5a464bf1559be5790ce8.jpg,1,1,1,1,1,1,1,1,1,1,1,1
IMG_3694_png_jpg.rf.aed62b68cb7269c1d72eab34fc69e116.jpg,1,1,1,1,1,1,1,1,1,1,1,1
IMG_3666_png_jpg.rf.af06e6e83f45950a16acae57284e0b16.jpg,1,1,1,1,1,1,1,1,1,1,1,1
IMG_3001_png_jpg.rf.a7c28b0af0f4be75173192786591006f.jpg,1,1,1,1,1,1,1,1,1,1,1,1
IMG_3007_png_jpg.rf.a76409735537bc52e096bfa5dd22bee7.jpg,1,1,1,1,1,1,1,1,1,1,1,1
IMG_3641_png_jpg.rf.a7d46f184426c3249165f4dec73e50c6.jpg,1,1,1,1,1,1,1,1,1,1,1,1
IMG_3920_png_jpg.rf.a7c7144e4ca091ed4c55d9603c98ce01.jpg,1,1,1,1,1,1,1,1,1,1,1,1
IMG_3698_png_jpg.rf.afb4a8f59a733c7cf5603e84c21b16af.jpg,1,1,1,1,1,1,1,1,1,1,1,1
IMG_3742_png_jpg.rf.a89ab8931b8c9aed674eaaa6cb3fc1cf.jpg,1,1,1,1,1,1,1,1,1,1,1,1
IMG_3685_png_jpg.rf.af9bbb599094a4717ec2078ab1eec2cd.jpg,1,1,1,1,1,1,1,1,1,1,1,1
31_jpg.rf.afd056c0edcc327f370f7463a7f2e82b.jpg,1,1,1,1,1,1,1,1,1,1,1,1
IMG_3598_png_jpg.rf.afda507d2c0da214d766630747f7e564.jpg,1,1,1,1,1,1,1,1,1,1,1,1
IMG_3618_png_jpg.rf.b023f6223f6d9a4872c3f2333165817d.jpg,1,1,1,1,1,1,1,1,1,1,1,1
IMG_3656_png_jpg.rf.b05a8bba56473008adf10849a2868b0f.jpg,1,1,1,1,1,1,1,1,1,1,1,1
5_jpg.rf.b0069629f51b281940f382f2dd1efcbd.jpg,1,1,1,1,1,1,1,1,1,1,1,1
IMG_3581_png_jpg.rf.b05eba0a40f59f7a2211fc1d97b26ff5.jpg,1,1,1,1,1,1,1,1,1,1,1,1
IMG_3853_png_jpg.rf.b0628901976f746972159d4224d5e500.jpg,1,1,1,1,1,1,1,1,1,1,1,1
IMG_3660_png_jpg.rf.afe8da22273bed8bb95bb24466d69fa7.jpg,1,1,1,1,1,1,1,1,1,1,1,1
IMG_3721_png_jpg.rf.b0c0e900369245a5066c99bbee0c683e.jpg,1,1,1,1,1,1,1,1,1,1,1,1
IMG_3780_png_jpg.rf.a789caabb67470d37c63a3ebf7bf3a3b.jpg,1,1,1,1,1,1,1,1,1,1,1,1
30_jpg.rf.b032df089633294990a1fa5af79eb3d0.jpg,1,1,1,1,1,1,1,1,1,1,1,1
IMG_3590_png_jpg.rf.b0c2fb8280109ae3be4989ce55518d18.jpg,1,1,1,1,1,1,1,1,1,1,1,1
IMG_3797_png_jpg.rf.b11f40e9b418cbaab1d872cbf32f31a0.jpg,1,1,1,1,1,1,1,1,1,1,1,1
IMG_3581_png_jpg.rf.b1f9754e412b49aa6ba73b63b44af339.jpg,1,1,1,1,1,1,1,1,1,1,1,1
16_png_jpg.rf.b109db91c96be0a45624de5ac14c543c.jpg,1,1,1,1,1,1,1,1,1,1,1,1
IMG_3731_png_jpg.rf.b186c91033625990c805277e100f7b92.jpg,1,1,1,1,1,1,1,1,1,1,1,1
IMG_3761_png_jpg.rf.b1452067e3fcbcf29a410a6288bdad0e.jpg,1,1,1,1,1,1,1,1,1,1,1,1
IMG_3011_png_jpg.rf.b23f73749294026b7a84e41e0a7fabba.jpg,1,1,1,1,1,1,1,1,1,1,1,1
IMG_3902_png_jpg.rf.b1e194f49c4fe03b6d884775cf8eba06.jpg,1,1,1,1,1,1,1,1,1,1,1,1
IMG_3693_png_jpg.rf.b0ac3f4cf09bdc4f563db206089e9de1.jpg,1,1,1,1,1,1,1,1,1,1,1,1
IMG_3607_png_jpg.rf.b109ef848059495f96b66f3cd227d8e5.jpg,1,1,1,1,1,1,1,1,1,1,1,1
IMG_3593_png_jpg.rf.b0b55f6ab9f81faeff00c2d2e75c93f2.jpg,1,1,1,1,1,1,1,1,1,1,1,1
IMG_3926_png_jpg.rf.b120df7824341a59179915b9b8f2626d.jpg,1,1,1,1,1,1,1,1,1,1,1,1
IMG_3584_png_jpg.rf.b105784b9308fb441357207a63e7a927.jpg,1,1,1,1,1,1,1,1,1,1,1,1
IMG_3701_png_jpg.rf.b29f94527837ed5b389bbc6f92385936.jpg,1,1,1,1,1,1,1,1,1,1,1,1
IMG_3785_png_jpg.rf.b21783cdc1023f8b70a22058eaeb79a3.jpg,1,1,1,1,1,1,1,1,1,1,1,1
28_jpg.rf.b24dda6dddf3fff5a1146272f469e7ed.jpg,1,1,1,1,1,1,1,1,1,1,1,1
IMG_3689_png_jpg.rf.b0a7378d865e2424864f668cd8b5b67f.jpg,1,1,1,1,1,1,1,1,1,1,1,1
IMG_3027_png_jpg.rf.b3a6e110b147d1b77cab3959771850f4.jpg,1,1,1,1,1,1,1,1,1,1,1,1
9_jpg.rf.b3a9c76e2d8d146e5b9be849cadb4640.jpg,1,1,1,1,1,1,1,1,1,1,1,1
IMG_3881_png_jpg.rf.b36dded45fd0502a7151a613e8c029f1.jpg,1,1,1,1,1,1,1,1,1,1,1,1
IMG_3914_png_jpg.rf.b4a7d71a212db027c522d9848e419a6d.jpg,1,1,1,1,1,1,1,1,1,1,1,1
IMG_3841_png_jpg.rf.b32d8f26d42d970ea17303969992684b.jpg,1,1,1,1,1,1,1,1,1,1,1,1
IMG_3888_png_jpg.rf.b3cc2fb348f68ca0eb8660d97294583a.jpg,1,1,1,1,1,1,1,1,1,1,1,1
10_jpg.rf.b33ee6376781da12d990e864475c8a0b.jpg,1,1,1,1,1,1,1,1,1,1,1,1
33_jpg.rf.b4201f43b62570848eb37b3c7a17037c.jpg,1,1,1,1,1,1,1,1,1,1,1,1
IMG_3699_png_jpg.rf.b45ba52b947b2c68673df0b26483bfc1.jpg,1,1,1,1,1,1,1,1,1,1,1,1
30_jpg.rf.b3d71a6b0f1720970411e0f3f897fa57.jpg,1,1,1,1,1,1,1,1,1,1,1,1
IMG_3929_png_jpg.rf.b46a54a415d3bc052f11a67d21a98096.jpg,1,1,1,1,1,1,1,1,1,1,1,1
IMG_3736_png_jpg.rf.b4a8fc4a74f92681c9c9b16935d0fd40.jpg,1,1,1,1,1,1,1,1,1,1,1,1
IMG_3821_png_jpg.rf.b524c285c77b7f34555b19b6dca36808.jpg,1,1,1,1,1,1,1,1,1,1,1,1
IMG_3717_png_jpg.rf.b424ca16d52935d231eaed8434a35e23.jpg,1,1,1,1,1,1,1,1,1,1,1,1
IMG_3820_png_jpg.rf.b536ab714b6509baa7cf06267a40c422.jpg,1,1,1,1,1,1,1,1,1,1,1,1
IMG_3899_png_jpg.rf.b5872b5abbb81070dcdd95ae37e7e7f0.jpg,1,1,1,1,1,1,1,1,1,1,1,1
IMG_3878_png_jpg.rf.b49881c97e17320de668f847c4c5b761.jpg,1,1,1,1,1,1,1,1,1,1,1,1
IMG_3676_png_jpg.rf.b5a69538498748f51964315e0401d150.jpg,1,1,1,1,1,1,1,1,1,1,1,1
12_jpg.rf.b4eb7f8f084a494b0d770c434d4c21a0.jpg,1,1,1,1,1,1,1,1,1,1,1,1
IMG_3679_png_jpg.rf.b5c4c399a51d5d6ecd1780fe288141cb.jpg,1,1,1,1,1,1,1,1,1,1,1,1
IMG_3017_png_jpg.rf.b5e0f9c8698f6376fee93bba42da9dbe.jpg,1,1,1,1,1,1,1,1,1,1,1,1
IMG_3713_png_jpg.rf.b634d198ed50819cd03c757d516b2594.jpg,1,1,1,1,1,1,1,1,1,1,1,1
IMG_3909_png_jpg.rf.b5c5d4ef76bd61b6e03fcfc47c8d3cb5.jpg,1,1,1,1,1,1,1,1,1,1,1,1
IMG_3632_png_jpg.rf.b53e2fe9889fe2ed6c9951ea99986e32.jpg,1,1,1,1,1,1,1,1,1,1,1,1
28_jpg.rf.b625a96e8082e36b4df038f3cfc1d2b1.jpg,1,1,1,1,1,1,1,1,1,1,1,1
IMG_3801_png_jpg.rf.b651a86881cb6ea405b884aee4809bb2.jpg,1,1,1,1,1,1,1,1,1,1,1,1
IMG_3922_png_jpg.rf.b3f70075031fc30d12108b35f8c62939.jpg,1,1,1,1,1,0,1,1,1,1,1,1
IMG_3649_png_jpg.rf.b62d14c0d7afc1e122e733b13a6f4649.jpg,1,1,1,1,1,1,1,1,1,1,1,1
IMG_3816_png_jpg.rf.b6745537926b99a9c6f461017ab3082a.jpg,1,1,1,1,1,1,1,1,1,1,1,1
IMG_3021_png_jpg.rf.b68331384cf898c3cf6739f283bec916.jpg,1,1,1,1,1,1,1,1,1,1,1,1
IMG_3893_png_jpg.rf.b7448bc1c28f9cebb7cadb4ee62b5822.jpg,1,1,1,1,1,1,1,1,1,1,1,1
IMG_3844_png_jpg.rf.b6671d16d40e39e2ca9450096b59b1f8.jpg,1,1,1,1,1,1,1,1,1,1,1,1
IMG_3666_png_jpg.rf.b6745806649e6d8cf62f1f884ddcf965.jpg,1,1,1,1,1,1,1,1,1,1,1,1
21_jpg.rf.b6b014252e3561d20e1fdcc3cd5b8dfc.jpg,1,1,1,1,1,1,1,1,1,1,1,1
IMG_3602_png_jpg.rf.b741985f721bfa6059251e596529b49e.jpg,1,1,1,1,1,1,1,1,1,1,1,1
IMG_3792_png_jpg.rf.b69709b1ef8e4896673cfbc16c4ccad8.jpg,1,1,1,1,1,1,1,1,1,1,1,1
IMG_3820_png_jpg.rf.b7702afc96b817cdb3aba08184466c1a.jpg,1,1,1,1,1,1,1,1,1,1,1,1
IMG_3607_png_jpg.rf.b69d6a28f84b840617751a994d989f1a.jpg,1,1,1,1,1,1,1,1,1,1,1,1
IMG_3584_png_jpg.rf.b79a406dfb4e98bda80b465c06f16f25.jpg,1,1,1,1,1,1,1,1,1,1,1,1
IMG_3920_png_jpg.rf.b7ca9802f6f00d917b2554918a0c1d45.jpg,1,1,1,1,1,1,1,1,1,1,1,1
IMG_3727_png_jpg.rf.b68a570c066fdc25963b5ec317cabd6f.jpg,1,1,1,1,1,1,1,1,1,1,1,1
IMG_3806_png_jpg.rf.b6bc47dadb5bed57dfd39d02ade5db76.jpg,1,1,1,1,1,1,1,1,1,1,1,1
IMG_3001_png_jpg.rf.b6af23553affbb9d48902030c6440a5c.jpg,1,1,1,1,1,1,1,1,1,1,1,1
IMG_3788_png_jpg.rf.b76e95cc7b34b74b27132d04418b6c44.jpg,1,1,1,1,1,1,1,1,1,1,1,1
IMG_3634_png_jpg.rf.b7dd5215bfab8bfa60ca40eb78d80ec4.jpg,1,1,1,1,1,1,1,1,1,1,1,1
IMG_3737_png_jpg.rf.b814f3d32bb8b5bd6daa404ed56312ba.jpg,1,1,1,1,1,1,1,1,1,1,1,1
IMG_3607_png_jpg.rf.b7fd7c1ba304e6d861403e6633606cf7.jpg,1,1,1,1,1,1,1,1,1,1,1,1
IMG_3799_png_jpg.rf.b83a5547647723585dad6f86a2eceeca.jpg,1,1,1,1,1,1,1,1,1,1,1,1
IMG_3850_png_jpg.rf.b6980edbfebfb7e92071dfd956a1c69e.jpg,1,1,1,1,1,1,1,1,1,1,1,1
IMG_3959_png_jpg.rf.b82ea14f74ce54c9d4abbdfd07e23f31.jpg,1,1,1,1,1,1,1,1,1,1,1,1
IMG_3650_png_jpg.rf.b860b3ad86267038ae03f914f9d6f2f9.jpg,1,1,1,1,1,1,1,1,1,1,1,1
25_jpg.rf.b899820981ea5374bd8fee63509142ad.jpg,1,1,1,1,1,1,1,1,1,1,1,1
IMG_3599_png_jpg.rf.b86736b1c5eac1b5ef50855a7d2ad801.jpg,1,1,1,1,1,1,1,1,1,1,1,1
25_jpg.rf.b8cc35dfeaba87b5ae0b4fe8127a9d86.jpg,1,1,1,1,1,1,1,1,1,1,1,1
IMG_3726_png_jpg.rf.b89fc002dd53b0457a4eb7d24fc247f2.jpg,1,1,1,1,1,1,1,1,1,1,1,1
IMG_3687_png_jpg.rf.b79b13dce43a195d3051b1a044cbb125.jpg,1,1,1,1,1,1,1,1,1,1,1,1
IMG_3723_png_jpg.rf.b8e7f938d44f3f835038a0bff151ab0d.jpg,1,1,1,1,1,1,1,1,1,1,1,1
IMG_3693_png_jpg.rf.b8ff37d234b3731c368460bb3c8204e2.jpg,1,1,1,1,1,1,1,1,1,1,1,1
31_jpg.rf.b8f8d2120b7663df04747ad5b4272897.jpg,1,1,1,1,1,1,1,1,1,1,1,1
IMG_3018_png_jpg.rf.b96ef20df8cb02ba1ad78feb8ea12ca6.jpg,1,1,1,1,1,1,1,1,1,1,1,1
25_jpg.rf.babe3bea4157de8432005e76d599712f.jpg,1,1,1,1,1,1,1,1,1,1,1,1
IMG_3598_png_jpg.rf.b92a64bc8b802cd882c85a065e8bba15.jpg,1,1,1,1,1,1,1,1,1,1,1,1
IMG_3809_png_jpg.rf.b9d49838670da9c854167b0ecfb4cbdd.jpg,1,1,1,1,1,1,1,1,1,1,1,1
IMG_3676_png_jpg.rf.ba11714584242bd5da02f5ac5567713b.jpg,1,1,1,1,1,1,1,1,1,1,1,1
IMG_3859_png_jpg.rf.b9b771e4449c7b1358d6c8d5e9ad1ce3.jpg,1,1,1,1,1,1,1,1,1,1,1,1
IMG_3972_png_jpg.rf.b9d0d0ef4207dd67757140819e070ae9.jpg,1,1,1,1,1,1,1,1,1,1,1,1
14_jpg.rf.b953d302cbf7af7a36a1e819a87cd73f.jpg,1,1,1,1,1,1,1,1,1,1,1,1
IMG_2997_png_jpg.rf.bacac44858f821a9eddd28fc040c6102.jpg,1,1,1,1,1,1,1,1,1,1,1,1
IMG_3860_png_jpg.rf.ba8bb0adb780228af6c48efe736a0e8e.jpg,1,1,1,1,1,1,1,1,1,1,1,1
IMG_3970_png_jpg.rf.ba087a4b8681cc36db995175acd445cf.jpg,1,1,1,1,1,1,1,1,1,1,1,1
IMG_2988_png_jpg.rf.ba997ae3f737edad5a9fb2236468340a.jpg,1,1,1,1,1,1,1,1,1,1,1,1
IMG_3672_png_jpg.rf.b9f45f93bb7d59eb85b5bbbc6de78a2a.jpg,1,1,1,1,1,1,1,1,1,1,1,1
29_jpg.rf.b9ca5146068f0cc8a96a6521b67d254a.jpg,1,1,1,1,1,1,1,1,1,1,1,1
23_jpg.rf.badf1d7b25398a9c54f9d61d30a6cd43.jpg,1,1,1,1,1,1,1,1,1,1,1,1
IMG_3736_png_jpg.rf.ba624c1ec97835bbdc07e46742b98c32.jpg,1,1,1,1,1,1,1,1,1,1,1,1
IMG_3617_png_jpg.rf.bb2005d14e3f7fa652aeb3fcad4a5f9e.jpg,1,1,1,1,1,1,1,1,1,1,1,1
IMG_3570_png_jpg.rf.b8343d908b1952e5e4b197696b79f0d8.jpg,1,1,1,1,1,1,1,1,1,1,1,1
IMG_3632_png_jpg.rf.bb510141c469078c8c0e4d35a459a367.jpg,1,1,1,1,1,1,1,1,1,1,1,1
IMG_3717_png_jpg.rf.bae5b6aecf4dcdcdef14d9e548bcfda1.jpg,1,1,1,1,1,1,1,1,1,1,1,1
IMG_3838_png_jpg.rf.b9fbfdb5337e5104e56f7f49e0ba42ea.jpg,1,1,1,1,1,1,1,1,1,1,1,1
30_jpg.rf.baff7edfe91b66e5bf240124c9fd1721.jpg,1,1,1,1,1,1,1,1,1,1,1,1
IMG_3677_png_jpg.rf.bb09ff23de2f8a6b36a05bf3f42ebfc1.jpg,1,1,1,1,1,1,1,1,1,1,1,1
IMG_3902_png_jpg.rf.bafb6c726fc335f7f5498a5bbcd8a309.jpg,1,1,1,1,1,1,1,1,1,1,1,1
IMG_2981_png_jpg.rf.ba86bb8d543091f7c746eff74700de18.jpg,1,1,1,1,1,1,1,1,1,1,1,1
IMG_3916_png_jpg.rf.ba6dade26dec4cb5aae112d7e4ae1141.jpg,1,1,1,1,1,1,1,1,1,1,1,1
IMG_3558_png_jpg.rf.bb7cbd31389fbab1c309a61a80f8e9e5.jpg,1,1,1,1,1,1,1,1,1,1,1,1
IMG_2979_png_jpg.rf.bb7f00cf133fd292305515ff633b1119.jpg,1,1,1,1,1,1,1,1,1,1,1,1
IMG_3938_png_jpg.rf.bb7f730596a621bb49b75c23a4185617.jpg,1,1,1,1,1,1,1,1,1,1,1,1
IMG_3702_png_jpg.rf.bbaa3b16ae90b3cacefa400ba3c89afe.jpg,1,1,1,1,1,1,1,1,1,1,1,1
IMG_2979_png_jpg.rf.bbbc74954a805952f7e759cf0148d967.jpg,1,1,1,1,1,1,1,1,1,1,1,1
IMG_3796_png_jpg.rf.bbc1db4d661708afa2a547ae7a01af35.jpg,1,1,1,1,1,1,1,1,1,1,1,1
IMG_3688_png_jpg.rf.bb99c643eeec2a12343def19c5a878d5.jpg,1,1,1,1,1,1,1,1,1,1,1,1
IMG_3750_png_jpg.rf.bc128a4f20294acf67e3134d3a11b14d.jpg,1,1,1,1,1,1,1,1,1,1,1,1
9_jpg.rf.bc1cf39273b7ec35cf1d0717f88b8b56.jpg,1,1,1,1,1,1,1,1,1,1,1,1
IMG_3659_png_jpg.rf.bc478a5b839d3068074bed471b3e3d7e.jpg,1,1,1,1,1,1,1,1,1,1,1,1
IMG_3809_png_jpg.rf.bc087fb17d301e10cc55f0792ae88961.jpg,1,1,1,1,1,1,1,1,1,1,1,1
9_jpg.rf.bd038b2b51bb42b2f80a1925cdd33e11.jpg,1,1,1,1,1,1,1,1,1,1,1,1
IMG_3635_png_jpg.rf.bc94476b4137b0b727a28818764cddd7.jpg,1,1,1,1,1,1,1,1,1,1,1,1
IMG_3845_png_jpg.rf.bd24768530bc4dcb68b5818f826f3024.jpg,1,1,1,1,1,1,1,1,1,1,1,1
32_jpg.rf.bd4755fb3003329aa5a09c4004b1eccf.jpg,1,1,1,1,1,1,1,1,1,1,1,1
IMG_3686_png_jpg.rf.bdb614f7535c0d049a6549d90205228a.jpg,1,1,1,1,1,1,1,1,1,1,1,1
IMG_3932_png_jpg.rf.bcd5d4f13186b45085c218d19db08399.jpg,1,1,1,1,1,1,1,1,1,1,1,1
IMG_3566_png_jpg.rf.bdbfffc529dc9711c664329735966858.jpg,1,1,1,1,1,1,1,1,1,1,1,1
IMG_3829_png_jpg.rf.bd26d4782a0fd92a9283365603f3ee29.jpg,1,1,1,1,1,1,1,1,1,1,1,1
IMG_3621_png_jpg.rf.bcc77c0a7f8312d5e0032a701e49978f.jpg,1,1,1,1,1,1,1,1,1,1,1,1
IMG_3600_png_jpg.rf.bd3435e79d600db1cea6e16dfd62af38.jpg,1,1,1,1,1,1,1,1,1,1,1,1
IMG_2997_png_jpg.rf.bd7508be07e3ab1d17f16e6e922e3e5b.jpg,1,1,1,1,1,1,1,1,1,1,1,1
IMG_3658_png_jpg.rf.bd77538a1c072866b653614a9305bc77.jpg,1,1,1,1,1,1,1,1,1,1,1,1
IMG_3709_png_jpg.rf.bdb83c807e77ce6c14bca5987530627c.jpg,1,1,1,1,1,1,1,1,1,1,1,1
IMG_3792_png_jpg.rf.bdda410368755bfe9784cd5cb2b4d9b3.jpg,1,1,1,1,1,1,1,1,1,1,1,1
29_jpg.rf.bcc77b23e925c7600b5c98ec382949ef.jpg,1,1,1,1,1,1,1,1,1,1,1,1
IMG_3756_png_jpg.rf.bbe9ab08b3fbb74c6850d44595855470.jpg,1,1,1,1,1,1,1,1,1,1,1,1
IMG_3903_png_jpg.rf.bc97101ac018a3d452f99ab010fd88b9.jpg,1,1,1,1,1,1,1,1,1,1,1,1
IMG_3009_png_jpg.rf.bda001670223ee4e874330f50bfd2139.jpg,1,1,1,1,1,1,1,1,1,1,1,1
IMG_3754_png_jpg.rf.bcd4ad378246e7f612d2d3dc845cc1bf.jpg,1,1,1,1,1,1,1,1,1,1,1,1
IMG_3845_png_jpg.rf.bcf7384a7a17ec1779aeefc32b1daabd.jpg,1,1,1,1,1,1,1,1,1,1,1,1
IMG_3935_png_jpg.rf.bdcd9aa5fa32060f024956efa472a3c1.jpg,1,1,1,1,1,1,1,1,1,1,1,1
IMG_3687_png_jpg.rf.be33c10acf00683e971ecac5da4171b1.jpg,1,1,1,1,1,1,1,1,1,1,1,1
IMG_3673_png_jpg.rf.bedad41d66e5d88c229011751e608063.jpg,1,1,1,1,1,1,1,1,1,1,1,1
IMG_3781_png_jpg.rf.bf51eab5c4a2e66347d770947c20a465.jpg,1,1,1,1,1,1,1,1,1,1,1,1
IMG_3003_png_jpg.rf.be0fa9589fd6d4d502718c8b37c941d1.jpg,1,1,1,1,1,1,1,1,1,1,1,1
IMG_3679_png_jpg.rf.bec810f596a0605006057ad9e2eb3b2a.jpg,1,1,1,1,1,1,1,1,1,1,1,1
IMG_3806_png_jpg.rf.be6c6d33453d658d309db5471119666e.jpg,1,1,1,1,1,1,1,1,1,1,1,1
IMG_2998_png_jpg.rf.bddb3815d2dbd9d46042bb45d448d3dc.jpg,1,1,1,1,1,1,1,1,1,1,1,1
IMG_3816_png_jpg.rf.bfdae7299592db4424963fb3588cc5a9.jpg,1,1,1,1,1,1,1,1,1,1,1,1
IMG_3914_png_jpg.rf.be124f97c9380dc09ba64912df64ddd6.jpg,1,1,1,1,1,1,1,1,1,1,1,1
IMG_3962_png_jpg.rf.bee3d07ac2496b08ffd20adaad278ac3.jpg,1,1,1,1,1,1,1,1,1,1,1,1
IMG_3622_png_jpg.rf.bed46d7b33ab345872028214b9892b3c.jpg,1,1,1,1,1,1,1,1,1,1,1,1
25_jpg.rf.c0d957fbcb506b3ee44c4d7c21732684.jpg,1,1,1,1,1,1,1,1,1,1,1,1
IMG_3691_png_jpg.rf.bf3c1ef415f0142d587edabd43680a7a.jpg,1,1,1,1,1,1,1,1,1,1,1,1
IMG_3642_png_jpg.rf.c0a7147ba5a07ba067f2fd871549e6f9.jpg,1,1,1,1,1,1,1,1,1,1,1,1
IMG_3728_png_jpg.rf.c0a411c478110b70fbdc90e3404c955e.jpg,1,1,1,1,1,1,1,1,1,1,1,1
IMG_3665_png_jpg.rf.bee0ddb92bc89fe741daba667b7e767d.jpg,1,1,1,1,1,1,1,1,1,1,1,1
30_jpg.rf.c03691ad162f32828fa09c49a53fd756.jpg,1,1,1,1,1,1,1,1,1,1,1,1
IMG_3600_png_jpg.rf.bf6e33366219c28db27faabc36e31b56.jpg,1,1,1,1,1,1,1,1,1,1,1,1
IMG_3882_png_jpg.rf.bfafc2ba508c597d1522bc9e7dac364a.jpg,1,1,1,1,1,1,1,1,1,1,1,1
IMG_3934_png_jpg.rf.be303782ec1f35a2150ee31bc45e1d39.jpg,1,1,1,1,1,1,1,1,1,1,1,1
IMG_3787_png_jpg.rf.c109f7c91067cbd5472dd520facd35b5.jpg,1,1,1,1,1,1,1,1,1,1,1,1
IMG_3888_png_jpg.rf.c0f247e403454ef9432e5632d90f08a1.jpg,1,1,1,1,1,1,1,1,1,1,1,1
IMG_3860_png_jpg.rf.c0a31299c42e8f2f969398bdf738117e.jpg,1,1,1,1,1,1,1,1,1,1,1,1
IMG_3829_png_jpg.rf.bf6f2e14fa1f9f4ebc7974ee72c15508.jpg,1,1,1,1,1,1,1,1,1,1,1,1
IMG_3921_png_jpg.rf.c1123bfda91cc7ab9fd4d507ba747ef5.jpg,1,1,1,1,1,1,1,1,1,1,1,1
IMG_3872_png_jpg.rf.c10eedb4c42d36f0568a668b2feab8d7.jpg,1,1,1,1,1,1,1,1,1,1,1,1
IMG_3681_png_jpg.rf.c0e734d374145fb288c3650b7d039378.jpg,1,1,1,1,1,1,1,1,1,1,1,1
IMG_3640_png_jpg.rf.c15bf06c7cfcd8b6af544bcc7bf0d8f3.jpg,1,1,1,1,1,1,1,1,1,1,1,1
IMG_3732_png_jpg.rf.c164672c1c26ce2b0855d8221b9178c0.jpg,1,1,1,1,1,1,1,1,1,1,1,1
IMG_3010_png_jpg.rf.c0e43d8b419372631e44ce60bc18528c.jpg,1,1,1,1,1,1,1,1,1,1,1,1
IMG_3752_png_jpg.rf.c0a57c441fc62bf4f2586f4e0a4fcb9a.jpg,1,1,1,1,1,1,1,1,1,1,1,1
IMG_3626_png_jpg.rf.bf157c297ea5996851e9a67f2c1dd519.jpg,1,1,1,1,1,1,1,1,1,1,1,1
IMG_3719_png_jpg.rf.c12b4a8dbdef090183e676fb4efa2ac6.jpg,1,1,1,1,1,1,1,1,1,1,1,1
IMG_3860_png_jpg.rf.c144d47774870c372dd70d97478df48c.jpg,1,1,1,1,1,1,1,1,1,1,1,1
IMG_3967_png_jpg.rf.c117f8dad508efbd1c0b8eeabc2360a7.jpg,1,1,1,1,1,1,1,1,1,1,1,1
IMG_3962_png_jpg.rf.c119135c6e6cf86e0bd71637283e84bf.jpg,1,1,1,1,1,1,1,1,1,1,1,1
32_jpg.rf.c12a1b43ea633723eb02e45fb8490464.jpg,1,1,1,1,1,1,1,1,1,1,1,1
IMG_3856_png_jpg.rf.c17b8baaf658ca3eaa8cb85f9f7f20d5.jpg,1,1,1,1,1,1,1,1,1,1,1,1
21_jpg.rf.c193be71c8d414ee70772ee0d9f50eb6.jpg,1,1,1,1,1,1,1,1,1,1,1,1
IMG_3693_png_jpg.rf.c19b60e5faea645bd57ac45451fabc80.jpg,1,1,1,1,1,1,1,1,1,1,1,1
IMG_3825_png_jpg.rf.c1c8344af59932d0232e73cacf90d8c3.jpg,1,1,1,1,1,1,1,1,1,1,1,1
IMG_3943_png_jpg.rf.c1d45a624e1dcf95a474973e24e1e3e6.jpg,1,1,1,1,1,1,1,1,1,1,1,1
IMG_3903_png_jpg.rf.c2218e22aa613a803b815d09a2771986.jpg,1,1,1,1,1,1,1,1,1,1,1,1
IMG_3708_png_jpg.rf.c28f0083c39aad0f7fb87b54a769c6a1.jpg,1,1,1,1,1,1,1,1,1,1,1,1
IMG_3916_png_jpg.rf.c21fc8106b06d9b1049a9cf358ea840c.jpg,1,1,1,1,1,1,1,1,1,1,1,1
IMG_3813_png_jpg.rf.c3f98f9b622e3c27968605034a5e5ecf.jpg,1,1,1,1,1,1,1,1,1,1,1,1
IMG_3961_png_jpg.rf.c227da31f9caa457a28715c67d9f8bba.jpg,1,1,1,1,1,1,1,1,1,1,1,1
IMG_3959_png_jpg.rf.c2bf6f29a2cd7e7ceb6eefab8c1b13e6.jpg,1,1,1,1,1,1,1,1,1,1,1,1
IMG_3029_png_jpg.rf.c3d59438379d98ab45255fc690acd0b8.jpg,1,1,1,1,1,1,1,1,1,1,1,1
IMG_3833_png_jpg.rf.c29fc0fadcb5669ba289f2a5b072783f.jpg,1,1,1,1,1,1,1,1,1,1,1,1
IMG_3870_png_jpg.rf.c2423ef27b5b7fdebf2be1c515425bf1.jpg,1,1,1,1,1,1,1,1,1,1,1,1
IMG_3694_png_jpg.rf.c3d21a114406d1fb44867fcda42a8ec3.jpg,1,1,1,1,1,1,1,1,1,1,1,1
IMG_3812_png_jpg.rf.c45cbf07f9e5049460c90b68a59fdee2.jpg,1,1,1,1,1,1,1,1,1,1,1,1
IMG_3728_png_jpg.rf.c4386ae896f415ac7eca8262958deba1.jpg,1,1,1,1,1,1,1,1,1,1,1,1
IMG_3750_png_jpg.rf.c1777d53b674b4d8b9c37dd6d5d2bfd3.jpg,1,1,1,1,1,1,1,1,1,1,1,1
IMG_3638_png_jpg.rf.bdc0165001804b52f45a97a2a7702b80.jpg,1,1,1,1,1,1,1,1,1,1,1,1
32_jpg.rf.c3caed0b4c2cd044a5505d596d07fd0e.jpg,1,1,1,1,1,1,1,1,1,1,1,1
IMG_3581_png_jpg.rf.c452f8921a8d72facd4ccb0ce56a4df6.jpg,1,1,1,1,1,1,1,1,1,1,1,1
IMG_3561_png_jpg.rf.c54a06bfaa93f39b510157202c33f9f2.jpg,1,1,1,1,1,1,1,1,1,1,1,1
IMG_3626_png_jpg.rf.c46f42718f9413581d114af70d26de66.jpg,1,1,1,1,1,1,1,1,1,1,1,1
IMG_3632_png_jpg.rf.c18fc943a8d385197a3bae6e79552d39.jpg,1,1,1,1,1,1,1,1,1,1,1,1
IMG_3808_png_jpg.rf.c30fb5452ed0646b5b5c6a0d10f2fe5a.jpg,1,1,1,1,1,1,1,1,1,1,1,1
IMG_3974_png_jpg.rf.c53291a09caf524f9784eb5be4aa53ca.jpg,1,1,1,1,1,1,1,1,1,1,1,1
IMG_3943_png_jpg.rf.c3c23cffc5e1f87129bd42e06e1e6d5d.jpg,1,1,1,1,1,1,1,1,1,1,1,1
30_jpg.rf.c4fbc14d9d61000d84d10a05bf87a2c0.jpg,1,1,1,1,1,1,1,1,1,1,1,1
IMG_3788_png_jpg.rf.c4d37f9a383666e1bf7f7213000aab64.jpg,1,1,1,1,1,1,1,1,1,1,1,1
IMG_3695_png_jpg.rf.c552030987a5246c1f19da7f97960470.jpg,1,1,1,1,1,1,1,1,1,1,1,1
IMG_3758_png_jpg.rf.c22894ecca27fe9209df24e715974955.jpg,1,1,1,1,1,1,1,1,1,1,1,1
IMG_3607_png_jpg.rf.c5504d6a5e2a03b784f5d2a8052da754.jpg,1,1,1,1,1,1,1,1,1,1,1,1
IMG_3929_png_jpg.rf.c550846c4489c04a4ef15d136d541769.jpg,1,1,1,1,1,1,1,1,1,1,1,1
IMG_3708_png_jpg.rf.c566c1e863a1b8aadf08f8c7dc57448f.jpg,1,1,1,1,1,1,1,1,1,1,1,1
IMG_3589_png_jpg.rf.c5ddee1a9c337107a75cb4df1a09d9b2.jpg,1,1,1,1,1,1,1,1,1,1,1,1
IMG_3574_png_jpg.rf.c6527b34a5099f91170487c3564399e8.jpg,1,1,1,1,1,1,1,1,1,1,1,1
IMG_3653_png_jpg.rf.c64184ed790cd6f2bd6f42b7b8f7e6c4.jpg,1,1,1,1,1,1,1,1,1,1,1,1
IMG_3709_png_jpg.rf.c6864c7c58709db28151cffb134609d5.jpg,1,1,1,1,1,1,1,1,1,1,1,1
IMG_2996_png_jpg.rf.c59c41d65264dc28080dd08e3a7a835b.jpg,1,1,1,1,1,1,1,1,1,1,1,1
IMG_3798_png_jpg.rf.c84157b0df91c804b59f86fc2989b1fc.jpg,1,1,1,1,1,1,1,1,1,1,1,1
27_jpg.rf.c5f8debe0f6920da393d07d52bb383d6.jpg,1,1,1,1,1,1,1,1,1,1,1,1
IMG_3973_png_jpg.rf.c6eab3e9336d446c63e93f64c744941e.jpg,1,1,1,1,1,1,1,1,1,1,1,1
IMG_3688_png_jpg.rf.c8120f29c6c0aee91988ae3cdd09e16a.jpg,1,1,1,1,1,1,1,1,1,1,1,1
IMG_3617_png_jpg.rf.c851545985c1352ddb7c1d58609c665d.jpg,1,1,1,1,1,1,1,1,1,1,1,1
IMG_3894_png_jpg.rf.c646eb4c90adb1d2cc0088fbe0906e3a.jpg,1,1,1,1,1,1,1,1,1,1,1,1
IMG_3789_png_jpg.rf.c712433b7408d553f81ba3bb41cce590.jpg,1,1,1,1,1,1,1,1,1,1,1,1
IMG_3584_png_jpg.rf.c6debd2854525bff06691dd43fa11a93.jpg,1,1,1,1,1,1,1,1,1,1,1,1
16_png_jpg.rf.c64e76893c33045e9c55c0ac5f29b08c.jpg,1,1,1,1,1,1,1,1,1,1,1,1
IMG_3626_png_jpg.rf.c5fd98119a27419c11deeffa346c9909.jpg,1,1,1,1,1,1,1,1,1,1,1,1
IMG_3011_png_jpg.rf.c7a0e807698e5b48fdb041fa21efb941.jpg,1,1,1,1,1,1,1,1,1,1,1,1
IMG_3823_png_jpg.rf.c73b1117b497354c01277ad553c688ff.jpg,1,1,1,1,1,1,1,1,1,1,1,1
IMG_3723_png_jpg.rf.c70a864b4c42f561475d0d5d999851d1.jpg,1,1,1,1,1,1,1,1,1,1,1,1
IMG_3887_png_jpg.rf.c6fc0146e48dc74612feeef4756c72c6.jpg,1,1,1,1,1,1,1,1,1,1,1,1
IMG_3584_png_jpg.rf.c76127b783a4d47a58eb124ddabd28bc.jpg,1,1,1,1,1,1,1,1,1,1,1,1
IMG_3633_png_jpg.rf.c77dad60e18072d83cd76b03968ecd81.jpg,1,1,1,1,1,1,1,1,1,1,1,1
IMG_3674_png_jpg.rf.c77464f0193afcf1d361428375a4f5e4.jpg,1,1,1,1,1,1,1,1,1,1,1,1
IMG_3821_png_jpg.rf.c68fcab6cb27cbd150bdfd775b796f33.jpg,1,1,1,1,1,1,1,1,1,1,1,1
29_jpg.rf.c884a7cc1f5aa2174f4f22cf3ef5bd16.jpg,1,1,1,1,1,1,1,1,1,1,1,1
32_jpg.rf.c88d2b4f9cf109c81e2088eaefae573f.jpg,1,1,1,1,1,1,1,1,1,1,1,1
IMG_3800_png_jpg.rf.c89eb47d185f6151f9f7852129503ee3.jpg,1,1,1,1,1,1,1,1,1,1,1,1
IMG_3709_png_jpg.rf.c88faefdd37efb3a604de5ea9e5c09f7.jpg,1,1,1,1,1,1,1,1,1,1,1,1
IMG_3922_png_jpg.rf.cad1dab5b5c0c6490fb976777e16fbbf.jpg,1,1,1,1,1,0,1,1,1,1,1,1
4_jpg.rf.c8ac714cd2755375f3fc855e72d10bc6.jpg,1,1,1,1,1,1,1,1,1,1,1,1
IMG_3847_png_jpg.rf.cb0eb7f3976dda262faf59013657a619.jpg,1,1,1,1,1,1,1,1,1,1,1,1
4_jpg.rf.c90a535a06e0f69036538b0766897040.jpg,1,1,1,1,1,1,1,1,1,1,1,1
IMG_3640_png_jpg.rf.cb44e44040185cd987b277981885c4d0.jpg,1,1,1,1,1,1,1,1,1,1,1,1
IMG_3950_png_jpg.rf.cba6b6d76abad0054d683d76fc44b7ef.jpg,1,1,1,1,1,1,1,1,1,1,1,1
5_jpg.rf.cb330ed7c1f718b280ef51646b38fdf9.jpg,1,1,1,1,1,1,1,1,1,1,1,1
IMG_3737_png_jpg.rf.cb9cd3e2a7e44b7f697f81e28f6ed862.jpg,1,1,1,1,1,1,1,1,1,1,1,1
IMG_3695_png_jpg.rf.c907fb94a598deb52487ff1bf03b1aff.jpg,1,1,1,1,1,1,1,1,1,1,1,1
IMG_2996_png_jpg.rf.cbadd286741bb51af7ccaa5fd1db9bbf.jpg,1,1,1,1,1,1,1,1,1,1,1,1
IMG_3014_png_jpg.rf.ca0b870cc72a333ba4a562e5f3923d50.jpg,1,1,1,1,1,1,1,1,1,1,1,1
IMG_3014_png_jpg.rf.c992f0eb68941e5cdd28fbc3a49432d5.jpg,1,1,1,1,1,1,1,1,1,1,1,1
IMG_3622_png_jpg.rf.cbc93d52c984c7aff7302ddc34d702a2.jpg,1,1,1,1,1,1,1,1,1,1,1,1
IMG_3686_png_jpg.rf.c9827f194896dee889aaa7dbf01d093b.jpg,1,1,1,1,1,1,1,1,1,1,1,1
IMG_3902_png_jpg.rf.cbf1b169992fc30b80ba8a5ee8a0a5fe.jpg,1,1,1,1,1,1,1,1,1,1,1,1
IMG_3858_png_jpg.rf.ca523e9b9d4fc25a15eb761074fa361d.jpg,1,1,1,1,1,1,1,1,1,1,1,1
IMG_3896_png_jpg.rf.cc16a5c75abeec9795f493675f20cf6d.jpg,1,1,1,1,1,1,1,1,1,1,1,1
IMG_3634_png_jpg.rf.cbfce8101b4fce5e3f949ab484c774d9.jpg,1,1,1,1,1,1,1,1,1,1,1,1
IMG_3701_png_jpg.rf.cbf901613c7815da60d11a4977358401.jpg,1,1,1,1,1,1,1,1,1,1,1,1
IMG_2987_png_jpg.rf.cc13c41434dfd41948567cb8af52766a.jpg,1,1,1,1,1,1,1,1,1,1,1,1
IMG_3681_png_jpg.rf.cc37148fc981882d7f21437183bd2ad3.jpg,1,1,1,1,1,1,1,1,1,1,1,1
IMG_3631_png_jpg.rf.c8a6f3be0ebaf29bb81c088d2f817959.jpg,1,1,1,1,1,1,1,1,1,1,1,1
10_jpg.rf.cc5874e29d1f9dd008d5b04f1aa75bf7.jpg,1,1,1,1,1,1,1,1,1,1,1,1
IMG_3665_png_jpg.rf.cc0d9f139164a3da97e7d2c1c6405a69.jpg,1,1,1,1,1,1,1,1,1,1,1,1
IMG_3618_png_jpg.rf.cc4c21799bf4d78bf95c627f50817f1f.jpg,1,1,1,1,1,1,1,1,1,1,1,1
IMG_3580_png_jpg.rf.c9c87169f7d5232ec79a0ef64a0de83c.jpg,1,1,1,1,1,1,1,1,1,1,1,1
29_jpg.rf.cc5c360903c99f0d10c84e442405ca91.jpg,1,1,1,1,1,1,1,1,1,1,1,1
IMG_3665_png_jpg.rf.ccc87afcf55506735ab8f045ee06f856.jpg,1,1,1,1,1,1,1,1,1,1,1,1
IMG_2998_png_jpg.rf.cc92db46f5753075de8ad3161fa73f3f.jpg,1,1,1,1,1,1,1,1,1,1,1,1
IMG_3779_png_jpg.rf.c9bd8efa99f246ecfa92d4d1c0f39870.jpg,1,1,1,1,1,1,1,1,1,1,1,1
IMG_3743_png_jpg.rf.c91317c7d7f7daf762c204accb7ca093.jpg,1,1,1,1,1,1,1,1,1,1,1,1
IMG_3705_png_jpg.rf.cc906a1f45cd440a5fb0a37cf475bdc7.jpg,1,1,1,1,1,1,1,1,1,1,1,1
IMG_3642_png_jpg.rf.cd04a7934da788ad47f6d768d716ae55.jpg,1,1,1,1,1,1,1,1,1,1,1,1
IMG_3676_png_jpg.rf.ca8b6d076669bb8e194280dd56af76aa.jpg,1,1,1,1,1,1,1,1,1,1,1,1
IMG_3907_png_jpg.rf.c99bf97d66fa4f8bceef5c8e106a61cd.jpg,1,1,1,1,1,1,1,1,1,1,1,1
IMG_3878_png_jpg.rf.ccd95a73bc7231b637192bf30fe3896a.jpg,1,1,1,1,1,1,1,1,1,1,1,1
IMG_3905_png_jpg.rf.cd5f2a735d5663e2348795c37e7c5daf.jpg,1,1,1,1,1,1,1,1,1,1,1,1
IMG_3721_png_jpg.rf.ccdddab92474a214028b89f280863bde.jpg,1,1,1,1,1,1,1,1,1,1,1,1
IMG_3649_png_jpg.rf.cd8e3f34876ef9b2d914af08d5505f86.jpg,1,1,1,1,1,1,1,1,1,1,1,1
IMG_3821_png_jpg.rf.cd65349523300487814159b75da54c5c.jpg,1,1,1,1,1,1,1,1,1,1,1,1
IMG_3669_png_jpg.rf.c9acfb0facf21acd185c0e10012db4ae.jpg,1,1,1,1,1,1,1,1,1,1,1,1
IMG_3967_png_jpg.rf.c8fd62c3091ac2a01a6f13eaca8e474b.jpg,1,1,1,1,1,1,1,1,1,1,1,1
IMG_3880_png_jpg.rf.cdb2d5eccb1387e6812ab38f33ffcbc0.jpg,1,1,1,1,1,1,1,1,1,1,1,1
IMG_3754_png_jpg.rf.c8b5a375d7b6042f0c5d5189eaad5865.jpg,1,1,1,1,1,1,1,1,1,1,1,1
IMG_3679_png_jpg.rf.cdb228657923fc509ecc45879ee61018.jpg,1,1,1,1,1,1,1,1,1,1,1,1
IMG_3845_png_jpg.rf.cda6f66f04343fdb8f84c7b6a25528dd.jpg,1,1,1,1,1,1,1,1,1,1,1,1
IMG_3562_png_jpg.rf.c9d4d65a9a4ed57355b3314007a1a099.jpg,1,1,1,1,1,1,1,1,1,1,1,1
IMG_3028_png_jpg.rf.cde7394ad57161ddafac4d29fa4bf31a.jpg,1,1,1,1,1,1,1,1,1,1,1,1
IMG_3584_png_jpg.rf.ca9e646c579730b33b00d6f4b67eade6.jpg,1,1,1,1,1,1,1,1,1,1,1,1
IMG_3716_png_jpg.rf.ce0a3b821711a907723d29672b86e75d.jpg,1,1,1,1,1,1,1,1,1,1,1,1
IMG_3949_png_jpg.rf.ce396584b0e1f12df85105be64497f44.jpg,1,1,1,1,1,1,1,1,1,1,1,1
IMG_3850_png_jpg.rf.ce23fd2fec563d219f0d0683bc468638.jpg,1,1,1,1,1,1,1,1,1,1,1,1
IMG_3702_png_jpg.rf.c9f6426cb82d4bbd689edbe3f3785cc2.jpg,1,1,1,1,1,1,1,1,1,1,1,1
IMG_3761_png_jpg.rf.cab33f38f1666c78fbb7323e5fadb3b3.jpg,1,1,1,1,1,1,1,1,1,1,1,1
IMG_3867_png_jpg.rf.cea6a48645d1056add89330feb7d7d2a.jpg,1,1,1,1,1,1,1,1,1,1,1,1
IMG_3828_png_jpg.rf.ce50043a2441abb21e52b163a187ec2f.jpg,1,1,1,1,1,1,1,1,1,1,1,1
IMG_3640_png_jpg.rf.ceabbb91d8f040270ff8e1e2081fa0a7.jpg,1,1,1,1,1,1,1,1,1,1,1,1
IMG_3803_png_jpg.rf.cea9e187a03ebe745f78ae3068c59be3.jpg,1,1,1,1,1,1,1,1,1,1,1,1
IMG_3686_png_jpg.rf.ce8c51b864dfea47bee4cd9925bf4de6.jpg,1,1,1,1,1,1,1,1,1,1,1,1
IMG_3841_png_jpg.rf.ca65b6f87bce8332351e3acc47dc4b21.jpg,1,1,1,1,1,1,1,1,1,1,1,1
IMG_3949_png_jpg.rf.ceedf0c740157fc4035fa7594b89dd81.jpg,1,1,1,1,1,1,1,1,1,1,1,1
IMG_3649_png_jpg.rf.ced5765d5215529a19c9a6c23697d44c.jpg,1,1,1,1,1,1,1,1,1,1,1,1
IMG_3027_png_jpg.rf.cea79136133a6c88046414a101958582.jpg,1,1,1,1,1,1,1,1,1,1,1,1
IMG_3961_png_jpg.rf.cf6d8e8f5461a155670e7d33708c9084.jpg,1,1,1,1,1,1,1,1,1,1,1,1
IMG_3563_png_jpg.rf.cfa0f6e8cda51378c66766c473640559.jpg,1,1,1,1,1,1,1,1,1,1,1,1
IMG_3640_png_jpg.rf.cf1f98f4bff2ac00cf6c76128d2c137a.jpg,1,1,1,1,1,1,1,1,1,1,1,1
IMG_3014_png_jpg.rf.cebd3ef667b5f3433e9b5635a3707829.jpg,1,1,1,1,1,1,1,1,1,1,1,1
IMG_3728_png_jpg.rf.d02bdbe520e50fc7fdd3a3b7e37f9ab5.jpg,1,1,1,1,1,1,1,1,1,1,1,1
IMG_3950_png_jpg.rf.cfbb38e19a7c2255596a1a93c6e9065e.jpg,1,1,1,1,1,1,1,1,1,1,1,1
IMG_3737_png_jpg.rf.cfd7ca5c2be4ed12f54e2f99272df5ac.jpg,1,1,1,1,1,1,1,1,1,1,1,1
IMG_3923_png_jpg.rf.cfe71acc9c4a24bc78985454b26771ef.jpg,1,1,1,1,1,1,1,1,1,1,1,1
IMG_3600_png_jpg.rf.d00214a28dae93c8b1e77eaf0ece83ee.jpg,1,1,1,1,1,1,1,1,1,1,1,1
IMG_2996_png_jpg.rf.cedc2b739e3ea93c0d1a5376ff65dbbf.jpg,1,1,1,1,1,1,1,1,1,1,1,1
IMG_3753_png_jpg.rf.cff378b0c4e041c89cdbf2d510842e73.jpg,1,1,1,1,1,1,1,1,1,1,1,1
IMG_3957_png_jpg.rf.ce8db86f3d782c24cfedc61269d6e333.jpg,1,1,1,1,1,1,1,1,1,1,1,1
IMG_3780_png_jpg.rf.cfd7cd2bd31e40eb6735d63221e0d646.jpg,1,1,1,1,1,1,1,1,1,1,1,1
IMG_3768_png_jpg.rf.d04eccf90ffc13da437fcbe782a0ee41.jpg,1,1,1,1,1,1,1,1,1,1,1,1
33_jpg.rf.c8b91efb39f5c7894379a0e67a99387d.jpg,1,1,1,1,1,1,1,1,1,1,1,1
IMG_3887_png_jpg.rf.d096db8968ab8003e2221dc3ae6faae2.jpg,1,1,1,1,1,1,1,1,1,1,1,1
IMG_3845_png_jpg.rf.cf6af6aa028b31124ef9b9dff4483d49.jpg,1,1,1,1,1,1,1,1,1,1,1,1
IMG_3587_png_jpg.rf.d08f2d87556bc0b456fcd5aff2a8caef.jpg,1,1,1,1,1,1,1,1,1,1,1,1
IMG_3631_png_jpg.rf.d0c87b5393cd276becdef2c47f82cb46.jpg,1,1,1,1,1,1,1,1,1,1,1,1
IMG_3916_png_jpg.rf.ceed3ff693e31699f6ac57f8e67ac1b0.jpg,1,1,1,1,1,1,1,1,1,1,1,1
IMG_3637_png_jpg.rf.d05e2f98153b15cf65f58831ac42ec95.jpg,1,1,1,1,1,1,1,1,1,1,1,1
IMG_3858_png_jpg.rf.d0b8f69639a76a8e3d74f64e293d8b76.jpg,1,1,1,1,1,1,1,1,1,1,1,1
IMG_3609_png_jpg.rf.cf78dde364b14ebb97919408d701ca87.jpg,1,1,1,1,1,1,1,1,1,1,1,1
IMG_3798_png_jpg.rf.d0ff269526ff8301842e57762a9b6b80.jpg,1,1,1,1,1,1,1,1,1,1,1,1
IMG_3689_png_jpg.rf.d101d0f3d51f9c4bcba470cf86a13e4e.jpg,1,1,1,1,1,1,1,1,1,1,1,1
IMG_3580_png_jpg.rf.d1536e1f3727f76603aae948cc2a5280.jpg,1,1,1,1,1,1,1,1,1,1,1,1
IMG_3028_png_jpg.rf.d0e3c961f0bbaaca043025897374e518.jpg,1,1,1,1,1,1,1,1,1,1,1,1
IMG_3868_png_jpg.rf.d104c35936cfe10eb533e32b3a705784.jpg,1,1,1,1,1,1,1,1,1,1,1,1
IMG_3896_png_jpg.rf.d112ffefad53789176bd49438abd7040.jpg,1,1,1,1,1,1,1,1,1,1,1,1
IMG_3947_png_jpg.rf.d1204d5093866d0385e25e94e1e66a5a.jpg,1,1,1,1,1,1,1,1,1,1,1,1
IMG_3765_png_jpg.rf.d32d0e90af1b3eee73bc97fb88a2975e.jpg,1,1,1,1,1,1,1,1,1,1,1,1
25_jpg.rf.d2aaedacec828f6a6577be05ec3a1c88.jpg,1,1,1,1,1,1,1,1,1,1,1,1
IMG_3613_png_jpg.rf.d3039791df146a84715318fd2a9f907d.jpg,1,1,1,1,1,1,1,1,1,1,1,1
IMG_3586_png_jpg.rf.d21e25677d5e3eea69e354f934f2ee0b.jpg,1,1,1,1,1,1,1,1,1,1,1,1
IMG_3694_png_jpg.rf.d1db54cad3aed240689eaa8f95d17da6.jpg,1,1,1,1,1,1,1,1,1,1,1,1
IMG_3821_png_jpg.rf.d38c93e0c55e3ac364dd4377e99c7722.jpg,1,1,1,1,1,1,1,1,1,1,1,1
IMG_3796_png_jpg.rf.d3178ca2d53d7a51803e2f46cb8e99cf.jpg,1,1,1,1,1,1,1,1,1,1,1,1
IMG_3592_png_jpg.rf.d29b6529a16f8789b98f500413cf09ae.jpg,1,1,1,1,1,1,1,1,1,1,1,1
IMG_3934_png_jpg.rf.d3707435f776790e80688af695791b16.jpg,1,1,1,1,1,1,1,1,1,1,1,1
IMG_3559_png_jpg.rf.d13916786e385467658ff515d83d0a73.jpg,1,1,1,1,1,1,1,1,1,1,1,1
IMG_3586_png_jpg.rf.d1dedcbb6838e7d0717db6f3fd2a2d23.jpg,1,1,1,1,1,1,1,1,1,1,1,1
IMG_3636_png_jpg.rf.d289da3e6810766f146bf608666fcc8d.jpg,1,1,1,1,1,1,1,1,1,1,1,1
33_jpg.rf.d16caa0f9c19a276740b8777cb1f3b7c.jpg,1,1,1,1,1,1,1,1,1,1,1,1
IMG_3808_png_jpg.rf.d1be5043fa7d172bc04fe29f3de76fd8.jpg,1,1,1,1,1,1,1,1,1,1,1,1
IMG_3587_png_jpg.rf.d375a7205c6ffac330ded5cf20a485bf.jpg,1,1,1,1,1,1,1,1,1,1,1,1
IMG_3627_png_jpg.rf.d2a2c0592643d6cfbc4a6fa4909811a5.jpg,1,1,1,1,1,1,1,1,1,1,1,1
IMG_3638_png_jpg.rf.d2ee96d99776b19f9055477f49d9601c.jpg,1,1,1,1,1,1,1,1,1,1,1,1
IMG_3627_png_jpg.rf.d403393cfb18fca37e38159df53f1756.jpg,1,1,1,1,1,1,1,1,1,1,1,1
IMG_3674_png_jpg.rf.d24199fd7582f0a29146d39c7312e144.jpg,1,1,1,1,1,1,1,1,1,1,1,1
IMG_3644_png_jpg.rf.d1fb9afdaa1bcefce7a06680cdd8bbbe.jpg,1,1,1,1,1,1,1,1,1,1,1,1
IMG_3011_png_jpg.rf.d468b542d17d6dde363ac6ddc30dfb4c.jpg,1,1,1,1,1,1,1,1,1,1,1,1
33_jpg.rf.d4916b2ba01eb084518d86908d77ac70.jpg,1,1,1,1,1,1,1,1,1,1,1,1
IMG_3615_png_jpg.rf.d43f2a551e3fc7c993fd0c2e506492b0.jpg,1,1,1,1,1,1,1,1,1,1,1,1
IMG_3771_png_jpg.rf.d485ea689c4aebf8402ebd28d03bafd7.jpg,1,1,1,1,1,1,1,1,1,1,1,1
IMG_3959_png_jpg.rf.d4c112ca8e0cfd818d0bc5e7f92cbf8f.jpg,1,1,1,1,1,1,1,1,1,1,1,1
IMG_3813_png_jpg.rf.d4f679faa9f2fdb78a941e657b6d1e24.jpg,1,1,1,1,1,1,1,1,1,1,1,1
33_jpg.rf.d5df5735c447246c89db06825aa8ff56.jpg,1,1,1,1,1,1,1,1,1,1,1,1
IMG_3612_png_jpg.rf.d50e75b12b68decf4cce60489bdc5c34.jpg,1,1,1,1,1,1,1,1,1,1,1,1
IMG_3809_png_jpg.rf.d49cdbd578728cdb9cd87400421ccc40.jpg,1,1,1,1,1,1,1,1,1,1,1,1
IMG_3659_png_jpg.rf.d65d1f20a2ae77631bb8dcdf1e408372.jpg,1,1,1,1,1,1,1,1,1,1,1,1
IMG_3842_png_jpg.rf.d45b86d73847a0c7886e09644d9b7115.jpg,1,1,1,1,1,1,1,1,1,1,1,1
IMG_3672_png_jpg.rf.d62f44e3a495ddeae7ef8a70a919184b.jpg,1,1,1,1,1,1,1,1,1,1,1,1
IMG_3700_png_jpg.rf.d6360c6e66c44c751d3376ce5d05e09d.jpg,1,1,1,1,1,1,1,1,1,1,1,1
IMG_3018_png_jpg.rf.d647bab3eb4d91f925405f049ce7a78a.jpg,1,1,1,1,1,1,1,1,1,1,1,1
IMG_3850_png_jpg.rf.d5f6e21d05af4414965dd29dd2c6fe04.jpg,1,1,1,1,1,1,1,1,1,1,1,1
IMG_3831_png_jpg.rf.d599483ebaa6709e3a9bafd752c9085d.jpg,1,1,1,1,1,1,1,1,1,1,1,1
IMG_3949_png_jpg.rf.d6a988003f276732a7001e24692b8b49.jpg,1,1,1,1,1,1,1,1,1,1,1,1
IMG_3583_png_jpg.rf.d49918982da987fe5bb731e24c18e13a.jpg,1,1,1,1,1,1,1,1,1,1,1,1
IMG_3012_png_jpg.rf.d68b8d53b6eac8e74da012da5cad35bc.jpg,1,1,1,1,1,1,1,1,1,1,1,1
IMG_3887_png_jpg.rf.d67157cc678d427118d1af0cb80d0e67.jpg,1,1,1,1,1,1,1,1,1,1,1,1
IMG_3757_png_jpg.rf.d60ad78ec278f8b2d95c10c79a1fdc4b.jpg,1,1,1,1,1,1,1,1,1,1,1,1
IMG_3884_png_jpg.rf.d64944f7460128cece51994510b9b642.jpg,1,1,1,1,1,1,1,1,1,1,1,1
IMG_3719_png_jpg.rf.d6b979ae4c1062382bff007e2758cbf9.jpg,1,1,1,1,1,1,1,1,1,1,1,1
IMG_3001_png_jpg.rf.d55681c20d233a4c92599c5e6609b994.jpg,1,1,1,1,1,1,1,1,1,1,1,1
IMG_3658_png_jpg.rf.d737ab3e1f135b81b9c5ddb4fa0f7a52.jpg,1,1,1,1,1,1,1,1,1,1,1,1
IMG_3707_png_jpg.rf.d73e79391af2b047ba07ea21de2f9050.jpg,1,1,1,1,1,1,1,1,1,1,1,1
IMG_3907_png_jpg.rf.d6fec5c1fc16536117d175f510de15d7.jpg,1,1,1,1,1,1,1,1,1,1,1,1
IMG_3014_png_jpg.rf.d6d985d4b7a944d79d75d49f3f6d3b48.jpg,1,1,1,1,1,1,1,1,1,1,1,1
IMG_3600_png_jpg.rf.d670ccfad7096041afb7437d4ec1045e.jpg,1,1,1,1,1,1,1,1,1,1,1,1
30_jpg.rf.d65e3fbf65178e2691a25ecf71a16d01.jpg,1,1,1,1,1,1,1,1,1,1,1,1
IMG_3735_png_jpg.rf.d64bb33499c63e13b0c2b2e9b61b6f89.jpg,1,1,1,1,1,1,1,1,1,1,1,1
IMG_3816_png_jpg.rf.d74f4d8f74eb96bd7a6f41a3c30d69e8.jpg,1,1,1,1,1,1,1,1,1,1,1,1
IMG_3633_png_jpg.rf.d77877b90c1aa29da9293da7770f7da3.jpg,1,1,1,1,1,1,1,1,1,1,1,1
IMG_3856_png_jpg.rf.d74005a44d242b52d9ce7205f3b37f15.jpg,1,1,1,1,1,1,1,1,1,1,1,1
IMG_3611_png_jpg.rf.d802798c3a4a8e52d7802d7f4421277c.jpg,1,1,1,1,1,1,1,1,1,1,1,1
IMG_3009_png_jpg.rf.d83a738c3fc4121bfc3b8dd25683dd1e.jpg,1,1,1,1,1,1,1,1,1,1,1,1
IMG_3894_png_jpg.rf.d7fbc6cfe53a4232db1c06fc485b38e0.jpg,1,1,1,1,1,1,1,1,1,1,1,1
IMG_3708_png_jpg.rf.d7b77d4ba6ff66ac67ceb7ea6def66c4.jpg,1,1,1,1,1,1,1,1,1,1,1,1
IMG_3871_png_jpg.rf.d779249cc2499a5541a6b0aa9e838ae7.jpg,1,1,1,1,1,1,1,1,1,1,1,1
IMG_3916_png_jpg.rf.d7f0aace36a10334c17435c8e629f467.jpg,1,1,1,1,1,1,1,1,1,1,1,1
IMG_3568_png_jpg.rf.d8481f15b9dd44316f5ca8d6c6dcf05c.jpg,1,1,1,1,1,1,1,1,1,1,1,1
IMG_3634_png_jpg.rf.d8bc2f1708c10be274aa4cabd21dd69d.jpg,1,1,1,1,1,1,1,1,1,1,1,1
IMG_3837_png_jpg.rf.d85d56d6fc386c18a2c6e2e92ad3196b.jpg,1,1,1,1,1,1,1,1,1,1,1,1
32_jpg.rf.d8aaff142f1230ecfb4bbaf290e84aff.jpg,1,1,1,1,1,1,1,1,1,1,1,1
IMG_3958_png_jpg.rf.d8147cca4ef8d9538d5f4cf391941985.jpg,1,1,1,1,1,1,1,1,1,1,1,1
IMG_3737_png_jpg.rf.d887d0f7fb954e5ffde92cdbe13747be.jpg,1,1,1,1,1,1,1,1,1,1,1,1
IMG_3660_png_jpg.rf.d7b1d9e3bee18bffb527f6de2689ca27.jpg,1,1,1,1,1,1,1,1,1,1,1,1
IMG_3731_png_jpg.rf.d86333da5787b3893e7feef916069720.jpg,1,1,1,1,1,1,1,1,1,1,1,1
IMG_3017_png_jpg.rf.d8d5ba68573ef52bbd57dbb4e2d6960d.jpg,1,1,1,1,1,1,1,1,1,1,1,1
IMG_3564_png_jpg.rf.d9ae6962c5a2d4496ffc48637fcf8f9e.jpg,1,1,1,1,1,1,1,1,1,1,1,1
IMG_3702_png_jpg.rf.d7e90005dd026d98e49b8a02251fa889.jpg,1,1,1,1,1,1,1,1,1,1,1,1
IMG_3661_png_jpg.rf.d9a63591f25b5cb5c97bcac541d77931.jpg,1,1,1,1,1,1,1,1,1,1,1,1
IMG_3878_png_jpg.rf.d9c145e253b5e4c05a589babdaa4198f.jpg,1,1,1,1,1,1,1,1,1,1,1,1
IMG_3637_png_jpg.rf.d8508ca2f61f3737c03a3563bfbd250f.jpg,1,1,1,1,1,1,1,1,1,1,1,1
IMG_3695_png_jpg.rf.d92daf0c6d58c1e7ca18b0961a049b34.jpg,1,1,1,1,1,1,1,1,1,1,1,1
IMG_3726_png_jpg.rf.d8fbf724b737039bb344ce494fb23322.jpg,1,1,1,1,1,1,1,1,1,1,1,1
IMG_3878_png_jpg.rf.d9c85d12e750cbc018f45c31230590b6.jpg,1,1,1,1,1,1,1,1,1,1,1,1
IMG_3856_png_jpg.rf.d9c7c957dfe8edc75c1d634e7b0510dd.jpg,1,1,1,1,1,1,1,1,1,1,1,1
IMG_3651_png_jpg.rf.d9a6d4998029cdae87530b4554445077.jpg,1,1,1,1,1,1,1,1,1,1,1,1
IMG_3816_png_jpg.rf.d9fd836c00952300debc4fe57de30333.jpg,1,1,1,1,1,1,1,1,1,1,1,1
IMG_3719_png_jpg.rf.d948fe2f666f13ec6f5565e0ee6fa0fe.jpg,1,1,1,1,1,1,1,1,1,1,1,1
IMG_3633_png_jpg.rf.d93ba1bb21423c53d6fbe45f3138f1ac.jpg,1,1,1,1,1,1,1,1,1,1,1,1
31_jpg.rf.d9ef1eb4920079b1f691d4402b668983.jpg,1,1,1,1,1,1,1,1,1,1,1,1
IMG_3842_png_jpg.rf.d9cb784a460c9ce9dced330b97148e20.jpg,1,1,1,1,1,1,1,1,1,1,1,1
IMG_3743_png_jpg.rf.da102b45e515391d3067e1265783630c.jpg,1,1,1,1,1,1,1,1,1,1,1,1
IMG_3820_png_jpg.rf.da1fb6500b53e738dca0c72385e4e8ee.jpg,1,1,1,1,1,1,1,1,1,1,1,1
IMG_3867_png_jpg.rf.dacff85dd2444f67c2efd5c229ab8c13.jpg,1,1,1,1,1,1,1,1,1,1,1,1
IMG_3803_png_jpg.rf.da4e4e79fd1c99d6c78e8cf19267e7da.jpg,1,1,1,1,1,1,1,1,1,1,1,1
IMG_3885_png_jpg.rf.da68451f4b5bd50506193b322d9a182e.jpg,1,1,1,1,1,1,1,1,1,1,1,1
IMG_3952_png_jpg.rf.db242f8b050a1d929449f4fcfe09ffba.jpg,1,1,1,1,1,1,1,1,1,1,1,1
IMG_3687_png_jpg.rf.da3dc99a90343a4e538b8dbdac3db158.jpg,1,1,1,1,1,1,1,1,1,1,1,1
IMG_3921_png_jpg.rf.da6ccb04dbe38fe72186d80bbaeed301.jpg,1,1,1,1,1,1,1,1,1,1,1,1
4_jpg.rf.dae4e1da1bd7b72419ef02f1586c2d7e.jpg,1,1,1,1,1,1,1,1,1,1,1,1
4_jpg.rf.da77a1547935676855d39ba7aa296c28.jpg,1,1,1,1,1,1,1,1,1,1,1,1
IMG_3759_png_jpg.rf.da28b83b341aa852b2826fc2dfa8a587.jpg,1,1,1,1,1,1,1,1,1,1,1,1
IMG_3024_png_jpg.rf.db17d58d1be319657c83261c30fb0fd8.jpg,1,1,1,1,1,1,1,1,1,1,1,1
IMG_3905_png_jpg.rf.db22f54fae2ea76450f88420d5f881f9.jpg,1,1,1,1,1,1,1,1,1,1,1,1
IMG_3789_png_jpg.rf.db923c7b4c6a23d5aa821aea948dcaba.jpg,1,1,1,1,1,1,1,1,1,1,1,1
IMG_3631_png_jpg.rf.db119953e63bfefb2d2eaf33a64cf27f.jpg,1,1,1,1,1,1,1,1,1,1,1,1
IMG_3634_png_jpg.rf.dba083f089da70037e005613d2bedcdc.jpg,1,1,1,1,1,1,1,1,1,1,1,1
IMG_3742_png_jpg.rf.db217e6451e476a4017659d2de433842.jpg,1,1,1,1,1,1,1,1,1,1,1,1
21_jpg.rf.db314ceb763bcf2a3554d64634c2c8ae.jpg,1,1,1,1,1,1,1,1,1,1,1,1
IMG_3935_png_jpg.rf.dc8b2d38b34d727b9ab96c0115b8d429.jpg,1,1,1,1,1,1,1,1,1,1,1,1
IMG_3687_png_jpg.rf.dcc343a11ad0b6d7ef7419c53e2ae855.jpg,1,1,1,1,1,1,1,1,1,1,1,1
IMG_3823_png_jpg.rf.dbcf217d73d9bf38937401a828168c87.jpg,1,1,1,1,1,1,1,1,1,1,1,1
IMG_3753_png_jpg.rf.dbe2ba8f9182732333ffae74e2f54ed7.jpg,1,1,1,1,1,1,1,1,1,1,1,1
IMG_3669_png_jpg.rf.dc0f57ae6c78fc70ac6609e6fc9ffa7e.jpg,1,1,1,1,1,1,1,1,1,1,1,1
IMG_3905_png_jpg.rf.dba0febf1c725d4466a944656242ff5a.jpg,1,1,1,1,1,1,1,1,1,1,1,1
IMG_3872_png_jpg.rf.dc985016c245899fff545f1ca6f9f757.jpg,1,1,1,1,1,1,1,1,1,1,1,1
21_jpg.rf.dbc6b5c320f5a284011ae47b63e994ff.jpg,1,1,1,1,1,1,1,1,1,1,1,1
IMG_3828_png_jpg.rf.dc79ed5fddef8cfb58f1bd25bacc5764.jpg,1,1,1,1,1,1,1,1,1,1,1,1
IMG_3893_png_jpg.rf.db4c838c6e9f60c83c142b034a344e0f.jpg,1,1,1,1,1,1,1,1,1,1,1,1
IMG_3867_png_jpg.rf.db4c7658fd1ee0263cbdf18cef1efc1e.jpg,1,1,1,1,1,1,1,1,1,1,1,1
4_jpg.rf.dbebcdba1a21d150a9e212ed75acfee6.jpg,1,1,1,1,1,1,1,1,1,1,1,1
IMG_3613_png_jpg.rf.dd14d83e554ff73bb65a876d7ca4b232.jpg,1,1,1,1,1,1,1,1,1,1,1,1
IMG_3840_png_jpg.rf.dce61bf60b971ee91b56c05ed2f397bb.jpg,1,1,1,1,1,1,1,1,1,1,1,1
IMG_3569_png_jpg.rf.dce0ea5aee64d04001c9ac825771b0ca.jpg,1,1,1,1,1,1,1,1,1,1,1,1
IMG_3013_png_jpg.rf.ddb37bd0f8fc89ad0f3f15288e6a6ff1.jpg,1,1,1,1,1,1,1,1,1,1,1,1
IMG_3923_png_jpg.rf.dd2534ae93fc183e29927a17ce4d017e.jpg,1,1,1,1,1,1,1,1,1,1,1,1
IMG_3796_png_jpg.rf.ddce696b481ad0b9d2649c06f14f0415.jpg,1,1,1,1,1,1,1,1,1,1,1,1
IMG_2983_png_jpg.rf.dee107dbe3c9649fa0aa0583632d4019.jpg,1,1,1,1,1,1,1,1,1,1,1,1
IMG_3799_png_jpg.rf.de39bef4560c5b624100717d9e73ab1a.jpg,1,1,1,1,1,1,1,1,1,1,1,1
IMG_3732_png_jpg.rf.df4236bb56a3bb62f3f33a30b527eb59.jpg,1,1,1,1,1,1,1,1,1,1,1,1
IMG_3743_png_jpg.rf.dd2fc1175600f66326388f31a98b4634.jpg,1,1,1,1,1,1,1,1,1,1,1,1
IMG_3666_png_jpg.rf.ddc71b620ce796da99ca43cccbaae605.jpg,1,1,1,1,1,1,1,1,1,1,1,1
IMG_3685_png_jpg.rf.def547c31dae96d6152bb37743cf06f1.jpg,1,1,1,1,1,1,1,1,1,1,1,1
28_jpg.rf.dd37ffce96b90a473cc4c79e8fec956c.jpg,1,1,1,1,1,1,1,1,1,1,1,1
IMG_3592_png_jpg.rf.dec8825eece77fe7eb04b1a677589dac.jpg,1,1,1,1,1,1,1,1,1,1,1,1
IMG_3906_png_jpg.rf.defcd53537873acef43cab2bc594143d.jpg,1,1,1,1,1,1,1,1,1,1,1,1
32_jpg.rf.dd5d7485793c178080334bb40ec09f69.jpg,1,1,1,1,1,1,1,1,1,1,1,1
21_jpg.rf.e03256a990f3beef55df85437562dd23.jpg,1,1,1,1,1,1,1,1,1,1,1,1
IMG_3829_png_jpg.rf.dd72cb51bcb2798fdb9483aef0c99e03.jpg,1,1,1,1,1,1,1,1,1,1,1,1
30_jpg.rf.dfb72e6265b0fbbfdb2c37275c1cfdca.jpg,1,1,1,1,1,1,1,1,1,1,1,1
IMG_3027_png_jpg.rf.de8a6708c8388e622c8278938cedf46f.jpg,1,1,1,1,1,1,1,1,1,1,1,1
IMG_3601_png_jpg.rf.defe449097b8ba412a71372eceec9202.jpg,1,1,1,1,1,1,1,1,1,1,1,1
IMG_3665_png_jpg.rf.deff89affcbd1739b598aea21b0ec5d0.jpg,1,1,1,1,1,1,1,1,1,1,1,1
IMG_3841_png_jpg.rf.df93c255afdc0b10c813394224b542a6.jpg,1,1,1,1,1,1,1,1,1,1,1,1
IMG_3841_png_jpg.rf.e0431e0abdf52341e08052ad227135cc.jpg,1,1,1,1,1,1,1,1,1,1,1,1
IMG_3852_png_jpg.rf.e05b2a3364c2b0e67d75a61920509bac.jpg,1,1,1,1,1,1,1,1,1,1,1,1
IMG_3947_png_jpg.rf.e049a286d29df8ed3d7343a623ff635e.jpg,1,1,1,1,1,1,1,1,1,1,1,1
IMG_3787_png_jpg.rf.e05db56a7f979b197633975371a74b92.jpg,1,1,1,1,1,1,1,1,1,1,1,1
IMG_2991_png_jpg.rf.e0d742526127c18c8d3f81abf5fbd1bd.jpg,1,1,1,1,1,1,1,1,1,1,1,1
IMG_3947_png_jpg.rf.df9b142815f09d8330ca4e9b945be63a.jpg,1,1,1,1,1,1,1,1,1,1,1,1
IMG_3724_png_jpg.rf.e07eb4f4e75ad9bcdfcfbbfacb8a2a9b.jpg,1,1,1,1,1,1,1,1,1,1,1,1
IMG_3972_png_jpg.rf.e047d7229b2249791d5e374cc66b6dd1.jpg,1,1,1,1,1,1,1,1,1,1,1,1
IMG_3923_png_jpg.rf.e0d7a0146f45e4390b5bb0e042c8826c.jpg,1,1,1,1,1,1,1,1,1,1,1,1
IMG_3674_png_jpg.rf.e1129c8be50cc23d9a838f2e47345915.jpg,1,1,1,1,1,1,1,1,1,1,1,1
IMG_3735_png_jpg.rf.e06146550a5bdea7040445a99ff9cbed.jpg,1,1,1,1,1,1,1,1,1,1,1,1
IMG_3601_png_jpg.rf.e054f762600e909962059ceaa693ce63.jpg,1,1,1,1,1,1,1,1,1,1,1,1
IMG_3664_png_jpg.rf.e1693d9a09ad3a9fdf4f5163d0969147.jpg,1,1,1,1,1,1,1,1,1,1,1,1
IMG_3002_png_jpg.rf.e11e899056afe9a489469480e2cd63a0.jpg,1,1,1,1,1,1,1,1,1,1,1,1
IMG_3633_png_jpg.rf.e0d72b79288f44885fa52e28525e37ec.jpg,1,1,1,1,1,1,1,1,1,1,1,1
IMG_3006_png_jpg.rf.dfd0fbbc6b9d4dadeeb095181bbd00ea.jpg,1,1,1,1,1,1,1,1,1,1,1,1
IMG_3017_png_jpg.rf.e19a53587e3e544d03872e5c04084cb9.jpg,1,1,1,1,1,1,1,1,1,1,1,1
IMG_3612_png_jpg.rf.e1b5fe856df06a2836aea11f7558708b.jpg,1,1,1,1,1,1,1,1,1,1,1,1
IMG_3765_png_jpg.rf.e1550b46f14b2f78963b33c194c36020.jpg,1,1,1,1,1,1,1,1,1,1,1,1
IMG_3915_png_jpg.rf.e209ebdb7811be7154b6ce355c019b23.jpg,1,1,1,1,1,1,1,1,1,1,1,1
IMG_3007_png_jpg.rf.e3b011d340b51042355fcb252bb945ac.jpg,1,1,1,1,1,1,1,1,1,1,1,1
IMG_3800_png_jpg.rf.e2abff85a2b1882f33f89e1e584de682.jpg,1,1,1,1,1,1,1,1,1,1,1,1
IMG_3013_png_jpg.rf.e21552f76fd9d6963b4b652416deb0cf.jpg,1,1,1,1,1,1,1,1,1,1,1,1
IMG_3015_png_jpg.rf.e22752e615aaa3a4bf9f5d49fa437739.jpg,1,1,1,1,1,1,1,1,1,1,1,1
IMG_3962_png_jpg.rf.e11d9de5045fa8a54dd5cc2c61ac82a7.jpg,1,1,1,1,1,1,1,1,1,1,1,1
IMG_3850_png_jpg.rf.e3cfccccdc669fd98eee79fd42dc8568.jpg,1,1,1,1,1,1,1,1,1,1,1,1
IMG_3700_png_jpg.rf.e2a9959c693fc6f5c6b2890fadf07183.jpg,1,1,1,1,1,1,1,1,1,1,1,1
33_jpg.rf.e2160d4c6656347fa19d8405e43ed083.jpg,1,1,1,1,1,1,1,1,1,1,1,1
IMG_3592_png_jpg.rf.e42fe0cc937b30a5fb50ef777284dfb3.jpg,1,1,1,1,1,1,1,1,1,1,1,1
IMG_3563_png_jpg.rf.e2460bc2616ef0ce492eaa14efd295c2.jpg,1,1,1,1,1,1,1,1,1,1,1,1
IMG_3558_png_jpg.rf.e4dd9fcad8d97fc25b4e0825c1d480ed.jpg,1,1,1,1,1,1,1,1,1,1,1,1
IMG_3021_png_jpg.rf.e46b21daadac54d08a4f1d86858d6c9b.jpg,1,1,1,1,1,1,1,1,1,1,1,1
IMG_3808_png_jpg.rf.e44dcf22218ee06ab1f835ede47f6e0e.jpg,1,1,1,1,1,1,1,1,1,1,1,1
25_jpg.rf.e3d1fd05181d4fff17d7ae4c5ea22111.jpg,1,1,1,1,1,1,1,1,0,1,1,1
IMG_3918_png_jpg.rf.e424d44910ed5eef1f031dca72fa8d4f.jpg,1,1,1,1,1,1,1,1,1,1,1,1
IMG_3724_png_jpg.rf.e46ec66bb93c04c77d6b1971b656da09.jpg,1,1,1,1,1,1,1,1,1,1,1,1
IMG_3026_png_jpg.rf.e465cf5ed3092a5c9f2577aca169ec7a.jpg,1,1,1,1,1,1,1,1,1,1,1,1
IMG_3663_png_jpg.rf.e4f39bb8b54577d95762075269196009.jpg,1,1,1,1,1,1,1,1,1,1,1,1
IMG_3828_png_jpg.rf.e50dc698b08e9776e655ddd6b24ae19a.jpg,1,1,1,1,1,1,1,1,1,1,1,1
IMG_3569_png_jpg.rf.e4ade82e7f63b9dcddfccb92607fca89.jpg,1,1,1,1,1,1,1,1,1,1,1,1
IMG_3599_png_jpg.rf.e4634cb91d1004fd37cb615e5989f343.jpg,1,1,1,1,1,1,1,1,1,1,1,1
IMG_3867_png_jpg.rf.e20fac85e825a51b2ed3564335da450c.jpg,1,1,1,1,1,1,1,1,1,1,1,1
IMG_3695_png_jpg.rf.e52cc44df229e1f5ff48400d79e86d21.jpg,1,1,1,1,1,1,1,1,1,1,1,1
IMG_3846_png_jpg.rf.e3e78af16c2d11774af007df30c7cbf7.jpg,1,1,1,1,1,1,1,1,1,1,1,1
IMG_3580_png_jpg.rf.e4b7d2fc01f168284c3d321e9413eeec.jpg,1,1,1,1,1,1,1,1,1,1,1,1
IMG_3873_png_jpg.rf.e558a4fe9f1fdb422b04f7f563316eed.jpg,1,1,1,1,1,1,1,1,1,1,1,1
IMG_3669_png_jpg.rf.e562434cb365a8b59623e67d8b5f2776.jpg,1,1,1,1,1,1,1,1,1,1,1,1
IMG_3880_png_jpg.rf.e39cc7c893351a305f0d7eef52f8b264.jpg,1,1,1,1,1,1,1,1,1,1,1,1
10_jpg.rf.e3f5edbf2cf99a19f02c9fbf54f22ae8.jpg,1,1,1,1,1,1,1,1,1,1,1,1
27_jpg.rf.e53ae81446d2b7b8768d3407efc27ff9.jpg,1,1,1,1,1,1,1,1,1,1,1,1
IMG_3593_png_jpg.rf.e53f4e58d65d8c95c4cafc7ce438f3f0.jpg,1,1,1,1,1,1,1,1,1,1,1,1
30_jpg.rf.e53ea0098274847be30ef28d3b51ea11.jpg,1,1,1,1,1,1,1,1,1,1,1,1
IMG_3882_png_jpg.rf.e5d4bbd06f592c9a19e6e96329572dfd.jpg,1,1,1,1,1,1,1,1,1,1,1,1
IMG_3641_png_jpg.rf.e566ff258964c9f8120509cf4e5a171d.jpg,1,1,1,1,1,1,1,1,1,1,1,1
IMG_3006_png_jpg.rf.e597bf75f3ce21e705cea25efba2bf47.jpg,1,1,1,1,1,1,1,1,1,1,1,1
IMG_3949_png_jpg.rf.e59fa6c9923d9c9b25902dffcc3bd383.jpg,1,1,1,1,1,1,1,1,1,1,1,1
IMG_3713_png_jpg.rf.e60d9d1162a5effe8c71ef9b777dbc3b.jpg,1,1,1,1,1,1,1,1,1,1,1,1
IMG_3864_png_jpg.rf.e6672c54af50314ba54f01a2effa1d76.jpg,1,1,1,1,1,1,1,1,1,1,1,1
IMG_3685_png_jpg.rf.e7ff2ba98d7531c1ea6e47e77d3160fa.jpg,1,1,1,1,1,1,1,1,1,1,1,1
27_jpg.rf.e7098780dcb6e423e4985fa200bdad25.jpg,1,1,1,1,1,1,1,1,1,1,1,1
IMG_3872_png_jpg.rf.e5af4b6905e99c64a506602c2a519bb5.jpg,1,1,1,1,1,1,1,1,1,1,1,1
IMG_3846_png_jpg.rf.e5b20334dca03b22fe03159b7af9a2c5.jpg,1,1,1,1,1,1,1,1,1,1,1,1
IMG_2997_png_jpg.rf.e6dfb78cd1c126f58deb6ab1eb52fc5e.jpg,1,1,1,1,1,1,1,1,1,1,1,1
IMG_3752_png_jpg.rf.e6a55361caef4a6ecfe20a07a69cb283.jpg,1,1,1,1,1,1,1,1,1,1,1,1
IMG_3848_png_jpg.rf.e6e947c5f96a2f06cff1aa83e8823863.jpg,1,1,1,1,1,1,1,1,1,1,1,1
IMG_3962_png_jpg.rf.e70be4d5a4f497307d1763fdc5bc4fa6.jpg,1,1,1,1,1,1,1,1,1,1,1,1
IMG_3669_png_jpg.rf.e6cb5185231c81bec2966c8ba032fb95.jpg,1,1,1,1,1,1,1,1,1,1,1,1
IMG_3733_png_jpg.rf.e6af41e2125e41138e42945ddef06636.jpg,1,1,1,1,1,1,1,1,1,1,1,1
IMG_3660_png_jpg.rf.e791cd582b2a57ba44ca69ec07384d06.jpg,1,1,1,1,1,1,1,1,1,1,1,1
IMG_3898_png_jpg.rf.e622b3af452371af8fb6b5d03cfb4490.jpg,1,1,1,1,1,1,1,1,1,1,1,1
IMG_3721_png_jpg.rf.e83a1090b684e7d9f921358a24bbcf5a.jpg,1,1,1,1,1,1,1,1,1,1,1,1
IMG_3664_png_jpg.rf.e8ffc098c6cc4446a60e76fb7966f448.jpg,1,1,1,1,1,1,1,1,1,1,1,1
IMG_3974_png_jpg.rf.e71a5ce958753258320f4ce6f45ea292.jpg,1,1,1,1,1,1,1,1,1,1,1,1
IMG_3705_png_jpg.rf.e7b5cb2ad18fea243d03b9d10001d6aa.jpg,1,1,1,1,1,1,1,1,1,1,1,1
IMG_3701_png_jpg.rf.dde12228ecbb3a5942c144add54816a2.jpg,1,1,1,1,1,1,1,1,1,1,1,1
IMG_3952_png_jpg.rf.e6ef56ecc9913c4788ddc70697b72e01.jpg,1,1,1,1,1,1,1,1,1,1,1,1
IMG_3782_png_jpg.rf.e900225c58704790a533ee71e4d8d456.jpg,1,1,1,1,1,1,1,1,1,1,1,1
IMG_3618_png_jpg.rf.e843bf9bf3e9fd1a0fcd32d807a9fc87.jpg,1,1,1,1,1,1,1,1,1,1,1,1
IMG_3885_png_jpg.rf.e6f4979611b2cc92aaf89ee569d62448.jpg,1,1,1,1,1,1,1,1,1,1,1,1
IMG_3972_png_jpg.rf.e84aa0fb4fe033ead427882c0e268041.jpg,1,1,1,1,1,1,1,1,1,1,1,1
IMG_3922_png_jpg.rf.e99196afb53dc7b5ff430dbb069bfe97.jpg,1,1,1,1,1,0,1,1,1,1,1,1
IMG_3598_png_jpg.rf.e8aa397a236c4d993c2effabee7a8d2a.jpg,1,1,1,1,1,1,1,1,1,1,1,1
IMG_3935_png_jpg.rf.e8919f761ce31bf21460c5cf291b806b.jpg,1,1,1,1,1,1,1,1,1,1,1,1
IMG_3022_png_jpg.rf.e98491a169ad29d31cdbdeec7f0fd29c.jpg,1,1,1,1,1,1,1,1,1,1,1,1
IMG_3853_png_jpg.rf.e974ed25ca43295c4eeffc07d1821707.jpg,1,1,1,1,1,1,1,1,1,1,1,1
33_jpg.rf.3ef43cd8a52bdd98127f9e7af2e691ca.jpg,1,1,1,1,1,1,1,1,1,1,1,1
IMG_3771_png_jpg.rf.3f382f6b1b230c21e271d48f5277801c.jpg,1,1,1,1,1,1,1,1,1,1,1,1
IMG_3922_png_jpg.rf.3f6a4a4b344e4c50d38f47c9748e78b2.jpg,1,1,1,1,1,0,1,1,1,1,1,1
IMG_3906_png_jpg.rf.438931822338bf16e9c8653a5525a880.jpg,1,1,1,1,1,1,1,1,1,1,1,1
IMG_3754_png_jpg.rf.3fcf45976fa5708c9d70feb0d4a45454.jpg,1,1,1,1,1,1,1,1,1,1,1,1
9_jpg.rf.439d893512867672a7dd6d96c068f1af.jpg,1,1,1,1,1,1,1,1,1,1,1,1
21_jpg.rf.40ddcac64e91ec17742f64e312e5486c.jpg,1,1,1,1,1,1,1,1,1,1,1,1
IMG_3674_png_jpg.rf.43a479e36ac0e5c96ad10bb7412ae10e.jpg,1,1,1,1,1,1,1,1,1,1,1,1
IMG_3626_png_jpg.rf.43ca9c7885528a47e6586dc212a3f7c5.jpg,1,1,1,1,1,1,1,1,1,1,1,1
IMG_3880_png_jpg.rf.43ad98878f24dd4d3893b1a60c9d3501.jpg,1,1,1,1,1,1,1,1,1,1,1,1
IMG_3864_png_jpg.rf.43f1aa3e5ece32468e56f36a90dfb83b.jpg,1,1,1,1,1,1,1,1,1,1,1,1
IMG_3685_png_jpg.rf.43ca91642d52ac907b1ff34090a7e702.jpg,1,1,1,1,1,1,1,1,1,1,1,1
IMG_3879_png_jpg.rf.440108d087c1c2692ec3c063c222a1c2.jpg,1,1,1,1,1,1,1,1,1,1,1,1
IMG_3768_png_jpg.rf.43d794eece5d7b4385a0810dbc9ee5fc.jpg,1,1,1,1,1,1,1,1,1,1,1,1
IMG_3627_png_jpg.rf.44544b091289b71af0cda6f57b498ead.jpg,1,1,1,1,1,1,1,1,1,1,1,1
IMG_3921_png_jpg.rf.440a83e804a111803009eace246071a1.jpg,1,1,1,1,1,1,1,1,1,1,1,1
IMG_2984_png_jpg.rf.4409abfee5ec8378d67334a0da28ab61.jpg,1,1,1,1,1,1,1,1,1,1,1,1
IMG_3658_png_jpg.rf.445e78a0daef999abb964ad3fcb7ee9a.jpg,1,1,1,1,1,1,1,1,1,1,1,1
IMG_3816_png_jpg.rf.3fcdd4d11ec06b25eaeb45603055ab7c.jpg,1,1,1,1,1,1,1,1,1,1,1,1
IMG_3749_png_jpg.rf.4456ba2726ad0b189143ab59d2259627.jpg,1,1,1,1,1,1,1,1,1,1,1,1
IMG_3740_png_jpg.rf.3f39ed1c822738f0faacebdda26450b1.jpg,1,1,1,1,1,1,1,1,1,1,1,1
IMG_3785_png_jpg.rf.4495de5db1d98b50f5561487f7b2b3db.jpg,1,1,1,1,1,1,1,1,1,1,1,1
IMG_3642_png_jpg.rf.412bc0cafbd7ae7f44ae4d5992caaab5.jpg,1,1,1,1,1,1,1,1,1,1,1,1
IMG_3680_png_jpg.rf.40c0e092b8cac01aaf9c655edc1f249e.jpg,1,1,1,1,1,1,1,1,1,1,1,1
32_jpg.rf.44b0c7cf664b91d0a3005d3f73cf8939.jpg,1,1,1,1,1,1,1,1,1,1,1,1
IMG_3677_png_jpg.rf.44bad2dc483236dd138b3645d8554f3a.jpg,1,1,1,1,1,1,1,1,1,1,1,1
IMG_3020_png_jpg.rf.4519288e4ea3910ccf08661bac351170.jpg,1,1,1,1,1,1,1,1,1,1,1,1
IMG_3921_png_jpg.rf.450ed1f31fd97a052dc6ad50d4b5b24c.jpg,1,1,1,1,1,1,1,1,1,1,1,1
IMG_3812_png_jpg.rf.450581d3b570b6341690042b34d6ed1e.jpg,1,1,1,1,1,1,1,1,1,1,1,1
IMG_3685_png_jpg.rf.401824b8821a2fb1e2eeb6a41dda71ab.jpg,1,1,1,1,1,1,1,1,1,1,1,1
IMG_3801_png_jpg.rf.4537275a4e8475df62ec872bf16270d1.jpg,1,1,1,1,1,1,1,1,1,1,1,1
IMG_3021_png_jpg.rf.449afdec7f14e9697060a9c4ae2fb0ab.jpg,1,1,1,1,1,1,1,1,1,1,1,1
14_jpg.rf.455e38c88a0e1432ea648462be703954.jpg,1,1,1,1,1,1,1,1,1,1,1,1
IMG_3699_png_jpg.rf.417c593ca663e00be86978d2cc6f742b.jpg,1,1,1,1,1,1,1,1,1,1,1,1
IMG_3026_png_jpg.rf.45273a2ccc4a79c80ff5d99cb3e243b2.jpg,1,1,1,1,1,1,1,1,1,1,1,1
IMG_3936_png_jpg.rf.458b4cafed55fda2bddbdcb535d7cbe7.jpg,1,1,1,1,1,1,1,1,1,1,1,1
IMG_3672_png_jpg.rf.45a447d0810d67776e6d49cfb5895dfe.jpg,1,1,1,1,1,1,1,1,1,1,1,1
IMG_3918_png_jpg.rf.45638bd0e4378f1176dd6e232fd21044.jpg,1,1,1,1,1,1,1,1,1,1,1,1
IMG_3644_png_jpg.rf.457d199d730e02025073c72eb5e6b8a5.jpg,1,1,1,1,1,1,1,1,1,1,1,1
IMG_3779_png_jpg.rf.45beaf8def460d7efbb9d7375c3a7c46.jpg,1,1,1,1,1,1,1,1,1,1,1,1
IMG_3829_png_jpg.rf.456664d2e2858fa73e2a13bc6cee2a16.jpg,1,1,1,1,1,1,1,1,1,1,1,1
IMG_3562_png_jpg.rf.4613a464b272f4fd313260d6602afe0e.jpg,1,1,1,1,1,1,1,1,1,1,1,1
4_jpg.rf.460fc783d67962345f177b604e27c685.jpg,1,1,1,1,1,1,1,1,1,1,1,1
29_jpg.rf.4616a5e6e300e28e8b7cae0edccf20ca.jpg,1,1,1,1,1,1,1,1,1,1,1,1
IMG_3853_png_jpg.rf.4641177af407bd27ee427f5c37e59ca0.jpg,1,1,1,1,1,1,1,1,1,1,1,1
14_jpg.rf.4641eac76541b16e05c7ff15554b978c.jpg,1,1,1,1,1,1,1,1,1,1,1,1
IMG_3587_png_jpg.rf.470106ee031494f80837ec6260874cdb.jpg,1,1,1,1,1,1,1,1,1,1,1,1
IMG_3914_png_jpg.rf.4607a378a55f884b5d4857cbc328b750.jpg,1,1,1,1,1,1,1,1,1,1,1,1
4_jpg.rf.4642edd94decbd45d40056a92ea56d10.jpg,1,1,1,1,1,1,1,1,1,1,1,1
IMG_3679_png_jpg.rf.470b41c4f80fe8e106ac977f101f96a9.jpg,1,1,1,1,1,1,1,1,1,1,1,1
IMG_3929_png_jpg.rf.473768d9b37213891aa99c8455321fd5.jpg,1,1,1,1,1,1,1,1,1,1,1,1
IMG_3636_png_jpg.rf.4713cca3b5ca11313651434a2f247191.jpg,1,1,1,1,1,1,1,1,1,1,1,1
IMG_3800_png_jpg.rf.415488160bb322b316497cf50fad10ea.jpg,1,1,1,1,1,1,1,1,1,1,1,1
IMG_3798_png_jpg.rf.40fac35c9dde4d7a2a794963502a8ae1.jpg,1,1,1,1,1,1,1,1,1,1,1,1
IMG_3593_png_jpg.rf.476937c2f6853038284b1cf4b4471aec.jpg,1,1,1,1,1,1,1,1,1,1,1,1
IMG_3661_png_jpg.rf.473b487e6d0209df1627381afceda030.jpg,1,1,1,1,1,1,1,1,1,1,1,1
IMG_3938_png_jpg.rf.47bb03bfd64afcb4e3e7345c97ef9ae0.jpg,1,1,1,1,1,1,1,1,1,1,1,1
IMG_3846_png_jpg.rf.47cd650fce974581beee3297eb1017e5.jpg,1,1,1,1,1,1,1,1,1,1,1,1
33_jpg.rf.3f18546520d96ea98c38671285045429.jpg,1,1,1,1,1,1,1,1,1,1,1,1
IMG_3562_png_jpg.rf.46899922a957c719f936c6bc279721cd.jpg,1,1,1,1,1,1,1,1,1,1,1,1
IMG_3666_png_jpg.rf.40e563cb6af827e2908c435b063d836f.jpg,1,1,1,1,1,1,1,1,1,1,1,1
IMG_3756_png_jpg.rf.477ef723f4cdadefc3d9703ce30caea2.jpg,1,1,1,1,1,1,1,1,1,1,1,1
IMG_3882_png_jpg.rf.480a118370db4d5d65ec6b777e292d52.jpg,1,1,1,1,1,1,1,1,1,1,1,1
IMG_2981_png_jpg.rf.48df30507933ce7028096cbf386151f0.jpg,1,1,1,1,1,1,1,1,1,1,1,1
IMG_3887_png_jpg.rf.48a2b75fd05f926a9a296d5370f3c42f.jpg,1,1,1,1,1,1,1,1,1,1,1,1
IMG_3833_png_jpg.rf.48668e0618d0378544e51661eb19a05b.jpg,1,1,1,1,1,1,1,1,1,1,1,1
IMG_3734_png_jpg.rf.48d781a0c8344f030a6bbac6ae96d203.jpg,1,1,1,1,1,1,1,1,1,1,1,1
IMG_3916_png_jpg.rf.489669f9a8f814bff97cf7976a92a61a.jpg,1,1,1,1,1,1,1,1,1,1,1,1
IMG_3731_png_jpg.rf.48a6f2b6c468476ebe4154a71d5326e5.jpg,1,1,1,1,1,1,1,1,1,1,1,1
IMG_3935_png_jpg.rf.48b3aeb20e1d1608765c7450d9a7e0f7.jpg,1,1,1,1,1,1,1,1,1,1,1,1
IMG_3707_png_jpg.rf.426e943975bf0edc8913b92ec54f8945.jpg,1,1,1,1,1,1,1,1,1,1,1,1
IMG_3839_png_jpg.rf.41f95e9f9f83f7b60e78a6fedd699d3a.jpg,1,1,1,1,0,1,1,1,1,1,1,1
IMG_2988_png_jpg.rf.4942191d49d1e7923fbbf174680dc15a.jpg,1,1,1,1,1,1,1,1,1,1,1,1
IMG_3589_png_jpg.rf.493ef31a3dd9ac59a3cb01112169ed58.jpg,1,1,1,1,1,1,1,1,1,1,1,1
IMG_3013_png_jpg.rf.4356174f3e628a1ef2066b35d2dffcfd.jpg,1,1,1,1,1,1,1,1,1,1,1,1
IMG_3942_png_jpg.rf.493a96917cd1a52b05072b35a9b0d4b6.jpg,1,1,1,1,1,1,1,1,1,1,1,1
IMG_3823_png_jpg.rf.48df5aee0946b2c4453c86b0a3907464.jpg,1,1,1,1,1,1,1,1,1,1,1,1
25_jpg.rf.495b833a1f9f731ea0d974a20e8476c5.jpg,1,1,1,1,1,1,1,1,0,1,1,1
IMG_3710_png_jpg.rf.496cbba42cbaeb5592e03ba02b2a6e93.jpg,1,1,1,1,1,1,1,1,1,1,1,1
IMG_3668_png_jpg.rf.4202c4e4686d30980bab715b8fbf7a1e.jpg,1,1,1,1,1,1,1,1,1,1,1,1
IMG_3842_png_jpg.rf.49704627d82f9218e5293807d82f6d0a.jpg,1,1,1,1,1,1,1,1,1,1,1,1
23_jpg.rf.43116420361c261aded2b351479f2852.jpg,1,1,1,1,1,1,1,1,1,1,1,1
IMG_3721_png_jpg.rf.49734f4a2b498d3ae6f557925b98359e.jpg,1,1,1,1,1,1,1,1,1,1,1,1
IMG_3676_png_jpg.rf.4900417ccabf2e6e1b5e760839cac44d.jpg,1,1,1,1,1,1,1,1,1,1,1,1
IMG_3672_png_jpg.rf.4979535d91f6e1167d640349397cf0de.jpg,1,1,1,1,1,1,1,1,1,1,1,1
IMG_3879_png_jpg.rf.49c614c9a7c6c810b57f4fb9a05b701c.jpg,1,1,1,1,1,1,1,1,1,1,1,1
IMG_3765_png_jpg.rf.42bebacc397d6e3a4a933abc2a4f9c8e.jpg,1,1,1,1,1,1,1,1,1,1,1,1
IMG_3831_png_jpg.rf.42f83ccc960b4ae5a7f3ee632dfa8ff5.jpg,1,1,1,1,1,1,1,1,1,1,1,1
IMG_3771_png_jpg.rf.4a86cfb08ad7f65754627ac680980f46.jpg,1,1,1,1,1,1,1,1,1,1,1,1
IMG_2995_png_jpg.rf.4a1167eafa8b9fcb0b7fd6e7cffcbedc.jpg,1,1,1,1,1,1,1,1,1,1,1,1
IMG_3903_png_jpg.rf.4a961984d2526f5e0314aa12ee3e6a76.jpg,1,1,1,1,1,1,1,1,1,1,1,1
IMG_3906_png_jpg.rf.4a64b415f71cfeb2cf078a9349bb5006.jpg,1,1,1,1,1,1,1,1,1,1,1,1
IMG_3754_png_jpg.rf.498d944f7ed1e9a7f0ecfab6e6694219.jpg,1,1,1,1,1,1,1,1,1,1,1,1
IMG_3674_png_jpg.rf.4a3e56fa1a8f05b073d180dc503c2976.jpg,1,1,1,1,1,1,1,1,1,1,1,1
IMG_3644_png_jpg.rf.4a949442622e7ce0ecf9c4fffd4dac7b.jpg,1,1,1,1,1,1,1,1,1,1,1,1
IMG_3620_png_jpg.rf.3f9faad63551237be7243dd9733dbd45.jpg,1,1,1,1,1,1,1,1,1,1,1,1
IMG_3896_png_jpg.rf.4ad8cee90ff4348a816e7b097732fe90.jpg,1,1,1,1,1,1,1,1,1,1,1,1
IMG_3847_png_jpg.rf.4a90c605b6afa10eb6820cb1ff831d73.jpg,1,1,1,1,1,1,1,1,1,1,1,1
IMG_3972_png_jpg.rf.4ad0ba8122453a5330f4d3aff8af4eae.jpg,1,1,1,1,1,1,1,1,1,1,1,1
IMG_3846_png_jpg.rf.4ae8aa561e50f41b53386221e57a6ff6.jpg,1,1,1,1,1,1,1,1,1,1,1,1
IMG_3846_png_jpg.rf.4adfcde9601d4ffbba70b9953f347090.jpg,1,1,1,1,1,1,1,1,1,1,1,1
IMG_3867_png_jpg.rf.41dc2e5d66d45a6a9eeedf40af34b818.jpg,1,1,1,1,1,1,1,1,1,1,1,1
IMG_3893_png_jpg.rf.421303804505d6de7b4037fb299d8c37.jpg,1,1,1,1,1,1,1,1,1,1,1,1
25_jpg.rf.4ae8ab1dab4c850081291a8a3169a683.jpg,1,1,1,1,1,1,1,1,1,1,1,1
IMG_3860_png_jpg.rf.4b7ac44a135b7473e02d22eba9f2ca70.jpg,1,1,1,1,1,1,1,1,1,1,1,1
IMG_3694_png_jpg.rf.4b07a42ec84f7c099124747d451266a5.jpg,1,1,1,1,1,1,1,1,1,1,1,1
IMG_3029_png_jpg.rf.4b6a452fefd432800e33c9cf15727042.jpg,1,1,1,1,1,1,1,1,1,1,1,1
IMG_3825_png_jpg.rf.4b2374b28a5032bcd06a0c9aad5389b0.jpg,1,1,1,1,1,1,1,1,1,1,1,1
IMG_3709_png_jpg.rf.4ba2a3401e8ab81a1f25ee0688307184.jpg,1,1,1,1,1,1,1,1,1,1,1,1
IMG_3559_png_jpg.rf.4bcad0bdaef3721e08b06f809dab51cc.jpg,1,1,1,1,1,1,1,1,1,1,1,1
IMG_2981_png_jpg.rf.4b28294d6bcf7ef4b7f288af33400862.jpg,1,1,1,1,1,1,1,1,1,1,1,1
IMG_3012_png_jpg.rf.4c3a94c677d966982b60acdc85987545.jpg,1,1,1,1,1,1,1,1,1,1,1,1
29_jpg.rf.4bef098b08ee3c60235ffcfe7ac97ede.jpg,1,1,1,1,1,1,1,1,1,1,1,1
IMG_3664_png_jpg.rf.4c0e4b21d8d0fd29af3f084f3911efe9.jpg,1,1,1,1,1,1,1,1,1,1,1,1
IMG_3893_png_jpg.rf.4c696a51a3c60fe2855623675313899c.jpg,1,1,1,1,1,1,1,1,1,1,1,1
IMG_3864_png_jpg.rf.4c306ebcbbe54bb88ec0fd58dabc369d.jpg,1,1,1,1,1,1,1,1,1,1,1,1
IMG_3593_png_jpg.rf.4c7b01d14783e3c200f613d370ea09ab.jpg,1,1,1,1,1,1,1,1,1,1,1,1
IMG_3747_png_jpg.rf.4cfbefe3c71f5c2d5f2ca539f6eecbc0.jpg,1,1,1,1,1,1,1,1,1,1,1,1
IMG_3009_png_jpg.rf.4bd16519e8eee5175b3b91e4353fbba8.jpg,1,1,1,1,1,1,1,1,1,1,1,1
IMG_3961_png_jpg.rf.4becbf73cda1d66dddd5fc6a29dc88bb.jpg,1,1,1,1,1,1,1,1,1,1,1,1
IMG_3947_png_jpg.rf.4bbd797c0ce88a604796690c8b305264.jpg,1,1,1,1,1,1,1,1,1,1,1,1
IMG_3027_png_jpg.rf.4cff549f62355dbc92319d21068e9794.jpg,1,1,1,1,1,1,1,1,1,1,1,1
IMG_3727_png_jpg.rf.4b0bbbd149a62c63b34f55bc92b7124e.jpg,1,1,1,1,1,1,1,1,1,1,1,1
IMG_3730_png_jpg.rf.4d2d56c00200e2f421c32f2ee865b3ce.jpg,1,1,1,1,1,1,1,1,1,1,1,1
IMG_3652_png_jpg.rf.4ccbc7aba911a1378f60fc115e28b5e4.jpg,1,1,1,1,1,1,1,1,1,1,1,1
IMG_3743_png_jpg.rf.4d121e943ae4b59df0ad5b84be04f63d.jpg,1,1,1,1,1,1,1,1,1,1,1,1
IMG_3656_png_jpg.rf.4d338fd488067940797ab110dd723cfe.jpg,1,1,1,1,1,1,1,1,1,1,1,1
IMG_3822_png_jpg.rf.4d73b79f35e78cfa12e6d800ef4aff02.jpg,1,1,1,1,1,1,1,1,1,1,1,1
IMG_3829_png_jpg.rf.4d65e7e3b520c813d1e0f91953f59035.jpg,1,1,1,1,1,1,1,1,1,1,1,1
IMG_3961_png_jpg.rf.4d84ba7ee5c16d68e4142d397fd10812.jpg,1,1,1,1,1,1,1,1,1,1,1,1
IMG_3812_png_jpg.rf.4d437766e6e9d73ce7419f10dead6578.jpg,1,1,1,1,1,1,1,1,1,1,1,1
IMG_3014_png_jpg.rf.4e17742720fccdfff22c8e302b966e99.jpg,1,1,1,1,1,1,1,1,1,1,1,1
IMG_3763_png_jpg.rf.4db41e0fb944baaea3f489f9ac1dacec.jpg,1,1,1,1,1,1,1,1,1,1,1,1
IMG_3884_png_jpg.rf.4d589980fff8ecd125635024c832a7be.jpg,1,1,1,1,1,1,1,1,1,1,1,1
IMG_3721_png_jpg.rf.4e0da855f8ee42d27f75f8438670645b.jpg,1,1,1,1,1,1,1,1,1,1,1,1
IMG_3787_png_jpg.rf.4dd2b9c4bb180b3368fccef6f804e434.jpg,1,1,1,1,1,1,1,1,1,1,1,1
IMG_3947_png_jpg.rf.4e22fa170873260544e7a1f7a159761f.jpg,1,1,1,1,1,1,1,1,1,1,1,1
IMG_3919_png_jpg.rf.4e2a05f5e24bc527c9cd21ac2c2a82b1.jpg,1,1,1,1,1,1,1,1,1,1,1,1
IMG_3732_png_jpg.rf.4d54b464d9521d923dd11eae0593328c.jpg,1,1,1,1,1,1,1,1,1,1,1,1
IMG_3817_png_jpg.rf.4dd789a6e2eff5a04d9a8429b4c5d156.jpg,1,1,1,1,1,1,1,1,1,1,1,1
IMG_3686_png_jpg.rf.4e32defa6bcc868da298e585f74275d7.jpg,1,1,1,1,1,1,1,1,1,1,1,1
IMG_3681_png_jpg.rf.4f4fd8b5e3e3da7f86a08ebcd2d3bc23.jpg,1,1,1,1,1,1,1,1,1,1,1,1
IMG_3003_png_jpg.rf.4ebd08b566cca9bbdfbf6ed3172ec0a6.jpg,1,1,1,1,1,1,1,1,1,1,1,1
IMG_3772_png_jpg.rf.4eef1fbc4de4537924c5627965576565.jpg,1,1,1,1,1,1,1,1,1,1,1,1
IMG_3658_png_jpg.rf.4e416164332ad2cde9e9f03c960e038e.jpg,1,1,1,1,1,1,1,1,1,1,1,1
IMG_3740_png_jpg.rf.4fa0765b72c63895d522fae213f46d4b.jpg,1,1,1,1,1,1,1,1,1,1,1,1
IMG_2978_png_jpg.rf.4d9b5fb49987bc9a3a26a33637426ef0.jpg,1,1,1,1,1,1,1,1,1,1,1,1
IMG_3761_png_jpg.rf.4f9afc0d01e20dbdd7c147eb489da02c.jpg,1,1,1,1,1,1,1,1,1,1,1,1
14_jpg.rf.503b4da64aa0f09ac5d6423b575f5aa7.jpg,1,1,1,1,1,1,1,1,1,1,1,1
IMG_3029_png_jpg.rf.4f60fe02f1fa7130d158c91edf1d515a.jpg,1,1,1,1,1,1,1,1,1,1,1,1
IMG_3957_png_jpg.rf.4f5b26313eb7d92d7a98754cf3e97e7e.jpg,1,1,1,1,1,1,1,1,1,1,1,1
IMG_3950_png_jpg.rf.4fe3ade7335c339481bcc67a405bdf02.jpg,1,1,1,1,1,1,1,1,1,1,1,1
IMG_3684_png_jpg.rf.5007fb8fb5c709baf1fc732e3a8b02eb.jpg,1,1,1,1,1,1,1,1,0,1,1,1
IMG_3618_png_jpg.rf.4f3db3b146365fc4b8a7e06728ee695d.jpg,1,1,1,1,1,1,1,1,1,1,1,1
28_jpg.rf.50ec1cc0d311fb6f47dbeff2fe3f5da9.jpg,1,1,1,1,1,1,1,1,1,1,1,1
IMG_3757_png_jpg.rf.4fcffa481028fcf895237c737c307707.jpg,1,1,1,1,1,1,1,1,1,1,1,1
IMG_3561_png_jpg.rf.506f22069aedda9cf4ba56d442808f23.jpg,1,1,1,1,1,1,1,1,1,1,1,1
16_png_jpg.rf.507835afe6c6234d87295e291d3632e3.jpg,1,1,1,1,1,1,1,1,1,1,1,1
IMG_3896_png_jpg.rf.4f6efd3f801ea0988662278899a11743.jpg,1,1,1,1,1,1,1,1,1,1,1,1
IMG_3934_png_jpg.rf.5019cf5a83edd303e6302545623cf729.jpg,1,1,1,1,1,1,1,1,1,1,1,1
IMG_3952_png_jpg.rf.4f78955bf707ad8bd1e19250c5b69782.jpg,1,1,1,1,1,1,1,1,1,1,1,1
IMG_3615_png_jpg.rf.512a868984f1af982dea5967323de5c9.jpg,1,1,1,1,1,1,1,1,1,1,1,1
IMG_3782_png_jpg.rf.510af8f974ba548ad37deb0dda7541ab.jpg,1,1,1,1,1,1,1,1,1,1,1,1
21_jpg.rf.511f8cc991c964c3ef07fde4e756617c.jpg,1,1,1,1,1,1,1,1,1,1,1,1
IMG_3668_png_jpg.rf.516c92d0174e807260c55c1da5620873.jpg,1,1,1,1,1,1,1,1,1,1,1,1
IMG_3812_png_jpg.rf.51f425a3b8e270916389ffb0732356f9.jpg,1,1,1,1,1,1,1,1,1,1,1,1
IMG_3742_png_jpg.rf.514f7f7250b9dbcc49c9c10e2e5bb7e1.jpg,1,1,1,1,1,1,1,1,1,1,1,1
IMG_3840_png_jpg.rf.52a763a326a625c5ea7c38cec9aba7fa.jpg,1,1,1,1,1,1,1,1,1,1,1,1
IMG_3868_png_jpg.rf.512dd60f9a51035ea3766fc958b82552.jpg,1,1,1,1,1,1,1,1,1,1,1,1
IMG_3723_png_jpg.rf.52aa093a4c905ff6470ff0c8ae2d70d9.jpg,1,1,1,1,1,1,1,1,1,1,1,1
IMG_3611_png_jpg.rf.520c2e9d6a49ac39984543f7e244b5e7.jpg,1,1,1,1,1,1,1,1,1,1,1,1
IMG_3822_png_jpg.rf.4f6cb088a32b621966351be78a210359.jpg,1,1,1,1,1,1,1,1,1,1,1,1
10_jpg.rf.520a99fea29cd241c81b4f2f1ea650e1.jpg,1,1,1,1,1,1,1,1,1,1,1,1
IMG_3660_png_jpg.rf.5330b3ad91c11c835404e8541497718e.jpg,1,1,1,1,1,1,1,1,1,1,1,1
IMG_3803_png_jpg.rf.52b5987e13ca6321c1d0476d21c5a2bf.jpg,1,1,1,1,1,1,1,1,1,1,1,1
IMG_3659_png_jpg.rf.52fa54d12e16fee27fcbb10e4f8704c6.jpg,1,1,1,1,1,1,1,1,1,1,1,1
IMG_3009_png_jpg.rf.52b94f038091aaeb071d077832fd50e0.jpg,1,1,1,1,1,1,1,1,1,1,1,1
IMG_3568_png_jpg.rf.5354e67b167554025d21fa34646b54b1.jpg,1,1,1,1,1,1,1,1,1,1,1,1
IMG_3568_png_jpg.rf.53035fe1139ea4e0eb1a5448cf9b217d.jpg,1,1,1,1,1,1,1,1,1,1,1,1
10_jpg.rf.5305be324fdbf34a4cd7a3015186a3d9.jpg,1,1,1,1,1,1,1,1,1,1,1,1
IMG_3684_png_jpg.rf.54681131b16b09981089480702b81bee.jpg,1,1,1,1,1,1,1,1,0,1,1,1
IMG_3909_png_jpg.rf.5350880b6512e79ccaff1c3fc7981fdd.jpg,1,1,1,1,1,1,1,1,1,1,1,1
IMG_3903_png_jpg.rf.5333e51996ec0d85cfe067773cba0a0e.jpg,1,1,1,1,1,1,1,1,1,1,1,1
IMG_3572_png_jpg.rf.5337ebdcfd96ee5be71f5196c5b706f8.jpg,1,1,1,1,1,1,1,1,1,1,1,1
IMG_3880_png_jpg.rf.538c07418fd850558a8f8483bf3e1423.jpg,1,1,1,1,1,1,1,1,1,1,1,1
IMG_3916_png_jpg.rf.5320151db49cef3468e8e35bc03e3af9.jpg,1,1,1,1,1,1,1,1,1,1,1,1
IMG_3646_png_jpg.rf.5418186dadc5616464901007b7379b8d.jpg,1,1,1,1,1,1,1,1,1,1,1,1
IMG_3663_png_jpg.rf.53597eadb99d90a948803551c4a7cbbf.jpg,1,1,1,1,1,1,1,1,1,1,1,1
IMG_3775_png_jpg.rf.541358d31d792a1ac5d0a865fca61f68.jpg,1,1,1,1,1,1,1,1,1,1,1,1
IMG_3680_png_jpg.rf.554ae3def897db0be34a0938cd47b0a9.jpg,1,1,1,1,1,1,1,1,1,1,1,1
IMG_3724_png_jpg.rf.5377469e368fa9183bf94ad0df66807c.jpg,1,1,1,1,1,1,1,1,1,1,1,1
IMG_3592_png_jpg.rf.54e07519d52c9a60b1184938c4917c58.jpg,1,1,1,1,1,1,1,1,1,1,1,1
IMG_3781_png_jpg.rf.54ba20cae025f3a5322835b29132f69e.jpg,1,1,1,1,1,1,1,1,1,1,1,1
IMG_3848_png_jpg.rf.5336ac20c3edaca43957a20b9df71395.jpg,1,1,1,1,1,1,1,1,1,1,1,1
IMG_3894_png_jpg.rf.54791d818fd2b8cb549a3dda8b8cd311.jpg,1,1,1,1,1,1,1,1,1,1,1,1
IMG_3679_png_jpg.rf.55549338adc5e47235b81eed2648c852.jpg,1,1,1,1,1,1,1,1,1,1,1,1
IMG_3822_png_jpg.rf.54f9f53e61f6af9b4483ffef98692af8.jpg,1,1,1,1,1,1,1,1,1,1,1,1
IMG_3800_png_jpg.rf.55743ab03ce2fe1d63d282cbde530fff.jpg,1,1,1,1,1,1,1,1,1,1,1,1
IMG_3801_png_jpg.rf.540d32b2d78a27cbf03f2452fb6aa2eb.jpg,1,1,1,1,1,1,1,1,1,1,1,1
IMG_3796_png_jpg.rf.54a5f2096406715a781fe6dbd6214351.jpg,1,1,1,1,1,1,1,1,1,1,1,1
IMG_3700_png_jpg.rf.55bf97a9c5bd8a554535d1bd32ebe418.jpg,1,1,1,1,1,1,1,1,1,1,1,1
IMG_2981_png_jpg.rf.55b67f224c78949fed4f9420559bd4f9.jpg,1,1,1,1,1,1,1,1,1,1,1,1
IMG_3017_png_jpg.rf.568d2423e3e4fe5cb77e4873c4f3e51b.jpg,1,1,1,1,1,1,1,1,1,1,1,1
IMG_3691_png_jpg.rf.57111a147c7cf788b7227a8f621496ae.jpg,1,1,1,1,1,1,1,1,1,1,1,1
IMG_3693_png_jpg.rf.56028104049b8b22bdc7588b21e9bd66.jpg,1,1,1,1,1,1,1,1,1,1,1,1
IMG_3734_png_jpg.rf.569df5774a2bed74297cf35c3b5befb2.jpg,1,1,1,1,1,1,1,1,1,1,1,1
IMG_2998_png_jpg.rf.56d24ce124063b495bfd0161ed63c452.jpg,1,1,1,1,1,1,1,1,1,1,1,1
IMG_3598_png_jpg.rf.5783d2ace811ab073f3b4e2b92bc99d8.jpg,1,1,1,1,1,1,1,1,1,1,1,1
IMG_3613_png_jpg.rf.57fad25842e09ea466809bd8a3278c61.jpg,1,1,1,1,1,1,1,1,1,1,1,1
IMG_3775_png_jpg.rf.56bfa8fe395ad1b8c1aa9c9b241ef72d.jpg,1,1,1,1,1,1,1,1,1,1,1,1
IMG_3010_png_jpg.rf.578c65499492110b083016ecb1284905.jpg,1,1,1,1,1,1,1,1,1,1,1,1
IMG_3606_png_jpg.rf.56cc910a6e8b57e1c70b4dc0b3ba15b6.jpg,1,1,1,1,1,1,1,1,1,1,1,1
IMG_3009_png_jpg.rf.56e8e43b54fe08dd5c475f92475bc62d.jpg,1,1,1,1,1,1,1,1,1,1,1,1
IMG_3558_png_jpg.rf.5826a538cafb024a8c8643c9eef476e4.jpg,1,1,1,1,1,1,1,1,1,1,1,1
21_jpg.rf.56b80d41184142f036cac1d875f31350.jpg,1,1,1,1,1,1,1,1,1,1,1,1
IMG_3934_png_jpg.rf.58d76b352425edff57889ada65bda1ed.jpg,1,1,1,1,1,1,1,1,1,1,1,1
IMG_3879_png_jpg.rf.58cd1cfcc40ceb4c2bc8ef4857ebfad4.jpg,1,1,1,1,1,1,1,1,1,1,1,1
IMG_3584_png_jpg.rf.57c9c98e54ee710874cf42e92430b984.jpg,1,1,1,1,1,1,1,1,1,1,1,1
IMG_3879_png_jpg.rf.5881d4719a921570077d401270fb4f43.jpg,1,1,1,1,1,1,1,1,1,1,1,1
IMG_3787_png_jpg.rf.57673c246283d8b3e77bac542ba31532.jpg,1,1,1,1,1,1,1,1,1,1,1,1
IMG_3574_png_jpg.rf.57b33a419d6edd29c661436e530d53b5.jpg,1,1,1,1,1,1,1,1,1,1,1,1
IMG_3797_png_jpg.rf.592fb841ab962c33879c9d70a8807236.jpg,1,1,1,1,1,1,1,1,1,1,1,1
27_jpg.rf.58c16bcd0b3893b11cbd322097487cae.jpg,1,1,1,1,1,1,1,1,1,1,1,1
IMG_3595_png_jpg.rf.583e61dba7ce94dcf20040b1864e07ba.jpg,1,1,1,1,1,1,1,1,1,1,1,1
IMG_3787_png_jpg.rf.591c2be9e1d51759edfbd55ef0acd44b.jpg,1,1,1,1,1,1,1,1,1,1,1,1
IMG_3030_png_jpg.rf.59cc1d19814a01751b95db4f879cfe6a.jpg,1,1,1,1,1,1,1,1,1,1,1,1
IMG_3870_png_jpg.rf.563d3f0bfb3181bad13c1b5715c45656.jpg,1,1,1,1,1,1,1,1,1,1,1,1
IMG_3922_png_jpg.rf.5950c932d3eeabef5e25df3b4329a609.jpg,1,1,1,1,1,0,1,1,1,1,1,1
IMG_3864_png_jpg.rf.5968c3f42ac1c1f72aa6aabfd74d33f7.jpg,1,1,1,1,1,1,1,1,1,1,1,1
IMG_3848_png_jpg.rf.59c459de8601d4fba74aefbd2c97973e.jpg,1,1,1,1,1,1,1,1,1,1,1,1
IMG_3768_png_jpg.rf.59efd04789a6628b4a11d383f191b525.jpg,1,1,1,1,1,1,1,1,1,1,1,1
IMG_3710_png_jpg.rf.5969c55ba670f0c74db910758aa23d36.jpg,1,1,1,1,1,1,1,1,1,1,1,1
21_jpg.rf.5a05bcfdc172c10adc6faeb2730c80c0.jpg,1,1,1,1,1,1,1,1,1,1,1,1
IMG_3030_png_jpg.rf.593f150edc8dc46665b73198e0343a0c.jpg,1,1,1,1,1,1,1,1,1,1,1,1
IMG_3754_png_jpg.rf.5a4d14ce025f91f0f54229add7fde3e8.jpg,1,1,1,1,1,1,1,1,1,1,1,1
4_jpg.rf.5a22dfa45582b410e88ccd7d70568db8.jpg,1,1,1,1,1,1,1,1,1,1,1,1
IMG_3714_png_jpg.rf.5a167ff06d17a4b1a3e7663d90b9ea57.jpg,1,1,1,1,1,1,1,1,1,1,1,1
IMG_3868_png_jpg.rf.5ad57fe76736d83524c9c73722bbe158.jpg,1,1,1,1,1,1,1,1,1,1,1,1
IMG_3595_png_jpg.rf.5bc5f5465691044fe36cf66323310337.jpg,1,1,1,1,1,1,1,1,1,1,1,1
IMG_3684_png_jpg.rf.5b1b23c2c84f758709c87d82ad785e9a.jpg,1,1,1,1,1,1,1,1,0,1,1,1
IMG_3583_png_jpg.rf.5b5edb66a96598cfa17277ccb7b86750.jpg,1,1,1,1,1,1,1,1,1,1,1,1
IMG_3781_png_jpg.rf.5afaf97ffc839b895df1780145ae7e96.jpg,1,1,1,1,1,1,1,1,1,1,1,1
IMG_3884_png_jpg.rf.5a263e0b3305b1df467fc7a57441915d.jpg,1,1,1,1,1,1,1,1,1,1,1,1
IMG_3590_png_jpg.rf.5ad3bb60e3d12786673dab352b0a1bfd.jpg,1,1,1,1,1,1,1,1,1,1,1,1
IMG_2987_png_jpg.rf.5a7e8de588080c70d61a449d471e24ef.jpg,1,1,1,1,1,1,1,1,1,1,1,1
IMG_3797_png_jpg.rf.5a630c74d2209a8be38361c4e1f2defd.jpg,1,1,1,1,1,1,1,1,1,1,1,1
IMG_3733_png_jpg.rf.5ac4eef25497d2f1ba451a6d4b70c4f3.jpg,1,1,1,1,1,1,1,1,1,1,1,1
IMG_3754_png_jpg.rf.5b92041ab47165b7f61d36bc30ef3b63.jpg,1,1,1,1,1,1,1,1,1,1,1,1
IMG_3756_png_jpg.rf.5c1cee31c54af01f80b663f2fcfe6571.jpg,1,1,1,1,1,1,1,1,1,1,1,1
30_jpg.rf.5ae7986f0ed32025c109b96bacbdfceb.jpg,1,1,1,1,1,1,1,1,1,1,1,1
IMG_2998_png_jpg.rf.5c31d51c8aeb162b3af36a616963ae50.jpg,1,1,1,1,1,1,1,1,1,1,1,1
IMG_2991_png_jpg.rf.5ada908d2fcd92bd0d3cfa78ac5f3114.jpg,1,1,1,1,1,1,1,1,1,1,1,1
IMG_2995_png_jpg.rf.5b7f7bbecf65e337e4dcebc224e1096b.jpg,1,1,1,1,1,1,1,1,1,1,1,1
IMG_3758_png_jpg.rf.5bfaa01664f98cfb90bbcf3a80af8640.jpg,1,1,1,1,1,1,1,1,1,1,1,1
IMG_3825_png_jpg.rf.5b1868d439cc3a4d13fa1f249b89052b.jpg,1,1,1,1,1,1,1,1,1,1,1,1
IMG_3809_png_jpg.rf.5af623bc75fe5ca6997002b397cefc4e.jpg,1,1,1,1,1,1,1,1,1,1,1,1
IMG_3799_png_jpg.rf.5c1433c43d6440e243c63977ed799ae6.jpg,1,1,1,1,1,1,1,1,1,1,1,1
IMG_3899_png_jpg.rf.5c361a3970a9da74a3d6ac06fb812f7a.jpg,1,1,1,1,1,1,1,1,1,1,1,1
IMG_3613_png_jpg.rf.5baeeb04ca699605ab0d007a7e490160.jpg,1,1,1,1,1,1,1,1,1,1,1,1
IMG_3882_png_jpg.rf.5c45864b97780fdb6d83d106b2cca10a.jpg,1,1,1,1,1,1,1,1,1,1,1,1
IMG_3827_png_jpg.rf.5b9b6808a033132043093071bf174a50.jpg,1,1,1,1,1,1,1,1,1,1,1,1
23_jpg.rf.5c4a9ca926fae00a05065a4c19078fa0.jpg,1,1,1,1,1,1,1,1,1,1,1,1
IMG_3602_png_jpg.rf.5a872f3552109959e1c8f42bcdcd74da.jpg,1,1,1,1,1,1,1,1,1,1,1,1
IMG_3817_png_jpg.rf.5cd7df62fbda276372478ea10aa55c5b.jpg,1,1,1,1,1,1,1,1,1,1,1,1
IMG_3570_png_jpg.rf.5c28632e546f637023b6c5404f5d4daf.jpg,1,1,1,1,1,1,1,1,1,1,1,1
IMG_2987_png_jpg.rf.5ca92bbc11bdd66fcfba6b37297c0005.jpg,1,1,1,1,1,1,1,1,1,1,1,1
IMG_3871_png_jpg.rf.5d51664e289cd22f1c93cce83b218ab2.jpg,1,1,1,1,1,1,1,1,1,1,1,1
IMG_3872_png_jpg.rf.5d6d2f54ff29c01b94e1fcfdaa4f58df.jpg,1,1,1,1,1,1,1,1,1,1,1,1
IMG_3681_png_jpg.rf.5d9dd7f349c0d4e081b83ba3d7213dd8.jpg,1,1,1,1,1,1,1,1,1,1,1,1
IMG_3701_png_jpg.rf.5cf6815e020d0a7f4ba846ac847292b4.jpg,1,1,1,1,1,1,1,1,1,1,1,1
IMG_3703_png_jpg.rf.5fbdc0ae5b4395159c54b06f9f8ba873.jpg,1,1,1,1,1,1,1,1,1,1,1,1
IMG_3693_png_jpg.rf.5ebb0a63aaffea222b7d6bead2c88d07.jpg,1,1,1,1,1,1,1,1,1,1,1,1
IMG_3918_png_jpg.rf.5ec482c6d7c68d3030847d25a182ec20.jpg,1,1,1,1,1,1,1,1,1,1,1,1
IMG_2998_png_jpg.rf.5f2fc6f52f2382878aaae3bd6ddc6915.jpg,1,1,1,1,1,1,1,1,1,1,1,1
IMG_3970_png_jpg.rf.5e1cfff3e451af7b2a58b9306b3626f8.jpg,1,1,1,1,1,1,1,1,1,1,1,1
25_jpg.rf.5da54908b57c148e3af8fa474b67da68.jpg,1,1,1,1,1,1,1,1,0,1,1,1
IMG_3915_png_jpg.rf.5e7811ed14ca1fd33e9e1017a396799f.jpg,1,1,1,1,1,1,1,1,1,1,1,1
IMG_3015_png_jpg.rf.5dda51fae408d8a05511eae39aec0b6c.jpg,1,1,1,1,1,1,1,1,1,1,1,1
IMG_3665_png_jpg.rf.5e9f49de100e12b75c6cee6d631566e0.jpg,1,1,1,1,1,1,1,1,1,1,1,1
IMG_3878_png_jpg.rf.5ee5cff36ecc7efc471f8f55961f094d.jpg,1,1,1,1,1,1,1,1,1,1,1,1
IMG_3680_png_jpg.rf.5f96dd66579a81c552a51ec162d60408.jpg,1,1,1,1,1,1,1,1,1,1,1,1
IMG_3592_png_jpg.rf.5e5506248213dadcd02e4be67f5b1cfa.jpg,1,1,1,1,1,1,1,1,1,1,1,1
IMG_3902_png_jpg.rf.5d1b13cf0ba219948a589d21e84f26f6.jpg,1,1,1,1,1,1,1,1,1,1,1,1
IMG_3584_png_jpg.rf.5fd5b7efdfb8a2eaf936953d3eb44493.jpg,1,1,1,1,1,1,1,1,1,1,1,1
25_jpg.rf.5da081ac81fb9c57192fb40c9ba98791.jpg,1,1,1,1,1,1,1,1,0,1,1,1
IMG_3705_png_jpg.rf.5fc56382efe6d3065fceb9a0c3044963.jpg,1,1,1,1,1,1,1,1,1,1,1,1
IMG_3765_png_jpg.rf.5fc116ecdf423f7b8eb1c14fa2601e25.jpg,1,1,1,1,1,1,1,1,1,1,1,1
IMG_3936_png_jpg.rf.5fef4d19263a3d142e53bbc052665383.jpg,1,1,1,1,1,1,1,1,1,1,1,1
IMG_3731_png_jpg.rf.5ef1651c7df68f9969e1fabd170ff8fa.jpg,1,1,1,1,1,1,1,1,1,1,1,1
IMG_3840_png_jpg.rf.6036dd1ae7e18a722e3e2cce8e150a2e.jpg,1,1,1,1,1,1,1,1,1,1,1,1
IMG_3686_png_jpg.rf.60585c7cc16163a90c101cc7a08b0e7f.jpg,1,1,1,1,1,1,1,1,1,1,1,1
IMG_3003_png_jpg.rf.6062870e3d3574e49613d8e718bb13a3.jpg,1,1,1,1,1,1,1,1,1,1,1,1
IMG_3632_png_jpg.rf.6091ca728ddd6c795ffc4ed681cbb852.jpg,1,1,1,1,1,1,1,1,1,1,1,1
IMG_3571_png_jpg.rf.6072d253865ec0839aabfad74f8db935.jpg,1,1,1,1,1,1,1,1,1,1,1,1
IMG_3798_png_jpg.rf.60678afae2d8249cb34b1c383f9f2b1e.jpg,1,1,1,1,1,1,1,1,1,1,1,1
IMG_3756_png_jpg.rf.60c73047f49e72919e2979e71304bc52.jpg,1,1,1,1,1,1,1,1,1,1,1,1
IMG_3775_png_jpg.rf.5cad505d05edee5f5b5493cdbb088fcc.jpg,1,1,1,1,1,1,1,1,1,1,1,1
IMG_3915_png_jpg.rf.60af8dea9b0696fb2e7c41bc123f24de.jpg,1,1,1,1,1,1,1,1,1,1,1,1
21_jpg.rf.60f5de66477fd91506b0eb93abc43a64.jpg,1,1,1,1,1,1,1,1,1,1,1,1
IMG_3828_png_jpg.rf.6113b953c66168bae6b127b9749fa139.jpg,1,1,1,1,1,1,1,1,1,1,1,1
IMG_3714_png_jpg.rf.60f7a0d226784d45b4db53b6edcda1d7.jpg,1,1,1,1,1,1,1,1,1,1,1,1
IMG_3884_png_jpg.rf.60e140239c1ffc46980b4c0c3eb7a938.jpg,1,1,1,1,1,1,1,1,1,1,1,1
IMG_3581_png_jpg.rf.60e0e64aec3c054f0b8c731aa898e600.jpg,1,1,1,1,1,1,1,1,1,1,1,1
IMG_3676_png_jpg.rf.60dae0591a919d847a99084669777291.jpg,1,1,1,1,1,1,1,1,1,1,1,1
IMG_3938_png_jpg.rf.610a9e5f6a5cb294770a1dddf0ad6fda.jpg,1,1,1,1,1,1,1,1,1,1,1,1
IMG_3606_png_jpg.rf.61b9dff290ff02515319f9c7968a81c9.jpg,1,1,1,1,1,1,1,1,1,1,1,1
IMG_3812_png_jpg.rf.61446f33edf8ad39a7590447fc8e8c65.jpg,1,1,1,1,1,1,1,1,1,1,1,1
IMG_3705_png_jpg.rf.6135b63adc2e6df91cc4bd298e86804a.jpg,1,1,1,1,1,1,1,1,1,1,1,1
25_jpg.rf.61afe8b3789327abf3ca7458d07a2901.jpg,1,1,1,1,1,1,1,1,1,1,1,1
IMG_3663_png_jpg.rf.614748308efdc1bced34a1d3b425ac3a.jpg,1,1,1,1,1,1,1,1,1,1,1,1
14_jpg.rf.618aa1b661f190393f3a7d4566e041f8.jpg,1,1,1,1,1,1,1,1,1,1,1,1
IMG_3934_png_jpg.rf.6145bf25966b4b58b299eff7477f4c63.jpg,1,1,1,1,1,1,1,1,1,1,1,1
IMG_3749_png_jpg.rf.61924fa4a9fb4fd0958c09322be692eb.jpg,1,1,1,1,1,1,1,1,1,1,1,1
IMG_3012_png_jpg.rf.60e79d442db63832a1fc5ac50c9ed4d1.jpg,1,1,1,1,1,1,1,1,1,1,1,1
IMG_3707_png_jpg.rf.6156e1ff5d575fed2c067156902eeb27.jpg,1,1,1,1,1,1,1,1,1,1,1,1
IMG_3599_png_jpg.rf.60b5e994d00f1be027ac128ec57a7470.jpg,1,1,1,1,1,1,1,1,1,1,1,1
IMG_3002_png_jpg.rf.61372ff0316eb52c9e407913b0d97d73.jpg,1,1,1,1,1,1,1,1,1,1,1,1
IMG_3028_png_jpg.rf.5f102cee0bbb7f2af8653c69db56f1e4.jpg,1,1,1,1,1,1,1,1,1,1,1,1