filename,split,R_mean,G_mean,B_mean,R_std,G_std,B_std,H_mean,S_mean,V_mean,H_std,S_std,V_std,Bilirubin,Blood,Glucose,Ketone,Leukocytes,Nitrite,Protein,SpGravity,Urobilinogen,pH
IMG_3750_png_jpg.rf.e9fa1e91094dda7ebadc097f0a301ca0.jpg,train,162.4318084716797,143.1066131591797,124.29592895507812,64.02737426757812,74.75094604492188,76.37823486328125,20.043411254882812,78.26400756835938,162.64590454101562,21.844600677490234,53.65029525756836,64.23164367675781,1,1,1,1,1,1,1,1,1,1
IMG_3833_png_jpg.rf.ea2afcb03156f7f09dc28051c3e7cd26.jpg,train,108.04727172851562,104.31465148925781,81.51123046875,59.252437591552734,58.79846954345703,55.88044738769531,34.60566711425781,79.10772705078125,111.45748901367188,30.16573715209961,71.06773376464844,60.50755310058594,1,1,1,1,1,1,1,1,1,1
IMG_3021_png_jpg.rf.ea2d6dd6b70396b1abdeb0d54f34fa4f.jpg,train,126.07341003417969,123.32917785644531,119.63943481445312,42.6196403503418,43.946598052978516,43.50404739379883,23.770782470703125,15.327835083007812,126.23336791992188,29.161399841308594,10.495083808898926,42.81105422973633,1,1,1,1,1,1,1,1,1,1
IMG_3707_png_jpg.rf.e9cbcf730c295afbb18f4ecdeae2426d.jpg,train,124.10995483398438,118.72537231445312,98.97164916992188,67.25883483886719,60.8474235534668,50.513763427734375,47.78120422363281,53.831085205078125,127.51531982421875,38.99576187133789,59.35622787475586,66.39482116699219,1,1,1,1,1,1,1,1,1,1
IMG_3860_png_jpg.rf.ea359bdd0e018ba329eb1a4f888dc6d8.jpg,train,146.76092529296875,136.7058563232422,102.552490234375,60.584903717041016,60.240753173828125,58.78279495239258,28.519454956054688,89.58543395996094,147.4226837158203,25.425153732299805,36.79410171508789,61.23573303222656,1,1,1,1,1,1,1,1,1,1
IMG_3653_png_jpg.rf.ec866832e462c237604cd4195a1453e7.jpg,train,191.13600158691406,167.54898071289062,152.81175231933594,67.19407653808594,64.53026580810547,61.37202453613281,21.810256958007812,58.71888732910156,192.0288543701172,33.57168960571289,29.946718215942383,66.26228332519531,1,1,1,1,1,1,1,1,1,1
IMG_3713_png_jpg.rf.ed359a9e53b2db6adb9b2ac32729cdf6.jpg,train,116.02366638183594,102.443603515625,85.99089050292969,72.19999694824219,67.075927734375,69.88416290283203,36.53802490234375,110.72186279296875,124.15650939941406,40.334495544433594,75.74137878417969,68.36072540283203,1,1,1,1,1,1,1,1,1,1
IMG_3775_png_jpg.rf.ed7b641085a5e072d8089ac59af431ba.jpg,train,167.54849243164062,162.57688903808594,152.61521911621094,62.48237991333008,62.224937438964844,59.79566192626953,22.983657836914062,24.575103759765625,167.87203979492188,21.899202346801758,15.983501434326172,62.68338394165039,1,1,1,1,1,1,1,1,1,1
IMG_2987_png_jpg.rf.ed964f985c9805dcb26d8799125d75ab.jpg,train,68.41799926757812,64.88218688964844,64.29866027832031,64.08975219726562,70.57276916503906,76.00479125976562,49.566802978515625,134.81712341308594,75.20794677734375,51.545623779296875,99.7681655883789,72.1961898803711,1,1,1,1,1,1,1,1,1,1
IMG_3611_png_jpg.rf.ea812124d96a6dd719c1280b362a1914.jpg,train,200.38543701171875,192.46688842773438,187.475830078125,67.16158294677734,69.50715637207031,71.06089782714844,22.347366333007812,29.742919921875,203.62791442871094,35.47541046142578,36.30861282348633,63.65842819213867,1,1,1,1,1,1,1,1,1,1
IMG_3022_png_jpg.rf.ea38dbc15448b13181e9b25e1e4eeeca.jpg,train,80.31414794921875,81.58151245117188,102.06538391113281,50.808536529541016,51.422855377197266,46.5991325378418,108.09053039550781,73.6937255859375,104.76181030273438,29.815032958984375,28.724693298339844,49.3483772277832,1,1,1,1,1,1,1,1,1,1
IMG_3873_png_jpg.rf.edb0f7a92fe3574105f676d645340d6e.jpg,train,120.51496887207031,108.55061340332031,75.61480712890625,32.36634063720703,42.32543182373047,57.65658187866211,31.317520141601562,119.70413208007812,125.22953796386719,30.378061294555664,50.992431640625,41.780879974365234,1,1,1,1,1,1,1,1,1,1
IMG_2996_png_jpg.rf.eaab3066501c1b3560456dbc6a12d87b.jpg,train,65.4971923828125,66.51148986816406,71.02650451660156,43.80121612548828,44.36690139770508,45.5948600769043,98.82638549804688,27.926071166992188,72.23170471191406,38.95758056640625,29.060501098632812,46.76826095581055,1,1,1,1,1,1,1,1,1,1
IMG_3765_png_jpg.rf.eae785d7e342059435b82742c4167854.jpg,train,136.23976135253906,127.41259765625,115.77145385742188,61.64203643798828,57.414859771728516,56.88656997680664,22.807708740234375,41.935150146484375,136.86744689941406,19.577571868896484,33.566932678222656,61.80362319946289,1,1,1,1,1,1,1,1,1,1
12_jpg.rf.edb09d80750aa524b80b55e86210b027.jpg,train,174.14239501953125,172.03968811035156,168.2889862060547,66.27271270751953,66.22669219970703,65.68498229980469,28.80499267578125,9.736984252929688,174.27694702148438,38.45585250854492,21.18557357788086,66.3067855834961,1,1,1,1,1,1,1,1,1,1
IMG_3817_png_jpg.rf.eab8cd2daeefa4ce9f54b7e15b4ea61f.jpg,train,139.43328857421875,142.4881134033203,142.92376708984375,71.05060577392578,72.74576568603516,78.88720703125,74.32923889160156,37.950653076171875,151.1526641845703,43.53630447387695,46.27916717529297,76.97279357910156,1,1,1,1,1,1,1,1,1,1
IMG_3780_png_jpg.rf.e9cff12bda264b56d9bea10ccc069eb9.jpg,train,96.61643981933594,87.78369140625,71.42709350585938,65.71807861328125,58.246883392333984,58.0228271484375,33.613311767578125,82.00569152832031,98.65562438964844,35.66720199584961,36.78157043457031,65.68058013916016,1,1,1,1,1,1,1,1,1,1
IMG_3574_png_jpg.rf.edb2b70c11f113736021169d2a842bc7.jpg,train,182.11282348632812,184.7950439453125,181.62461853027344,67.28428649902344,66.0638656616211,64.45785522460938,52.28607177734375,10.856231689453125,186.1920928955078,38.07682418823242,16.465805053710938,65.79208374023438,1,1,1,1,1,1,1,1,1,1
IMG_3637_png_jpg.rf.ee1140a192a660705559a1daeee9ee02.jpg,train,162.91978454589844,159.96522521972656,148.46812438964844,64.70404815673828,64.55753326416016,65.51761627197266,31.510833740234375,27.671524047851562,163.85682678222656,20.66151237487793,29.241531372070312,64.73844909667969,1,1,1,1,1,1,1,1,1,1
28_jpg.rf.ee0352a44dace8cdd2bf322a19ae4210.jpg,train,83.72096252441406,83.7584228515625,93.29170227050781,60.24290466308594,59.53419876098633,60.23628234863281,113.69654846191406,40.631103515625,95.86573791503906,24.23025894165039,19.844160079956055,63.34107971191406,1,1,1,1,1,1,1,1,1,1
IMG_3001_png_jpg.rf.edd347ebc462c48b682db18de1580c0f.jpg,train,49.09928894042969,57.11320495605469,71.2916259765625,43.19640350341797,43.30370330810547,40.127479553222656,107.30279541015625,98.81985473632812,72.18089294433594,15.534692764282227,37.26358413696289,42.60660171508789,1,1,1,1,1,1,1,1,1,1
IMG_3919_png_jpg.rf.ee341ad1fe165a7d3f7f81799b294b1a.jpg,train,184.42630004882812,162.30593872070312,96.91023254394531,45.248809814453125,48.96797561645508,46.490806579589844,24.947952270507812,131.25277709960938,184.60594177246094,19.84098243713379,43.315853118896484,45.2568244934082,1,1,1,1,1,1,1,1,1,1
IMG_3873_png_jpg.rf.edbc2c529d573194ba8b86bd9cdafdcf.jpg,train,129.16102600097656,100.58161926269531,80.59829711914062,31.56879425048828,47.8098030090332,57.04668045043945,23.686264038085938,117.69003295898438,133.86465454101562,33.7529411315918,49.271141052246094,40.21107864379883,1,1,1,1,1,1,1,1,1,1
IMG_3695_png_jpg.rf.ee6183c633227e7108850ffc90dfc73e.jpg,train,119.43035888671875,110.44129943847656,99.10159301757812,75.68160247802734,71.44780731201172,68.3709716796875,35.48936462402344,54.72071838378906,123.53681945800781,39.52717971801758,47.133846282958984,78.26665496826172,1,1,1,1,1,1,1,1,1,1
23_jpg.rf.ee604e335caf9cb5ad86d0a80979c9f8.jpg,train,35.4736328125,36.1788330078125,40.763885498046875,59.37105941772461,61.093570709228516,61.59457015991211,70.44049072265625,51.59327697753906,42.57220458984375,58.3250732421875,57.83881759643555,64.85687255859375,1,1,1,1,1,1,1,1,1,1
IMG_3901_png_jpg.rf.eb9e5ceb8e51641efeb4239b12183e3d.jpg,train,169.58863830566406,171.34486389160156,173.7190704345703,49.400123596191406,49.34646224975586,50.33030700683594,102.72235107421875,13.5582275390625,176.69036865234375,25.42233657836914,21.48850440979004,49.95721435546875,1,1,1,1,1,1,1,1,1,1
IMG_3950_png_jpg.rf.eece228f0b59f854bc8bec2bda501504.jpg,train,101.40956115722656,70.62507629394531,69.5115966796875,54.23504638671875,64.92145538330078,63.255577087402344,98.63334655761719,124.60401916503906,102.25712585449219,82.06941986083984,78.942138671875,55.657310485839844,1,1,1,1,1,1,1,1,1,1
29_jpg.rf.eef57cd3ca7b427d17709c8a620fdf5d.jpg,train,120.91114807128906,123.28782653808594,125.02333068847656,74.99324798583984,76.36834716796875,76.64722442626953,79.08883666992188,14.555709838867188,127.05877685546875,50.683719635009766,18.945405960083008,77.90991973876953,1,1,1,1,1,1,1,1,1,1
IMG_3595_png_jpg.rf.ee7582d8ce593b5d0487bde73b10747c.jpg,train,149.8397216796875,145.718505859375,134.41375732421875,66.53767395019531,69.31475067138672,69.39754486083984,23.209625244140625,60.52812194824219,150.1124725341797,12.934965133666992,83.99983215332031,66.59365844726562,1,1,1,1,1,1,1,1,1,1
IMG_3602_png_jpg.rf.ee6716f5708863175bd8097b7a33fd38.jpg,train,148.0188751220703,146.89862060546875,138.064697265625,53.27237319946289,53.13112258911133,52.8628044128418,33.209136962890625,21.122711181640625,149.24705505371094,11.893670082092285,26.703716278076172,53.1934814453125,1,1,1,1,1,1,1,1,1,1
IMG_3887_png_jpg.rf.eb72e528bf9742bbc6ec06d7c92ef6bf.jpg,train,154.02069091796875,152.86630249023438,144.38568115234375,52.49889373779297,53.422813415527344,53.26065444946289,34.42106628417969,18.931991577148438,155.0337371826172,33.32417297363281,31.64215850830078,52.673683166503906,1,1,1,1,1,1,1,1,1,1
IMG_3609_png_jpg.rf.eaf68d5aafc76d7d9fe64d95fb43d7e7.jpg,train,129.47189331054688,129.30360412597656,120.16766357421875,39.111820220947266,37.99031448364258,37.255680084228516,30.532058715820312,23.606231689453125,130.01756286621094,9.062169075012207,34.81659698486328,39.14406204223633,1,1,1,1,1,1,1,1,1,1
IMG_3689_png_jpg.rf.ee7d1400c1f426e1c38a08ac436058ff.jpg,train,179.4543914794922,175.1167449951172,165.9626007080078,48.19698715209961,50.91107940673828,53.85834503173828,22.502365112304688,25.210586547851562,179.9084014892578,14.5225248336792,32.01998519897461,47.890445709228516,1,1,1,1,1,1,1,1,1,1
IMG_3700_png_jpg.rf.ef4f4f867d617b7921f127b1dd1ec8ef.jpg,train,117.39007568359375,109.54220581054688,80.87486267089844,80.50679016113281,75.88726806640625,68.09955596923828,40.864959716796875,99.80471801757812,123.02508544921875,37.47880172729492,80.86869812011719,83.79695892333984,1,1,1,1,1,1,1,1,1,1
IMG_3846_png_jpg.rf.ef299533209902a1fb198469b2368a2d.jpg,train,55.03961181640625,47.80711364746094,42.43214416503906,63.89815139770508,57.15279769897461,51.92400360107422,13.8126220703125,70.82908630371094,55.29365539550781,24.242284774780273,74.39276885986328,64.33515167236328,1,1,1,1,1,1,1,1,1,1
IMG_3742_png_jpg.rf.ef89ff07611adc30636fda8debbc0e1f.jpg,train,116.11572265625,114.17146301269531,118.7431640625,67.37601470947266,64.46829986572266,57.07682800292969,72.12776184082031,60.11566162109375,130.3584747314453,47.53657150268555,45.92911148071289,61.696048736572266,1,1,1,1,1,1,1,1,1,1
IMG_3699_png_jpg.rf.eb3a94004a2b5cf3c38ccbe272578f81.jpg,train,134.1371612548828,112.08711242675781,96.44244384765625,83.4843978881836,72.37675476074219,66.69312286376953,32.6824951171875,73.29539489746094,137.86151123046875,43.92079544067383,55.887691497802734,85.71910858154297,1,1,1,1,1,1,1,1,1,1
IMG_3572_png_jpg.rf.ef63a109d53be8a3e19b9e9ca66ede7d.jpg,train,112.7672119140625,116.62403869628906,108.38642883300781,80.75804901123047,80.11882019042969,74.27423858642578,53.046875,38.62672424316406,118.90882873535156,33.30228042602539,52.60761260986328,80.5775375366211,1,1,1,1,1,1,1,1,1,1
IMG_3786_png_jpg.rf.efa10e4cc5d6fb60ad93497a9997c299.jpg,train,85.52061462402344,83.25300598144531,65.30586242675781,63.7278938293457,64.7831802368164,61.70026397705078,34.212799072265625,97.39224243164062,90.73966979980469,33.2532958984375,56.061161041259766,66.66380310058594,1,1,1,1,1,1,1,1,1,1
IMG_3873_png_jpg.rf.f02838983f046afacf0e4af93be4b3c6.jpg,train,146.93797302246094,119.43116760253906,85.81503295898438,29.657075881958008,43.61244583129883,58.792274475097656,26.777053833007812,124.62655639648438,151.75306701660156,31.889245986938477,51.39704132080078,37.19375228881836,1,1,1,1,1,1,1,1,1,1
IMG_3838_png_jpg.rf.efa8e76db36847bca2715c02b5682c9d.jpg,train,158.50146484375,143.92649841308594,116.57954406738281,62.18395233154297,59.18173599243164,60.516990661621094,38.7789306640625,73.80924987792969,160.4806671142578,45.64641571044922,61.90780258178711,62.029354095458984,1,1,1,1,1,1,1,1,1,1
IMG_3936_png_jpg.rf.eff2461ca83c891876d02e506dcb2be1.jpg,train,121.56399536132812,115.00613403320312,92.8455810546875,61.94977569580078,62.50299835205078,67.2455825805664,31.9127197265625,90.69587707519531,126.89521789550781,25.58745765686035,79.9574203491211,60.882171630859375,1,1,1,1,1,1,1,1,1,1
5_jpg.rf.efad11a2342c0a801a902170e684b68f.jpg,train,122.70657348632812,120.03642272949219,115.58747863769531,65.85444641113281,69.88504791259766,67.59730529785156,54.26239013671875,40.33795166015625,126.32954406738281,47.31709671020508,53.98322677612305,66.0299072265625,1,1,1,1,1,1,1,1,1,1
IMG_3821_png_jpg.rf.f0481acb1841e36a36e87fbfe6960383.jpg,train,127.6571044921875,117.14971923828125,107.83488464355469,52.13193893432617,52.493106842041016,50.33845138549805,21.119247436523438,55.43141174316406,128.88607788085938,24.766733169555664,59.666954040527344,53.01272201538086,1,1,1,1,1,1,1,1,1,1
IMG_3753_png_jpg.rf.ef20572f93bb40efa694abdbb30fdd04.jpg,train,98.97126770019531,94.81593322753906,83.30984497070312,63.920249938964844,61.981048583984375,61.0301513671875,25.403610229492188,64.89311218261719,99.78706359863281,16.51866340637207,63.54754638671875,63.93165969848633,1,1,1,1,1,1,1,1,1,1
IMG_3757_png_jpg.rf.f091a4d5322e062f0592cb891bd7af6e.jpg,train,83.79347229003906,80.77760314941406,73.65365600585938,59.210872650146484,57.27512741088867,55.044097900390625,24.734039306640625,47.542510986328125,84.30397033691406,19.789966583251953,48.4832763671875,59.50675582885742,1,1,1,1,1,1,1,1,1,1
IMG_3651_png_jpg.rf.f02643a333a194a6751fe4f506ca98b4.jpg,train,147.72471618652344,110.65934753417969,91.48097229003906,58.26782989501953,52.85108947753906,49.91880798339844,12.551071166992188,117.01976013183594,147.9925079345703,17.48870086669922,57.72981643676758,58.355934143066406,1,1,1,1,1,1,1,1,1,1
IMG_3707_png_jpg.rf.f0b6b0ff2dca063c468df4c0c8271cfc.jpg,train,66.70567321777344,61.23423767089844,44.914093017578125,62.049171447753906,55.55596160888672,42.97996139526367,41.59126281738281,71.99183654785156,68.72816467285156,40.4787483215332,74.950927734375,62.24015808105469,1,1,1,1,1,1,1,1,1,1
12_jpg.rf.f08d8fbfdd593fdb26deae16b0cd9a55.jpg,train,209.01168823242188,208.04019165039062,203.98980712890625,75.82933044433594,76.1254653930664,76.24546813964844,19.597381591796875,6.944091796875,209.3297119140625,27.394357681274414,14.800289154052734,75.91119384765625,1,1,1,1,1,1,1,1,1,1
IMG_2995_png_jpg.rf.f0f5acee9213f67a604f7b4e8fb8e624.jpg,train,181.20619201660156,183.45518493652344,187.9884033203125,41.25083923339844,41.72943878173828,43.33775329589844,102.50520324707031,11.275772094726562,189.00186157226562,27.72483253479004,11.752769470214844,43.217323303222656,1,1,1,1,1,1,1,1,1,1
IMG_3719_png_jpg.rf.f13b13970b0c571868aee73a220b7f0f.jpg,train,51.23597717285156,45.62742614746094,38.780181884765625,77.59139251708984,71.4682846069336,65.98273468017578,23.483169555664062,111.55416870117188,51.74085998535156,26.571256637573242,86.13690185546875,77.84381103515625,1,1,1,1,1,1,1,1,1,1
IMG_3782_png_jpg.rf.f1397cc8b755c5678d3167bf4a5da6e8.jpg,train,105.48837280273438,109.58821105957031,82.09356689453125,72.42192077636719,70.68447875976562,69.90205383300781,35.72216796875,107.79048156738281,113.436279296875,17.822479248046875,71.43840789794922,71.78055572509766,1,1,1,1,1,1,1,1,1,1
IMG_3837_png_jpg.rf.f12e29148d857deed8525e5d57ba8fa8.jpg,train,139.17294311523438,129.68572998046875,108.66650390625,65.91534423828125,61.94795227050781,59.60911178588867,38.45458984375,63.14190673828125,141.11358642578125,42.08310317993164,55.376869201660156,66.11088562011719,1,1,1,1,1,1,1,1,1,1
IMG_3736_png_jpg.rf.f16832ea111650b621c99254fc02391b.jpg,train,184.944091796875,177.1660614013672,170.5382537841797,58.531673431396484,62.303680419921875,64.0480728149414,14.741973876953125,33.44334411621094,185.0801239013672,11.376784324645996,48.154361724853516,58.55197525024414,1,1,1,1,1,1,1,1,1,1
21_jpg.rf.f15f78c1916ac9a55d329c3feb6e337e.jpg,train,62.67256164550781,59.686676025390625,71.31599426269531,65.66570281982422,69.69003295898438,73.69296264648438,86.90559387207031,86.40081787109375,76.80097961425781,61.909976959228516,40.369972229003906,76.7254638671875,1,1,1,1,1,1,1,1,1,1
IMG_3858_png_jpg.rf.f1b6723a4bcae6bad4d94211cdfd81ba.jpg,train,132.7666015625,117.24563598632812,88.76579284667969,51.623573303222656,51.651084899902344,55.823299407958984,33.97410583496094,107.12754821777344,133.86033630371094,40.38300323486328,59.67287063598633,53.12651824951172,1,1,1,1,1,1,1,1,1,1
IMG_3935_png_jpg.rf.f1ad7d1d154ec032582f7fac706886fc.jpg,train,130.73312377929688,119.810546875,101.7900390625,63.0365104675293,64.77969360351562,67.46380615234375,28.231964111328125,78.08596801757812,134.027587890625,29.606435775756836,65.46044158935547,62.94559097290039,1,1,1,1,1,1,1,1,1,1
10_jpg.rf.f144f32bf3a7f90ae023134a41afc2c1.jpg,train,176.1664276123047,171.7594451904297,166.5102081298828,59.14500427246094,66.79198455810547,70.06319427490234,25.478591918945312,28.015731811523438,176.74407958984375,32.30821228027344,53.15825653076172,59.40704345703125,1,1,1,1,1,1,1,1,1,1
23_jpg.rf.f1e7ff7ff6448c4fea6f950a44c0ca74.jpg,train,21.20355224609375,22.046142578125,24.155258178710938,47.97169494628906,49.66999816894531,49.26671600341797,42.7977294921875,45.39093017578125,25.909378051757812,56.06545639038086,73.2368392944336,52.74378967285156,1,1,1,1,1,1,1,1,1,1
IMG_3839_png_jpg.rf.f23f33062c1ad8c5d9a3e0507f91d50f.jpg,train,103.18748474121094,93.79377746582031,74.97550964355469,64.59722137451172,59.52922058105469,56.50419616699219,41.61248779296875,87.2769775390625,105.12213134765625,47.06288146972656,75.00908660888672,65.01467895507812,1,1,1,1,0,1,1,1,1,1
IMG_3677_png_jpg.rf.f1e0cd8c77dabc22000412b024bf60e3.jpg,train,39.96650695800781,70.17231750488281,136.53858947753906,63.72007751464844,53.621463775634766,31.070287704467773,103.64741516113281,201.2571563720703,139.7910614013672,24.059314727783203,65.31976318359375,35.86024475097656,1,1,1,1,1,1,1,1,1,1
IMG_3920_png_jpg.rf.f239bfa454cf39b672e3ee7cd854f032.jpg,train,150.2305450439453,130.60336303710938,69.0355224609375,51.07267761230469,52.9660530090332,46.814476013183594,24.988510131835938,153.71580505371094,150.42037963867188,19.79857063293457,54.31171417236328,51.07866287231445,1,1,1,1,1,1,1,1,1,1
IMG_3644_png_jpg.rf.f2b4c49c5092a7530a09bcf7eea94c52.jpg,train,117.90641784667969,48.02952575683594,47.38267517089844,61.897464752197266,55.05906295776367,52.71183776855469,71.057373046875,158.384033203125,118.97224426269531,77.87518310546875,90.53522491455078,62.32355880737305,1,1,1,1,1,1,1,1,1,1
IMG_3601_png_jpg.rf.f337d491791e7144553d81db400dc8d0.jpg,train,137.1102752685547,133.09457397460938,126.93473815917969,62.15586853027344,61.70622634887695,61.860294342041016,20.70556640625,36.987335205078125,137.27569580078125,13.967962265014648,56.79359436035156,62.25233459472656,1,1,1,1,1,1,1,1,1,1
IMG_3771_png_jpg.rf.f29aae20510dfb222b73ab2aef2bc4b2.jpg,train,46.873077392578125,42.6456298828125,33.2493896484375,70.04783630371094,65.66129302978516,59.56204605102539,23.866104125976562,99.75753784179688,47.896759033203125,37.76703643798828,104.6284408569336,70.29937744140625,1,1,1,1,1,1,1,1,1,1
IMG_3888_png_jpg.rf.f2bd2e90c1841aa0d56eb0674423737e.jpg,train,132.52442932128906,126.807861328125,124.23422241210938,56.44202423095703,60.75382995605469,59.707794189453125,31.927444458007812,31.8680419921875,133.43739318847656,47.12744903564453,48.46567153930664,57.18974304199219,1,1,1,1,1,1,1,1,1,1
IMG_3694_png_jpg.rf.f24c41e542fc529c92664c534000e16a.jpg,train,214.57228088378906,211.3019256591797,206.39913940429688,52.603736877441406,54.46973419189453,55.780513763427734,20.432373046875,11.890487670898438,214.73489379882812,19.550413131713867,15.330047607421875,52.45413589477539,1,1,1,1,1,1,1,1,1,1
IMG_3024_png_jpg.rf.f1c5f893b026629eab389a7a817aee94.jpg,train,44.009674072265625,44.794189453125,58.01524353027344,50.9874267578125,50.42698287963867,42.296600341796875,103.69346618652344,114.8062744140625,60.60890197753906,34.39241409301758,61.95906066894531,46.23302459716797,1,1,1,1,1,1,1,1,1,1
IMG_3899_png_jpg.rf.f1f501be657420a89a06990f80884450.jpg,train,122.41664123535156,127.378662109375,71.6611328125,58.57605743408203,55.98756790161133,63.392356872558594,36.71543884277344,139.50486755371094,133.25311279296875,21.496368408203125,70.79234313964844,58.52546310424805,1,1,1,1,1,1,1,1,1,1
IMG_2991_png_jpg.rf.f27c8dafd7a7d43e8504602f406672e1.jpg,train,66.44342041015625,62.784210205078125,57.66053771972656,43.472076416015625,44.0674934387207,42.67206573486328,18.698623657226562,57.85188293457031,66.60108947753906,17.54086685180664,64.76008605957031,43.9435920715332,1,1,1,1,1,1,1,1,1,1
IMG_3736_png_jpg.rf.f25e09a63469e6229ce067c962a7c761.jpg,train,145.2758331298828,142.64845275878906,133.6260986328125,60.61373519897461,60.42292022705078,58.807456970214844,22.571304321289062,29.500350952148438,145.50540161132812,17.21246337890625,49.97990036010742,60.656002044677734,1,1,1,1,1,1,1,1,1,1
IMG_3663_png_jpg.rf.f34dd9ac99c67bd10610afaebf24826d.jpg,train,130.96885681152344,92.27769470214844,58.90330505371094,40.33234405517578,52.4439697265625,62.43227005004883,26.8731689453125,165.59332275390625,135.59071350097656,37.1338996887207,61.50245666503906,47.586212158203125,1,1,1,1,1,1,1,1,1,1
IMG_3021_png_jpg.rf.f2e9201d849f13f3f8a88921c3307c65.jpg,train,69.94351196289062,63.52398681640625,59.85350036621094,48.77922821044922,50.88036346435547,48.58495330810547,25.454818725585938,57.27339172363281,70.3187255859375,44.04935836791992,44.45302963256836,49.61367416381836,1,1,1,1,1,1,1,1,1,1
IMG_3608_png_jpg.rf.f38b4263f6f270091431aab148ebad0f.jpg,train,177.42227172851562,176.55517578125,165.60003662109375,52.252437591552734,52.22677230834961,55.102535247802734,28.629974365234375,30.558258056640625,177.83023071289062,12.403011322021484,56.174095153808594,52.17988204956055,1,1,1,1,1,1,1,1,1,1
IMG_3820_png_jpg.rf.f37a9651919fdeb1a11feb6c776c8664.jpg,train,151.53231811523438,145.47471618652344,132.39166259765625,53.02125549316406,57.48497009277344,58.87246322631836,25.857696533203125,47.49488830566406,152.71832275390625,16.525169372558594,58.951255798339844,53.895362854003906,1,1,1,1,1,1,1,1,1,1
12_jpg.rf.f375d7a898ee19970bf8d0c57cfe9f50.jpg,train,184.49761962890625,182.76498413085938,179.6271514892578,71.14617919921875,71.06234741210938,70.32723999023438,25.153717041015625,7.1075286865234375,184.60000610351562,32.41925811767578,13.719236373901367,71.1793212890625,1,1,1,1,1,1,1,1,1,1
15_jpg.rf.ec5989d4058d4116f754ac3906fd1757.jpg,train,134.1917266845703,110.47691345214844,67.7091064453125,46.06536865234375,45.4287109375,39.483253479003906,19.134292602539062,137.21914672851562,134.42283630371094,4.567060947418213,39.76800537109375,46.1234130859375,1,1,1,1,1,1,1,1,1,1
IMG_3817_png_jpg.rf.f3a4f549362681cb311b32d0f9369557.jpg,train,154.1932373046875,156.3548126220703,154.47988891601562,80.26951599121094,81.59513092041016,84.2894058227539,61.668487548828125,25.574737548828125,162.34539794921875,46.94491195678711,31.07277488708496,83.24141693115234,1,1,1,1,1,1,1,1,1,1
IMG_3752_png_jpg.rf.f18df95fe838d7573bec5d86706f6785.jpg,train,62.34355163574219,58.69287109375,50.26826477050781,59.2358512878418,57.20699691772461,53.026363372802734,23.274795532226562,76.33056640625,63.01788330078125,22.20786476135254,73.78386688232422,59.82834243774414,1,1,1,1,1,1,1,1,1,1
IMG_3708_png_jpg.rf.f46a60cf8db31fd7d4f13954f7a2460a.jpg,train,155.83453369140625,152.2096405029297,146.99049377441406,58.74295425415039,51.61701583862305,46.9248161315918,65.17689514160156,28.782821655273438,161.79214477539062,43.835838317871094,29.279483795166016,56.64413070678711,1,1,1,1,1,1,1,1,1,1
IMG_2986_png_jpg.rf.f451b006954bc2859e02091f45d74806.jpg,train,43.08317565917969,42.90318298339844,46.22465515136719,41.80549621582031,42.151546478271484,38.62968826293945,113.86161804199219,45.70030212402344,47.27345275878906,32.23166275024414,50.661407470703125,42.36805725097656,1,1,1,1,1,1,1,1,1,1
IMG_3713_png_jpg.rf.f3b04c966ef049a9b501e270177bcd75.jpg,train,131.62863159179688,118.73126220703125,91.87232971191406,72.05403137207031,64.4247817993164,73.1357650756836,38.57623291015625,124.89195251464844,143.2034149169922,39.31016540527344,84.5784683227539,65.04197692871094,1,1,1,1,1,1,1,1,1,1
IMG_3860_png_jpg.rf.f420f0a44236b838c529799a30f266c0.jpg,train,135.1470947265625,115.85284423828125,81.73489379882812,59.1709098815918,60.568153381347656,61.06430435180664,25.977783203125,130.18617248535156,136.1417694091797,29.582971572875977,69.64028930664062,60.22720718383789,1,1,1,1,1,1,1,1,1,1
33_jpg.rf.ebafbd70950d2367fad36aceea4170da.jpg,train,97.5106201171875,97.33990478515625,91.43418884277344,54.378292083740234,53.942020416259766,50.20158767700195,21.235443115234375,15.15374755859375,98.40220642089844,23.883718490600586,30.638370513916016,55.04458999633789,1,1,1,1,1,1,1,1,1,1
IMG_3580_png_jpg.rf.f41a4650ba6adeea825795667b3efb6e.jpg,train,133.35292053222656,123.24649047851562,106.36335754394531,60.02153015136719,58.63018035888672,56.36177444458008,21.281936645507812,67.62608337402344,133.61160278320312,15.374774932861328,49.364051818847656,60.20623779296875,1,1,1,1,1,1,1,1,1,1
IMG_3838_png_jpg.rf.f47700d7242bc81ed0bd8fb0838c0cc8.jpg,train,139.72682189941406,131.5770721435547,102.9608154296875,65.3194351196289,62.35239028930664,60.189453125,36.50337219238281,79.33143615722656,143.35243225097656,36.84911346435547,67.23020935058594,65.40145874023438,1,1,1,1,1,1,1,1,1,1
IMG_3600_png_jpg.rf.f3d28bd09223a7425bc85e959b63bb1b.jpg,train,105.0074462890625,101.50645446777344,93.45486450195312,51.61289596557617,50.16603469848633,48.378360748291016,27.541519165039062,35.21931457519531,105.5421142578125,15.48195743560791,44.04693603515625,51.71807861328125,1,1,1,1,1,1,1,1,1,1
IMG_3638_png_jpg.rf.f485817e6b058937d9ba62547562a854.jpg,train,145.5424041748047,138.96023559570312,130.62132263183594,68.25666046142578,70.13310241699219,72.59803771972656,29.628311157226562,37.67866516113281,146.05247497558594,35.869056701660156,35.75065231323242,68.62969970703125,1,1,1,1,1,1,1,1,1,1
IMG_3943_png_jpg.rf.f4bcc23b55ae3a2d09f96db81a9fe11b.jpg,train,154.3705596923828,129.12063598632812,125.8883056640625,41.222225189208984,51.078758239746094,52.69831848144531,69.15206909179688,57.532073974609375,155.2404022216797,77.06315612792969,35.2248649597168,42.101173400878906,1,1,1,1,1,1,1,1,1,1
IMG_3713_png_jpg.rf.ebb7346973316196f25e91482813c372.jpg,train,105.74925231933594,98.08750915527344,75.80778503417969,73.94420623779297,69.0765151977539,70.31712341308594,40.36485290527344,120.89926147460938,114.06289672851562,37.27267074584961,77.64041137695312,70.88480377197266,1,1,1,1,1,1,1,1,1,1
IMG_3011_png_jpg.rf.f5194fed822b0764424f6556f6c367d1.jpg,train,120.30877685546875,119.74034118652344,116.71379089355469,45.95207977294922,46.706626892089844,42.85294723510742,44.42803955078125,15.885345458984375,122.19236755371094,40.39640808105469,11.423541069030762,45.25703048706055,1,1,1,1,1,1,1,1,1,1
IMG_3839_png_jpg.rf.ec01fd588da9c9958ae21e6172d8767c.jpg,train,101.9835205078125,101.45857238769531,76.10111999511719,65.48444366455078,62.55279541015625,56.8432502746582,41.017730712890625,88.00094604492188,108.22666931152344,36.355804443359375,75.67912292480469,66.32228088378906,1,1,1,1,0,1,1,1,1,1
IMG_3929_png_jpg.rf.f4a66c3731cc933a77e4d8dcf238a0e4.jpg,train,125.37808227539062,100.36341857910156,87.65208435058594,63.34945297241211,58.47042465209961,58.39982604980469,27.584671020507812,100.36224365234375,128.24717712402344,38.96129608154297,50.671630859375,63.34257507324219,1,1,1,1,1,1,1,1,1,1
IMG_3898_png_jpg.rf.f4fa85902e6ef1c36a4e4ae16a23b732.jpg,train,115.65934753417969,117.4239501953125,66.09181213378906,60.903961181640625,58.19486618041992,62.166053771972656,35.34033203125,140.53494262695312,124.24244689941406,22.402957916259766,65.14627075195312,61.6109619140625,1,1,1,1,1,1,1,1,1,1
IMG_2986_png_jpg.rf.f527e587ce4118b15521b75cf8c558e4.jpg,train,49.06719970703125,49.25349426269531,53.77604675292969,40.935157775878906,41.56171417236328,37.60131072998047,116.98583984375,39.86053466796875,54.96356201171875,23.374723434448242,24.653839111328125,41.44307327270508,1,1,1,1,1,1,1,1,1,1
IMG_3656_png_jpg.rf.f476cdec00d41929c3b86ef19ecf260a.jpg,train,208.2731475830078,190.8090362548828,171.85972595214844,52.152671813964844,51.1446647644043,48.85734558105469,22.97991943359375,48.24822998046875,208.9578857421875,27.875133514404297,22.925878524780273,51.139705657958984,1,1,1,1,1,1,1,1,1,1
IMG_3605_png_jpg.rf.f525df66c37a1a2268bba628a3ac2ccf.jpg,train,148.88125610351562,145.922607421875,137.9232177734375,47.50074768066406,46.60348892211914,47.5112190246582,23.05328369140625,24.74359130859375,149.01023864746094,12.485103607177734,30.293750762939453,47.55580520629883,1,1,1,1,1,1,1,1,1,1
IMG_3847_png_jpg.rf.f51914a59156d976a0d66f3b9b3e1fa9.jpg,train,59.975982666015625,59.583892822265625,55.8011474609375,62.60028076171875,61.15169143676758,57.9343376159668,30.193084716796875,38.50389099121094,60.473846435546875,28.830432891845703,56.29021453857422,62.82863998413086,1,1,1,1,1,1,1,1,1,1
IMG_3923_png_jpg.rf.f5389c835d607e9294ea3126d9398f7c.jpg,train,161.79820251464844,154.72320556640625,75.62298583984375,53.578895568847656,55.86735916137695,57.25075912475586,28.681716918945312,155.52865600585938,162.4416046142578,12.563870429992676,61.25517272949219,53.72574234008789,1,1,1,1,1,1,1,1,1,1
IMG_3017_png_jpg.rf.f52f28eea45939b5906870b30c046cff.jpg,train,55.521636962890625,53.07209777832031,47.403045654296875,51.50764465332031,53.25516891479492,50.27487564086914,23.595626831054688,73.48854064941406,56.12969970703125,25.03367042541504,61.45131301879883,53.12688446044922,1,1,1,1,1,1,1,1,1,1
IMG_3661_png_jpg.rf.ecc078d3c6fcf27d2351955894ab2645.jpg,train,113.1890869140625,55.48835754394531,37.0029296875,36.71806335449219,52.39635467529297,55.318115234375,25.148773193359375,195.0827178955078,117.05833435058594,46.08091735839844,69.1164321899414,42.472434997558594,1,1,1,1,1,1,1,1,1,1
IMG_3644_png_jpg.rf.f475231f0c7fc8753deb53faa4715ee8.jpg,train,90.51837158203125,32.77647399902344,28.115066528320312,59.73786926269531,49.49251174926758,47.2149543762207,25.055984497070312,175.6642608642578,91.64048767089844,48.03693389892578,97.99333190917969,60.432395935058594,1,1,1,1,1,1,1,1,1,1
IMG_3867_png_jpg.rf.f54151ef45e31c4a7d4ea826e4042b64.jpg,train,93.98301696777344,73.30030822753906,71.09158325195312,79.45233154296875,59.749691009521484,61.202064514160156,48.17375183105469,86.98475646972656,99.6885986328125,49.512451171875,62.60739517211914,81.27853393554688,1,1,1,1,1,1,1,1,1,1
14_jpg.rf.f5de22d24f667c57ad6558404718da3f.jpg,train,163.84603881835938,132.573486328125,107.07537841796875,52.91367721557617,53.03477096557617,51.62106704711914,16.509765625,99.15678405761719,164.24827575683594,18.022985458374023,54.254878997802734,52.3163948059082,1,1,1,1,1,1,1,1,1,1
32_jpg.rf.ed071991a942b6d0a83c80e21929ef57.jpg,train,93.07048034667969,90.12693786621094,84.39144897460938,60.344932556152344,57.35912322998047,53.76087188720703,22.598831176757812,23.746780395507812,93.87733459472656,35.48246383666992,41.20627975463867,61.09302520751953,1,1,1,1,1,1,1,1,1,1
IMG_3661_png_jpg.rf.f5eb84d78a07c63931f93f0eacacfdf6.jpg,train,138.0517578125,99.37298583984375,60.483062744140625,36.82294845581055,48.065467834472656,59.22506332397461,26.317367553710938,163.78680419921875,141.94378662109375,34.86602020263672,60.97324752807617,42.87799072265625,1,1,1,1,1,1,1,1,1,1
IMG_3772_png_jpg.rf.ec5d9792c564528bc3d40b33d57fa50d.jpg,train,108.85908508300781,105.44961547851562,90.78384399414062,64.64930725097656,65.51783752441406,58.800018310546875,24.835525512695312,54.387359619140625,109.90715026855469,16.5269718170166,48.71084976196289,65.88461303710938,1,1,1,1,1,1,1,1,1,1
IMG_3652_png_jpg.rf.f5e286757a5eb41b67ad697db3259f8f.jpg,train,161.2875213623047,133.00711059570312,111.54438781738281,64.99205780029297,60.65703201293945,57.76870346069336,19.81878662109375,95.84996032714844,162.15415954589844,26.743324279785156,61.37285232543945,63.88196563720703,1,1,1,1,1,1,1,1,1,1
IMG_3811_png_jpg.rf.f5d2aac1b3bc374f87fe96d0e4cde56b.jpg,train,118.85350036621094,126.61094665527344,91.71450805664062,64.96133422851562,58.321556091308594,67.79042053222656,43.656982421875,96.35765075683594,131.13833618164062,27.964208602905273,73.18470764160156,61.08729934692383,1,1,1,1,1,1,1,1,1,1
IMG_3021_png_jpg.rf.f613acde4485cfc83465675a76c4d3f2.jpg,train,67.5537109375,64.09161376953125,59.56272888183594,49.603580474853516,51.247779846191406,49.342227935791016,24.867233276367188,53.83372497558594,67.90568542480469,33.28827667236328,52.25847244262695,50.42380905151367,1,1,1,1,1,1,1,1,1,1
27_jpg.rf.f6222ca32c5b2afc970b349e9d044239.jpg,train,52.06602478027344,52.50567626953125,57.88630676269531,64.9020767211914,66.1235580444336,66.76140594482422,73.46797180175781,37.14662170410156,59.8282470703125,58.35130310058594,45.27393341064453,69.93181610107422,1,1,1,1,1,1,1,1,1,1
IMG_3950_png_jpg.rf.f60aef8f330029364ff4c990d8bb18d8.jpg,train,111.86032104492188,85.72239685058594,79.28466796875,53.71713638305664,63.97962188720703,64.47675323486328,32.40092468261719,107.59799194335938,112.63336181640625,56.87702941894531,73.22423553466797,54.938262939453125,1,1,1,1,1,1,1,1,1,1
IMG_3833_png_jpg.rf.ec5183ed8a4a6f2cd1eb56d08df3ff12.jpg,train,136.92864990234375,135.31251525878906,101.49349975585938,62.59716796875,62.77987289428711,60.33787536621094,36.58409118652344,77.76031494140625,143.52239990234375,27.131561279296875,63.44144058227539,64.40279388427734,1,1,1,1,1,1,1,1,1,1
IMG_3772_png_jpg.rf.f699e0dee5ac80e5f00e513be914287f.jpg,train,74.90835571289062,69.83924865722656,54.379486083984375,57.262752532958984,57.46651077270508,48.28288269042969,22.529449462890625,95.97381591796875,76.17250061035156,19.52476692199707,66.70238494873047,58.73638916015625,1,1,1,1,1,1,1,1,1,1
IMG_3703_png_jpg.rf.f5dd3ccb6c89cf9da72a09c9ad5ab234.jpg,train,90.22354125976562,78.28811645507812,59.553253173828125,71.82928466796875,67.69942474365234,61.93231964111328,34.26908874511719,102.26882934570312,91.70195007324219,37.208717346191406,78.45691680908203,73.03619384765625,1,1,1,1,1,1,1,1,1,1
IMG_3974_png_jpg.rf.f625613fc94e5ec01860a4a3a2e5b25e.jpg,train,73.49102783203125,66.27914428710938,53.74835205078125,63.09715270996094,48.07167434692383,36.732810974121094,32.67352294921875,51.717559814453125,74.57496643066406,14.313732147216797,53.59788131713867,63.03891372680664,1,1,1,1,1,1,1,1,1,1
IMG_3750_png_jpg.rf.f7176a625cfd54b14fe1440026dc334b.jpg,train,131.447021484375,111.04383850097656,94.50624084472656,70.05915832519531,79.0264892578125,77.72710418701172,20.250411987304688,107.77471923828125,131.71080017089844,27.191917419433594,76.25337219238281,70.3543472290039,1,1,1,1,1,1,1,1,1,1
IMG_3822_png_jpg.rf.f61eeff03e346f90980dc3072158a2b7.jpg,train,138.57472229003906,138.2029571533203,124.26533508300781,56.0054817199707,60.95997619628906,61.14240646362305,33.070281982421875,41.70063781738281,142.4019775390625,22.23353385925293,33.25667190551758,59.398826599121094,1,1,1,1,1,1,1,1,1,1
IMG_3830_png_jpg.rf.f6aaec013514ef42ded22be39e9f1f63.jpg,train,92.31449890136719,91.61666870117188,88.3056640625,47.27794647216797,46.63328552246094,43.82855987548828,26.63055419921875,11.399703979492188,92.63642883300781,26.472379684448242,16.77591896057129,47.61994552612305,1,1,1,1,1,1,1,1,1,1
IMG_3769_png_jpg.rf.f79def12333857b7c4b4055a4b85a0ee.jpg,train,46.56309509277344,44.7628173828125,33.73558044433594,58.827598571777344,56.37839126586914,50.69462966918945,23.055953979492188,94.71229553222656,48.27812194824219,26.90277862548828,91.93539428710938,59.15768051147461,1,1,1,1,1,1,1,1,1,1
IMG_3627_png_jpg.rf.f76e93ee7f1e6860b1793dba7dfb7a5a.jpg,train,126.16250610351562,110.660400390625,83.27989196777344,56.886253356933594,55.07627487182617,55.1141471862793,33.837677001953125,108.34759521484375,129.7168426513672,35.627891540527344,64.30908203125,57.65633010864258,1,1,1,1,1,1,1,1,1,1
IMG_3612_png_jpg.rf.f6fd047b9fc29cda21494002d8482b44.jpg,train,154.9329833984375,147.85037231445312,144.78048706054688,86.38613891601562,85.16600799560547,83.62115478515625,27.98907470703125,46.854949951171875,159.0660400390625,42.12939453125,57.55936050415039,82.31531524658203,1,1,1,1,1,1,1,1,1,1
IMG_2987_png_jpg.rf.f6d00871233d5df05832858385fb6ac4.jpg,train,122.00389099121094,114.69709777832031,104.06089782714844,57.17900466918945,67.00556945800781,79.8817367553711,47.57508850097656,82.97183227539062,127.65031433105469,43.245330810546875,66.87086486816406,63.713706970214844,1,1,1,1,1,1,1,1,1,1
IMG_3905_png_jpg.rf.f7a0b05ddac0fe51bd54e2c23d231e29.jpg,train,169.3705596923828,172.3413543701172,177.32423400878906,53.57305908203125,55.03066635131836,57.16846466064453,99.83908081054688,15.934539794921875,179.25318908691406,33.26640319824219,19.36770248413086,56.31089401245117,1,1,1,1,1,1,1,1,1,1
30_jpg.rf.f65d4632b624a68eda437a9ba707d574.jpg,train,89.21426391601562,88.74241638183594,77.44972229003906,59.31626510620117,59.155433654785156,52.210960388183594,29.315383911132812,38.98393249511719,90.37451171875,15.961265563964844,43.640010833740234,60.29021072387695,1,1,1,1,1,1,1,1,1,1
IMG_3589_png_jpg.rf.f7a9cadfe6ead016e7df53f65ecf4eb5.jpg,train,75.949951171875,59.0703125,52.42521667480469,46.130287170410156,52.597618103027344,52.118621826171875,15.806320190429688,115.88978576660156,76.25888061523438,28.41969871520996,86.54730224609375,46.89189910888672,1,1,1,1,1,1,1,1,1,1
IMG_3889_png_jpg.rf.f626f0ce6655674a83131d93bf3a4984.jpg,train,135.57142639160156,133.48211669921875,125.94232177734375,64.48670196533203,67.66026306152344,67.04047393798828,31.066635131835938,33.462677001953125,136.74838256835938,26.975622177124023,45.989986419677734,65.5472412109375,1,1,1,1,1,1,1,1,1,1
IMG_3849_png_jpg.rf.f811a13fce52b917c426456e16af22bc.jpg,train,126.47378540039062,123.34521484375,117.80323791503906,63.520816802978516,59.0156364440918,55.29844665527344,22.287155151367188,14.429718017578125,126.80119323730469,19.162939071655273,19.444183349609375,63.59955596923828,1,1,1,1,1,1,1,1,1,1
28_jpg.rf.f7dd2d30ca20b2ba4b5c1e6b7412ea6c.jpg,train,44.268798828125,42.79225158691406,51.544342041015625,67.91619110107422,67.77135467529297,67.45418548583984,71.44239807128906,72.90237426757812,54.2586669921875,60.5401611328125,85.30511474609375,71.62898254394531,1,1,1,1,1,1,1,1,1,1
25_jpg.rf.f8976a776d759cd013d5ff44a4087acb.jpg,train,65.45234680175781,67.30360412597656,76.47724914550781,61.31340408325195,62.760658264160156,64.77652740478516,85.37942504882812,42.24760437011719,78.48493957519531,51.56645965576172,31.900436401367188,67.64915466308594,1,1,1,1,1,1,1,1,1,1
IMG_3641_png_jpg.rf.f84f7385597fb7f0e98f786cb2a93548.jpg,train,150.75881958007812,149.1824951171875,143.029541015625,63.350135803222656,64.04777526855469,65.71048736572266,31.068084716796875,18.40869140625,151.1491241455078,31.068662643432617,18.689617156982422,63.51814270019531,1,1,1,1,1,1,1,1,1,1
IMG_3649_png_jpg.rf.ecb283a929e8f758b0b390158bc3d00d.jpg,train,201.99725341796875,188.3151092529297,150.1494903564453,61.61135482788086,60.2740364074707,56.48234939575195,25.037124633789062,71.98533630371094,202.5140838623047,17.739198684692383,31.61726951599121,61.398441314697266,1,1,1,1,1,1,1,1,1,1
IMG_3714_png_jpg.rf.f7d59940b5510b053b8cdadb2de4035b.jpg,train,113.75605773925781,100.39170837402344,84.47120666503906,71.60850524902344,67.3062515258789,70.48924255371094,37.29052734375,111.78306579589844,121.75840759277344,40.576416015625,75.6986083984375,67.41307067871094,1,1,1,1,1,1,1,1,1,1
IMG_3743_png_jpg.rf.f83944e4546f1fcd2cdc7f76ceb7f50c.jpg,train,90.067138671875,86.97152709960938,94.64569091796875,78.9349365234375,66.1658706665039,57.211341857910156,69.71101379394531,113.51705932617188,112.737060546875,49.058509826660156,78.373046875,68.26234436035156,1,1,1,1,1,1,1,1,1,1
12_jpg.rf.f864e24a685c9d7e78ea3f1842cf3d58.jpg,train,213.44190979003906,213.15487670898438,210.05245971679688,64.9814224243164,65.17437744140625,64.72563934326172,23.253219604492188,4.3130035400390625,213.7657012939453,20.577247619628906,8.533002853393555,65.0752944946289,1,1,1,1,1,1,1,1,1,1
IMG_3938_png_jpg.rf.f84f319597167cbe55cfd576ac3c2a81.jpg,train,171.49636840820312,165.8596954345703,139.20263671875,59.59192657470703,58.5790901184082,66.1475601196289,31.375076293945312,60.55180358886719,176.1814727783203,22.282670974731445,50.55451965332031,57.01047897338867,1,1,1,1,1,1,1,1,1,1
IMG_3698_png_jpg.rf.f810835cda28252744028b973fc48841.jpg,train,105.96318054199219,91.24203491210938,77.94210815429688,81.66409301757812,72.09558868408203,66.60389709472656,34.61875915527344,83.12770080566406,110.1248779296875,45.39467239379883,81.98133850097656,84.00240325927734,1,1,1,1,1,1,1,1,1,1
IMG_3906_png_jpg.rf.f64c00f86c30cbdbba755fc7887d0e49.jpg,train,156.72547912597656,159.508544921875,165.80734252929688,68.55009460449219,71.54359436035156,74.42113494873047,100.86137390136719,19.535934448242188,166.95689392089844,36.53516387939453,25.741121292114258,73.02922058105469,1,1,1,1,1,1,1,1,1,1
29_jpg.rf.f814cf986ee177d0ef3a5590ae534936.jpg,train,97.75616455078125,100.14553833007812,100.67030334472656,71.46331787109375,72.46245574951172,71.66781616210938,81.96946716308594,23.77923583984375,103.08088684082031,44.13732147216797,34.81136703491211,73.95623016357422,1,1,1,1,1,1,1,1,1,1
IMG_3568_png_jpg.rf.f8809dba8dbf4cc8c73f5341d8f015c8.jpg,train,124.7108154296875,129.41378784179688,123.74336242675781,77.35262298583984,74.6558609008789,73.39613342285156,55.29209899902344,46.41938781738281,135.4779510498047,38.51392364501953,60.98896408081055,74.64485168457031,1,1,1,1,1,1,1,1,1,1
IMG_3617_png_jpg.rf.f7d9e17287029e2dbc0437e5b0edc5e8.jpg,train,132.4282989501953,124.68986511230469,106.07472229003906,68.97122192382812,73.04329681396484,76.43792724609375,23.502288818359375,83.95501708984375,132.69711303710938,16.807575225830078,82.07502746582031,69.0801773071289,1,1,1,1,1,1,1,1,1,1
IMG_3761_png_jpg.rf.f89d832bbe5f95097ec2a542f7ddc7af.jpg,train,54.98985290527344,54.690216064453125,47.67204284667969,62.4792594909668,62.057613372802734,57.726322174072266,28.083831787109375,43.80766296386719,55.799560546875,20.924116134643555,36.452491760253906,62.785614013671875,1,1,1,1,1,1,1,1,1,1
IMG_3563_png_jpg.rf.f8d5a28df0408e9c2406719ab21f56e8.jpg,train,117.21110534667969,107.60330200195312,89.63209533691406,76.47919464111328,65.90904235839844,60.65934371948242,36.810638427734375,42.37548828125,118.52372741699219,36.028873443603516,60.73409652709961,76.35852813720703,1,1,1,1,1,1,1,1,1,1
IMG_3658_png_jpg.rf.f8b2b649ed2a1f850281dda76ed6fef3.jpg,train,150.8249969482422,122.820556640625,83.05894470214844,41.77018356323242,50.834110260009766,61.85246658325195,28.97308349609375,137.80409240722656,157.73410034179688,33.37908935546875,50.06999969482422,48.790706634521484,1,1,1,1,1,1,1,1,1,1
IMG_3849_png_jpg.rf.f95633328f9b2a4095cdd6ba9fb65aeb.jpg,train,51.75138854980469,46.90470886230469,41.764068603515625,69.73782348632812,61.017730712890625,54.999610900878906,14.21966552734375,32.727142333984375,52.06227111816406,20.65908432006836,56.92972946166992,69.93814849853516,1,1,1,1,1,1,1,1,1,1
IMG_3659_png_jpg.rf.f8ec665dd5256a294ee5e2d8793a7349.jpg,train,124.80259704589844,82.58335876464844,43.63230895996094,37.976402282714844,46.96467971801758,56.916622161865234,26.664657592773438,188.03085327148438,129.0189208984375,36.597904205322266,62.4687385559082,43.302406311035156,1,1,1,1,1,1,1,1,1,1
IMG_3893_png_jpg.rf.f8f5a4746303e2f9a85d91ebbe4d6ca9.jpg,train,79.93013000488281,88.36659240722656,55.038330078125,57.24962615966797,55.77036666870117,63.413272857666016,52.95964050292969,152.546630859375,95.74736022949219,38.37615203857422,76.0842056274414,60.42914581298828,1,1,1,1,1,1,1,1,1,1
IMG_3714_png_jpg.rf.f9fddd623b89fadca07370f47e21d714.jpg,train,72.24882507324219,62.24998474121094,50.3914794921875,67.33879852294922,63.7064094543457,63.38909912109375,36.89935302734375,144.78575134277344,77.94223022460938,42.103511810302734,92.7939453125,64.92935943603516,1,1,1,1,1,1,1,1,1,1
IMG_3730_png_jpg.rf.f8e0d919632910eb1e2dc72bb809384d.jpg,train,124.56629943847656,121.9822998046875,114.72459411621094,54.22157287597656,54.15312194824219,53.14079284667969,23.476593017578125,30.145675659179688,124.77827453613281,14.340219497680664,43.290592193603516,54.34854507446289,1,1,1,1,1,1,1,1,1,1
IMG_3909_png_jpg.rf.f9a1b7bcf133802a48083f507239656e.jpg,train,138.8438720703125,126.06106567382812,106.99885559082031,61.74808120727539,61.30615234375,64.20828247070312,23.991302490234375,74.18095397949219,139.19314575195312,16.80670928955078,63.645545959472656,61.957611083984375,1,1,1,1,1,1,1,1,1,1
IMG_3752_png_jpg.rf.f9d0dbfa3b81b9d02c4e31520ed77e0d.jpg,train,89.32400512695312,79.791015625,71.97340393066406,63.7137565612793,60.63822555541992,59.95058822631836,19.138214111328125,82.37408447265625,89.93473815917969,26.183942794799805,77.5555419921875,64.27559661865234,1,1,1,1,1,1,1,1,1,1
IMG_3580_png_jpg.rf.f938476af047ffc4ad21129d0f8ed924.jpg,train,141.06887817382812,127.61886596679688,116.7847900390625,59.24310302734375,57.38345718383789,56.07674026489258,16.445037841796875,52.706573486328125,141.2386474609375,18.36081886291504,31.889591217041016,59.36357879638672,1,1,1,1,1,1,1,1,1,1
IMG_3888_png_jpg.rf.f9dc150cda6062ec6a96102479015208.jpg,train,145.93112182617188,144.37368774414062,140.58810424804688,55.48924255371094,57.80743408203125,57.74781799316406,33.82362365722656,17.353179931640625,146.61273193359375,35.34629440307617,28.041473388671875,56.04997253417969,1,1,1,1,1,1,1,1,1,1
IMG_3749_png_jpg.rf.f9cf7af81f375a42761351c199e95d1c.jpg,train,178.49656677246094,163.71701049804688,147.71047973632812,56.995121002197266,67.19552612304688,70.63793182373047,20.049850463867188,55.130126953125,178.69248962402344,20.039583206176758,39.868133544921875,57.184200286865234,1,1,1,1,1,1,1,1,1,1
IMG_3829_png_jpg.rf.fa69a5a7afb7ce2106a6e51db935fa14.jpg,train,165.90609741210938,151.9088592529297,123.80284118652344,56.2422981262207,59.635440826416016,61.25312805175781,24.067062377929688,78.49859619140625,167.70350646972656,19.320964813232422,43.883575439453125,57.46725082397461,1,1,1,1,1,1,1,1,1,1
32_jpg.rf.fa41be8478d14373e84d457acc7a310a.jpg,train,118.26304626464844,116.89112854003906,109.938232421875,62.910545349121094,61.513893127441406,57.4929084777832,23.560943603515625,15.57012939453125,118.91961669921875,30.061811447143555,28.145130157470703,63.078792572021484,1,1,1,1,1,1,1,1,1,1
30_jpg.rf.f9b9714f6db4c2634769b3ee16054c39.jpg,train,99.31890869140625,95.19601440429688,88.1943359375,57.80307388305664,54.73387145996094,52.3614616394043,22.705825805664062,34.66552734375,99.94046020507812,22.516704559326172,44.8188591003418,58.314754486083984,1,1,1,1,1,1,1,1,1,1
IMG_3754_png_jpg.rf.f9ab08bd9b95cab98f9a396fa8b07982.jpg,train,99.25148010253906,95.73457336425781,84.44950866699219,64.50504302978516,62.67939758300781,60.8682746887207,25.276260375976562,61.18327331542969,99.87882995605469,15.970860481262207,58.1450080871582,64.54984283447266,1,1,1,1,1,1,1,1,1,1
IMG_2984_png_jpg.rf.f8cdb59786b71d950770e42b60ca0a80.jpg,train,34.65399169921875,34.97999572753906,38.5643310546875,41.91590118408203,42.39846420288086,40.421695709228516,93.67561340332031,44.44758605957031,39.205718994140625,48.720359802246094,54.07993698120117,42.69697570800781,1,1,1,1,1,1,1,1,1,1
IMG_2995_png_jpg.rf.fac6b561a34edc7d0366a02168d45a90.jpg,train,102.0008544921875,104.36909484863281,111.48344421386719,48.12380599975586,48.87992477416992,51.46795654296875,104.34730529785156,27.380279541015625,112.82308959960938,27.805438995361328,24.703981399536133,52.07732009887695,1,1,1,1,1,1,1,1,1,1
IMG_3918_png_jpg.rf.f976c134ccce664718fca99887f50d0e.jpg,train,188.44644165039062,147.84117126464844,61.37782287597656,53.13800811767578,57.17985916137695,44.75404739379883,22.087692260742188,181.21612548828125,188.60720825195312,16.414936065673828,39.887454986572266,53.17667007446289,1,1,1,1,1,1,1,1,1,1
IMG_3620_png_jpg.rf.fa82bde1a348a904fef8aaf6509599f5.jpg,train,119.24917602539062,109.35000610351562,101.97911071777344,72.47250366210938,71.88224792480469,71.31336212158203,17.29156494140625,46.475128173828125,119.66159057617188,25.061073303222656,42.73193359375,72.78134155273438,1,1,1,1,1,1,1,1,1,1
IMG_3926_png_jpg.rf.f983319fb38775e23084b16171bd46af.jpg,train,90.54830932617188,70.24803161621094,53.19425964355469,57.88143539428711,52.76933670043945,50.491661071777344,26.541595458984375,138.31661987304688,93.0308837890625,38.18217086791992,62.00612258911133,59.12946319580078,1,1,1,1,1,1,1,1,1,1
IMG_3957_png_jpg.rf.f98bfdb7fcde24be38decd4f0f89070b.jpg,train,129.91275024414062,118.76235961914062,104.02322387695312,74.17371368408203,66.61288452148438,53.56880187988281,52.34889221191406,84.376953125,135.6188201904297,47.47351837158203,48.15236282348633,67.89398193359375,1,1,1,1,1,1,1,1,1,1
10_jpg.rf.fabde11c89e52c1e984dcaf99dc74d52.jpg,train,171.1056671142578,161.59657287597656,160.18630981445312,67.1102523803711,75.89149475097656,74.74393463134766,34.30354309082031,27.72125244140625,171.5216064453125,55.32510757446289,58.3399772644043,67.35386657714844,1,1,1,1,1,1,1,1,1,1
IMG_3756_png_jpg.rf.fb277cfbbacfd49c2c57ec54bc9fd66f.jpg,train,131.98544311523438,126.1483154296875,118.35835266113281,62.10997772216797,59.75706481933594,60.55177307128906,20.606185913085938,31.712142944335938,132.25369262695312,17.38355827331543,24.682388305664062,62.11056900024414,1,1,1,1,1,1,1,1,1,1
IMG_3668_png_jpg.rf.fb98a14c65e8251a58b7c3bbeb69d4b2.jpg,train,143.4838409423828,134.20455932617188,123.30287170410156,86.94984436035156,89.65863037109375,91.14698791503906,30.83270263671875,71.76008605957031,146.45387268066406,35.598384857177734,70.86722564697266,85.4057846069336,1,1,1,1,1,1,1,1,1,1
IMG_3759_png_jpg.rf.fb960542afed72a5187b4d4c41827dd9.jpg,train,22.490798950195312,20.357177734375,17.83465576171875,51.32990264892578,48.1240119934082,43.75305938720703,10.489166259765625,47.296295166015625,22.734161376953125,25.585309982299805,82.35909271240234,51.81063461303711,1,1,1,1,1,1,1,1,1,1
IMG_3602_png_jpg.rf.fb2c9c6949ceb41dc471829a007bcbc5.jpg,train,131.68173217773438,131.24012756347656,117.74821472167969,53.01555633544922,52.30746841430664,52.547706604003906,35.9893798828125,39.03993225097656,134.1090850830078,14.545060157775879,50.23332977294922,52.68632125854492,1,1,1,1,1,1,1,1,1,1
IMG_3011_png_jpg.rf.f9e2a81e36968908c7720f387f5cc3b3.jpg,train,90.15647888183594,88.353759765625,84.87222290039062,52.3316650390625,52.99824905395508,47.926597595214844,36.94084167480469,46.12385559082031,93.62969970703125,38.66767883300781,57.888526916503906,51.01926040649414,1,1,1,1,1,1,1,1,1,1
IMG_3853_png_jpg.rf.faf0eb337aa6b52718d89cef58e9d862.jpg,train,122.56605529785156,121.43576049804688,115.27227783203125,62.68570327758789,61.326759338378906,59.67622756958008,28.67388916015625,18.179962158203125,123.08717346191406,12.063080787658691,17.31057357788086,62.77007293701172,1,1,1,1,1,1,1,1,1,1
IMG_2979_png_jpg.rf.fb3dba5003d804d345bd7b5eabb30099.jpg,train,86.3109130859375,81.1766357421875,58.70806884765625,41.59843826293945,51.298831939697266,53.60549545288086,25.511764526367188,115.69108581542969,90.10311889648438,17.840389251708984,53.38349533081055,50.536537170410156,1,1,1,1,1,1,1,1,1,1
IMG_3652_png_jpg.rf.fc3d3a3e9b461da16d5148933ced2891.jpg,train,147.8599853515625,125.66375732421875,103.94142150878906,65.87459564208984,60.87417221069336,56.06589126586914,21.1915283203125,92.46241760253906,148.482421875,25.57471466064453,55.38418197631836,65.2626953125,1,1,1,1,1,1,1,1,1,1
IMG_2978_png_jpg.rf.fca6a044ca2ab6026ba490450ff3cb27.jpg,train,27.859222412109375,28.701690673828125,36.220123291015625,49.26678466796875,50.89900588989258,48.0037956237793,89.00764465332031,76.58528137207031,37.43330383300781,50.71786880493164,56.53522491455078,51.60963439941406,1,1,1,1,1,1,1,1,1,1
IMG_3775_png_jpg.rf.fc226ae379c709b122aacc667b84947b.jpg,train,144.26815795898438,133.28797912597656,123.96646118164062,69.63377380371094,67.9961166381836,64.62999725341797,18.494400024414062,40.729095458984375,144.74252319335938,27.244821548461914,25.132152557373047,70.02681732177734,1,1,1,1,1,1,1,1,1,1
IMG_3574_png_jpg.rf.fc84da4686d6afe6afd581faef601b85.jpg,train,102.86862182617188,104.32266235351562,94.58021545410156,82.71360778808594,79.26809692382812,73.44017791748047,45.949249267578125,47.64793395996094,107.75149536132812,34.544525146484375,56.95216369628906,81.63239288330078,1,1,1,1,1,1,1,1,1,1
IMG_3792_png_jpg.rf.fcf99d53010f8781cf5c3d01ca969631.jpg,train,136.0283660888672,132.38357543945312,119.186767578125,68.7743148803711,64.62879180908203,60.16664123535156,31.17156982421875,32.861358642578125,137.03042602539062,17.4549617767334,28.25261878967285,68.88076782226562,1,1,1,1,1,1,1,1,1,1
IMG_3799_png_jpg.rf.fbba6a6da58b16f2c6269621df7f4d55.jpg,train,75.70878601074219,67.50541687011719,57.872039794921875,67.83358764648438,65.09761047363281,62.921119689941406,22.974197387695312,101.35029602050781,76.33265686035156,30.84524154663086,79.55435943603516,67.97879028320312,1,1,1,1,1,1,1,1,1,1
IMG_3828_png_jpg.rf.fc4a6214839ccf6b8b6bd84cb55ffff2.jpg,train,145.81863403320312,140.67507934570312,127.54324340820312,68.98462677001953,68.85768127441406,68.47289276123047,34.34539794921875,45.87446594238281,147.87374877929688,33.95134353637695,30.75817108154297,69.41349029541016,1,1,1,1,1,1,1,1,1,1
IMG_3586_png_jpg.rf.fc39f1fa44a1502251cd4005e8cf8cca.jpg,train,93.18473815917969,70.63581848144531,61.86912536621094,51.431819915771484,59.25764846801758,59.41218566894531,15.636978149414062,117.45230102539062,93.51884460449219,31.544971466064453,85.52471923828125,52.17727279663086,1,1,1,1,1,1,1,1,1,1
IMG_3681_png_jpg.rf.fc3c300ebea860377a42069f5531e600.jpg,train,88.36187744140625,157.05459594726562,192.6872100830078,59.301692962646484,32.6309700012207,22.699552536010742,94.56510925292969,146.66366577148438,194.46519470214844,21.16057777404785,53.887474060058594,24.805070877075195,1,1,1,1,1,1,1,1,1,1
IMG_3885_png_jpg.rf.fc0d44d2e838935efb85842e73c33eae.jpg,train,111.55755615234375,105.82119750976562,98.88124084472656,49.322322845458984,51.575042724609375,49.6306266784668,28.281982421875,39.17083740234375,112.78778076171875,37.30912780761719,55.080421447753906,50.33233642578125,1,1,1,1,1,1,1,1,1,1
IMG_3827_png_jpg.rf.fd5d98709e188d39b72d1e1f3e73eefa.jpg,train,97.07501220703125,87.71731567382812,76.00413513183594,61.845401763916016,60.79486846923828,59.85417175292969,29.481842041015625,102.14558410644531,100.72976684570312,36.673946380615234,73.9760971069336,64.4875259399414,1,1,1,1,1,1,1,1,1,1
IMG_3587_png_jpg.rf.fc3e4fef1033a24b1fd88688f6b83c1e.jpg,train,92.98294067382812,86.37100219726562,72.95112609863281,48.742897033691406,51.62305450439453,51.15614318847656,23.27392578125,67.46575927734375,93.30001831054688,17.519275665283203,44.64341735839844,49.252967834472656,1,1,1,1,1,1,1,1,1,1
IMG_3974_png_jpg.rf.fdee04a0243cc365747f81f99d559357.jpg,train,38.50396728515625,28.7646484375,22.9771728515625,58.586116790771484,40.2664680480957,34.538150787353516,27.502960205078125,90.73480224609375,38.933319091796875,21.058958053588867,75.93629455566406,58.7590446472168,1,1,1,1,1,1,1,1,1,1
IMG_3574_png_jpg.rf.fda4c9a603201f4ee56ecf8857c67b03.jpg,train,165.96221923828125,169.93435668945312,161.81471252441406,77.96749877929688,74.70360565185547,71.88264465332031,54.02037048339844,22.814727783203125,171.90927124023438,30.843238830566406,26.176197052001953,75.3565902709961,1,1,1,1,1,1,1,1,1,1
IMG_3796_png_jpg.rf.fc7dfad7a76c00131d7920d67eb9cccb.jpg,train,100.69328308105469,96.41960144042969,89.25958251953125,57.11159896850586,53.30131149291992,52.43067932128906,26.781723022460938,38.86515808105469,101.40960693359375,23.982580184936523,39.33815002441406,57.58113479614258,1,1,1,1,1,1,1,1,1,1
IMG_2979_png_jpg.rf.fd9cd4f833424a154cd48dcdb7dfbd89.jpg,train,82.66595458984375,65.03898620605469,52.99098205566406,41.80815124511719,53.814395904541016,52.76544189453125,17.10992431640625,133.07302856445312,85.64582824707031,27.25440216064453,71.19896697998047,48.559696197509766,1,1,1,1,1,1,1,1,1,1
IMG_3665_png_jpg.rf.fbb270eb1b05e5a3e04c24769e2aee10.jpg,train,178.54061889648438,163.6585693359375,155.02862548828125,82.54248809814453,88.40858459472656,91.61067199707031,34.47869873046875,62.62263488769531,183.27166748046875,48.847930908203125,64.79481506347656,80.40678405761719,1,1,1,1,1,1,1,1,1,1
IMG_3962_png_jpg.rf.fcf58e354f379606cef8050f7353dd69.jpg,train,89.90090942382812,80.35595703125,68.93246459960938,53.78960037231445,54.89403533935547,58.00472640991211,27.286544799804688,91.54106140136719,90.9725341796875,33.66342544555664,59.90508270263672,55.65220260620117,1,1,1,1,1,1,1,1,1,1
IMG_3932_png_jpg.rf.fdf65c8f7353b0088fc4e10aecaab705.jpg,train,136.338134765625,123.15242004394531,101.15684509277344,64.9155044555664,64.52931213378906,67.47111511230469,27.379653930664062,88.6287841796875,139.57919311523438,25.055580139160156,72.6006088256836,64.29801177978516,1,1,1,1,1,1,1,1,1,1
IMG_3768_png_jpg.rf.fdd5ff0176bab0010d9b27bdaaccb69b.jpg,train,119.04902648925781,115.55482482910156,100.10215759277344,65.932373046875,61.038330078125,55.4227409362793,30.429168701171875,39.58306884765625,120.38650512695312,16.13927459716797,33.56198501586914,65.73880004882812,1,1,1,1,1,1,1,1,1,1
IMG_3632_png_jpg.rf.fdb24c5ff83dda80042ea8e289d0309e.jpg,train,102.97946166992188,126.52934265136719,120.3280029296875,54.825157165527344,64.55862426757812,71.55450439453125,64.08810424804688,89.8270263671875,136.42457580566406,41.836421966552734,56.68246078491211,67.4532699584961,1,1,1,1,1,1,1,1,1,1
IMG_3838_png_jpg.rf.fc8a9a0b939495e8eb3e871bc10f549b.jpg,train,137.18524169921875,136.90457153320312,106.29449462890625,66.46256256103516,64.87355041503906,60.18112564086914,38.16395568847656,70.80490112304688,144.4613037109375,32.04178237915039,58.54043197631836,67.4781723022461,1,1,1,1,1,1,1,1,1,1
IMG_3881_png_jpg.rf.fcb4fc7c811fd20f34a2c9861c766d10.jpg,train,161.6506805419922,153.3989715576172,137.18328857421875,63.0435905456543,63.18354415893555,69.27208709716797,35.56312561035156,53.02215576171875,163.7407684326172,36.97441101074219,43.81636047363281,63.666751861572266,1,1,1,1,1,1,1,1,1,1
IMG_3729_png_jpg.rf.fe09a2cbbb38da510a22f4cdc6f31d4f.jpg,train,157.89459228515625,155.35549926757812,148.83489990234375,62.76388931274414,63.249351501464844,63.1048698425293,24.62420654296875,19.400375366210938,158.17269897460938,15.507254600524902,24.167675018310547,62.84624099731445,1,1,1,1,1,1,1,1,1,1
IMG_3887_png_jpg.rf.fdf07d685d847dd4b83758a5257da90a.jpg,train,89.62391662597656,85.20423889160156,79.79063415527344,52.976295471191406,51.369686126708984,49.341426849365234,30.945526123046875,35.7801513671875,90.45693969726562,41.535404205322266,50.5164794921875,53.21147537231445,1,1,1,1,1,1,1,1,1,1
IMG_3789_png_jpg.rf.fdd0eae4510e59993a897ed2a908b1ad.jpg,train,100.97373962402344,96.57917785644531,75.43359375,71.65411376953125,64.97177124023438,60.8062858581543,31.864028930664062,77.1474609375,104.53990173339844,20.404800415039062,41.38487243652344,71.33769226074219,1,1,1,1,1,1,1,1,1,1
IMG_2996_png_jpg.rf.fdf1c67ccba540fa0117351061835abf.jpg,train,145.0427703857422,149.1647186279297,152.01637268066406,49.53658676147461,49.97235870361328,52.142913818359375,95.27409362792969,18.005874633789062,153.74420166015625,25.210063934326172,18.605852127075195,51.90138244628906,1,1,1,1,1,1,1,1,1,1
IMG_3915_png_jpg.rf.fdf174017d4c81588924d8bd24207b18.jpg,train,126.86912536621094,133.5150604248047,140.79234313964844,70.85977172851562,82.41422271728516,94.65509796142578,81.07212829589844,74.29953002929688,150.0173797607422,44.78379821777344,62.869224548339844,85.8947525024414,1,1,1,1,1,1,1,1,1,1
IMG_3673_png_jpg.rf.fe5137f3329680ba9f7cc717b739dd0c.jpg,train,122.89016723632812,120.18316650390625,114.95428466796875,68.1854019165039,65.18460845947266,63.702022552490234,63.28955078125,40.445068359375,127.31193542480469,41.0689582824707,51.49184799194336,68.28939819335938,1,1,1,1,1,1,1,1,1,1
IMG_3710_png_jpg.rf.fe59e95e6a9b67622e083094a67f3e37.jpg,train,122.78022766113281,109.80819702148438,93.84011840820312,73.98593139648438,66.7751235961914,69.68122100830078,41.39509582519531,110.94894409179688,133.80015563964844,42.75221633911133,74.33634948730469,67.62438201904297,1,1,1,1,1,1,1,1,1,1
IMG_3759_png_jpg.rf.feea26660190a922915ab5bf59269e95.jpg,train,44.77215576171875,42.764312744140625,34.718414306640625,62.80742263793945,60.145408630371094,54.98500061035156,25.850814819335938,96.56112670898438,45.45574951171875,18.363805770874023,76.99359893798828,63.079185485839844,1,1,1,1,1,1,1,1,1,1
IMG_3702_png_jpg.rf.fe40d114e92d7153eb052cede3f60df9.jpg,train,115.00364685058594,104.77926635742188,80.90243530273438,78.8843994140625,75.25145721435547,69.55685424804688,34.482086181640625,95.44892883300781,118.73329162597656,36.61330032348633,88.82076263427734,80.9204330444336,1,1,1,1,1,1,1,1,1,1
4_jpg.rf.fe28d2c91682efca8244a7c7c3bfbefb.jpg,train,161.19802856445312,147.7301483154297,141.88516235351562,101.39653015136719,94.50991821289062,90.53759002685547,19.585403442382812,35.902191162109375,162.1326446533203,37.88433074951172,48.25033187866211,101.02381896972656,1,1,1,1,1,1,1,1,1,1
25_jpg.rf.ffcdb8cdec5c08496556179d80de1478.jpg,train,42.65596008300781,42.926483154296875,52.83528137207031,63.52875518798828,65.13277435302734,66.8299789428711,88.59027099609375,94.45248413085938,55.26301574707031,52.44837951660156,83.00912475585938,70.7545166015625,1,1,1,1,1,1,1,1,1,1
30_jpg.rf.fe6bf5f38c1e30a1fc02de0d005beea9.jpg,train,159.78622436523438,159.45376586914062,152.91006469726562,57.46123504638672,57.14154815673828,54.31180953979492,27.574371337890625,10.341690063476562,160.2829132080078,15.693883895874023,15.364072799682617,57.54530334472656,1,1,1,1,1,1,1,1,1,1
IMG_3771_png_jpg.rf.ff001a2176fe73a8611d131a5183bf7d.jpg,train,66.43496704101562,58.36503601074219,47.695098876953125,72.14480590820312,69.58020782470703,64.56504821777344,29.795974731445312,115.42977905273438,67.24163818359375,40.67888641357422,79.05160522460938,72.38153076171875,1,1,1,1,1,1,1,1,1,1
IMG_3974_png_jpg.rf.ff830a232ef9fa4172c81fa7dc83581b.jpg,train,69.69963073730469,64.56607055664062,48.82060241699219,64.50526428222656,51.044578552246094,35.559814453125,36.74085998535156,59.00715637207031,71.77513122558594,15.133707046508789,57.792606353759766,64.3183822631836,1,1,1,1,1,1,1,1,1,1
IMG_3002_png_jpg.rf.ff03e5178bb2e9086836c0d1bb5c9abf.jpg,train,94.60090637207031,101.72010803222656,119.90998840332031,33.0079345703125,33.46261215209961,30.603174209594727,109.2156982421875,57.7291259765625,120.51747131347656,16.388473510742188,14.407808303833008,32.14411163330078,1,1,1,1,1,1,1,1,1,1
IMG_3571_png_jpg.rf.fe1357aa4e0e3ede60d4a7139edfa037.jpg,train,123.322265625,129.0199737548828,117.42500305175781,85.69202423095703,79.59671020507812,73.61742401123047,53.52447509765625,59.32258605957031,135.13494873046875,38.59357833862305,64.97578430175781,80.51943969726562,1,1,1,1,1,1,1,1,1,1
IMG_3779_png_jpg.rf.fefdef198fd680b58dbeff12621b0d2b.jpg,train,74.35276794433594,66.23408508300781,55.011993408203125,77.76480102539062,70.91236114501953,63.93050765991211,33.34332275390625,85.46949768066406,76.29708862304688,39.44580841064453,70.01150512695312,78.45936584472656,1,1,1,1,1,1,1,1,1,1
IMG_3561_png_jpg.rf.ff24ec0cbaf44b23966d79483834c25c.jpg,train,71.76284790039062,63.54510498046875,54.08650207519531,73.63823699951172,65.06188201904297,60.586395263671875,23.365509033203125,45.80279541015625,72.35812377929688,32.2957763671875,59.29133987426758,73.78073120117188,1,1,1,1,1,1,1,1,1,1
IMG_3018_png_jpg.rf.fef46e3bcd17f41547ab471db12da79b.jpg,train,81.847900390625,78.99044799804688,77.0863037109375,48.713016510009766,49.39690017700195,47.855247497558594,38.08204650878906,19.65887451171875,82.04208374023438,57.459716796875,17.354881286621094,49.04280090332031,1,1,1,1,1,1,1,1,1,1
IMG_3803_png_jpg.rf.ff8d8b7fc52186a58ebb0994375d48c5.jpg,train,35.498199462890625,35.88166809082031,21.962997436523438,54.140769958496094,54.408241271972656,45.82755661010742,33.8843994140625,155.775146484375,38.384429931640625,28.37347984313965,85.07347869873047,56.12449645996094,1,1,1,1,1,1,1,1,1,1
IMG_3699_png_jpg.rf.fef787b5985d512b9bfab536cb2a5134.jpg,train,95.35795593261719,85.26296997070312,66.62342834472656,79.85381317138672,72.992919921875,63.30793380737305,31.803512573242188,92.80085754394531,99.62591552734375,38.505706787109375,82.09688568115234,83.35784149169922,1,1,1,1,1,1,1,1,1,1
IMG_3838_png_jpg.rf.ff57769e7f304e3cc014f79b24fdb313.jpg,train,150.50106811523438,141.78912353515625,116.3221435546875,60.93986129760742,59.21431350708008,60.55227279663086,35.82666015625,69.63688659667969,153.04171752929688,39.11400604248047,66.52410888671875,60.79869079589844,1,1,1,1,1,1,1,1,1,1
IMG_3728_png_jpg.rf.887e3c689beb3902aa06ace196065088.jpg,train,153.64927673339844,149.45074462890625,141.9904327392578,76.43620300292969,76.218505859375,76.3586196899414,24.455429077148438,31.4183349609375,153.8791046142578,16.71904182434082,42.337501525878906,76.38641357421875,1,1,1,1,1,1,1,1,1,1
IMG_3001_png_jpg.rf.878b6a720e586fab5fae168998a89f84.jpg,train,17.943023681640625,20.46258544921875,32.73640441894531,39.171043395996094,40.41163635253906,37.439815521240234,108.03622436523438,159.46463012695312,33.842437744140625,29.188756942749023,61.94314956665039,40.673500061035156,1,1,1,1,1,1,1,1,1,1
IMG_3714_png_jpg.rf.86d2d2c32ea1d96fb1da1e763a5bbd55.jpg,train,91.8043212890625,85.13192749023438,67.78883361816406,70.42111206054688,67.03148651123047,67.5400390625,38.90730285644531,123.73434448242188,98.45155334472656,36.737789154052734,82.26885223388672,67.47663116455078,1,1,1,1,1,1,1,1,1,1
IMG_3664_png_jpg.rf.86d937e06ecf05931619fae309855f2a.jpg,train,177.1878204345703,164.61190795898438,157.11842346191406,74.54151153564453,78.88348388671875,81.66949462890625,37.807891845703125,49.51548767089844,180.06900024414062,45.34088897705078,50.958518981933594,72.98554992675781,1,1,1,1,1,1,1,1,1,1
IMG_3688_png_jpg.rf.8624e2ff98b4eb94da5c9f8cac3c47af.jpg,train,137.8133087158203,130.46444702148438,124.586181640625,55.44286346435547,56.709991455078125,56.98859786987305,18.507537841796875,39.30842590332031,138.0882568359375,23.43625259399414,54.529014587402344,55.53622817993164,1,1,1,1,1,1,1,1,1,1
IMG_3717_png_jpg.rf.861cd22decbec465884868ee0d9f3c22.jpg,train,47.7730712890625,46.17509460449219,40.487335205078125,64.4694595336914,63.00727462768555,56.176475524902344,21.134658813476562,31.913604736328125,48.0059814453125,19.787527084350586,29.05832862854004,64.89124298095703,1,1,1,1,1,1,1,1,1,1
IMG_3816_png_jpg.rf.86acc26dd1b087a0afd4db7c0d2a6103.jpg,train,131.080078125,127.59461975097656,125.55958557128906,73.85562133789062,77.94185638427734,81.02442169189453,63.73091125488281,54.803558349609375,135.7891845703125,48.016990661621094,75.29104614257812,75.54570770263672,1,1,1,1,1,1,1,1,1,1
IMG_3817_png_jpg.rf.8603ef78753bbf999190484f2fef9fc2.jpg,train,119.956298828125,122.63272094726562,126.13966369628906,74.0966567993164,74.3967514038086,84.31314086914062,78.47416687011719,49.454742431640625,134.68893432617188,44.00311279296875,52.44797134399414,82.7100830078125,1,1,1,1,1,1,1,1,1,1
IMG_3587_png_jpg.rf.887223462becb71f363b8cdb59c74b2d.jpg,train,42.00254821777344,32.20585632324219,28.989959716796875,48.96601104736328,49.40800094604492,45.7780876159668,27.055831909179688,139.69705200195312,42.28138732910156,51.173526763916016,95.28248596191406,49.46216583251953,1,1,1,1,1,1,1,1,1,1
IMG_3018_png_jpg.rf.86abddf4c8363f0e41feca0a536dec1a.jpg,train,66.70106506347656,64.65599060058594,60.934814453125,49.050209045410156,50.182220458984375,47.851871490478516,31.227691650390625,31.567123413085938,67.076171875,41.57427978515625,24.5670166015625,49.71227264404297,1,1,1,1,1,1,1,1,1,1
IMG_3028_png_jpg.rf.864a63fe9de169b18fadc2413dd69ddf.jpg,train,145.00071716308594,83.88435363769531,157.62217712402344,65.10978698730469,43.344573974609375,81.98347473144531,103.18930053710938,123.86344909667969,162.52650451660156,59.67913055419922,58.010093688964844,76.95598602294922,1,1,1,1,1,1,1,1,1,1
IMG_3719_png_jpg.rf.88a7620f5de7794f56e55644c7deed5c.jpg,train,40.16352844238281,34.281158447265625,30.19091796875,72.72208404541016,65.20481872558594,59.74858474731445,20.907974243164062,57.59013366699219,40.47798156738281,45.80702590942383,88.14940643310547,73.09928131103516,1,1,1,1,1,1,1,1,1,1
IMG_3921_png_jpg.rf.85d8ec50e0ab1f0e5a387343272fb10e.jpg,train,135.3311309814453,114.19804382324219,62.45860290527344,53.990013122558594,53.640628814697266,47.363033294677734,21.912521362304688,157.19839477539062,135.57704162597656,11.957454681396484,52.61891174316406,53.995914459228516,1,1,1,1,1,1,1,1,1,1
IMG_3009_png_jpg.rf.85fa48bcf5ad317f48db4718427ae0e0.jpg,train,102.56744384765625,98.34442138671875,96.3460693359375,49.54805374145508,48.7787971496582,46.138755798339844,28.23486328125,20.211196899414062,103.60104370117188,42.11908721923828,12.48471736907959,49.146026611328125,1,1,1,1,1,1,1,1,1,1
IMG_3609_png_jpg.rf.88db1ec37f4cc81d95ed1e6f45386000.jpg,train,97.40621948242188,95.0220947265625,89.45028686523438,38.245582580566406,36.267513275146484,35.60993576049805,22.859619140625,21.525390625,97.63697814941406,11.980534553527832,21.212059020996094,38.46943283081055,1,1,1,1,1,1,1,1,1,1
IMG_3788_png_jpg.rf.87546d577fe0d73afda277d560cd0c34.jpg,train,128.5653839111328,129.85104370117188,111.46646118164062,76.5243911743164,72.53922271728516,71.4383316040039,45.118865966796875,48.7366943359375,135.11575317382812,31.614103317260742,35.67949676513672,76.62844848632812,1,1,1,1,1,1,1,1,1,1
IMG_3572_png_jpg.rf.897a72db0f4d2e081df77ff63f6d58a7.jpg,train,100.64103698730469,102.42491149902344,94.31137084960938,79.94824981689453,78.03234100341797,72.27120208740234,46.66462707519531,38.80223083496094,105.25846862792969,34.78020477294922,50.414710998535156,79.55384063720703,1,1,1,1,1,1,1,1,1,1
IMG_3652_png_jpg.rf.898c4fed32d5fe951cd1d6bc28920b15.jpg,train,163.89913940429688,157.9767608642578,133.65577697753906,62.457923889160156,61.796417236328125,61.10469055175781,30.135955810546875,62.92008972167969,164.56097412109375,24.804214477539062,56.78366470336914,61.71580123901367,1,1,1,1,1,1,1,1,1,1
29_jpg.rf.86ba7da4db5af7c534364ccc30cda92d.jpg,train,105.07562255859375,106.71246337890625,107.43142700195312,71.4511947631836,72.0294189453125,71.22430419921875,85.97293090820312,24.071456909179688,109.22560119628906,42.363468170166016,44.06907653808594,72.97291564941406,1,1,1,1,1,1,1,1,1,1
12_jpg.rf.8900e575b4286771a4eeb29f00b69bab.jpg,train,160.46173095703125,156.83189392089844,151.5179443359375,58.00983810424805,58.26421356201172,58.611717224121094,30.264450073242188,20.3509521484375,160.6702117919922,40.51454162597656,38.44236373901367,58.02790069580078,1,1,1,1,1,1,1,1,1,1
IMG_3642_png_jpg.rf.89179260ad03b7e6dfdcae9f47760fc6.jpg,train,137.1734161376953,68.27114868164062,63.64414978027344,66.56929779052734,61.18723678588867,57.501853942871094,24.190902709960938,140.75787353515625,137.45423889160156,48.096012115478516,78.50971221923828,66.5791015625,1,1,1,1,1,1,1,1,1,1
30_jpg.rf.8921f19c47a1733ec038d4bc2c2abac6.jpg,train,129.11898803710938,129.02305603027344,120.56182861328125,56.358882904052734,56.00349044799805,52.69253158569336,29.755294799804688,17.832077026367188,130.08975219726562,16.007884979248047,28.657455444335938,56.631134033203125,1,1,1,1,1,1,1,1,1,1
IMG_3853_png_jpg.rf.8951045adc2d2ba53aa71cc16ad6b5a6.jpg,train,85.89540100097656,83.62213134765625,77.44517517089844,68.88382720947266,66.69709014892578,64.23004150390625,26.311813354492188,51.786834716796875,86.33677673339844,14.080646514892578,67.6737060546875,69.05584716796875,1,1,1,1,1,1,1,1,1,1
IMG_3618_png_jpg.rf.8986f4dfa875ab45cf239d727929ccff.jpg,train,157.4273681640625,149.52284240722656,136.24530029296875,64.74710845947266,66.10237121582031,67.6201400756836,21.806472778320312,44.90138244628906,157.8853302001953,20.873685836791992,39.88401412963867,64.75460815429688,1,1,1,1,1,1,1,1,1,1
IMG_2983_png_jpg.rf.895d5fa78e037f061e802f663a198e25.jpg,train,25.921401977539062,26.231277465820312,29.885589599609375,39.69764709472656,40.92998504638672,37.13201141357422,116.65217590332031,75.57246398925781,30.753631591796875,20.7308292388916,59.439754486083984,40.43953323364258,1,1,1,1,1,1,1,1,1,1
IMG_3003_png_jpg.rf.894fd732968af4daee5ddfc6289aada7.jpg,train,159.02049255371094,159.50730895996094,158.70977783203125,38.006961822509766,38.3544807434082,37.812644958496094,24.999053955078125,2.1960296630859375,159.76318359375,40.52375793457031,10.069085121154785,38.535667419433594,1,1,1,1,1,1,1,1,1,1
IMG_3856_png_jpg.rf.8678b2af226d60de448a218b6cec8bc8.jpg,train,115.34420776367188,112.3424072265625,108.51963806152344,63.850486755371094,62.452392578125,61.46076202392578,20.80474853515625,16.64154052734375,115.43165588378906,12.610315322875977,13.093344688415527,63.89656066894531,1,1,1,1,1,1,1,1,1,1
IMG_3571_png_jpg.rf.878c43fb964cc3a47d6a1ff92f95b59b.jpg,train,161.17703247070312,169.00357055664062,161.95079040527344,87.32461547851562,81.89595794677734,83.31632995605469,50.829345703125,33.45323181152344,171.77447509765625,39.99080276489258,45.77733612060547,82.05917358398438,1,1,1,1,1,1,1,1,1,1
IMG_3889_png_jpg.rf.88c00b7b4869f5b9f9ae51dc5b9af6fe.jpg,train,127.19578552246094,125.19528198242188,115.45773315429688,62.9931526184082,66.5269775390625,66.2584457397461,32.26683044433594,44.95405578613281,128.61729431152344,27.12354278564453,60.25383758544922,64.1847152709961,1,1,1,1,1,1,1,1,1,1
IMG_3926_png_jpg.rf.880b524c74d66775d18704326bc24714.jpg,train,174.71896362304688,162.33514404296875,137.530517578125,53.83104705810547,52.71904754638672,52.03190994262695,29.5506591796875,62.818450927734375,177.42657470703125,32.559200286865234,28.908660888671875,52.725677490234375,1,1,1,1,1,1,1,1,1,1
IMG_3798_png_jpg.rf.89da3c152bc183b01fb2d6426f878eea.jpg,train,99.73985290527344,95.13050842285156,76.80400085449219,69.65202331542969,68.80699920654297,68.08333587646484,26.874786376953125,101.29450988769531,101.83125305175781,20.774070739746094,78.21479034423828,69.4281997680664,1,1,1,1,1,1,1,1,1,1
IMG_3601_png_jpg.rf.894f32b1edfd2aaf425093dfaf08060a.jpg,train,144.03330993652344,143.88613891601562,133.44821166992188,62.036312103271484,61.90325164794922,62.607826232910156,31.150970458984375,38.17439270019531,144.945556640625,12.191635131835938,57.29869079589844,62.0157585144043,1,1,1,1,1,1,1,1,1,1
IMG_3752_png_jpg.rf.89f6150657b1015a41ad7d99d68975d1.jpg,train,122.65963745117188,119.115478515625,109.92935180664062,60.077823638916016,58.80533218383789,60.63813018798828,24.001571655273438,38.01997375488281,123.31340026855469,18.10242462158203,38.287349700927734,59.96432876586914,1,1,1,1,1,1,1,1,1,1
IMG_3839_png_jpg.rf.8a42e5fba0aac5c808658a79fbf3a552.jpg,train,124.59176635742188,123.69869995117188,86.87319946289062,65.16970825195312,61.70060729980469,63.219810485839844,41.7752685546875,101.81808471679688,132.64117431640625,38.34603500366211,88.32987976074219,64.14230346679688,1,1,1,1,0,1,1,1,1,1
IMG_3654_png_jpg.rf.876a56de335c020008a719b820068f73.jpg,train,143.679443359375,119.74459838867188,97.88023376464844,62.48714065551758,59.45646667480469,53.65576171875,24.92547607421875,99.57514953613281,144.8662109375,35.36262893676758,59.975746154785156,62.20719528198242,1,1,1,1,1,1,1,1,1,1
IMG_3650_png_jpg.rf.8a9298c77d70cbe8e2188dc47db43640.jpg,train,214.5906982421875,192.01596069335938,177.27020263671875,48.17865753173828,47.13535690307617,46.94303512573242,15.210433959960938,46.837615966796875,214.89767456054688,19.57091522216797,20.460731506347656,48.089500427246094,1,1,1,1,1,1,1,1,1,1
29_jpg.rf.8a813d09f0d65f9c381a6a01375366fd.jpg,train,81.04640197753906,82.86758422851562,83.8302001953125,63.245479583740234,64.16992950439453,63.662254333496094,76.4779052734375,20.441268920898438,85.92213439941406,50.58264923095703,35.53862380981445,65.69916534423828,1,1,1,1,1,1,1,1,1,1
IMG_3606_png_jpg.rf.8abe04a11e4e62749c015047a9fc1a68.jpg,train,119.69244384765625,117.77033996582031,108.69755554199219,44.61906051635742,43.92738723754883,43.28924560546875,26.144882202148438,31.472396850585938,119.98716735839844,14.04606819152832,37.155738830566406,44.753692626953125,1,1,1,1,1,1,1,1,1,1
IMG_3007_png_jpg.rf.85ebc6612e18dec0ef438b021df2af41.jpg,train,46.989349365234375,46.95021057128906,45.71287536621094,43.421226501464844,44.54004669189453,42.9688835144043,43.22419738769531,20.083984375,48.336456298828125,51.426883697509766,20.607608795166016,45.41048812866211,1,1,1,1,1,1,1,1,1,1
27_jpg.rf.87c9077992f88b896cc268793be6a43f.jpg,train,73.59881591796875,75.71522521972656,81.93162536621094,63.085716247558594,65.16529083251953,64.6165542602539,112.40397644042969,41.70713806152344,84.49345397949219,26.938440322875977,20.88534927368164,68.07515716552734,1,1,1,1,1,1,1,1,1,1
IMG_3650_png_jpg.rf.8ac220848bd3ad377d02b6ff5f6ceffa.jpg,train,131.46214294433594,96.84303283691406,74.08486938476562,55.08356857299805,47.103416442871094,42.432037353515625,14.98583984375,127.74552917480469,132.09083557128906,20.78265380859375,54.618408203125,55.05671310424805,1,1,1,1,1,1,1,1,1,1
IMG_3868_png_jpg.rf.8a605cbefb958eaf7abaddecd05632df.jpg,train,159.3285369873047,73.457275390625,78.51980590820312,49.81672286987305,55.868656158447266,52.36888122558594,142.72398376464844,143.29348754882812,159.5790252685547,66.69562530517578,52.19805145263672,49.93034362792969,1,1,1,1,1,1,1,1,1,1
IMG_3894_png_jpg.rf.8afc8a09c419533beffcf028095c22f2.jpg,train,107.11965942382812,100.30921936035156,48.33567810058594,60.11158752441406,53.616798400878906,59.46192169189453,31.577301025390625,173.0591278076172,113.11639404296875,22.306718826293945,68.38414001464844,59.77081298828125,1,1,1,1,1,1,1,1,1,1
IMG_3800_png_jpg.rf.8acf95725cb157080e7eee000feaa8fb.jpg,train,80.13233947753906,72.97596740722656,60.96934509277344,70.77144622802734,68.41281127929688,65.96118927001953,23.319549560546875,102.25254821777344,80.98490905761719,21.595678329467773,73.40787506103516,70.85144805908203,1,1,1,1,1,1,1,1,1,1
12_jpg.rf.8aca82783eb9e68a837081aacdc15794.jpg,train,148.48663330078125,147.51333618164062,141.2916717529297,56.8173828125,56.9756965637207,57.142799377441406,31.137252807617188,17.997222900390625,148.91371154785156,31.248620986938477,35.80351638793945,56.842529296875,1,1,1,1,1,1,1,1,1,1
12_jpg.rf.87d1c16898ecaa4ff829b99530f56ac2.jpg,train,191.8226318359375,190.09059143066406,185.93470764160156,72.46590423583984,72.38926696777344,71.53297424316406,28.668365478515625,8.603042602539062,191.97279357910156,36.00714111328125,17.910863876342773,72.50360870361328,1,1,1,1,1,1,1,1,1,1
IMG_3881_png_jpg.rf.883b1c52fbcc9bafe85605a77a465c34.jpg,train,178.380126953125,180.34170532226562,150.95660400390625,59.54301834106445,57.46267318725586,68.1042251586914,41.349822998046875,56.17008972167969,185.43002319335938,29.066974639892578,43.99485778808594,57.191612243652344,1,1,1,1,1,1,1,1,1,1
IMG_3907_png_jpg.rf.8ad2796e97e9c5ee3e1f6009fdedbd26.jpg,train,149.19976806640625,133.21653747558594,122.21029663085938,63.06050109863281,65.22635650634766,67.91181182861328,22.492874145507812,60.336273193359375,150.1505126953125,27.365440368652344,53.40533447265625,63.80751037597656,1,1,1,1,1,1,1,1,1,1
IMG_3726_png_jpg.rf.881ae8997a126d2e210e6f90297551db.jpg,train,145.20834350585938,144.01040649414062,130.76559448242188,77.20721435546875,74.3018569946289,76.44833374023438,34.19606018066406,84.12257385253906,156.2400360107422,31.073917388916016,81.44322204589844,68.75801849365234,1,1,1,1,1,1,1,1,1,1
IMG_3676_png_jpg.rf.8acfa6ddd02b950aab7221cf4576cfa3.jpg,train,118.43305969238281,115.02558898925781,101.52749633789062,70.88812255859375,71.11251831054688,68.3361587524414,28.710250854492188,46.349273681640625,119.28697204589844,20.080562591552734,46.72641372680664,71.139404296875,1,1,1,1,1,1,1,1,1,1
IMG_3569_png_jpg.rf.8aec24c6286051217c259d16d17cb857.jpg,train,162.85440063476562,165.2274932861328,157.77114868164062,86.2927017211914,80.56968688964844,77.12825012207031,48.684356689453125,35.476104736328125,169.5567626953125,36.1900634765625,45.519264221191406,80.99774932861328,1,1,1,1,1,1,1,1,1,1
IMG_3659_png_jpg.rf.8af7de7f5c659a539e5f69822578cb86.jpg,train,136.92893981933594,96.12783813476562,57.62657165527344,37.841094970703125,47.08369827270508,57.400821685791016,26.964309692382812,166.8621826171875,140.7761993408203,36.50003433227539,59.66023254394531,42.68632888793945,1,1,1,1,1,1,1,1,1,1
IMG_3769_png_jpg.rf.8b6bd0fcae8339217903ea02e5ce20da.jpg,train,73.00099182128906,67.93766784667969,58.02882385253906,63.50785827636719,60.186309814453125,56.491477966308594,24.631790161132812,58.69657897949219,73.97126770019531,31.928796768188477,40.99302673339844,63.81553268432617,1,1,1,1,1,1,1,1,1,1
IMG_3914_png_jpg.rf.8aff4e8c19d2084d3bf876cf3f419bd9.jpg,train,165.0546417236328,166.56736755371094,171.319091796875,65.45887756347656,70.29470825195312,78.33531951904297,89.71466064453125,33.49945068359375,178.82376098632812,46.6279411315918,25.146770477294922,72.5849838256836,1,1,1,1,1,1,1,1,1,1
IMG_3605_png_jpg.rf.8b1b81875c4830205d10a9859110c070.jpg,train,154.55735778808594,157.69309997558594,145.3397216796875,47.15263748168945,46.76676940917969,46.523284912109375,38.69512939453125,22.968368530273438,157.81906127929688,10.2723970413208,18.237178802490234,46.816383361816406,1,1,1,1,1,1,1,1,1,1
IMG_3879_png_jpg.rf.8b7c3993498a0b9f6095cc4662947e13.jpg,train,84.37330627441406,52.814697265625,31.200332641601562,33.4765625,49.23429870605469,54.64064407348633,21.704177856445312,197.14083862304688,88.0111083984375,33.734954833984375,78.81770324707031,41.29566192626953,1,1,1,1,1,1,1,1,1,1
IMG_3605_png_jpg.rf.8bccb46438dce39ef9a1022818a17b18.jpg,train,115.51069641113281,114.20191955566406,107.82881164550781,47.23271179199219,46.695945739746094,46.265228271484375,26.198333740234375,26.057708740234375,115.7384033203125,13.713724136352539,40.24733352661133,47.29867935180664,1,1,1,1,1,1,1,1,1,1
14_jpg.rf.8bca7f62b97215636c865119bea8f944.jpg,train,145.1769561767578,99.58943176269531,75.56787109375,54.28044128417969,53.353633880615234,48.41175842285156,13.506683349609375,135.6383514404297,145.5231475830078,18.492734909057617,53.45218276977539,53.81647872924805,1,1,1,1,1,1,1,1,1,1
IMG_3750_png_jpg.rf.8bffe0197d83b9216ffdb487087f9be5.jpg,train,180.6627197265625,151.45327758789062,149.776611328125,57.59858322143555,71.84845733642578,69.3170394897461,72.3306884765625,58.83055114746094,180.7970428466797,79.67060852050781,41.023712158203125,57.724849700927734,1,1,1,1,1,1,1,1,1,1
IMG_3942_png_jpg.rf.8c06a0400a1b1dd3a034df287342529e.jpg,train,155.86361694335938,148.2600860595703,139.1893768310547,69.44853210449219,66.21434783935547,72.20857238769531,41.72050476074219,43.759552001953125,158.52760314941406,44.709842681884766,51.9678955078125,69.3769302368164,1,1,1,1,1,1,1,1,1,1
IMG_3593_png_jpg.rf.8c0c65317f275176a508fbae32eb6c05.jpg,train,148.0028839111328,143.0548858642578,127.60310363769531,66.15917205810547,67.61724090576172,65.65850830078125,23.441329956054688,57.589385986328125,148.3786163330078,11.637166976928711,59.99710464477539,66.29206085205078,1,1,1,1,1,1,1,1,1,1
IMG_3726_png_jpg.rf.8c2085c57acd2fe1788724e95b8a35c8.jpg,train,164.33209228515625,163.6629638671875,151.0233612060547,83.62403869628906,81.82173156738281,82.5647201538086,32.70042419433594,63.6043701171875,174.9121551513672,34.74505615234375,59.15025329589844,76.33438873291016,1,1,1,1,1,1,1,1,1,1
IMG_3727_png_jpg.rf.8cb8f82eda3f3fc9e80ec109e872c41a.jpg,train,125.82073974609375,126.12379455566406,119.89694213867188,79.18637084960938,76.73108673095703,75.97211456298828,34.941162109375,77.62527465820312,135.4144287109375,37.948219299316406,80.70742797851562,73.54845428466797,1,1,1,1,1,1,1,1,1,1
IMG_3758_png_jpg.rf.8cbabc6f3f5d881070bc8ad0b4cdabaa.jpg,train,89.39454650878906,83.15971374511719,73.84562683105469,80.75401306152344,77.28205871582031,75.80040740966797,26.373855590820312,85.31840515136719,89.85507202148438,32.006900787353516,66.14289855957031,80.70545959472656,1,1,1,1,1,1,1,1,1,1
IMG_3638_png_jpg.rf.8c2d8fa4bfc5d851d87eb65eafb0ae95.jpg,train,127.995361328125,127.5638427734375,117.81089782714844,77.8936767578125,77.9046401977539,78.94615936279297,36.791473388671875,34.156768798828125,128.76023864746094,30.06426239013672,33.4232177734375,78.05508422851562,1,1,1,1,1,1,1,1,1,1
IMG_3698_png_jpg.rf.8cecdedc94f3bf932de85a12f31a0230.jpg,train,111.80201721191406,101.80928039550781,84.77726745605469,81.97312927246094,74.665771484375,67.51329803466797,37.85792541503906,75.17782592773438,116.04350280761719,40.906593322753906,64.0144271850586,84.53480529785156,1,1,1,1,1,1,1,1,1,1
IMG_3898_png_jpg.rf.8c97ad07798006668df069f57a808c74.jpg,train,111.56294250488281,119.77981567382812,71.64024353027344,60.7229118347168,57.869327545166016,61.96090316772461,38.72569274902344,128.37962341308594,123.84632873535156,21.10165786743164,63.69282150268555,60.79193878173828,1,1,1,1,1,1,1,1,1,1
IMG_3740_png_jpg.rf.8d4490a31952babdd82e2a7b89eca854.jpg,train,188.1633758544922,180.9755401611328,174.23834228515625,65.23638916015625,68.39268493652344,68.39334869384766,16.77752685546875,31.070648193359375,188.31813049316406,16.549182891845703,41.545379638671875,65.27616882324219,1,1,1,1,1,1,1,1,1,1
IMG_3640_png_jpg.rf.8d4740546ba8258fa153afa7440659db.jpg,train,117.46307373046875,111.26580810546875,100.29864501953125,71.17332458496094,69.17082214355469,69.18936920166016,32.02696228027344,61.43663024902344,118.38545227050781,28.886943817138672,71.85610961914062,71.13982391357422,1,1,1,1,1,1,1,1,1,1
IMG_3717_png_jpg.rf.8d381c548c19e82048fdf51b930adc49.jpg,train,39.2581787109375,34.298583984375,30.5047607421875,64.19717407226562,58.31376266479492,53.723873138427734,19.039382934570312,56.261688232421875,39.517578125,29.02574348449707,41.99338150024414,64.73072814941406,1,1,1,1,1,1,1,1,1,1
IMG_3825_png_jpg.rf.87f83ccf6a0e35f4c1428e0f027ed46a.jpg,train,169.96949768066406,162.2813262939453,149.5218505859375,55.824462890625,60.11567306518555,59.77142333984375,23.078506469726562,36.94944763183594,170.4704132080078,17.727455139160156,31.129316329956055,56.192813873291016,1,1,1,1,1,1,1,1,1,1
IMG_3017_png_jpg.rf.8ce4f65e50fa662a45efec2819f827c1.jpg,train,73.52822875976562,69.377685546875,63.727294921875,53.704010009765625,55.56723403930664,53.41130828857422,20.611862182617188,57.978759765625,73.92068481445312,22.181997299194336,49.89937210083008,54.612003326416016,1,1,1,1,1,1,1,1,1,1
IMG_3713_png_jpg.rf.8e301d1ed5c6c5fe07fdde12282bf206.jpg,train,123.18130493164062,110.13482666015625,93.12718200683594,70.92206573486328,66.07119750976562,69.3575210571289,36.928955078125,101.84616088867188,131.45074462890625,40.20117950439453,70.95242309570312,66.97269439697266,1,1,1,1,1,1,1,1,1,1
IMG_3689_png_jpg.rf.8d6e3e1a9e51f67ef89c141275e300c1.jpg,train,167.523193359375,166.1723175048828,157.8240966796875,51.75651931762695,52.94662857055664,54.72299575805664,27.726242065429688,21.138198852539062,168.10775756835938,12.551811218261719,28.229278564453125,51.58736801147461,1,1,1,1,1,1,1,1,1,1
IMG_3721_png_jpg.rf.8d7925f6b900f56e181bc62ace796859.jpg,train,54.68974304199219,44.68550109863281,40.16058349609375,73.84553527832031,67.32039642333984,62.10990524291992,27.882675170898438,84.45013427734375,54.93310546875,51.571781158447266,57.118690490722656,74.19908142089844,1,1,1,1,1,1,1,1,1,1
IMG_3763_png_jpg.rf.8db19ec7c3f496c4cb6948274353b152.jpg,train,73.36695861816406,73.98710632324219,47.015380859375,53.69540786743164,52.74248123168945,48.60822296142578,31.088211059570312,121.46408081054688,77.15516662597656,21.628080368041992,61.73085021972656,54.61445617675781,1,1,1,1,1,1,1,1,1,1
IMG_3583_png_jpg.rf.8e1dc859cc76d0c4444b028f80e356b6.jpg,train,148.42791748046875,129.49606323242188,117.87745666503906,82.10397338867188,72.86112213134766,67.69261169433594,16.262374877929688,59.1536865234375,148.9334259033203,19.511592864990234,27.303516387939453,81.66972351074219,1,1,1,1,1,1,1,1,1,1
IMG_3823_png_jpg.rf.8ea89a6ec5b43afcad165a67444f311c.jpg,train,138.13619995117188,132.946044921875,120.88250732421875,55.58671569824219,54.30014419555664,53.40422058105469,25.641464233398438,41.51422119140625,138.9708709716797,15.546356201171875,48.092952728271484,55.850948333740234,1,1,1,1,1,1,1,1,1,1
32_jpg.rf.8ea630f7bc4c90f68f64e68da38a5e77.jpg,train,121.92573547363281,120.03556823730469,114.50064086914062,61.36825180053711,59.47707748413086,56.749481201171875,22.126632690429688,13.464553833007812,122.27424621582031,30.194000244140625,27.817651748657227,61.4724235534668,1,1,1,1,1,1,1,1,1,1
IMG_3852_png_jpg.rf.8db1fb3776d37df1382de4c76b9b330c.jpg,train,80.94636535644531,78.93943786621094,70.80105590820312,67.22285461425781,64.82475280761719,61.11231994628906,29.173751831054688,46.15156555175781,81.54838562011719,12.205423355102539,43.34878921508789,67.44561004638672,1,1,1,1,1,1,1,1,1,1
33_jpg.rf.8d4d128e197c703b5f95372b9456e721.jpg,train,94.48374938964844,95.74807739257812,88.24894714355469,57.454898834228516,58.86686325073242,53.591854095458984,26.062103271484375,19.671218872070312,96.389892578125,30.649580001831055,38.94769287109375,59.43769454956055,1,1,1,1,1,1,1,1,1,1
IMG_3780_png_jpg.rf.8d8a6991ac5ae98c38dbd0b17aaaf3f6.jpg,train,59.121124267578125,55.62251281738281,37.872650146484375,66.22805786132812,58.636741638183594,53.116336822509766,35.01005554199219,150.3511199951172,64.18475341796875,31.180938720703125,86.03289031982422,66.13544464111328,1,1,1,1,1,1,1,1,1,1
IMG_3608_png_jpg.rf.8f170e86a2c03f87d81c98d00f64fc5e.jpg,train,177.53465270996094,176.416259765625,165.77261352539062,52.406612396240234,52.67448043823242,55.34981155395508,28.170501708984375,30.264572143554688,177.80760192871094,12.679601669311523,56.11345291137695,52.40998840332031,1,1,1,1,1,1,1,1,1,1
IMG_3896_png_jpg.rf.8ee7056c701f923d0d916dd12bfd8ebe.jpg,train,58.34049987792969,67.79757690429688,27.889495849609375,56.89338684082031,53.712608337402344,49.47981262207031,41.87892150878906,196.29855346679688,71.47293090820312,21.0649356842041,69.75096893310547,57.279571533203125,1,1,1,1,1,1,1,1,1,1
IMG_3816_png_jpg.rf.8f0dba92ae1ecd64e06ee89eb6996b48.jpg,train,168.775634765625,163.4506072998047,159.2886199951172,74.61962890625,80.42484283447266,83.85791015625,56.39704895019531,37.58154296875,174.3472137451172,47.91783905029297,43.22512435913086,75.36029815673828,1,1,1,1,1,1,1,1,1,1
IMG_3580_png_jpg.rf.8ef605b52dc2f7b307db06a69b706c93.jpg,train,130.29637145996094,117.93612670898438,107.94947814941406,60.414363861083984,59.17585372924805,58.120574951171875,15.901336669921875,64.04998779296875,130.47219848632812,17.071855545043945,61.050601959228516,60.545230865478516,1,1,1,1,1,1,1,1,1,1
IMG_3709_png_jpg.rf.8e91ddce0c538dd2c3f45fe1776e51a7.jpg,train,101.89967346191406,91.50772094726562,84.66336059570312,72.25837707519531,55.044464111328125,50.406070709228516,66.303955078125,70.5843505859375,110.33326721191406,45.49445724487305,63.32581329345703,69.6620864868164,1,1,1,1,1,1,1,1,1,1
IMG_3958_png_jpg.rf.8f4d873b2ea97e98a541f10a0fa29804.jpg,train,161.7982635498047,157.8879852294922,144.9182586669922,61.386810302734375,59.67287063598633,44.634029388427734,55.342987060546875,49.166961669921875,168.63360595703125,45.37533187866211,22.645381927490234,53.804508209228516,1,1,1,1,1,1,1,1,1,1
25_jpg.rf.8dd2ce46bccb91414fc959a4fbc68e58.jpg,train,44.54229736328125,48.248992919921875,57.38197326660156,63.537139892578125,65.21051788330078,65.84989929199219,106.87580871582031,136.6673583984375,59.90238952636719,27.848548889160156,81.94281005859375,69.73411560058594,1,1,1,1,1,1,1,1,1,1
IMG_3699_png_jpg.rf.8ec0a13f44d9e0b73e9471b157274eb2.jpg,train,155.7322998046875,148.59707641601562,129.2930145263672,75.64603424072266,71.86713409423828,63.96942138671875,33.3011474609375,42.80824279785156,158.5465545654297,33.287235260009766,38.55107879638672,77.346923828125,1,1,1,1,1,1,1,1,1,1
IMG_3611_png_jpg.rf.8e35cfbf096ab5cc11a211a338481c35.jpg,train,177.1729278564453,169.2575225830078,155.02854919433594,79.77066802978516,81.62215423583984,81.70249938964844,28.873947143554688,60.81196594238281,181.48712158203125,27.03124237060547,64.81349182128906,75.31040954589844,1,1,1,1,1,1,1,1,1,1
IMG_3923_png_jpg.rf.8ec5b4d72fa3e0d78873b0b645417651.jpg,train,173.31597900390625,156.38487243652344,97.65896606445312,53.903961181640625,56.39639663696289,59.01749801635742,24.548385620117188,128.56967163085938,173.8067169189453,11.759392738342285,56.001285552978516,53.958621978759766,1,1,1,1,1,1,1,1,1,1
IMG_3943_png_jpg.rf.8ee0a58f327fa8c2f8128bb37280bb29.jpg,train,84.79396057128906,57.79216003417969,51.22291564941406,47.736698150634766,56.43736267089844,56.23931884765625,47.969940185546875,144.16290283203125,86.6494140625,67.52562713623047,80.97380065917969,50.254432678222656,1,1,1,1,1,1,1,1,1,1
IMG_3727_png_jpg.rf.8dd3358a3d1e1775a7173bcafedefcc5.jpg,train,129.96560668945312,130.18800354003906,122.66667175292969,82.28077697753906,78.99674224853516,77.82632446289062,35.77052307128906,79.69447326660156,140.73948669433594,37.63389205932617,76.61807250976562,75.73246765136719,1,1,1,1,1,1,1,1,1,1
IMG_3695_png_jpg.rf.8f5270f3566b77b5658a602e3c1ea432.jpg,train,103.51847839355469,97.49760437011719,84.52511596679688,77.03579711914062,73.72020721435547,69.41621398925781,36.966583251953125,71.52305603027344,107.74897766113281,36.35348892211914,63.76211166381836,79.83917236328125,1,1,1,1,1,1,1,1,1,1
IMG_3710_png_jpg.rf.8fdcd09d9dd8a1620ef29bbab4c7a7b5.jpg,train,103.75752258300781,84.876220703125,71.74851989746094,74.98499298095703,66.67630004882812,68.47679138183594,42.32789611816406,147.9172821044922,116.15092468261719,48.97509002685547,90.95950317382812,67.37687683105469,1,1,1,1,1,1,1,1,1,1
IMG_3621_png_jpg.rf.8fac3be269cd8d33c3080d080ba5f43c.jpg,train,148.93411254882812,142.49107360839844,131.9700469970703,74.53374481201172,75.5668716430664,75.36367797851562,22.940078735351562,41.072998046875,149.40928649902344,22.221864700317383,39.915794372558594,74.62771606445312,1,1,1,1,1,1,1,1,1,1
IMG_3001_png_jpg.rf.8fb478b4f6322fdf6a4e1b5d6f61a090.jpg,train,33.64183044433594,46.27348327636719,58.42271423339844,42.28830337524414,42.38273239135742,40.425662994384766,100.47239685058594,137.26719665527344,59.282073974609375,23.40596580505371,58.52143859863281,42.74681091308594,1,1,1,1,1,1,1,1,1,1
IMG_3859_png_jpg.rf.8afadaebeb5b1ae1bcc873dd634c6ef9.jpg,train,168.0789794921875,155.17469787597656,111.44808959960938,53.110267639160156,53.94462585449219,54.118804931640625,46.22480773925781,94.82321166992188,168.66729736328125,51.261695861816406,39.13787078857422,53.36833190917969,1,1,1,1,1,1,1,1,1,1
IMG_2983_png_jpg.rf.8ff9efe6e1606f478b8ba6bbc06bbfc2.jpg,train,21.286209106445312,23.833038330078125,27.427825927734375,37.795570373535156,37.87740707397461,35.95237731933594,84.43557739257812,73.19261169433594,28.025131225585938,45.43612289428711,60.309112548828125,38.35756301879883,1,1,1,1,1,1,1,1,1,1
IMG_3641_png_jpg.rf.9053bfa24b3cb240bc3886517d47934f.jpg,train,106.26296997070312,103.18852233886719,94.58543395996094,70.51380157470703,71.18653106689453,72.29781341552734,34.04002380371094,58.06217956542969,106.88447570800781,35.201194763183594,66.07825469970703,70.98054504394531,1,1,1,1,1,1,1,1,1,1
IMG_3566_png_jpg.rf.8ffc78b60e00c9d6dd82cd4dc90be38d.jpg,train,134.56800842285156,134.32351684570312,133.99136352539062,66.24005889892578,66.0625991821289,63.67889404296875,69.73719787597656,14.284408569335938,137.4324188232422,52.1796760559082,27.292448043823242,66.25236511230469,1,1,1,1,1,1,1,1,1,1
IMG_3637_png_jpg.rf.90849dd7d077e7c698469f2b7059b8c5.jpg,train,159.863525390625,157.7699737548828,149.87612915039062,65.79389190673828,65.6248779296875,65.77713012695312,31.29193115234375,19.91998291015625,160.49070739746094,20.77101707458496,21.884294509887695,65.84492492675781,1,1,1,1,1,1,1,1,1,1
IMG_3848_png_jpg.rf.900210ddfa16fe1d15dfe498e61c1843.jpg,train,55.28364562988281,54.637176513671875,51.76545715332031,62.37205123901367,61.3090705871582,58.48199462890625,20.281295776367188,24.961227416992188,55.527313232421875,26.380226135253906,52.34370422363281,62.65626525878906,1,1,1,1,1,1,1,1,1,1
14_jpg.rf.909a142795e434a3ce9da50f60ec8186.jpg,train,196.03562927246094,164.93148803710938,119.43653869628906,49.10081481933594,50.79063034057617,48.555458068847656,20.369094848632812,103.38934326171875,196.47120666503906,14.703110694885254,39.442901611328125,48.4519157409668,1,1,1,1,1,1,1,1,1,1
IMG_3724_png_jpg.rf.912f6e266c3f83b62c36713756d9e2a6.jpg,train,169.37037658691406,165.0729522705078,157.40841674804688,87.4952392578125,83.38153839111328,84.10562896728516,28.6578369140625,65.06474304199219,180.92529296875,39.83441925048828,66.9417724609375,77.06743621826172,1,1,1,1,1,1,1,1,1,1
27_jpg.rf.91598bafe38fb88ddf4076f53db6ab28.jpg,train,36.13887023925781,38.127685546875,43.92616271972656,61.24557876586914,63.43518829345703,63.74073028564453,69.83901977539062,69.32060241699219,47.630645751953125,56.957454681396484,69.22274017333984,69.43566131591797,1,1,1,1,1,1,1,1,1,1
21_jpg.rf.91bf2c9e040f0922f0124799bac245c9.jpg,train,49.643951416015625,50.16845703125,59.489654541015625,65.56372833251953,69.25538635253906,71.44879913330078,120.5269775390625,127.03707885742188,64.27888488769531,49.63142776489258,74.65719604492188,76.29442596435547,1,1,1,1,1,1,1,1,1,1
IMG_3740_png_jpg.rf.907c6e576e0e1ef525015a8b8571ee72.jpg,train,178.2156982421875,169.42323303222656,160.44923400878906,58.7508659362793,64.67987060546875,64.7254638671875,21.061279296875,46.36561584472656,178.3968963623047,25.537914276123047,71.14341735839844,58.78480911254883,1,1,1,1,1,1,1,1,1,1
IMG_3634_png_jpg.rf.9075e2c6b190833c950c4a22e14a0323.jpg,train,126.415771484375,149.86387634277344,152.1367950439453,52.18891143798828,57.381290435791016,64.93556213378906,75.21928405761719,68.20960998535156,162.94847106933594,40.82027816772461,45.261478424072266,61.877689361572266,1,1,1,1,1,1,1,1,1,1
IMG_3757_png_jpg.rf.91fd7f81f11c025e6fdc073e87185415.jpg,train,46.00328063964844,44.00627136230469,39.710479736328125,50.795806884765625,48.9837532043457,45.695011138916016,19.441268920898438,45.843414306640625,46.380859375,24.575389862060547,62.94416046142578,51.285377502441406,1,1,1,1,1,1,1,1,1,1
IMG_3772_png_jpg.rf.91a077a2ec8513e2e3e1fac1667a2a62.jpg,train,99.04473876953125,89.6552734375,78.15292358398438,61.716670989990234,61.64851760864258,56.71078872680664,18.383895874023438,74.05117797851562,99.95173645019531,21.1390380859375,63.116004943847656,62.70366668701172,1,1,1,1,1,1,1,1,1,1
IMG_3747_png_jpg.rf.919af7046737faac98ec3621c504a3be.jpg,train,168.92556762695312,146.1526336669922,132.60006713867188,60.520877838134766,72.41939544677734,72.77632904052734,23.225021362304688,69.7489013671875,169.17527770996094,36.69359588623047,50.064510345458984,60.63302230834961,1,1,1,1,1,1,1,1,1,1
IMG_3901_png_jpg.rf.91921b451478c72e1d7242809050fb76.jpg,train,152.05294799804688,153.3484649658203,157.34185791015625,59.43748474121094,59.81591796875,60.9484748840332,106.81671142578125,17.201675415039062,160.3934783935547,28.40422248840332,23.025894165039062,61.072513580322266,1,1,1,1,1,1,1,1,1,1
IMG_3899_png_jpg.rf.92575f4739d08a0608a598377c547ffb.jpg,train,114.03952026367188,126.29060363769531,75.73963928222656,61.36646270751953,58.65281295776367,62.68915557861328,40.73933410644531,126.22564697265625,129.87213134765625,20.436002731323242,63.480281829833984,61.34111022949219,1,1,1,1,1,1,1,1,1,1
32_jpg.rf.90ac297e2eea8f6465604b68d6a656fd.jpg,train,162.50608825683594,161.5596160888672,155.90963745117188,50.01240921020508,49.23747253417969,48.015541076660156,27.870620727539062,11.261917114257812,163.36648559570312,35.51884460449219,21.98008155822754,50.037208557128906,1,1,1,1,1,1,1,1,1,1
IMG_3593_png_jpg.rf.9125c234878be8deab32cd911e95ce8a.jpg,train,184.3961639404297,180.086669921875,164.708984375,69.84477996826172,72.27703857421875,72.14549255371094,24.714447021484375,38.94950866699219,184.64895629882812,12.34140682220459,37.24783706665039,69.89993286132812,1,1,1,1,1,1,1,1,1,1
IMG_3973_png_jpg.rf.91995faa8943bcba1a2f3d39dc1f1752.jpg,train,58.22322082519531,53.67242431640625,46.875823974609375,47.21409225463867,39.970767974853516,36.30546951293945,24.164505004882812,50.2008056640625,58.4576416015625,16.074453353881836,45.70456314086914,47.62379455566406,1,1,1,1,1,1,1,1,1,1
30_jpg.rf.91c60d9d89e2238e9a16f296054db65d.jpg,train,127.19639587402344,125.94024658203125,116.77162170410156,58.398475646972656,57.25314712524414,53.41714096069336,26.592330932617188,21.530288696289062,128.0118408203125,17.375612258911133,31.08111000061035,58.52183151245117,1,1,1,1,1,1,1,1,1,1
30_jpg.rf.911dd2e4e64b92d066c16f123429647f.jpg,train,152.6250457763672,151.90650939941406,142.8625946044922,51.52941131591797,51.08551788330078,48.935333251953125,29.403244018554688,17.117279052734375,153.4706573486328,16.238605499267578,22.63616371154785,51.79364776611328,1,1,1,1,1,1,1,1,1,1
IMG_3563_png_jpg.rf.9168ecd7bb1fff144a8094360de2149a.jpg,train,90.41342163085938,80.97523498535156,64.57978820800781,77.7702407836914,67.74996948242188,61.97709655761719,34.48541259765625,60.32452392578125,91.49198913574219,35.05461502075195,72.91193389892578,77.6828842163086,1,1,1,1,1,1,1,1,1,1
IMG_3590_png_jpg.rf.923807b327ae2b691cf962317e73cf92.jpg,train,27.138229370117188,18.369918823242188,14.991378784179688,53.816688537597656,51.42545700073242,45.10868453979492,27.676315307617188,182.3549041748047,27.41607666015625,56.370948791503906,104.58938598632812,54.37062072753906,1,1,1,1,1,1,1,1,1,1
IMG_3646_png_jpg.rf.90effdfeb1b1af3dc34b7c08c0e4d9f6.jpg,train,132.78050231933594,72.40402221679688,59.49656677246094,68.39788818359375,63.73579788208008,58.80266189575195,18.804183959960938,150.80633544921875,133.47984313964844,31.049224853515625,82.7061996459961,68.43907165527344,1,1,1,1,1,1,1,1,1,1
IMG_3701_png_jpg.rf.926583b920ecd82dacb22cd611064492.jpg,train,128.7620391845703,117.20295715332031,99.99905395507812,76.40096282958984,71.31732177734375,63.75763702392578,33.228668212890625,56.750701904296875,130.7566375732422,34.2850227355957,47.844669342041016,77.56230926513672,1,1,1,1,1,1,1,1,1,1
IMG_3757_png_jpg.rf.92b6718e46cd184456fb45131838639c.jpg,train,87.78770446777344,84.81478881835938,78.48324584960938,59.03472900390625,57.273441314697266,55.38956832885742,23.703994750976562,38.27056884765625,88.20883178710938,20.555728912353516,37.40506362915039,59.363216400146484,1,1,1,1,1,1,1,1,1,1
IMG_3726_png_jpg.rf.92b1937cd9eb3dd4962e18d081b52cc5.jpg,train,152.93800354003906,150.97914123535156,139.8551483154297,79.98017120361328,77.63526153564453,77.38357543945312,33.734832763671875,68.94499206542969,162.1563262939453,32.62700271606445,66.32189178466797,73.06005096435547,1,1,1,1,1,1,1,1,1,1
IMG_3028_png_jpg.rf.93323495410c632f3cf444f773882fab.jpg,train,194.71214294433594,132.54052734375,197.51817321777344,59.354286193847656,37.64144515991211,71.65497589111328,104.71244812011719,84.45562744140625,203.4798583984375,61.06547546386719,41.273406982421875,64.85326385498047,1,1,1,1,1,1,1,1,1,1
IMG_3012_png_jpg.rf.9257963d0a600b6d3ce8eab808194b17.jpg,train,48.053680419921875,48.32502746582031,46.93217468261719,50.433815002441406,50.47064208984375,45.464813232421875,46.91728210449219,74.24819946289062,52.2430419921875,44.38563537597656,87.32664489746094,49.51702880859375,1,1,1,1,1,1,1,1,1,1
IMG_3672_png_jpg.rf.92805efe2c7f88d3ebff2e587c80b3f1.jpg,train,141.916748046875,139.92198181152344,131.2788848876953,58.927425384521484,57.39884948730469,55.795719146728516,62.20170593261719,33.272064208984375,145.8329620361328,39.80757522583008,39.46735763549805,58.5444221496582,1,1,1,1,1,1,1,1,1,1
IMG_3788_png_jpg.rf.930f564ea3e9284097da3cd92f72466e.jpg,train,85.06892395019531,78.95162963867188,65.2607421875,75.88001251220703,70.34305572509766,69.78709411621094,39.016387939453125,97.14520263671875,88.60102844238281,41.68012237548828,84.09794616699219,77.35848999023438,1,1,1,1,1,1,1,1,1,1
IMG_3617_png_jpg.rf.927db4af4a99f805f70963b7635e385e.jpg,train,150.67935180664062,140.90785217285156,135.26544189453125,67.69685363769531,71.08876037597656,71.71356201171875,14.269210815429688,37.77116394042969,150.82183837890625,17.902366638183594,36.264896392822266,67.77222442626953,1,1,1,1,1,1,1,1,1,1
IMG_2996_png_jpg.rf.9380d028d616170e7b0cc24f9609703b.jpg,train,108.51055908203125,111.19114685058594,115.14129638671875,51.094093322753906,51.57506561279297,53.21675491333008,96.61441040039062,20.544937133789062,116.50794982910156,32.34973907470703,24.214210510253906,53.82600021362305,1,1,1,1,1,1,1,1,1,1
IMG_3590_png_jpg.rf.93f4efdeb7ced90e6688d4850c906b31.jpg,train,53.50105285644531,38.26152038574219,22.166183471679688,54.26918029785156,54.41187286376953,47.755348205566406,16.208938598632812,192.30532836914062,53.857177734375,14.522244453430176,53.47969436645508,55.20161056518555,1,1,1,1,1,1,1,1,1,1
5_jpg.rf.9332d457411d10d3ec7092cfcc78f8a6.jpg,train,181.22972106933594,178.4880828857422,175.35943603515625,67.51260375976562,70.24274444580078,69.06751251220703,47.148101806640625,16.609878540039062,183.4463653564453,45.814754486083984,24.858417510986328,66.9605712890625,1,1,1,1,1,1,1,1,1,1
IMG_2983_png_jpg.rf.929922c07fcefd3ed72b096c2712f974.jpg,train,83.39544677734375,82.81507873535156,87.35667419433594,34.21889877319336,34.53181838989258,32.822933197021484,120.6456298828125,16.555633544921875,87.65428161621094,20.749195098876953,7.263030052185059,33.960269927978516,1,1,1,1,1,1,1,1,1,1
IMG_3680_png_jpg.rf.93b1c2b3ebaaa01c2c3723407e00c0a8.jpg,train,85.76597595214844,178.2310333251953,217.85182189941406,55.533390045166016,27.637454986572266,22.665037155151367,95.19236755371094,159.56472778320312,219.27703857421875,17.853662490844727,51.22322463989258,22.28045654296875,1,1,1,1,1,1,1,1,1,1
IMG_3581_png_jpg.rf.92f28dd2acfd6100343136322680d524.jpg,train,200.1549835205078,194.09893798828125,165.99830627441406,44.76329803466797,43.908695220947266,43.68470001220703,26.960296630859375,46.12109375,200.96278381347656,15.981867790222168,18.16570472717285,44.739559173583984,1,1,1,1,1,1,1,1,1,1
IMG_3901_png_jpg.rf.94293f1ea4280def8726dad3bdb04346.jpg,train,116.80514526367188,117.33477783203125,121.36672973632812,57.60753631591797,57.72828674316406,58.45362091064453,110.31559753417969,22.229446411132812,124.45768737792969,28.14374351501465,27.97165870666504,59.48843765258789,1,1,1,1,1,1,1,1,1,1
IMG_2997_png_jpg.rf.939d33247563633da1163788f92a16b0.jpg,train,156.32611083984375,162.07080078125,165.36155700683594,46.021095275878906,47.03289031982422,48.765106201171875,96.22773742675781,17.751876831054688,166.83200073242188,21.04618263244629,16.423444747924805,48.625282287597656,1,1,1,1,1,1,1,1,1,1
IMG_3607_png_jpg.rf.9439a01e6f528d137c586bd494a8ae36.jpg,train,169.04754638671875,167.91064453125,158.4622802734375,53.51630401611328,53.555694580078125,54.98161315917969,27.333847045898438,31.742446899414062,169.31256103515625,9.909812927246094,57.25977325439453,53.54245376586914,1,1,1,1,1,1,1,1,1,1
IMG_3813_png_jpg.rf.93c2630c932cdc9e974b4782dc143bac.jpg,train,176.00462341308594,176.7138671875,126.62977600097656,45.08774185180664,41.82339859008789,56.25467300415039,30.864181518554688,82.34814453125,182.5365447998047,19.64520263671875,51.8122673034668,42.91964340209961,1,1,1,1,1,1,1,1,1,1
IMG_3559_png_jpg.rf.9430248e9471cba188a07d3b77cf4be9.jpg,train,147.08457946777344,146.4158172607422,141.55233764648438,72.45010375976562,71.78707122802734,72.12036895751953,44.24005126953125,16.654403686523438,148.90638732910156,37.356842041015625,15.814274787902832,73.24729919433594,1,1,1,1,1,1,1,1,1,1
IMG_3840_png_jpg.rf.94345da02e6e1e3a3f96ec7428cb1fdf.jpg,train,146.99331665039062,142.1252899169922,133.56387329101562,56.394100189208984,59.90205001831055,60.1539421081543,22.956329345703125,33.1273193359375,147.23880004882812,16.18470001220703,36.351478576660156,56.62030792236328,1,1,1,1,1,1,1,1,1,1
IMG_3901_png_jpg.rf.9472439f8ae98081f21609de13167ac7.jpg,train,125.81642150878906,127.23875427246094,130.17300415039062,56.22721862792969,56.3462028503418,57.08778381347656,105.21281433105469,22.129364013671875,133.3178253173828,29.190250396728516,32.63237762451172,57.228187561035156,1,1,1,1,1,1,1,1,1,1
IMG_3583_png_jpg.rf.94b67f97480f59b10c2d1abd0182af10.jpg,train,151.84048461914062,140.96795654296875,128.96160888671875,74.05167388916016,69.63726043701172,66.60212707519531,20.581695556640625,49.76786804199219,152.38946533203125,19.180238723754883,36.70703125,73.49614715576172,1,1,1,1,1,1,1,1,1,1
IMG_3853_png_jpg.rf.950e5e90f7dc11669e6b5667b695014d.jpg,train,79.92088317871094,77.93711853027344,69.266845703125,71.10478973388672,67.4725112915039,61.964744567871094,30.902374267578125,45.08927917480469,80.82164001464844,17.832557678222656,41.45008850097656,71.51346588134766,1,1,1,1,1,1,1,1,1,1
IMG_3831_png_jpg.rf.959d76e9a0d1a454aeba3719343dabdf.jpg,train,99.88279724121094,98.2105712890625,94.06327819824219,59.9990234375,56.62284469604492,51.870574951171875,53.026397705078125,19.277633666992188,101.70693969726562,54.4345703125,39.07835006713867,60.632080078125,1,1,1,1,1,1,1,1,1,1
IMG_3915_png_jpg.rf.9515d7575918c93bec51b8166beebadd.jpg,train,101.72080993652344,108.55198669433594,116.22947692871094,69.46314239501953,79.23348236083984,88.54891967773438,77.42835998535156,74.2740478515625,121.1214599609375,47.39317321777344,67.90216064453125,84.05343627929688,1,1,1,1,1,1,1,1,1,1
IMG_2991_png_jpg.rf.953563012434156cfe3603a5b3bad0a5.jpg,train,93.36717224121094,84.03321838378906,78.71014404296875,42.275733947753906,44.28219223022461,44.34617233276367,12.436416625976562,56.28105163574219,93.53790283203125,17.259117126464844,50.96578598022461,42.741050720214844,1,1,1,1,1,1,1,1,1,1
IMG_2979_png_jpg.rf.946799759f68821e30984021784fc0c6.jpg,train,94.17022705078125,80.76942443847656,62.53318786621094,40.60899353027344,52.76905059814453,54.658782958984375,19.573440551757812,119.34446716308594,97.74203491210938,19.760562896728516,60.952354431152344,48.862674713134766,1,1,1,1,1,1,1,1,1,1
IMG_3015_png_jpg.rf.94d3a422ef7c51e5822442e1e019b101.jpg,train,44.75343322753906,44.55604553222656,43.4989013671875,44.14106750488281,43.96596908569336,41.8736686706543,53.86750793457031,22.29998779296875,45.98466491699219,52.874942779541016,25.012908935546875,44.59680938720703,1,1,1,1,1,1,1,1,1,1
IMG_3747_png_jpg.rf.9598425bebb2bb27178a488dff0adfd8.jpg,train,148.60440063476562,127.18531799316406,113.97145080566406,71.75244140625,80.19486236572266,78.63116455078125,22.899017333984375,82.21014404296875,148.88836669921875,37.05472183227539,56.52617645263672,71.93098449707031,1,1,1,1,1,1,1,1,1,1
IMG_3589_png_jpg.rf.93ca41907beb2b55a49ef682167c349e.jpg,train,96.45445251464844,74.94361877441406,67.89225769042969,44.28769302368164,51.578590393066406,51.18770217895508,12.8076171875,94.27615356445312,96.78152465820312,24.260046005249023,59.853572845458984,45.006385803222656,1,1,1,1,1,1,1,1,1,1
IMG_3730_png_jpg.rf.957a462bb7ea7cd9d4ee44a1e9e0485a.jpg,train,142.2226104736328,139.1897430419922,129.76441955566406,54.436309814453125,54.948856353759766,54.3751335144043,24.289016723632812,31.35577392578125,142.46546936035156,12.834485054016113,43.9767951965332,54.55702590942383,1,1,1,1,1,1,1,1,1,1
IMG_3702_png_jpg.rf.95e3efb643b29026d1d4c92e07ac41a3.jpg,train,168.71505737304688,161.9735565185547,147.2567138671875,63.626888275146484,61.45072555541992,57.69229507446289,32.88673400878906,33.986480712890625,170.76145935058594,31.298641204833984,32.02822494506836,64.73223876953125,1,1,1,1,1,1,1,1,1,1
IMG_3635_png_jpg.rf.960fc9ace906c94900eafed325d2c0b3.jpg,train,109.81379699707031,133.47860717773438,128.64230346679688,54.84186553955078,63.4306755065918,75.21492767333984,68.20863342285156,89.57164001464844,147.8671875,42.33753204345703,55.84797668457031,69.4287338256836,1,1,1,1,1,1,1,1,1,1
IMG_2986_png_jpg.rf.94a4c5ca8d0e09b2d79b6aec49a27715.jpg,train,53.14387512207031,53.595184326171875,57.70561218261719,41.4608154296875,42.13499069213867,38.18659591674805,117.4354248046875,39.57301330566406,58.842071533203125,19.504657745361328,29.195926666259766,41.85354995727539,1,1,1,1,1,1,1,1,1,1
IMG_3792_png_jpg.rf.963e4086c0100d75f418c170bf0a7fdf.jpg,train,94.84857177734375,91.05978393554688,82.81986999511719,61.52126693725586,57.186851501464844,54.24231719970703,30.4300537109375,42.8995361328125,95.53890991210938,20.88646697998047,47.786930084228516,61.790889739990234,1,1,1,1,1,1,1,1,1,1
IMG_2997_png_jpg.rf.964d2306cdd2cea479924b01cd7af413.jpg,train,89.93093872070312,93.33248901367188,97.98637390136719,48.144630432128906,49.1497917175293,50.72823715209961,99.45150756835938,27.760162353515625,99.28021240234375,27.948530197143555,25.032390594482422,51.61660385131836,1,1,1,1,1,1,1,1,1,1
IMG_3713_png_jpg.rf.957eb785b9bd30f7f3c8381d1b14f549.jpg,train,87.1353759765625,77.496826171875,55.23332214355469,71.72308349609375,65.30730438232422,66.76228332519531,40.7044677734375,158.45591735839844,96.70234680175781,43.19508743286133,98.67725372314453,67.72605895996094,1,1,1,1,1,1,1,1,1,1
IMG_3874_png_jpg.rf.955b9e88289121fd61dcd7ff63e7030f.jpg,train,122.04048156738281,108.79241943359375,82.98770141601562,30.849843978881836,39.388431549072266,48.559791564941406,30.498580932617188,102.89424133300781,126.21134948730469,33.416011810302734,44.10433578491211,39.07617950439453,1,1,1,1,1,1,1,1,1,1
IMG_3864_png_jpg.rf.93fdf4259446e40dcadcca24f0d6bb1e.jpg,train,103.18382263183594,70.92800903320312,40.388885498046875,63.176612854003906,64.1293716430664,54.56170654296875,27.222869873046875,192.22647094726562,104.08888244628906,45.117889404296875,69.8819808959961,64.27641296386719,1,1,1,1,1,1,1,1,1,1
IMG_3898_png_jpg.rf.96a3dee4d753bc480b2e5e9ed0763f87.jpg,train,122.91305541992188,125.55404663085938,74.08047485351562,57.93048858642578,55.25668716430664,62.642696380615234,35.61344909667969,131.56497192382812,131.45852661132812,21.911483764648438,67.23483276367188,58.05082702636719,1,1,1,1,1,1,1,1,1,1
IMG_3918_png_jpg.rf.96584f095aeb99947988892ecaeb2b24.jpg,train,164.18917846679688,148.6776123046875,70.02647399902344,44.94758605957031,48.938392639160156,48.32423400878906,25.983001708984375,159.7327880859375,164.33953857421875,12.887099266052246,52.75678253173828,45.075347900390625,1,1,1,1,1,1,1,1,1,1
25_jpg.rf.97053c937c703944be0044ad79be5b28.jpg,train,25.189376831054688,25.378433227539062,32.77593994140625,52.913883209228516,55.43539047241211,57.092655181884766,66.66253662109375,94.67219543457031,35.55879211425781,59.67641830444336,99.38789367675781,61.77440643310547,1,1,1,1,1,1,1,1,1,1
IMG_3663_png_jpg.rf.97328ac7b992c0c71e4a5a711721af0c.jpg,train,92.4468994140625,40.21673583984375,27.375503540039062,40.719120025634766,53.877655029296875,57.69700622558594,27.050857543945312,216.88690185546875,99.15162658691406,50.16771697998047,58.42216873168945,50.42548370361328,1,1,1,1,1,1,1,1,1,1
IMG_3010_png_jpg.rf.970795ab805b965f05feba00ef1dc1d4.jpg,train,74.18281555175781,74.12413024902344,73.28207397460938,51.628578186035156,51.44304656982422,45.998348236083984,60.42649841308594,49.86920166015625,78.68016052246094,46.40641784667969,50.47439956665039,49.82246398925781,1,1,1,1,1,1,1,1,1,1
23_jpg.rf.974b4de9aa32369c779702154a1256db.jpg,train,37.99163818359375,38.04986572265625,46.03630065917969,63.07077407836914,64.47994995117188,66.8955078125,64.50178527832031,74.19357299804688,48.06663513183594,59.81577682495117,93.50132751464844,69.56757354736328,1,1,1,1,1,1,1,1,1,1
IMG_3601_png_jpg.rf.978ae03ce01d6335318c545bab94577b.jpg,train,106.60772705078125,105.82331848144531,96.75982666015625,60.022708892822266,59.225399017333984,56.46024703979492,28.05987548828125,40.73927307128906,107.09645080566406,12.989307403564453,56.34162521362305,60.11485290527344,1,1,1,1,1,1,1,1,1,1
IMG_3559_png_jpg.rf.97ad65438f5d8e122ab0264fc0032ab0.jpg,train,170.23040771484375,169.87826538085938,166.8722686767578,59.90315246582031,59.62961196899414,59.87422561645508,38.84443664550781,7.666595458984375,171.13998413085938,37.06938171386719,8.682296752929688,60.381446838378906,1,1,1,1,1,1,1,1,1,1
IMG_3716_png_jpg.rf.9839448ab0a13edbc270337ac5793b65.jpg,train,135.01548767089844,124.16763305664062,109.59683227539062,75.20404052734375,67.16573333740234,72.14253234863281,45.48042297363281,92.56198120117188,147.9144744873047,45.219276428222656,65.84097290039062,70.39097595214844,1,1,1,1,1,1,1,1,1,1
IMG_3788_png_jpg.rf.981bb94bd572665ab6eccc8bca1ebfca.jpg,train,86.32621765136719,82.16049194335938,68.40640258789062,76.2302017211914,71.3349609375,70.62171936035156,40.02967834472656,95.598876953125,90.44464111328125,38.369300842285156,80.54109954833984,77.61705780029297,1,1,1,1,1,1,1,1,1,1
IMG_3800_png_jpg.rf.983ee27d3845349434fc2f58c6e078f2.jpg,train,100.04336547851562,95.39463806152344,77.44709777832031,73.73373413085938,71.5035629272461,68.69869995117188,27.311309814453125,75.93621826171875,101.79396057128906,15.985223770141602,40.709136962890625,73.49437713623047,1,1,1,1,1,1,1,1,1,1
IMG_3907_png_jpg.rf.978a9179e4a4ceda981f14f74650e658.jpg,train,97.67073059082031,80.60609436035156,67.87860107421875,64.82151794433594,63.942935943603516,62.905235290527344,23.701904296875,108.28968811035156,99.173828125,30.119190216064453,81.4769515991211,65.99595642089844,1,1,1,1,1,1,1,1,1,1
IMG_3948_png_jpg.rf.997924ac34c12d4edf222d680514a91c.jpg,train,105.54707336425781,65.65789794921875,57.63822937011719,56.18525695800781,67.27305603027344,62.684669494628906,27.94189453125,154.97286987304688,106.22966003417969,55.1062126159668,87.39370727539062,56.69585418701172,1,1,1,1,1,1,1,1,1,1
IMG_3717_png_jpg.rf.997e8a3f9671a88e25faee952ba054c6.jpg,train,36.659820556640625,33.56715393066406,27.090408325195312,66.17034149169922,62.607582092285156,56.17844772338867,23.389022827148438,135.66273498535156,37.11595153808594,21.385164260864258,96.73713684082031,66.49800109863281,1,1,1,1,1,1,1,1,1,1
IMG_3666_png_jpg.rf.99b2a691eeb0ce0e35fd2acaa843cf1a.jpg,train,129.25347900390625,115.12181091308594,109.42802429199219,83.23026275634766,86.66876220703125,87.2153549194336,37.705169677734375,91.71136474609375,131.8675994873047,47.378631591796875,93.04141235351562,82.0184326171875,1,1,1,1,1,1,1,1,1,1
IMG_3888_png_jpg.rf.98aadcbb57fc0ad916615665cd698a76.jpg,train,101.41912841796875,101.15213012695312,96.4432373046875,55.720603942871094,57.542781829833984,56.99409484863281,36.598358154296875,32.18717956542969,102.55838012695312,34.19720458984375,51.270023345947266,56.84517288208008,1,1,1,1,1,1,1,1,1,1
IMG_3903_png_jpg.rf.99ede6af9ee672c97121099e9c4ff26b.jpg,train,130.40554809570312,134.33189392089844,140.25003051757812,63.68314743041992,65.75865173339844,67.58045959472656,100.43086242675781,23.691879272460938,141.97755432128906,32.82178497314453,22.514781951904297,67.3388900756836,1,1,1,1,1,1,1,1,1,1
IMG_3817_png_jpg.rf.99d4856b307f741505f81d29992fe63c.jpg,train,161.33847045898438,163.78671264648438,162.36801147460938,70.20964813232422,72.9139175415039,76.03314208984375,69.05987548828125,25.483779907226562,170.61985778808594,47.059173583984375,29.189699172973633,74.33683013916016,1,1,1,1,1,1,1,1,1,1
IMG_3653_png_jpg.rf.986578f21a8350103d2181c93d5a296e.jpg,train,153.28265380859375,133.46926879882812,116.51348876953125,69.28095245361328,65.03907012939453,60.40137481689453,20.671432495117188,75.20298767089844,154.05142211914062,27.3201961517334,44.43967056274414,68.67713165283203,1,1,1,1,1,1,1,1,1,1
IMG_3602_png_jpg.rf.97fdccb550498bf45e1827d890cc522f.jpg,train,138.1881561279297,134.5461883544922,124.84349060058594,52.60990524291992,52.10001754760742,52.56983184814453,28.807159423828125,32.30061340332031,138.79383850097656,13.795910835266113,45.60971450805664,52.54122543334961,1,1,1,1,1,1,1,1,1,1
IMG_3674_png_jpg.rf.99bc04d1d004d28ef9326b7438cb9704.jpg,train,175.98519897460938,172.69287109375,160.7988739013672,55.584014892578125,55.85803985595703,56.233272552490234,29.201263427734375,24.653457641601562,176.82749938964844,22.37792205810547,27.04001235961914,55.28526306152344,1,1,1,1,1,1,1,1,1,1
10_jpg.rf.99e38b294689626f3b2feadf11bfd37e.jpg,train,160.82481384277344,154.0555419921875,147.63671875,50.42512512207031,62.37854766845703,66.43338012695312,30.482009887695312,40.28379821777344,161.6851043701172,36.98299026489258,75.4574203491211,50.872337341308594,1,1,1,1,1,1,1,1,1,1
IMG_3870_png_jpg.rf.99ded47c1b90d82429d9e7e16da96b00.jpg,train,165.6260528564453,94.06439208984375,78.84770202636719,60.07654571533203,50.37468719482422,53.510337829589844,36.73994445800781,150.46566772460938,166.0491943359375,58.123023986816406,54.96501159667969,59.94221496582031,1,1,1,1,1,1,1,1,1,1
IMG_3727_png_jpg.rf.99b7f4e2333b1b0f7793d1612ca49229.jpg,train,151.71401977539062,152.25863647460938,144.8404541015625,75.74604797363281,73.15000915527344,74.38094329833984,35.65653991699219,66.74560546875,163.43321228027344,38.46198272705078,71.66925048828125,67.98667907714844,1,1,1,1,1,1,1,1,1,1
IMG_3729_png_jpg.rf.99e26f786f6e5a402a5bde868ea64fea.jpg,train,149.14964294433594,146.45452880859375,139.0706329345703,62.29424285888672,62.812129974365234,62.83367919921875,25.251922607421875,24.468215942382812,149.46176147460938,15.615472793579102,33.595130920410156,62.389339447021484,1,1,1,1,1,1,1,1,1,1
IMG_3702_png_jpg.rf.996805b6cd07dd301e86a06a5d756108.jpg,train,111.55937194824219,107.20582580566406,79.89639282226562,80.49239349365234,78.27278900146484,68.39067840576172,37.57574462890625,83.10734558105469,116.09109497070312,30.506120681762695,64.52015686035156,83.39213562011719,1,1,1,1,1,1,1,1,1,1
IMG_3734_png_jpg.rf.99f56495ddd622c7effe8516a32a201d.jpg,train,202.00082397460938,198.95103454589844,187.63140869140625,38.41166305541992,41.701351165771484,45.22102737426758,26.463775634765625,21.14324951171875,202.368896484375,13.165568351745605,27.744253158569336,38.392295837402344,1,1,1,1,1,1,1,1,1,1
IMG_3673_png_jpg.rf.9895ea9f1ef77cb0ec4da137b3d55d21.jpg,train,73.83596801757812,70.11009216308594,67.49220275878906,61.868892669677734,56.896995544433594,55.583335876464844,55.710205078125,55.4385986328125,77.11824035644531,44.973609924316406,67.80928802490234,62.74715805053711,1,1,1,1,1,1,1,1,1,1
IMG_3743_png_jpg.rf.99cbedd59086334d55746b6a3afaff0f.jpg,train,124.91041564941406,122.59202575683594,132.91029357910156,81.18130493164062,74.25548553466797,60.920162200927734,75.05009460449219,77.52381896972656,149.33154296875,47.83095932006836,55.39057159423828,69.1672592163086,1,1,1,1,1,1,1,1,1,1
25_jpg.rf.9a2a75665d208937f6518eb24215bffc.jpg,train,39.8792724609375,38.40437316894531,50.00190734863281,62.890907287597656,64.43563842773438,66.81432342529297,74.21238708496094,82.33724975585938,52.4073486328125,60.116390228271484,85.08671569824219,70.50849914550781,1,1,1,1,1,1,1,1,0,1
IMG_3852_png_jpg.rf.9996dd7cd59429a143655d729728776f.jpg,train,98.06121826171875,95.51223754882812,83.8251953125,69.14103698730469,66.06634521484375,61.306758880615234,29.521896362304688,39.71614074707031,98.90861511230469,13.361577033996582,32.272789001464844,69.51832580566406,1,1,1,1,1,1,1,1,1,1
IMG_3753_png_jpg.rf.9a070554753adfdce9d1d4f17b025efc.jpg,train,79.83805847167969,75.20883178710938,66.61102294921875,63.11923599243164,60.720977783203125,58.17292785644531,23.443527221679688,70.21334838867188,80.44480895996094,18.084224700927734,67.3075180053711,63.497901916503906,1,1,1,1,1,1,1,1,1,1
IMG_3015_png_jpg.rf.9a4135d38add808ccb89c15069be3ff3.jpg,train,20.635482788085938,19.95880126953125,19.777572631835938,41.68634033203125,40.726539611816406,39.03239822387695,36.438812255859375,54.48515319824219,21.821670532226562,52.582542419433594,77.01699829101562,42.41944885253906,1,1,1,1,1,1,1,1,1,1
IMG_3781_png_jpg.rf.999bbc63d9cde01d01c308c3b57a5ae7.jpg,train,149.22731018066406,154.8278350830078,128.40313720703125,59.60026550292969,58.66912078857422,58.70445251464844,37.6956787109375,52.24876403808594,157.70506286621094,17.956331253051758,25.968894958496094,58.94340133666992,1,1,1,1,1,1,1,1,1,1
IMG_3821_png_jpg.rf.999966f07e690ed412b333ce9719a97a.jpg,train,80.54470825195312,77.18141174316406,66.202880859375,49.32169723510742,48.113372802734375,43.72536849975586,28.236572265625,61.49406433105469,82.05419921875,20.882890701293945,59.03040313720703,50.7237434387207,1,1,1,1,1,1,1,1,1,1
IMG_3934_png_jpg.rf.9a28529b89dc4d83a08c01a77ff86e83.jpg,train,180.41180419921875,179.35980224609375,148.67584228515625,51.58232498168945,49.98246765136719,60.21174240112305,33.551300048828125,59.474273681640625,188.41317749023438,22.302785873413086,48.857627868652344,47.44171142578125,1,1,1,1,1,1,1,1,1,1
IMG_3679_png_jpg.rf.9acade2ee867ae3e12c6b3c62669d83a.jpg,train,51.44248962402344,91.29603576660156,163.50770568847656,62.7371711730957,48.84318923950195,27.774913787841797,103.68980407714844,188.2667694091797,165.71649169921875,21.320781707763672,65.84502410888672,30.518434524536133,1,1,1,1,1,1,1,1,1,1
IMG_3879_png_jpg.rf.9a4fbbaca9afb4f75d6fe1a11797895c.jpg,train,136.24942016601562,111.93153381347656,84.37966918945312,31.24603843688965,42.72526931762695,52.96305847167969,23.434707641601562,112.98800659179688,139.44493103027344,27.722843170166016,43.228126525878906,37.495933532714844,1,1,1,1,1,1,1,1,1,1
IMG_3635_png_jpg.rf.9bade01210d059109d506a863bdf25b7.jpg,train,109.40946960449219,130.725341796875,124.82362365722656,53.329811096191406,63.65973663330078,70.96320343017578,65.13612365722656,84.38755798339844,141.39395141601562,42.17189407348633,56.23801040649414,66.60227966308594,1,1,1,1,1,1,1,1,1,1
IMG_3626_png_jpg.rf.9a9efe6696a29fcdfa57cdd0e5e6b783.jpg,train,162.9793701171875,133.5913543701172,100.92007446289062,52.651588439941406,47.83541488647461,54.53377151489258,34.384613037109375,112.61956787109375,169.87745666503906,38.738590240478516,51.043819427490234,51.050880432128906,1,1,1,1,1,1,1,1,1,1
IMG_3606_png_jpg.rf.9c5dfcb5665b26a23ddde992d604c5ca.jpg,train,151.537109375,148.36659240722656,139.4668731689453,43.28262710571289,42.54768753051758,43.3935432434082,23.425704956054688,26.2669677734375,151.7758026123047,13.479362487792969,33.52467346191406,43.38038635253906,1,1,1,1,1,1,1,1,1,1
IMG_3691_png_jpg.rf.9be4bb2c0bac68e06c0df3ce69678ab0.jpg,train,104.80526733398438,97.81423950195312,92.16596984863281,52.430843353271484,49.00183868408203,48.29202651977539,22.13189697265625,45.31060791015625,105.12950134277344,25.773054122924805,61.63237762451172,52.52151107788086,1,1,1,1,1,1,1,1,1,1
IMG_3873_png_jpg.rf.9b1de15f2cd0f61f7cd9913c83deb159.jpg,train,135.36477661132812,128.82977294921875,91.06309509277344,31.87047004699707,38.19847869873047,54.63557434082031,34.020904541015625,101.71224975585938,139.28675842285156,29.093637466430664,42.99736022949219,39.08345031738281,1,1,1,1,1,1,1,1,1,1
IMG_3837_png_jpg.rf.9b97fa4359ad9c263fc6b764969c0bc1.jpg,train,178.0000457763672,169.683349609375,147.24563598632812,56.97087097167969,54.813453674316406,55.39902877807617,38.03166198730469,46.80332946777344,179.6873016357422,41.44331741333008,43.44739532470703,56.7251091003418,1,1,1,1,1,1,1,1,1,1
IMG_3652_png_jpg.rf.9b29d74c214fdec5844707d679d9f2bd.jpg,train,157.80580139160156,134.63401794433594,108.46949768066406,66.68756103515625,61.57393264770508,56.459407806396484,22.458724975585938,94.34788513183594,158.5528564453125,26.09915542602539,52.138023376464844,65.88064575195312,1,1,1,1,1,1,1,1,1,1
IMG_3849_png_jpg.rf.9a901d363bae9ef6e10dac7b10c14a6b.jpg,train,75.29904174804688,71.4349365234375,65.23527526855469,75.41840362548828,68.26604461669922,62.508399963378906,25.811965942382812,45.14183044433594,75.67593383789062,16.08673858642578,58.995338439941406,75.56375885009766,1,1,1,1,1,1,1,1,1,1
IMG_3787_png_jpg.rf.9ccc8868f0f37dc1c69efcdb35167a0a.jpg,train,75.47419738769531,78.08967590332031,53.029998779296875,72.73664093017578,70.07423400878906,65.35043334960938,34.241668701171875,121.22024536132812,82.42506408691406,31.055335998535156,97.2621841430664,73.14112091064453,1,1,1,1,1,1,1,1,1,1
IMG_3905_png_jpg.rf.9b690fd37a23b4f4a7d9f87270e2be22.jpg,train,151.01898193359375,155.46347045898438,161.01956176757812,59.16743850708008,61.49043655395508,63.8720817565918,97.84483337402344,21.318679809570312,163.30918884277344,32.809268951416016,23.70393180847168,63.06533432006836,1,1,1,1,1,1,1,1,1,1
IMG_3759_png_jpg.rf.9c346979b27d6f8c28af74b4a1e8667a.jpg,train,45.08894348144531,40.54277038574219,32.78253173828125,64.57051086425781,60.22423553466797,55.730403900146484,21.943984985351562,101.8248291015625,45.611419677734375,29.936546325683594,94.05406951904297,64.9466323852539,1,1,1,1,1,1,1,1,1,1
IMG_3735_png_jpg.rf.9d483f399cfe3e5bf9343a67ec73f451.jpg,train,157.45826721191406,149.3185272216797,141.70620727539062,74.22071075439453,75.28963470458984,75.52987670898438,14.943878173828125,48.932342529296875,157.6525421142578,9.942305564880371,55.422035217285156,74.2925033569336,1,1,1,1,1,1,1,1,1,1
IMG_3837_png_jpg.rf.9d2d51a42213503a1efe2de2cd39c6df.jpg,train,141.57232666015625,141.08358764648438,105.31732177734375,65.61181640625,62.8267936706543,60.69813537597656,41.22969055175781,78.78265380859375,149.65106201171875,33.48214340209961,66.77799224853516,66.15282440185547,1,1,1,1,1,1,1,1,1,1
IMG_3838_png_jpg.rf.9ccf174c83f0f0978625de9abd92d626.jpg,train,147.45516967773438,140.82406616210938,116.62461853027344,64.68128967285156,62.325382232666016,59.1790657043457,35.58641052246094,60.61497497558594,150.4669952392578,35.49251174926758,50.810821533203125,64.65105438232422,1,1,1,1,1,1,1,1,1,1
IMG_3899_png_jpg.rf.9bc70937474edbd3b41eed45716bce10.jpg,train,87.2279052734375,116.12838745117188,56.42167663574219,65.1989517211914,62.056949615478516,62.43735122680664,48.08909606933594,158.86013793945312,118.45643615722656,20.227031707763672,68.9013442993164,64.63572692871094,1,1,1,1,1,1,1,1,1,1
IMG_3771_png_jpg.rf.9bdb855bb04449dc417775823eb8ec20.jpg,train,59.560791015625,50.746795654296875,44.33984375,71.71653747558594,67.32061767578125,63.75926971435547,29.4444580078125,105.94265747070312,59.95869445800781,49.03804016113281,76.27600860595703,72.02386474609375,1,1,1,1,1,1,1,1,1,1
IMG_3799_png_jpg.rf.9c9bdbd168f8181dfb8942e8546923ea.jpg,train,50.942352294921875,47.211944580078125,33.8018798828125,60.2427978515625,58.0195198059082,51.81595230102539,26.240890502929688,123.07951354980469,52.585479736328125,28.375812530517578,92.12195587158203,60.474544525146484,1,1,1,1,1,1,1,1,1,1
IMG_3646_png_jpg.rf.9d184e865b1c9f3aae1adde2c66d86e5.jpg,train,144.32998657226562,73.15594482421875,66.62594604492188,69.92672729492188,64.91439819335938,59.09751510620117,43.33489990234375,144.6538848876953,145.06546020507812,63.92316818237305,78.10354614257812,69.90992736816406,1,1,1,1,1,1,1,1,1,1
IMG_3605_png_jpg.rf.9d848800aafd04b3e173c0db51674c6b.jpg,train,120.64234924316406,121.11367797851562,110.37924194335938,48.035701751708984,47.43300247192383,46.68578338623047,32.65460205078125,34.0262451171875,122.07453918457031,13.509027481079102,42.659297943115234,47.92082214355469,1,1,1,1,1,1,1,1,1,1
28_jpg.rf.9b8e36c0cb576dffe31c8be0ad87e7f0.jpg,train,28.800704956054688,28.520355224609375,33.930877685546875,58.87928009033203,58.12647247314453,60.10382080078125,48.71366882324219,68.77099609375,37.316253662109375,57.808937072753906,95.50566101074219,64.76737976074219,1,1,1,1,1,1,1,1,1,1
15_jpg.rf.9cbd61529640e9d356d80fa2d76942ac.jpg,train,144.0181427001953,120.97792053222656,88.5765380859375,43.95956039428711,44.14192199707031,42.2740478515625,17.365921020507812,107.64346313476562,144.1686553955078,4.050752639770508,38.217864990234375,43.994140625,1,1,1,1,1,1,1,1,1,1
IMG_3006_png_jpg.rf.9d708d540e0c46720b32865ba06ba383.jpg,train,33.66560363769531,33.90687561035156,32.05741882324219,47.067466735839844,47.44392776489258,45.68525695800781,36.895782470703125,33.96826171875,34.50038146972656,39.43153762817383,49.32923126220703,48.55036163330078,1,1,1,1,1,1,1,1,1,1
IMG_3848_png_jpg.rf.9bcd01d73feb80f019a4d48f7e0f6c54.jpg,train,106.01008605957031,106.24342346191406,102.71925354003906,55.51850509643555,55.23820877075195,54.00150680541992,29.275955200195312,9.799041748046875,106.49821472167969,21.453187942504883,10.274882316589355,55.62208938598633,1,1,1,1,1,1,1,1,1,1
IMG_3936_png_jpg.rf.9dc151b93792fc492317047da9b01d23.jpg,train,169.7926025390625,157.570068359375,136.81028747558594,52.738487243652344,57.44100570678711,64.43428802490234,28.955734252929688,62.68829345703125,173.0594024658203,28.947284698486328,57.08534622192383,51.90208435058594,1,1,1,1,1,1,1,1,1,1
IMG_3789_png_jpg.rf.9d8ce2bd5e7a9db4bf3b42036a35ceba.jpg,train,114.31898498535156,113.56427001953125,93.89755249023438,68.00476837158203,64.24287414550781,59.460906982421875,34.01020812988281,52.12251281738281,118.10243225097656,19.53719139099121,32.715858459472656,68.0382308959961,1,1,1,1,1,1,1,1,1,1
IMG_3871_png_jpg.rf.9dba5cf53826fc061110d435e9522bb4.jpg,train,161.97300720214844,82.9935302734375,97.032958984375,65.55270385742188,53.9310417175293,56.44209289550781,125.93531799316406,135.74002075195312,162.8707275390625,71.93168640136719,46.37916946411133,64.80899047851562,1,1,1,1,1,1,1,1,1,1
IMG_3772_png_jpg.rf.9d91754066502552cdc36c93073ce338.jpg,train,151.4981231689453,142.71688842773438,132.46795654296875,60.292484283447266,61.53449249267578,58.25654220581055,19.629486083984375,36.060638427734375,152.14785766601562,23.568450927734375,26.87279510498047,60.92070007324219,1,1,1,1,1,1,1,1,1,1
IMG_3620_png_jpg.rf.9c7ebc041f1a742039454c20f16ab1a8.jpg,train,144.0569610595703,136.09136962890625,125.22776794433594,70.92289733886719,70.83584594726562,70.63794708251953,24.911026000976562,42.33512878417969,144.59327697753906,26.144119262695312,40.50883483886719,71.07379913330078,1,1,1,1,1,1,1,1,1,1
IMG_3022_png_jpg.rf.9dc9b56c8e4c065472d65108b8945141.jpg,train,54.3721923828125,53.33766174316406,67.09440612792969,52.65055847167969,53.92768096923828,50.05586624145508,112.89555358886719,95.7945556640625,68.82086181640625,28.318201065063477,59.245540618896484,52.52457046508789,1,1,1,1,1,1,1,1,1,1
IMG_3716_png_jpg.rf.9df4d6c2f3f9417dd1f4ebd5f042202a.jpg,train,128.45718383789062,124.61888122558594,107.32545471191406,70.68954467773438,64.98917388916016,69.21879577636719,51.49458312988281,89.06732177734375,140.24746704101562,42.46162414550781,65.9789810180664,66.8594970703125,1,1,1,1,1,1,1,1,1,1
IMG_3820_png_jpg.rf.9e3e9080b2e50d2b230716c06e4ef3f5.jpg,train,146.47642517089844,133.547607421875,124.88804626464844,53.086116790771484,59.92673873901367,58.99008560180664,20.505477905273438,55.38890075683594,147.4614715576172,26.534835815429688,65.93507385253906,53.789371490478516,1,1,1,1,1,1,1,1,1,1
IMG_3958_png_jpg.rf.9e26f9cb2aee794d773f275d558e6710.jpg,train,141.67172241210938,130.80067443847656,123.24072265625,67.64702606201172,59.157554626464844,50.85987091064453,47.08087158203125,57.34181213378906,147.62232971191406,47.94584274291992,25.74388885498047,61.063209533691406,1,1,1,1,1,1,1,1,1,1
IMG_3837_png_jpg.rf.9de8eb6df8b02e5f9e0027164cd4b485.jpg,train,100.20695495605469,91.63552856445312,74.11856079101562,62.11131286621094,58.04901123046875,54.06550216674805,38.02960205078125,82.17230224609375,101.9534912109375,43.45774841308594,72.73082733154297,62.60165023803711,1,1,1,1,1,1,1,1,1,1
IMG_3957_png_jpg.rf.9eef192336fdd2a78af3e516a08650e8.jpg,train,164.07847595214844,151.599365234375,138.49432373046875,69.09868621826172,61.01358413696289,47.53886795043945,51.64921569824219,61.347412109375,171.31228637695312,47.88575744628906,27.72000503540039,60.700096130371094,1,1,1,1,1,1,1,1,1,1
IMG_3030_png_jpg.rf.9ea2d97d39dcdaa85d0011414f9ea918.jpg,train,103.57106018066406,151.43344116210938,158.1632843017578,43.21788787841797,51.128936767578125,55.1616325378418,87.80471801757812,93.3013916015625,159.77517700195312,24.788354873657227,38.4814567565918,54.35396194458008,1,1,1,1,1,1,1,1,1,1
IMG_3923_png_jpg.rf.9ee42966ba811811b0c927d9c939b898.jpg,train,157.0812225341797,123.18740844726562,75.66815185546875,52.56406784057617,56.309844970703125,57.0704231262207,19.971847534179688,152.73309326171875,157.6205596923828,19.2755126953125,64.09119415283203,52.57078170776367,1,1,1,1,1,1,1,1,1,1
IMG_3644_png_jpg.rf.9f0fc1577398d970f637c0d2e53d9abe.jpg,train,180.39181518554688,109.65887451171875,125.62095642089844,54.28529357910156,49.193912506103516,45.17584228515625,129.54714965820312,97.60041809082031,181.2074432373047,64.64385986328125,59.42226028442383,54.3201904296875,1,1,1,1,1,1,1,1,1,1
IMG_3677_png_jpg.rf.9ee96616a5655d777d6995eceb935dd7.jpg,train,52.10691833496094,80.98377990722656,162.4948272705078,67.18159484863281,57.851165771484375,31.908203125,104.85466003417969,190.4231414794922,166.5685577392578,24.234956741333008,58.04682159423828,36.62602615356445,1,1,1,1,1,1,1,1,1,1
IMG_3608_png_jpg.rf.9ed7ad289ab44e042498010f28b723cb.jpg,train,143.77586364746094,144.18084716796875,134.19613647460938,51.60014343261719,51.4150390625,49.79542541503906,30.792861938476562,28.04705810546875,144.54539489746094,10.640750885009766,46.50941848754883,51.67121505737305,1,1,1,1,1,1,1,1,1,1
IMG_3728_png_jpg.rf.9e1d603a36e82f7cce4c9b9acc98e5e8.jpg,train,142.51402282714844,139.0897674560547,129.69775390625,84.2702865600586,83.45195007324219,81.4598159790039,25.648193359375,34.787109375,142.834716796875,13.97879409790039,39.423641204833984,84.20965576171875,1,1,1,1,1,1,1,1,1,1
IMG_3612_png_jpg.rf.9ed7f61f9cd0cf254644f70e891477b6.jpg,train,141.1234588623047,134.91429138183594,127.17433166503906,81.56660461425781,80.62754821777344,78.50424194335938,30.2269287109375,68.39849853515625,147.62332153320312,34.0804443359375,80.91107177734375,75.3350830078125,1,1,1,1,1,1,1,1,1,1
IMG_3906_png_jpg.rf.9ef03456541fd363d1662d4cb1dd0bb9.jpg,train,147.62168884277344,148.91973876953125,157.09918212890625,73.69847869873047,75.29496765136719,79.41812896728516,102.57327270507812,20.510986328125,158.01759338378906,39.0203742980957,26.952537536621094,78.47866821289062,1,1,1,1,1,1,1,1,1,1
IMG_3847_png_jpg.rf.9f301991556e04125f1171695c2406b4.jpg,train,57.097747802734375,57.36595153808594,53.856964111328125,63.158931732177734,63.089988708496094,59.249507904052734,23.367050170898438,21.179351806640625,57.77076721191406,30.430437088012695,46.30854034423828,63.7545051574707,1,1,1,1,1,1,1,1,1,1
IMG_3970_png_jpg.rf.9e525829064482bf5b61472d3b82b4d0.jpg,train,111.49525451660156,111.36715698242188,99.73780822753906,53.55225372314453,52.68250274658203,49.52605438232422,30.31744384765625,42.90364074707031,112.44174194335938,8.204341888427734,54.931182861328125,53.54780578613281,1,1,1,1,1,1,1,1,1,1
28_jpg.rf.9f8489ba741c49140ce7501b3b37f1e7.jpg,train,36.7431640625,36.115081787109375,42.83409118652344,64.5187759399414,64.0633544921875,63.720863342285156,68.79512023925781,79.27545166015625,45.97077941894531,59.22089767456055,88.31745910644531,68.6655044555664,1,1,1,1,1,1,1,1,1,1
IMG_3766_png_jpg.rf.9f7af7d61510c654a649cab04178a898.jpg,train,106.05598449707031,100.69039916992188,93.98138427734375,63.339698791503906,61.23828125,60.50897216796875,20.169418334960938,38.64381408691406,106.40367126464844,16.886703491210938,32.59026336669922,63.57744216918945,1,1,1,1,1,1,1,1,1,1
IMG_3026_png_jpg.rf.a043ffee81fa58bde7e17aa4eaab253f.jpg,train,171.7421875,107.04325866699219,190.36599731445312,52.246334075927734,39.212379455566406,71.81734466552734,111.07575988769531,111.626953125,195.85928344726562,55.217185974121094,43.489219665527344,64.63246154785156,1,1,1,1,1,1,1,1,1,1
IMG_3970_png_jpg.rf.9f9f485de603b2059554c71c5069750c.jpg,train,85.11111450195312,85.75617980957031,72.15611267089844,53.53418731689453,52.57374572753906,45.11646270751953,32.237945556640625,53.32038879394531,86.86947631835938,10.47397518157959,52.459835052490234,53.72053146362305,1,1,1,1,1,1,1,1,1,1
IMG_3663_png_jpg.rf.9fa3e20cf9f67487c7d76f917944e84d.jpg,train,91.40519714355469,47.12571716308594,30.780776977539062,40.071964263916016,52.64659881591797,56.95831298828125,27.372772216796875,206.78225708007812,96.84480285644531,47.794952392578125,63.40450668334961,48.926570892333984,1,1,1,1,1,1,1,1,1,1
IMG_3669_png_jpg.rf.9fbaec31fae58ae49bf8c46d5831a65f.jpg,train,119.22929382324219,117.82598876953125,113.1632080078125,64.13640594482422,61.127498626708984,59.933982849121094,60.89549255371094,43.93902587890625,125.09140014648438,39.40642166137695,51.446903228759766,64.4474105834961,1,1,1,1,1,1,1,1,1,1
IMG_3871_png_jpg.rf.9effd66e4dc053e8373a6d4e7786c658.jpg,train,147.85658264160156,72.34938049316406,72.31613159179688,66.16327667236328,55.8646125793457,56.191036224365234,37.081390380859375,153.8133544921875,148.63104248046875,62.653018951416016,53.298309326171875,65.65009307861328,1,1,1,1,1,1,1,1,1,1
IMG_3674_png_jpg.rf.9fddc612dc87ca81c5ed9ea87b3ae3c3.jpg,train,113.87141418457031,110.48655700683594,101.52009582519531,69.063720703125,68.80825805664062,66.6501693725586,26.028106689453125,40.495269775390625,114.41815185546875,21.2436466217041,51.47058868408203,69.11750793457031,1,1,1,1,1,1,1,1,1,1
IMG_3689_png_jpg.rf.a0504001bea27774ad23c510489bf68a.jpg,train,125.75468444824219,123.65565490722656,110.56771850585938,53.45634460449219,54.165897369384766,55.10014724731445,29.011276245117188,54.266571044921875,126.71018981933594,20.579526901245117,69.35253143310547,53.089927673339844,1,1,1,1,1,1,1,1,1,1
IMG_3621_png_jpg.rf.9fee36830a795f379c2c4bf197f840ef.jpg,train,175.17103576660156,170.3892059326172,156.10870361328125,68.93569946289062,70.38787841796875,71.50468444824219,24.101272583007812,33.17579650878906,175.7336883544922,20.35874366760254,27.073375701904297,68.85443115234375,1,1,1,1,1,1,1,1,1,1
IMG_2981_png_jpg.rf.a06c41d3f1f33ee54846a3db066a5226.jpg,train,95.80902099609375,79.07260131835938,61.28375244140625,36.55377960205078,46.815853118896484,48.072261810302734,25.447509765625,121.91299438476562,99.53410339355469,32.953697204589844,61.04758834838867,41.878047943115234,1,1,1,1,1,1,1,1,1,1
IMG_3631_png_jpg.rf.a086aa435a3d7dbaedd7cc631a52a183.jpg,train,143.36746215820312,165.62924194335938,163.38751220703125,53.222599029541016,54.860206604003906,66.5106201171875,70.99508666992188,70.23896789550781,181.40707397460938,41.2099494934082,45.32870101928711,61.460533142089844,1,1,1,1,1,1,1,1,1,1
4_jpg.rf.a075fcbde8049cec71b7f70df3a18f4a.jpg,train,156.42947387695312,140.74905395507812,132.4112548828125,99.90780639648438,91.77925872802734,86.3214340209961,19.202468872070312,41.146270751953125,157.4884796142578,36.252685546875,49.094486236572266,99.4637451171875,1,1,1,1,1,1,1,1,1,1
IMG_3870_png_jpg.rf.a084cd6384cbc831efcc291603500176.jpg,train,152.73155212402344,43.13877868652344,56.90850830078125,61.490142822265625,50.555057525634766,55.465267181396484,126.18386840820312,180.99522399902344,152.97756958007812,75.62804412841797,71.98187255859375,61.56714630126953,1,1,1,1,1,1,1,1,1,1
IMG_3662_png_jpg.rf.a0601c8ad3b8fab14de26e48627c2e15.jpg,train,145.9580535888672,101.76103210449219,59.24336242675781,37.632389068603516,52.08150100708008,66.30217742919922,27.205184936523438,178.01731872558594,153.68942260742188,35.794803619384766,64.3394775390625,44.9841194152832,1,1,1,1,1,1,1,1,1,1
IMG_3868_png_jpg.rf.a0d5a2ed9fc1bd78d593ebbf60741c23.jpg,train,160.29928588867188,51.1666259765625,49.235687255859375,54.46681594848633,60.1014289855957,55.84070587158203,27.448043823242188,185.22840881347656,160.6420135498047,58.4672737121582,62.109397888183594,54.532222747802734,1,1,1,1,1,1,1,1,1,1
IMG_3948_png_jpg.rf.a15cf319aad4deaa27f2776c360fbf61.jpg,train,125.9478759765625,77.14796447753906,74.26808166503906,61.357486724853516,71.21160125732422,65.82279968261719,102.67057800292969,138.13528442382812,126.5582275390625,82.64456939697266,71.84877014160156,61.85331344604492,1,1,1,1,1,1,1,1,1,1
IMG_3756_png_jpg.rf.a0dc263b9a18729a9d3880d3883bbad2.jpg,train,61.83357238769531,58.873626708984375,48.65403747558594,59.76823425292969,57.49843215942383,51.948814392089844,23.947494506835938,73.22146606445312,62.331878662109375,24.393342971801758,76.24267578125,60.07737731933594,1,1,1,1,1,1,1,1,1,1
IMG_3823_png_jpg.rf.a0c3a03f0cb9b547de75bfce05dbd1d6.jpg,train,108.91648864746094,103.56089782714844,92.91429138183594,55.34282302856445,52.89204025268555,51.25209045410156,25.227523803710938,50.82261657714844,109.67948913574219,17.443496704101562,54.91189193725586,55.62185287475586,1,1,1,1,1,1,1,1,1,1
IMG_3848_png_jpg.rf.a0ba96b84a9cd2c2b200d7cf38c7ba38.jpg,train,113.86117553710938,114.20314025878906,110.70182800292969,53.76782989501953,53.72456359863281,51.89999771118164,28.450180053710938,7.9697418212890625,114.36213684082031,18.335262298583984,9.892539024353027,53.93506622314453,1,1,1,1,1,1,1,1,1,1
IMG_3766_png_jpg.rf.a1a3fb6911c0d23ed3040617c1ff36d8.jpg,train,97.65554809570312,94.36335754394531,84.54774475097656,64.1968002319336,62.64597702026367,60.79004669189453,24.848342895507812,56.727783203125,98.20028686523438,14.66336727142334,58.33931350708008,64.3125,1,1,1,1,1,1,1,1,1,1
29_jpg.rf.a09cb8f7974bb1ec223132ae52abfed7.jpg,train,128.41387939453125,129.8226776123047,132.39364624023438,78.14814758300781,79.460693359375,79.65913391113281,92.80790710449219,15.420303344726562,134.37075805664062,45.48477554321289,17.794307708740234,80.7626724243164,1,1,1,1,1,1,1,1,1,1
IMG_3763_png_jpg.rf.a1a06d72161cbeb5697575d2ed10b3d5.jpg,train,71.35989379882812,78.48895263671875,51.1702880859375,52.91966247558594,53.21295928955078,47.722434997558594,36.249786376953125,101.09225463867188,79.831298828125,18.242918014526367,47.172462463378906,53.88339614868164,1,1,1,1,1,1,1,1,1,1
IMG_3766_png_jpg.rf.a10e4afa83dac0c264272945c0ce3c8d.jpg,train,74.87692260742188,74.42335510253906,64.64088439941406,61.578521728515625,61.234405517578125,57.157527923583984,29.137161254882812,58.14006042480469,75.712646484375,20.073993682861328,65.43292999267578,61.911659240722656,1,1,1,1,1,1,1,1,1,1
IMG_3653_png_jpg.rf.a0c719b69419179b1158dc267c451fe4.jpg,train,155.70237731933594,140.22813415527344,118.91717529296875,65.69656372070312,63.20841598510742,58.669166564941406,23.885894775390625,75.59765625,156.6053466796875,25.90660285949707,49.33302307128906,64.84110260009766,1,1,1,1,1,1,1,1,1,1
IMG_3831_png_jpg.rf.a1bfd5b09c12c90a1ad1361c20cbc1d6.jpg,train,99.95660400390625,98.75595092773438,95.76783752441406,59.19015121459961,57.00136947631836,52.59307098388672,53.369232177734375,14.204727172851562,101.40315246582031,56.21903610229492,30.04198455810547,59.73941421508789,1,1,1,1,1,1,1,1,1,1
IMG_3874_png_jpg.rf.a2009e84eb6e0a2831b0372d96b701e4.jpg,train,134.8104248046875,115.61668395996094,98.12919616699219,31.3183650970459,39.767921447753906,44.84783935546875,26.077804565429688,86.29841613769531,138.17672729492188,35.2480583190918,41.402915954589844,37.31857681274414,1,1,1,1,1,1,1,1,1,1
IMG_3024_png_jpg.rf.a23de42a65b16788958e1cbfd45f4ded.jpg,train,29.290206909179688,29.533981323242188,34.62554931640625,48.166629791259766,47.05071258544922,44.1027717590332,96.90176391601562,140.8780059814453,36.94630432128906,40.29715347290039,84.8989486694336,47.604305267333984,1,1,1,1,1,1,1,1,1,1
32_jpg.rf.a259a40322b11756fb64c6d30d0f05d1.jpg,train,123.95500183105469,124.91690063476562,117.82356262207031,58.77501678466797,59.46052169799805,55.4449462890625,28.941787719726562,14.349090576171875,125.50485229492188,30.779760360717773,26.75868034362793,59.759490966796875,1,1,1,1,1,1,1,1,1,1
30_jpg.rf.a28524dd7a12e14ab93dd399911b00a6.jpg,train,160.52285766601562,157.70497131347656,149.0450897216797,54.27534866333008,52.258358001708984,50.31229782104492,25.002090454101562,17.482772827148438,161.2509765625,22.245811462402344,23.96861457824707,54.116146087646484,1,1,1,1,1,1,1,1,1,1
IMG_3665_png_jpg.rf.a1bad84f12b060490d698a7ce69df28b.jpg,train,147.97808837890625,135.55801391601562,116.73171997070312,75.29766082763672,80.31353759765625,85.78929138183594,41.6002197265625,100.57035827636719,153.80178833007812,40.705875396728516,96.25956726074219,72.828125,1,1,1,1,1,1,1,1,1,1
IMG_3792_png_jpg.rf.a22373e6cd85ad865d8f40f247efa456.jpg,train,141.8015899658203,131.18798828125,125.66603088378906,63.22780227661133,56.72071838378906,56.06382369995117,24.684539794921875,31.238601684570312,142.2266082763672,33.78955841064453,29.411989212036133,63.567996978759766,1,1,1,1,1,1,1,1,1,1
10_jpg.rf.a31d23558d039c3ce21b1fa0820b4baf.jpg,train,176.8822479248047,168.12135314941406,163.73922729492188,51.996150970458984,65.98396301269531,67.80720520019531,29.619720458984375,34.57743835449219,177.4075469970703,41.34623336791992,66.48997497558594,52.322608947753906,1,1,1,1,1,1,1,1,1,1
IMG_3766_png_jpg.rf.a2d4902d28ebd4a077d43392ba8d604e.jpg,train,90.60467529296875,85.9454345703125,80.81236267089844,65.11322021484375,63.91345977783203,62.86054992675781,18.988433837890625,50.55043029785156,90.86033630371094,22.97615623474121,68.99076080322266,65.2813491821289,1,1,1,1,1,1,1,1,1,1
IMG_3874_png_jpg.rf.a2b648a22554d693ed4814122c5002e3.jpg,train,136.74288940429688,127.88626098632812,88.00386047363281,31.300384521484375,37.03268051147461,49.64533615112305,34.26441955566406,105.9393310546875,140.63853454589844,32.02963638305664,40.20970153808594,37.56817626953125,1,1,1,1,1,1,1,1,1,1
IMG_3620_png_jpg.rf.a2c55c24b8dab93ddd96d5fc68d9442f.jpg,train,160.2887420654297,149.1055145263672,136.3550262451172,75.6732177734375,75.51425170898438,75.63807678222656,21.380142211914062,42.95509338378906,160.8437042236328,24.724252700805664,36.2348747253418,75.80379486083984,1,1,1,1,1,1,1,1,1,1
IMG_3823_png_jpg.rf.a30ec9532f2938537dc9f103fa3d88ce.jpg,train,139.48974609375,138.07252502441406,125.58718872070312,52.731163024902344,52.5859489440918,52.11235046386719,30.61175537109375,36.178314208984375,140.5775146484375,14.069670677185059,47.58656311035156,53.16426086425781,1,1,1,1,1,1,1,1,1,1
IMG_3570_png_jpg.rf.a29888fbde0643012b4fecfe18ecfe2e.jpg,train,162.81248474121094,169.53726196289062,160.1192169189453,81.8453598022461,75.47330474853516,72.30242919921875,57.04219055175781,37.691070556640625,174.26895141601562,34.939292907714844,45.010009765625,75.1866455078125,1,1,1,1,1,1,1,1,1,1
IMG_3918_png_jpg.rf.a40aee7ac7f05a7c59c799f8f2a20e68.jpg,train,175.2070770263672,154.0134735107422,83.68489074707031,46.905067443847656,50.233943939208984,49.083126068115234,24.111343383789062,145.20130920410156,175.33615112304688,13.027631759643555,47.422996520996094,47.002288818359375,1,1,1,1,1,1,1,1,1,1
IMG_3723_png_jpg.rf.a312e5c541dbfad538c24d8826767ab9.jpg,train,42.68450927734375,41.03779602050781,34.59056091308594,59.753883361816406,57.544071197509766,53.140262603759766,26.563385009765625,62.82550048828125,43.388458251953125,23.74788475036621,46.1810417175293,59.80720138549805,1,1,1,1,1,1,1,1,1,1
IMG_3732_png_jpg.rf.a39339525ab86f84776b54f7dc0fbabd.jpg,train,166.4457550048828,159.06385803222656,150.77191162109375,73.37892150878906,73.03578186035156,73.3440933227539,20.129043579101562,30.301254272460938,166.5764923095703,21.771841049194336,30.119131088256836,73.43181610107422,1,1,1,1,1,1,1,1,1,1
IMG_3828_png_jpg.rf.a4748b7cd768812b1326d7c9b0bf486f.jpg,train,126.86978149414062,116.51530456542969,109.00334167480469,61.48401641845703,62.914093017578125,63.322505950927734,31.318634033203125,65.94819641113281,129.1938934326172,42.68800354003906,63.34226989746094,62.90082931518555,1,1,1,1,1,1,1,1,1,1
29_jpg.rf.a452cf25f130ef8ceb7b8708e618d771.jpg,train,134.66165161132812,135.43638610839844,138.51168823242188,71.99513244628906,73.51349639892578,73.0785140991211,106.62602233886719,16.615859985351562,140.1972198486328,37.5661506652832,15.695500373840332,74.05070495605469,1,1,1,1,1,1,1,1,1,1
IMG_3901_png_jpg.rf.a1fa4f33625f5c5cc6040ded0a27b43a.jpg,train,130.1145477294922,131.65957641601562,135.98623657226562,57.2606201171875,57.7177619934082,58.979759216308594,108.63674926757812,24.11224365234375,139.7587127685547,26.7946834564209,30.24814796447754,59.453880310058594,1,1,1,1,1,1,1,1,1,1
33_jpg.rf.a3dad8a9d7ea549ef0255566f30887b3.jpg,train,70.79380798339844,68.49349975585938,63.85829162597656,53.35447692871094,50.744747161865234,47.54149627685547,19.45697021484375,21.38446044921875,71.46546936035156,33.53092956542969,41.81528091430664,54.09459686279297,1,1,1,1,1,1,1,1,1,1
IMG_3822_png_jpg.rf.a38f44ee6db14158ba68cc4e3c10cbe6.jpg,train,126.52580261230469,124.55110168457031,114.32119750976562,57.447837829589844,61.574256896972656,60.779327392578125,29.391265869140625,41.95320129394531,129.61949157714844,22.417232513427734,42.09773635864258,60.5103759765625,1,1,1,1,1,1,1,1,1,1
IMG_3806_png_jpg.rf.a338a651a39eb3d7e81312e80bc6a82d.jpg,train,41.29560852050781,37.394622802734375,35.08561706542969,49.28920364379883,47.358558654785156,46.24913024902344,18.2413330078125,65.35749816894531,41.68391418457031,35.25339889526367,73.79244232177734,49.88862991333008,1,1,1,1,1,1,1,1,1,1
IMG_3609_png_jpg.rf.a5b0dd5eb052fdf8b1cb56c1b1258399.jpg,train,134.42593383789062,135.88424682617188,126.6378173828125,38.39092254638672,37.76942443847656,36.81813430786133,35.023468017578125,19.376388549804688,136.1460418701172,10.855463981628418,25.305234909057617,38.230464935302734,1,1,1,1,1,1,1,1,1,1
21_jpg.rf.a575809c8a7f87d1d59da0a26bd1a5ed.jpg,train,35.25,36.12510681152344,46.78208923339844,60.51342010498047,63.71235656738281,67.6126708984375,72.12750244140625,93.40087890625,51.7850341796875,61.71635818481445,86.79386901855469,74.36172485351562,1,1,1,1,1,1,1,1,1,1
IMG_3649_png_jpg.rf.a492e8776e0d3aeee30b77c850934d9d.jpg,train,196.47882080078125,185.07167053222656,162.68026733398438,58.36393737792969,56.99524688720703,55.28665542602539,22.500289916992188,48.70603942871094,196.82154846191406,17.108476638793945,22.537410736083984,58.31023025512695,1,1,1,1,1,1,1,1,1,1
10_jpg.rf.a5a0e590e84a8260f06fc4e3389992fe.jpg,train,189.73947143554688,184.5973663330078,181.1996612548828,66.48762512207031,72.19546508789062,73.18739318847656,17.718368530273438,16.550582885742188,190.09222412109375,27.03363609313965,35.11793518066406,66.6307601928711,1,1,1,1,1,1,1,1,1,1
IMG_3566_png_jpg.rf.a603439bc39dd546a37b2a8eaba7e04e.jpg,train,103.94754028320312,103.3236083984375,102.47659301757812,67.90391540527344,66.83428955078125,63.91741180419922,72.68180847167969,28.080673217773438,108.06330871582031,50.625797271728516,42.643341064453125,68.14891815185547,1,1,1,1,1,1,1,1,1,1
IMG_3663_png_jpg.rf.a578d285419110c76ad4cb2e59ecf353.jpg,train,88.99105834960938,55.70928955078125,37.92948913574219,41.85622787475586,51.67623519897461,54.98749923706055,29.290191650390625,183.14712524414062,92.37852478027344,46.82719802856445,73.2213363647461,47.677879333496094,1,1,1,1,1,1,1,1,1,1
IMG_3733_png_jpg.rf.a62b97b37c94fd1ec6f21ec2532647e9.jpg,train,180.67312622070312,178.52011108398438,173.23631286621094,58.891292572021484,59.79686737060547,60.12139892578125,25.096847534179688,13.724197387695312,180.8997802734375,19.27332305908203,17.60702896118164,58.92741394042969,1,1,1,1,1,1,1,1,1,1
IMG_3729_png_jpg.rf.a4e163f6657f55f10fe8f536fac53201.jpg,train,137.3453369140625,133.70384216308594,124.56260681152344,65.68253326416016,65.46239471435547,64.73295593261719,24.300079345703125,33.38627624511719,137.6936492919922,16.70779037475586,38.102561950683594,65.84107208251953,1,1,1,1,1,1,1,1,1,1
IMG_3566_png_jpg.rf.a6614927dfbdc2b1c10f75270d946b1f.jpg,train,127.20805358886719,126.33787536621094,125.85586547851562,68.55646514892578,65.86471557617188,63.92359161376953,73.86663818359375,24.27978515625,132.17681884765625,47.43537139892578,33.63969802856445,68.32246398925781,1,1,1,1,1,1,1,1,1,1
IMG_3952_png_jpg.rf.a4a7436b62bc1dd38bc8b851adecaf00.jpg,train,165.31649780273438,159.12353515625,152.81004333496094,58.54438781738281,54.873966217041016,53.66276168823242,44.835357666015625,30.401031494140625,169.0084991455078,45.699729919433594,21.648834228515625,56.46610641479492,1,1,1,1,1,1,1,1,1,1
IMG_3769_png_jpg.rf.a5531e32591cd084dafa3291cb9b1a97.jpg,train,107.383056640625,100.3800048828125,92.28453063964844,59.441951751708984,56.41764450073242,55.109432220458984,27.8582763671875,38.386688232421875,107.93130493164062,41.486289978027344,27.615476608276367,59.57361602783203,1,1,1,1,1,1,1,1,1,1
21_jpg.rf.a44ab87d0ff47a6e644723634954fca7.jpg,train,68.55026245117188,69.33895874023438,77.8409423828125,62.85084533691406,66.46095275878906,68.08515930175781,123.76887512207031,52.250244140625,81.99540710449219,44.95878601074219,28.1168212890625,72.33308410644531,1,1,1,1,1,1,1,1,1,1
IMG_3820_png_jpg.rf.a4a0e1c65826add07902cc631ae1f5f0.jpg,train,151.67788696289062,144.48477172851562,135.40158081054688,53.688629150390625,57.756134033203125,58.38107681274414,22.020980834960938,40.14274597167969,152.59054565429688,17.403593063354492,50.56131362915039,54.393463134765625,1,1,1,1,1,1,1,1,1,1
IMG_3626_png_jpg.rf.a3beb939bd72e01501870473c40fff98.jpg,train,132.1930694580078,108.13681030273438,82.06681823730469,52.48631286621094,51.02884292602539,55.5066032409668,34.08085632324219,121.16459655761719,138.8577423095703,38.83202362060547,55.062286376953125,54.03325271606445,1,1,1,1,1,1,1,1,1,1
IMG_3687_png_jpg.rf.a51c5f75d8e4fd47580ffc35b00ac047.jpg,train,67.73677062988281,65.08738708496094,57.2244873046875,50.905845642089844,50.01551818847656,47.00699234008789,23.280303955078125,54.571197509765625,67.91050720214844,16.27525520324707,46.74997329711914,51.20904541015625,1,1,1,1,1,1,1,1,1,1
IMG_3921_png_jpg.rf.a5805157e0b816a32554fefd096eec94.jpg,train,143.98951721191406,128.48387145996094,63.32853698730469,52.328453063964844,53.228424072265625,48.42496871948242,24.912063598632812,161.46629333496094,144.25167846679688,11.762880325317383,54.432315826416016,52.30369567871094,1,1,1,1,1,1,1,1,1,1
IMG_3902_png_jpg.rf.a671914c8e64c4926315978618ef6136.jpg,train,149.3092803955078,151.63088989257812,155.59983825683594,56.46590042114258,58.11644744873047,60.31557083129883,101.04591369628906,21.505905151367188,158.30606079101562,31.993772506713867,35.299705505371094,58.5312385559082,1,1,1,1,1,1,1,1,1,1
IMG_3872_png_jpg.rf.a666fc3df3580ead1ea8cd0f769896ac.jpg,train,64.44932556152344,51.90589904785156,30.620941162109375,28.35753631591797,44.609798431396484,57.90287399291992,28.966781616210938,199.1056365966797,71.57994079589844,31.901906967163086,73.74212646484375,45.279449462890625,1,1,1,1,1,1,1,1,1,1
IMG_3654_png_jpg.rf.a738feb5c08d5238b20bd434c9fc64d1.jpg,train,146.16188049316406,124.98753356933594,111.97972106933594,63.78463363647461,60.3862190246582,56.62114334106445,23.590072631835938,76.27203369140625,147.10789489746094,37.56602096557617,50.17112731933594,63.746490478515625,1,1,1,1,1,1,1,1,1,1
IMG_3811_png_jpg.rf.a6b52c874004bb5ebafbdd1ecaea6e1f.jpg,train,153.11416625976562,148.33485412597656,111.35575866699219,55.45192337036133,51.91362380981445,67.8863754272461,39.48109436035156,88.07179260253906,158.3134765625,36.67074203491211,67.21145629882812,54.33909225463867,1,1,1,1,1,1,1,1,1,1
IMG_3566_png_jpg.rf.a702f06dd8e3a05420c321e53e9d9814.jpg,train,72.35478210449219,70.511962890625,69.20660400390625,62.01808166503906,59.15274429321289,56.62618637084961,65.95443725585938,42.58271789550781,76.28871154785156,52.44940185546875,57.26729965209961,62.99044418334961,1,1,1,1,1,1,1,1,1,1
IMG_3633_png_jpg.rf.a6f958118f36a125f234fc1802c333f4.jpg,train,118.37974548339844,137.47625732421875,126.6011962890625,57.1440315246582,66.53788757324219,66.98945617675781,56.20079040527344,73.79634094238281,146.94485473632812,47.66402053833008,49.48917770385742,65.67579650878906,1,1,1,1,1,1,1,1,1,1
IMG_3859_png_jpg.rf.a70f0a25a25d97e4acec3cc817566e0e.jpg,train,129.88772583007812,103.06021118164062,82.46575927734375,55.223453521728516,54.16477584838867,55.19470977783203,43.203765869140625,117.90205383300781,131.1812286376953,56.972747802734375,57.18935012817383,56.39432144165039,1,1,1,1,1,1,1,1,1,1
IMG_3871_png_jpg.rf.a6856d992c20058a99ed7c7655c3ad2b.jpg,train,143.97592163085938,82.25753784179688,74.44677734375,64.39395141601562,55.308372497558594,54.40762710571289,30.23260498046875,132.77857971191406,144.6663360595703,52.23428726196289,48.57548904418945,63.98529052734375,1,1,1,1,1,1,1,1,1,1
IMG_3973_png_jpg.rf.a6df9f6ab62716c6082194636ab95251.jpg,train,95.746826171875,93.15751647949219,81.65742492675781,45.940895080566406,41.23168182373047,37.55893325805664,28.656829833984375,38.03857421875,96.56745910644531,12.61530590057373,28.773954391479492,46.07411575317383,1,1,1,1,1,1,1,1,1,1
IMG_3635_png_jpg.rf.a6e3d58c4927c1e66cbea46e7b508cb8.jpg,train,67.00260925292969,88.72407531738281,86.89451599121094,48.6736946105957,55.85375213623047,70.97818756103516,68.0013427734375,129.79327392578125,104.58262634277344,43.64330291748047,79.5401611328125,65.59305572509766,1,1,1,1,1,1,1,1,1,1
IMG_3902_png_jpg.rf.a669377a76733c360d78351ee06464db.jpg,train,140.343017578125,140.94418334960938,147.19398498535156,57.48414611816406,58.16786193847656,61.90556335449219,108.35334777832031,23.988494873046875,150.1126251220703,33.016990661621094,36.06338119506836,60.33652114868164,1,1,1,1,1,1,1,1,1,1
IMG_3785_png_jpg.rf.00206ea7f426dd262f56017dfbfb4b56.jpg,train,45.86456298828125,45.334686279296875,40.10139465332031,65.94593811035156,59.962764739990234,63.5135498046875,43.77775573730469,155.90771484375,61.09095764160156,45.462615966796875,95.6728515625,75.26940155029297,1,1,1,1,1,1,1,1,1,1
IMG_3024_png_jpg.rf.00d74c2a48426dbace23133eadc756d0.jpg,train,36.311859130859375,38.33512878417969,52.010284423828125,52.74237060546875,50.870182037353516,44.628604888916016,101.13893127441406,157.74212646484375,54.882781982421875,36.165584564208984,82.92646026611328,48.72805404663086,1,1,1,1,1,1,1,1,1,1
IMG_3029_png_jpg.rf.004bfd7646f037c9e557ef2dc54eb93a.jpg,train,111.442138671875,57.269073486328125,133.64710998535156,69.08506774902344,44.11408615112305,93.3583984375,94.50526428222656,147.34085083007812,138.57005310058594,62.452205657958984,55.4023551940918,89.5937728881836,1,1,1,1,1,1,1,1,1,1
IMG_3716_png_jpg.rf.001f5176fdfea9cd14ab91bf25c5c90d.jpg,train,89.00135803222656,76.53837585449219,63.32066345214844,72.7936019897461,64.01012420654297,69.57667541503906,49.66346740722656,153.1397705078125,103.018310546875,48.33639907836914,94.63030242919922,69.84033966064453,1,1,1,1,1,1,1,1,1,1
25_jpg.rf.001b0978f69e6f21a367317a6fe6129f.jpg,train,34.39710998535156,36.97856140136719,46.14720153808594,60.75784683227539,63.02206802368164,64.60346984863281,104.475830078125,140.32827758789062,49.29347229003906,34.45196533203125,75.28567504882812,69.375244140625,1,1,1,1,1,1,1,1,1,1
IMG_3888_png_jpg.rf.004c55114e9f053ca859d2360f984258.jpg,train,80.28958129882812,77.40065002441406,73.32707214355469,51.25628662109375,53.19134521484375,51.20770263671875,30.0692138671875,42.11677551269531,81.60269165039062,40.25963592529297,54.540645599365234,52.51570510864258,1,1,1,1,1,1,1,1,1,1
IMG_3012_png_jpg.rf.008fcd122eaa86f3590b6b347275b73e.jpg,train,69.274169921875,71.67031860351562,70.80735778808594,55.63374710083008,53.710960388183594,47.257606506347656,61.530364990234375,80.21403503417969,77.30874633789062,42.29039764404297,73.92180633544922,52.00899887084961,1,1,1,1,1,1,1,1,1,1
IMG_3668_png_jpg.rf.0127c34da38ad011875a84dd4bc03211.jpg,train,191.72470092773438,182.1077423095703,162.73553466796875,66.51093292236328,70.1777572631836,80.55974578857422,31.680938720703125,56.42915344238281,196.172607421875,33.01430892944336,59.06729507446289,63.82876968383789,1,1,1,1,1,1,1,1,1,1
IMG_3703_png_jpg.rf.01481e575d0c895b08fa1a472877a2eb.jpg,train,117.95046997070312,104.95329284667969,95.63404846191406,67.96604919433594,64.84599304199219,62.62360382080078,28.49298095703125,51.626708984375,118.74864196777344,36.89152145385742,43.33848571777344,68.55390930175781,1,1,1,1,1,1,1,1,1,1
IMG_2984_png_jpg.rf.012a5b2ef9d54ab62221565fcfbd3c7d.jpg,train,59.16963195800781,58.93470764160156,62.71771240234375,39.857181549072266,40.3541145324707,37.155616760253906,116.45608520507812,24.115936279296875,63.43766784667969,26.040691375732422,12.423108100891113,39.70859146118164,1,1,1,1,1,1,1,1,1,1
IMG_3599_png_jpg.rf.01188843fa9ff414e3ea8dc8432c8597.jpg,train,169.5453643798828,163.5728302001953,158.45643615722656,48.0005989074707,51.046607971191406,51.09452819824219,27.68023681640625,20.657455444335938,169.7969970703125,28.547040939331055,32.95978927612305,48.064998626708984,1,1,1,1,1,1,1,1,1,1
IMG_3660_png_jpg.rf.014f5ecb6a0e7bd3f2d62fd88c0cff2d.jpg,train,157.00306701660156,132.00668334960938,100.38258361816406,35.589195251464844,44.81855773925781,55.21577835083008,30.661895751953125,109.478515625,161.8892822265625,36.113128662109375,48.47700119018555,40.22385025024414,1,1,1,1,1,1,1,1,1,1
IMG_3885_png_jpg.rf.01abfdf0ccdcb546a80319d9b6b43fca.jpg,train,141.4381866455078,138.35223388671875,131.89739990234375,50.0289192199707,52.52577590942383,51.6335334777832,28.201095581054688,23.669586181640625,142.20993041992188,29.697465896606445,37.56119918823242,50.57456588745117,1,1,1,1,1,1,1,1,1,1
IMG_3775_png_jpg.rf.014aafefed56f050a6f440a5ad215bc4.jpg,train,150.55755615234375,138.74728393554688,132.1043701171875,66.15507507324219,65.03707122802734,62.77663040161133,16.691635131835938,35.79924011230469,150.95928955078125,29.63722038269043,22.998937606811523,66.46569061279297,1,1,1,1,1,1,1,1,1,1
IMG_3801_png_jpg.rf.018dd94cefd31919f1cae8fe8b5aa78a.jpg,train,84.77035522460938,82.08804321289062,66.96867370605469,64.9085464477539,63.52226638793945,61.373355865478516,28.046661376953125,86.13719177246094,86.45582580566406,18.449827194213867,61.3001823425293,64.94254302978516,1,1,1,1,1,1,1,1,1,1
IMG_3656_png_jpg.rf.01e75621de52cc81cd290a77a94c40f0.jpg,train,149.8577423095703,132.09005737304688,105.38453674316406,64.49815368652344,61.14462661743164,54.173805236816406,25.112884521484375,92.14683532714844,150.68215942382812,27.58244514465332,51.28059768676758,63.899688720703125,1,1,1,1,1,1,1,1,1,1
IMG_3601_png_jpg.rf.01816e999972b7ba89694afad596ff8a.jpg,train,129.18287658691406,128.55450439453125,120.23904418945312,62.240081787109375,61.823143005371094,61.35267639160156,28.69415283203125,37.01434326171875,129.72537231445312,14.044456481933594,60.80931091308594,62.220855712890625,1,1,1,1,1,1,1,1,1,1
IMG_3872_png_jpg.rf.01f1bf79ca0e24b331db402b507e354e.jpg,train,103.87506103515625,90.48432922363281,46.00080871582031,29.232118606567383,41.82528305053711,64.91653442382812,32.50181579589844,180.2064208984375,109.4835205078125,29.912914276123047,79.27326202392578,41.02000427246094,1,1,1,1,1,1,1,1,1,1
IMG_3716_png_jpg.rf.01ec0ef1f6d3e12361940392b6815907.jpg,train,107.6556396484375,97.95773315429688,86.14759826660156,72.99114990234375,67.27487182617188,70.37187194824219,50.31721496582031,128.31915283203125,121.46272277832031,49.85234832763672,92.30839538574219,67.32244873046875,1,1,1,1,1,1,1,1,1,1
IMG_3874_png_jpg.rf.018aabfdd292afdcdb2f4d8d46622ca4.jpg,train,102.93560791015625,93.59788513183594,69.05827331542969,31.3046817779541,40.27522277832031,49.712833404541016,31.71771240234375,108.92210388183594,107.37796020507812,32.64811325073242,42.298675537109375,41.428287506103516,1,1,1,1,1,1,1,1,1,1
4_jpg.rf.015c1c5f7c067c70cee074cac171eb74.jpg,train,162.0556182861328,147.36697387695312,142.5355224609375,101.51651000976562,93.90280151367188,90.43592071533203,18.38433837890625,30.638229370117188,162.953857421875,38.20122528076172,33.259647369384766,101.12993621826172,1,1,1,1,1,1,1,1,1,1
IMG_3731_png_jpg.rf.02c59d1db4dc80341d44ee00fe7c1dc9.jpg,train,137.62318420410156,133.9283905029297,125.28244018554688,54.78098678588867,54.044124603271484,53.75242614746094,24.5753173828125,30.743667602539062,137.93707275390625,14.92955207824707,44.83709716796875,54.89663314819336,1,1,1,1,1,1,1,1,1,1
IMG_3753_png_jpg.rf.02b9128d0f2c80f95ed65878eb69e010.jpg,train,78.33071899414062,75.46992492675781,65.36555480957031,63.65752029418945,62.84254455566406,59.508602142333984,26.036880493164062,68.21479797363281,78.9293212890625,24.604415893554688,78.76776885986328,63.92892837524414,1,1,1,1,1,1,1,1,1,1
IMG_3841_png_jpg.rf.0201ebb25b366f7ce17ecfef9c936d9e.jpg,train,134.7105255126953,129.52369689941406,119.15840148925781,60.783687591552734,61.2171516418457,60.01238250732422,22.514236450195312,44.87040710449219,134.96261596679688,13.640725135803223,54.87351989746094,61.016693115234375,1,1,1,1,1,1,1,1,1,1
30_jpg.rf.03148c0975952ca8c7b4bfdb566597e2.jpg,train,134.18673706054688,132.22039794921875,124.16920471191406,59.936012268066406,58.53212356567383,55.03356170654297,23.6998291015625,17.872055053710938,134.48483276367188,17.16107749938965,29.00970458984375,60.02008056640625,1,1,1,1,1,1,1,1,1,1
IMG_3761_png_jpg.rf.0318f7b08e816bb9484d633c99ebc9ad.jpg,train,37.28120422363281,34.53883361816406,30.26995849609375,59.977203369140625,57.98796463012695,54.683807373046875,19.057449340820312,71.839599609375,37.69154357910156,33.302642822265625,94.53176879882812,60.35065841674805,1,1,1,1,1,1,1,1,1,1
IMG_2979_png_jpg.rf.02ed560293297e89af568c20dfa4b3f4.jpg,train,85.90225219726562,65.8741455078125,50.39878845214844,42.25625228881836,54.81324768066406,54.4051628112793,19.098861694335938,148.65524291992188,89.08232116699219,29.915904998779297,75.18573760986328,48.71673583984375,1,1,1,1,1,1,1,1,1,1
IMG_3611_png_jpg.rf.025c3c47dfc10666a1ceffd526d23309.jpg,train,176.67880249023438,166.232421875,159.3147430419922,77.1915512084961,79.068359375,78.77399444580078,25.714752197265625,50.56544494628906,180.16188049316406,33.70509338378906,59.58546829223633,73.39967346191406,1,1,1,1,1,1,1,1,1,1
IMG_3654_png_jpg.rf.01fcf758104a3161e05e530d158ab5a3.jpg,train,201.57015991210938,186.64793395996094,170.8498992919922,56.7618293762207,57.34601974487305,54.09180450439453,26.838577270507812,43.729156494140625,202.288330078125,35.047054290771484,23.84007453918457,56.075172424316406,1,1,1,1,1,1,1,1,1,1
23_jpg.rf.0362beb331e0faf813f5b3a48db88d08.jpg,train,32.8836669921875,37.10575866699219,41.01832580566406,58.612632751464844,61.0693244934082,61.08872604370117,64.37776184082031,77.28668212890625,43.86541748046875,53.556209564208984,81.0726318359375,65.60282135009766,1,1,1,1,1,1,1,1,1,1
32_jpg.rf.034f560eb91179b3c347a9d62350c334.jpg,train,137.71226501464844,137.10047912597656,131.75314331054688,56.57281494140625,56.11280822753906,53.42841720581055,25.749053955078125,11.3653564453125,138.47479248046875,32.653717041015625,22.329273223876953,56.96863555908203,1,1,1,1,1,1,1,1,1,1
IMG_3786_png_jpg.rf.02e442a19561b9596824d16f19303496.jpg,train,76.024658203125,69.20767211914062,53.480712890625,64.14529418945312,63.94216537475586,60.86568832397461,35.15727233886719,129.6365203857422,80.32992553710938,43.66633224487305,74.12710571289062,67.53980255126953,1,1,1,1,1,1,1,1,1,1
IMG_3889_png_jpg.rf.0471817dde9e3dcb437461742cbbf597.jpg,train,98.36492919921875,100.13815307617188,90.41629028320312,62.537750244140625,65.7012939453125,64.108154296875,37.1121826171875,45.961181640625,101.01792907714844,26.04633331298828,55.05006408691406,65.16277313232422,1,1,1,1,1,1,1,1,1,1
IMG_3732_png_jpg.rf.0376c679382d02810d5bd77da1a7288d.jpg,train,153.6990966796875,150.69607543945312,141.93833923339844,68.25251770019531,68.32025146484375,68.63311767578125,25.986572265625,29.931671142578125,153.94981384277344,15.172446250915527,44.713417053222656,68.23609161376953,1,1,1,1,1,1,1,1,1,1
15_jpg.rf.03e4e3193b38f1f295e6d4fb0f30a26c.jpg,train,147.50552368164062,127.12556457519531,101.23289489746094,49.709293365478516,49.655975341796875,46.542633056640625,16.922149658203125,87.25718688964844,147.6772003173828,4.848294734954834,28.63982391357422,49.802146911621094,1,1,1,1,1,1,1,1,1,1
IMG_3561_png_jpg.rf.03ef0db242d0b8baed84fe04e9df76ef.jpg,train,112.81170654296875,108.90470886230469,95.54649353027344,78.88462829589844,73.85844421386719,65.33567810058594,34.207794189453125,28.15301513671875,113.69917297363281,33.10242462158203,40.316898345947266,78.77474975585938,1,1,1,1,1,1,1,1,1,1
IMG_3806_png_jpg.rf.03b160bf2682a5dea8348db79c0fa03d.jpg,train,58.42816162109375,55.58111572265625,51.34053039550781,54.50209045410156,52.837467193603516,50.68368148803711,22.769760131835938,39.79302978515625,59.00840759277344,28.907073974609375,34.69929504394531,55.127403259277344,1,1,1,1,1,1,1,1,1,1
IMG_3817_png_jpg.rf.0407dce81e9b90a80b7975fef96341a2.jpg,train,147.3390350341797,149.62794494628906,149.63499450683594,68.96064758300781,70.81982421875,75.72569274902344,72.180419921875,32.93939208984375,157.3993377685547,45.586326599121094,44.290618896484375,73.79322814941406,1,1,1,1,1,1,1,1,1,1
IMG_2988_png_jpg.rf.031a6cf398ae98752b05fda09734fe54.jpg,train,105.75140380859375,105.69142150878906,100.9376220703125,38.47804641723633,38.740779876708984,38.758384704589844,30.906463623046875,14.805496215820312,106.29318237304688,24.74639129638672,12.17575454711914,38.75642776489258,1,1,1,1,1,1,1,1,1,1
IMG_3880_png_jpg.rf.03f0afbd5b76801208510eb6e1ad372a.jpg,train,69.7459716796875,51.10142517089844,30.851043701171875,26.483156204223633,44.3126335144043,50.02914810180664,23.483200073242188,185.3584442138672,75.33523559570312,29.209802627563477,66.01156616210938,40.67386245727539,1,1,1,1,1,1,1,1,1,1
IMG_3783_png_jpg.rf.048c1109db4bf2482b65756e6b59b69c.jpg,train,101.76663208007812,103.6766357421875,87.22785949707031,64.034423828125,62.804664611816406,62.716270446777344,39.02842712402344,63.29522705078125,107.34165954589844,25.893587112426758,35.89645767211914,64.0668716430664,1,1,1,1,1,1,1,1,1,1
IMG_3799_png_jpg.rf.04d12ca93bcb9a74577f5ee8466eca65.jpg,train,109.66781616210938,102.22126770019531,89.3316650390625,70.62569427490234,68.2906723022461,66.56306457519531,23.15313720703125,56.95082092285156,110.61088562011719,19.98993682861328,29.528076171875,70.6632080078125,1,1,1,1,1,1,1,1,1,1
IMG_3899_png_jpg.rf.04946e4a1bdc2e27ccb2b5b36092df20.jpg,train,144.99859619140625,149.67788696289062,90.92715454101562,55.512210845947266,53.657142639160156,61.45710372924805,35.838043212890625,117.03504943847656,155.57594299316406,20.361953735351562,55.165103912353516,55.362281799316406,1,1,1,1,1,1,1,1,1,1
IMG_3669_png_jpg.rf.04acd5a3d1266e0802e83be6b9f96527.jpg,train,132.0189971923828,129.54075622558594,126.26908874511719,61.6311149597168,58.76914596557617,58.416351318359375,57.318756103515625,36.95526123046875,137.640625,41.53353500366211,43.60376739501953,61.458126068115234,1,1,1,1,1,1,1,1,1,1
IMG_2978_png_jpg.rf.04ca6f513f3500b3883abc71d113c217.jpg,train,12.077041625976562,12.555984497070312,13.92486572265625,47.44624328613281,49.36526870727539,47.15871810913086,43.41154479980469,82.94668579101562,15.101058959960938,56.6593132019043,115.6131591796875,50.84669494628906,1,1,1,1,1,1,1,1,1,1
IMG_3736_png_jpg.rf.0509c20c0ede28aff99deb7a7fcaf141.jpg,train,172.6679229736328,166.8289337158203,154.27159118652344,60.60210037231445,63.03895950317383,64.49501037597656,20.987823486328125,48.823822021484375,172.8489227294922,7.909756183624268,69.43745422363281,60.62276077270508,1,1,1,1,1,1,1,1,1,1
IMG_3590_png_jpg.rf.04c626b77513432b4198af35295aca57.jpg,train,54.5079345703125,36.20991516113281,27.76678466796875,54.07465744018555,53.09798812866211,48.630191802978516,11.089584350585938,162.3634033203125,54.73268127441406,17.95800018310547,47.96939468383789,54.63448715209961,1,1,1,1,1,1,1,1,1,1
IMG_3830_png_jpg.rf.0522be1eedbb525f4af0f3860e0c0c80.jpg,train,52.47880554199219,49.71966552734375,45.88972473144531,47.55125045776367,44.19570541381836,40.13143539428711,26.530960083007812,31.536697387695312,52.84672546386719,37.406959533691406,34.228248596191406,48.225486755371094,1,1,1,1,1,1,1,1,1,1
IMG_3858_png_jpg.rf.04793551de33582f05b72ec819fe60ab.jpg,train,121.02828979492188,95.86322021484375,73.91177368164062,55.07826232910156,52.475154876708984,54.6411247253418,29.853179931640625,115.04597473144531,122.15873718261719,42.5882453918457,43.32769775390625,56.60151290893555,1,1,1,1,1,1,1,1,1,1
IMG_3615_png_jpg.rf.0533ed39a70106d16becd2a6f035e62c.jpg,train,189.66592407226562,184.0969696044922,177.26841735839844,79.97663879394531,78.97856903076172,80.78700256347656,25.119461059570312,50.793609619140625,201.11634826660156,35.65632629394531,60.76655960083008,70.3698959350586,1,1,1,1,1,1,1,1,1,1
IMG_3010_png_jpg.rf.050e01d449663da2699e6dc6e263b9a4.jpg,train,63.22929382324219,62.02935791015625,61.34822082519531,50.82726287841797,49.27363967895508,44.95114517211914,51.458099365234375,59.12657165527344,67.56686401367188,48.20710754394531,50.61644744873047,49.40351867675781,1,1,1,1,1,1,1,1,1,1
14_jpg.rf.0587f210ac190e09bfa3400522184b70.jpg,train,139.9711151123047,105.991943359375,86.11647033691406,54.703182220458984,52.46053695678711,48.43179702758789,14.29083251953125,110.17391967773438,140.2877655029297,18.61650276184082,52.461143493652344,54.31840515136719,1,1,1,1,1,1,1,1,1,1
IMG_2991_png_jpg.rf.05593864c163e9f1b21886051f18e0c7.jpg,train,74.71058654785156,70.14828491210938,64.32722473144531,44.19563674926758,45.23349380493164,44.38936996459961,19.291473388671875,60.860504150390625,74.87779235839844,19.90215492248535,68.38499450683594,44.6692008972168,1,1,1,1,1,1,1,1,1,1
IMG_3766_png_jpg.rf.06380d229be9e99eed2203f3c80d1c61.jpg,train,83.778564453125,82.81146240234375,73.428955078125,63.21467971801758,62.61907196044922,59.64234161376953,28.613555908203125,56.686676025390625,84.52662658691406,19.78365135192871,67.73085021972656,63.290103912353516,1,1,1,1,1,1,1,1,1,1
IMG_3967_png_jpg.rf.05bfa1be64cc87a2a292a7ef12c715ab.jpg,train,121.6456298828125,108.67973327636719,98.00717163085938,49.95930480957031,49.96615982055664,50.50261306762695,29.711624145507812,60.28385925292969,122.47611999511719,41.53886032104492,38.7890510559082,50.433250427246094,1,1,1,1,1,1,1,1,1,1
IMG_3841_png_jpg.rf.05a912369ddfacd8e744540c2cbdc06d.jpg,train,155.4913787841797,152.69432067871094,139.72764587402344,59.52766799926758,60.59897232055664,59.73655319213867,26.742294311523438,32.73680114746094,155.86154174804688,12.305473327636719,29.722719192504883,59.78351974487305,1,1,1,1,1,1,1,1,1,1
IMG_3909_png_jpg.rf.05705b164907c8715391125af4206bed.jpg,train,103.16549682617188,90.11476135253906,78.70368957519531,60.05379104614258,59.56515121459961,59.66562271118164,21.810470581054688,85.30784606933594,103.46488952636719,23.076316833496094,77.94359588623047,60.28822708129883,1,1,1,1,1,1,1,1,1,1
IMG_3839_png_jpg.rf.05baee089db0a8183b8b498e9863687b.jpg,train,170.93316650390625,163.37451171875,142.95457458496094,57.65339660644531,55.06174087524414,55.74139404296875,41.39067077636719,46.071563720703125,172.7937469482422,45.78249740600586,40.67487335205078,57.220802307128906,1,1,1,1,0,1,1,1,1,1
IMG_3947_png_jpg.rf.05ddb3c59d9578ccd1c925eb300a82c8.jpg,train,119.05064392089844,91.38351440429688,84.14468383789062,52.331092834472656,59.80095672607422,57.29246139526367,18.232528686523438,91.03213500976562,119.8935546875,37.65904235839844,50.60702896118164,52.6129150390625,1,1,1,1,1,1,1,1,1,1
IMG_2988_png_jpg.rf.0613ec7dddb198a8d0fc2ca8999ea55a.jpg,train,34.75639343261719,34.71430969238281,31.156005859375,41.507266998291016,41.89130783081055,39.5291633605957,29.06304931640625,52.405242919921875,35.359344482421875,28.45001792907715,62.33509063720703,42.592735290527344,1,1,1,1,1,1,1,1,1,1
IMG_3932_png_jpg.rf.05b213f0b1e81704f51dcac3df21dd68.jpg,train,182.68019104003906,168.8094482421875,156.70285034179688,51.03779983520508,54.149478912353516,56.7945556640625,24.860107421875,42.27763366699219,183.948974609375,32.275997161865234,34.550140380859375,50.97905349731445,1,1,1,1,1,1,1,1,1,1
IMG_3846_png_jpg.rf.066bbf38b8d65a252de41785950c767f.jpg,train,80.70988464355469,78.10951232910156,67.24015808105469,69.05326080322266,67.87877655029297,62.116397857666016,23.03741455078125,66.423828125,81.02627563476562,12.426732063293457,68.58100128173828,69.45967864990234,1,1,1,1,1,1,1,1,1,1
IMG_3705_png_jpg.rf.0623657ff4bf0eb24cf3ae1dde1bbb20.jpg,train,56.16131591796875,43.80656433105469,40.088897705078125,54.28962326049805,45.22774124145508,41.80668258666992,30.4090576171875,58.3935546875,56.85597229003906,48.67205810546875,65.44847106933594,54.4595832824707,1,1,1,1,1,1,1,1,1,1
IMG_3733_png_jpg.rf.06d05a3cf1e6c21ecb068637016c89f1.jpg,train,170.48374938964844,166.95709228515625,161.27391052246094,65.81687927246094,66.2281494140625,66.3375473022461,22.270248413085938,18.068603515625,170.64166259765625,20.569469451904297,20.88597297668457,65.8636703491211,1,1,1,1,1,1,1,1,1,1
IMG_3598_png_jpg.rf.0657adb806d4663aea65617a68fc7d9a.jpg,train,103.97760009765625,87.57208251953125,75.62109375,77.64141845703125,84.05449676513672,86.29251098632812,14.72271728515625,118.45648193359375,104.25039672851562,11.008532524108887,72.12222290039062,77.90072631835938,1,1,1,1,1,1,1,1,1,1
IMG_3952_png_jpg.rf.069a6a05a1253deb8c9e93c6bd0e96e0.jpg,train,89.27325439453125,88.68653869628906,79.15388488769531,58.36771774291992,57.999996185302734,56.00881576538086,47.8184814453125,48.04119873046875,91.72596740722656,42.96356201171875,46.86977767944336,58.45148849487305,1,1,1,1,1,1,1,1,1,1
IMG_3827_png_jpg.rf.06b23706d34c084eb4ae84e9900ac7be.jpg,train,181.59703063964844,175.06761169433594,159.8993682861328,53.43883514404297,55.2236328125,56.846866607666016,29.548995971679688,38.7025146484375,183.6136016845703,27.846044540405273,25.66202735900879,53.81513595581055,1,1,1,1,1,1,1,1,1,1
IMG_3651_png_jpg.rf.06e4cd16ba99390d8969083bb663b9f3.jpg,train,121.35740661621094,95.10099792480469,72.26611328125,54.376434326171875,48.9150505065918,43.76032638549805,15.817123413085938,126.92304992675781,121.61564636230469,18.591615676879883,59.569820404052734,54.50827407836914,1,1,1,1,1,1,1,1,1,1
IMG_3825_png_jpg.rf.067e4e1e6a582bfca4814ca82461bea7.jpg,train,130.3397674560547,118.59178161621094,110.02175903320312,56.377010345458984,60.057640075683594,58.01971435546875,17.72564697265625,55.39727783203125,130.76333618164062,21.23729133605957,55.401268005371094,56.78575897216797,1,1,1,1,1,1,1,1,1,1
IMG_3811_png_jpg.rf.078368c59d904ab0752d104ef92fbc97.jpg,train,127.93202209472656,128.16610717773438,94.54039001464844,61.89761734008789,56.9046745300293,68.1676254272461,39.967376708984375,95.96946716308594,135.51593017578125,31.350383758544922,72.8201675415039,60.255428314208984,1,1,1,1,1,1,1,1,1,1
IMG_3685_png_jpg.rf.070728d7b8ad6dc4f5bb7109f6cf9a14.jpg,train,89.2933349609375,81.96888732910156,74.89813232421875,54.72956466674805,54.30141067504883,53.09085464477539,17.211868286132812,52.13462829589844,89.41239929199219,18.248735427856445,27.74895477294922,54.99027633666992,1,1,1,1,1,1,1,1,1,1
10_jpg.rf.0711d19aa7a9339dc19d68bf7332576c.jpg,train,160.98806762695312,150.6102752685547,147.11758422851562,50.65978240966797,65.98838806152344,66.19752502441406,37.148345947265625,41.45259094238281,161.76426696777344,50.86600112915039,76.47370910644531,51.134578704833984,1,1,1,1,1,1,1,1,1,1
29_jpg.rf.06b90cad7c08d2d197cf1fc18f11dd9c.jpg,train,91.91749572753906,93.83494567871094,94.47087097167969,67.85928344726562,68.38636016845703,68.06592559814453,77.53413391113281,20.188308715820312,96.508056640625,47.017120361328125,34.99718475341797,70.02845764160156,1,1,1,1,1,1,1,1,1,1
21_jpg.rf.08201f9fcc933e5c7b278250a326d215.jpg,train,40.386688232421875,43.56556701660156,50.84477233886719,63.521446228027344,66.0277099609375,68.3933334350586,61.2486572265625,76.79754638671875,54.32090759277344,56.65641403198242,88.54259490966797,73.01478576660156,1,1,1,1,1,1,1,1,1,1
IMG_3847_png_jpg.rf.07c654834c4bbd4a7f3c5a55292a8b1a.jpg,train,107.24490356445312,107.61647033691406,103.42510986328125,55.57011413574219,54.906131744384766,52.83740997314453,31.71746826171875,10.79998779296875,108.07489013671875,26.30409049987793,15.289559364318848,55.545265197753906,1,1,1,1,1,1,1,1,1,1
IMG_3735_png_jpg.rf.07a9178616d8fe7c37386b3221444432.jpg,train,145.83395385742188,135.75927734375,128.6905975341797,69.35587310791016,73.51802062988281,72.67593383789062,21.65185546875,73.05947875976562,146.0270538330078,37.41053771972656,95.44432067871094,69.42298126220703,1,1,1,1,1,1,1,1,1,1
IMG_3833_png_jpg.rf.0704948c7d2683f440de1d5cfce8d4ee.jpg,train,129.72164916992188,114.64518737792969,84.38980102539062,61.07158279418945,59.475547790527344,59.925193786621094,33.160247802734375,99.91224670410156,132.02882385253906,36.654972076416016,81.10452270507812,61.9117317199707,1,1,1,1,1,1,1,1,1,1
IMG_3659_png_jpg.rf.08355d23a7f9dffd58c60b1411804a6c.jpg,train,110.67546081542969,85.67158508300781,40.08367919921875,37.41925811767578,43.34190368652344,53.766780853271484,30.42108154296875,187.7706756591797,114.55656433105469,34.59072494506836,63.21718978881836,43.05327224731445,1,1,1,1,1,1,1,1,1,1
IMG_3007_png_jpg.rf.0800caac8e99ae0b0b40bfddbed22545.jpg,train,86.38395690917969,86.62852478027344,84.90879821777344,40.212646484375,40.366905212402344,40.52162170410156,40.59461975097656,9.055068969726562,87.22360229492188,45.09085464477539,10.075739860534668,41.000511169433594,1,1,1,1,1,1,1,1,1,1
IMG_3015_png_jpg.rf.08352af7d2d827344fbcd9fb9eb07db0.jpg,train,96.12274169921875,96.12191772460938,95.45933532714844,37.114444732666016,37.149593353271484,36.10303497314453,41.45283508300781,5.3264312744140625,96.92620849609375,49.557769775390625,7.546209335327148,37.42634201049805,1,1,1,1,1,1,1,1,1,1
23_jpg.rf.07855666e3f148085d039adc2fb541fd.jpg,train,22.63751220703125,23.126724243164062,25.799972534179688,48.92726516723633,50.919612884521484,51.11565399169922,47.380950927734375,48.16961669921875,27.56787109375,58.585609436035156,74.39130401611328,54.51728439331055,1,1,1,1,1,1,1,1,1,1
IMG_3566_png_jpg.rf.07d6eaa8a38651bd0392a839b80b54cb.jpg,train,142.829345703125,142.42691040039062,141.8665313720703,71.3228530883789,69.89659118652344,68.1887435913086,73.12649536132812,18.412612915039062,147.9385528564453,48.107513427734375,23.896469116210938,71.56782531738281,1,1,1,1,1,1,1,1,1,1
32_jpg.rf.08d47d3317b3e49bf1908f6e74aa06ec.jpg,train,58.952239990234375,58.13128662109375,53.29119873046875,49.703369140625,48.76356887817383,44.62574768066406,18.1749267578125,21.722183227539062,59.64198303222656,25.316539764404297,40.89404296875,50.528053283691406,1,1,1,1,1,1,1,1,1,1
IMG_3691_png_jpg.rf.0896c511a5fbf1c1cd7a6bdd0062b45d.jpg,train,160.87498474121094,153.1193389892578,146.32313537597656,54.703853607177734,53.03145217895508,53.242366790771484,21.49395751953125,27.0369873046875,161.1786651611328,23.638212203979492,32.32770538330078,54.775020599365234,1,1,1,1,1,1,1,1,1,1
IMG_3669_png_jpg.rf.092ed3b6b19cfbe3fc27f730f9851ba4.jpg,train,107.81809997558594,105.51141357421875,101.91075134277344,65.57383728027344,61.93226623535156,60.67393493652344,58.96575927734375,45.20195007324219,113.19853210449219,41.137813568115234,52.34206008911133,66.42461395263672,1,1,1,1,1,1,1,1,1,1
30_jpg.rf.08cd9250cdac29cf929983e82f8455c9.jpg,train,109.39158630371094,107.7572021484375,95.14271545410156,61.64802551269531,60.74967956542969,54.599876403808594,28.058197021484375,35.11463928222656,110.59701538085938,17.81790542602539,34.740478515625,62.18698501586914,1,1,1,1,1,1,1,1,1,1
IMG_3853_png_jpg.rf.085941ed4238d2a3f3d8e0e0d610de4c.jpg,train,105.16349792480469,100.80996704101562,95.91062927246094,68.7018814086914,64.90219116210938,63.10283660888672,22.501449584960938,24.890869140625,105.44302368164062,16.293476104736328,24.588937759399414,68.91860961914062,1,1,1,1,1,1,1,1,1,1
IMG_3736_png_jpg.rf.09666c44a863db7611fc6a73e3db8ca5.jpg,train,160.5599822998047,156.46261596679688,143.51686096191406,62.11298370361328,63.53145980834961,63.17096710205078,23.281173706054688,51.20671081542969,160.8171844482422,8.667826652526855,71.45220184326172,62.147483825683594,1,1,1,1,1,1,1,1,1,1
IMG_3631_png_jpg.rf.09670fb2db746fe8493e953aa5453e03.jpg,train,130.19427490234375,151.7426300048828,149.84449768066406,56.12086868286133,59.00288009643555,69.24152374267578,69.67341613769531,73.79002380371094,166.70262145996094,41.83045959472656,46.20768356323242,65.94261169433594,1,1,1,1,1,1,1,1,1,1
IMG_3935_png_jpg.rf.095ee127d03fc48838d34e3f10340e41.jpg,train,130.80032348632812,116.88626098632812,102.38874816894531,58.0224494934082,62.06932830810547,64.99203491210938,28.297714233398438,77.15097045898438,132.66404724121094,36.297855377197266,71.55836486816406,58.225860595703125,1,1,1,1,1,1,1,1,1,1
IMG_3581_png_jpg.rf.09e9673e5c3e9bdc0a1dcc87ad4cfa1c.jpg,train,144.46368408203125,127.88764953613281,117.94485473632812,49.59187698364258,48.021488189697266,47.905391693115234,14.900955200195312,56.16108703613281,145.191162109375,21.63906478881836,37.91249084472656,49.92932891845703,1,1,1,1,1,1,1,1,1,1
IMG_3943_png_jpg.rf.0a442444d04bee5532e036d16ca777d4.jpg,train,108.9718017578125,73.96310424804688,75.10404968261719,46.995609283447266,60.63874053955078,60.07365798950195,108.45732116699219,120.8231201171875,110.18800354003906,77.1868896484375,81.47563171386719,48.6207389831543,1,1,1,1,1,1,1,1,1,1
IMG_3612_png_jpg.rf.09f526c9f672ce0820092cc8e8ff700e.jpg,train,189.31919860839844,184.7539520263672,179.93173217773438,75.09842681884766,74.87153625488281,75.6811752319336,23.507171630859375,33.9127197265625,195.57318115234375,36.14640808105469,44.746822357177734,69.12313079833984,1,1,1,1,1,1,1,1,1,1
IMG_3026_png_jpg.rf.0a274c3728ba964254a1b6023b395f5c.jpg,train,151.94973754882812,71.09330749511719,161.9281463623047,64.65361022949219,42.52703857421875,79.04220581054688,114.88821411132812,145.1162872314453,167.07899475097656,54.551353454589844,52.53267288208008,73.36073303222656,1,1,1,1,1,1,1,1,1,1
IMG_2998_png_jpg.rf.09d195504473d9f3d8f4717bd46f187b.jpg,train,46.61952209472656,52.0989990234375,59.464935302734375,44.70518112182617,45.1269645690918,43.682098388671875,96.81765747070312,71.24018859863281,60.18888854980469,32.58096694946289,46.03926467895508,45.850181579589844,1,1,1,1,1,1,1,1,1,1
IMG_3758_png_jpg.rf.0a3a89c29e1205b88f543c6397de2ef6.jpg,train,125.50834655761719,122.47174072265625,114.28897094726562,71.83614349365234,70.62610626220703,70.42876434326172,28.202255249023438,29.154388427734375,126.04307556152344,28.049659729003906,19.16087532043457,71.63929748535156,1,1,1,1,1,1,1,1,1,1
32_jpg.rf.0a20011711bf5087f2e75eedebc72d70.jpg,train,105.1671142578125,104.81121826171875,99.25321960449219,58.12276840209961,57.5125617980957,54.45352554321289,22.613235473632812,14.734405517578125,105.81437683105469,24.103729248046875,31.57933235168457,58.444129943847656,1,1,1,1,1,1,1,1,1,1
IMG_3742_png_jpg.rf.0a4b0247cbc1f3cb09a9ad7a4edf3844.jpg,train,135.5487060546875,133.5643768310547,140.49603271484375,66.52410125732422,61.150115966796875,56.013648986816406,71.07371520996094,63.7646484375,156.3583221435547,47.19789123535156,42.69179153442383,58.63032913208008,1,1,1,1,1,1,1,1,1,1
32_jpg.rf.0a9750a23360ce459f297e1be811b75c.jpg,train,115.44960021972656,115.20289611816406,109.10853576660156,60.80783462524414,60.31818389892578,56.42308044433594,22.879638671875,12.347396850585938,116.18231201171875,24.689786911010742,25.812297821044922,61.238006591796875,1,1,1,1,1,1,1,1,1,1
IMG_3763_png_jpg.rf.0ad96e34bebff939fd6b84584b10ee5d.jpg,train,57.61878967285156,51.544219970703125,23.873870849609375,53.769649505615234,51.02468490600586,44.03968811035156,29.234024047851562,175.23159790039062,59.06817626953125,33.96281433105469,88.90227508544922,54.64018249511719,1,1,1,1,1,1,1,1,1,1
IMG_3792_png_jpg.rf.0a628264d7d48a465a5c8dadafc6e7d9.jpg,train,151.06475830078125,149.28775024414062,140.90289306640625,60.33185577392578,57.90829086303711,55.396827697753906,31.829055786132812,18.09564208984375,151.87403869628906,16.535348892211914,17.213783264160156,60.37811279296875,1,1,1,1,1,1,1,1,1,1
IMG_3710_png_jpg.rf.0a4ee135eac0ce54c77addc108c4f2ae.jpg,train,86.41513061523438,77.16709899902344,59.7186279296875,70.8875732421875,65.11321258544922,64.71001434326172,42.48399353027344,148.4696807861328,96.01324462890625,41.1751708984375,90.27008819580078,66.6601791381836,1,1,1,1,1,1,1,1,1,1
IMG_2988_png_jpg.rf.0b3f50e33c1fbd5ca4da2c3d91d61e08.jpg,train,48.429931640625,48.138641357421875,43.616485595703125,44.646026611328125,45.01179504394531,43.40843963623047,28.131729125976562,48.80107116699219,48.897064208984375,28.647077560424805,63.162254333496094,45.47471618652344,1,1,1,1,1,1,1,1,1,1
IMG_3780_png_jpg.rf.0b17ba3a946089946280eb176b982537.jpg,train,67.42948913574219,62.130157470703125,48.48826599121094,66.43878173828125,58.956459045410156,56.275718688964844,31.415252685546875,109.57518005371094,70.31660461425781,24.562686920166016,53.066593170166016,66.4885482788086,1,1,1,1,1,1,1,1,1,1
IMG_3661_png_jpg.rf.0b34c86db1aaa2b4a8811ef66cb2ca69.jpg,train,164.80770874023438,130.5712890625,60.810882568359375,33.31977844238281,42.940765380859375,64.76130676269531,29.93572998046875,175.81329345703125,168.57025146484375,32.24580764770508,68.61337280273438,37.59376525878906,1,1,1,1,1,1,1,1,1,1
IMG_3646_png_jpg.rf.0a7b7492a8b24d90a40562cc5c4aa4b0.jpg,train,120.33270263671875,61.78327941894531,46.53062438964844,69.22160339355469,62.087921142578125,55.872467041015625,20.847213745117188,166.98312377929688,121.03012084960938,35.841453552246094,88.70330810546875,69.40139770507812,1,1,1,1,1,1,1,1,1,1
IMG_2986_png_jpg.rf.0a1b5d3a271b0899cc564b81d76bdbcd.jpg,train,33.662017822265625,35.47496032714844,38.06065368652344,38.35499572753906,38.062992095947266,36.52667236328125,82.30543518066406,40.10145568847656,38.822265625,48.533660888671875,50.08629608154297,39.224342346191406,1,1,1,1,1,1,1,1,1,1
IMG_3845_png_jpg.rf.0b7d17c237bef5270215aecf36f56739.jpg,train,56.334625244140625,49.60624694824219,45.1405029296875,62.594905853271484,57.866371154785156,53.6788444519043,11.80389404296875,58.56781005859375,56.598541259765625,24.315309524536133,74.34346008300781,62.987361907958984,1,1,1,1,1,1,1,1,1,1
10_jpg.rf.0b66462dc2e404ae551fa0e2ca4cfee5.jpg,train,161.99517822265625,154.7454376220703,153.06344604492188,69.17955780029297,76.34981536865234,75.53209686279297,33.540679931640625,26.612548828125,162.28123474121094,54.311012268066406,56.650634765625,69.36980438232422,1,1,1,1,1,1,1,1,1,1
IMG_3881_png_jpg.rf.0b8f7b296b4634376b4ee3eeb531ac24.jpg,train,164.719970703125,167.3247528076172,143.296142578125,63.8885498046875,61.093849182128906,68.94793701171875,42.8841552734375,52.019012451171875,171.1412353515625,28.91050910949707,42.796199798583984,61.837642669677734,1,1,1,1,1,1,1,1,1,1
IMG_3699_png_jpg.rf.0bd9283a91f1fa2d54320004df5ec424.jpg,train,118.1422119140625,105.77375793457031,85.75177001953125,83.12608337402344,76.01844024658203,67.94442749023438,33.71611022949219,86.31993103027344,122.26979064941406,36.801300048828125,68.16553497314453,86.0818862915039,1,1,1,1,1,1,1,1,1,1
IMG_3609_png_jpg.rf.0c02763137918d8066791a6853d0faf4.jpg,train,112.41458129882812,113.97976684570312,104.04629516601562,37.48649215698242,36.78797149658203,35.30816650390625,35.197479248046875,23.703872680664062,114.30574035644531,11.559268951416016,23.92578125,37.447845458984375,1,1,1,1,1,1,1,1,1,1
IMG_3658_png_jpg.rf.0be815cd1c482981eee580f4ed706d68.jpg,train,174.99546813964844,132.28057861328125,99.10653686523438,39.62363052368164,50.53064727783203,59.96521759033203,26.35089111328125,127.197021484375,181.07778930664062,36.430137634277344,47.9338493347168,43.95722961425781,1,1,1,1,1,1,1,1,1,1
IMG_3740_png_jpg.rf.0c0774574de48dcf445ab2c8f42ef59f.jpg,train,189.2472686767578,186.269287109375,174.23922729492188,66.79131317138672,69.4421157836914,70.5822525024414,23.852294921875,33.6380615234375,189.56039428710938,12.207720756530762,43.690914154052734,66.86277770996094,1,1,1,1,1,1,1,1,1,1
32_jpg.rf.0c212442e1ca00df7b92c702b2674c2a.jpg,train,121.88433837890625,120.68330383300781,115.09820556640625,59.6528434753418,58.57783508300781,55.52754211425781,24.847640991210938,14.091049194335938,122.66156005859375,33.18745040893555,26.476736068725586,60.148475646972656,1,1,1,1,1,1,1,1,1,1
IMG_3559_png_jpg.rf.0becaf66aa9ad122a9ee01079cdab56e.jpg,train,99.06291198730469,98.88114929199219,94.20489501953125,71.39488983154297,70.90254974365234,68.65913391113281,42.06748962402344,24.323379516601562,100.42890930175781,37.43399429321289,36.84867477416992,72.21119689941406,1,1,1,1,1,1,1,1,1,1
IMG_3558_png_jpg.rf.0c0e3d06a35c35ee8b7d6c8fbef57c71.jpg,train,58.62062072753906,53.3140869140625,43.38914489746094,69.50858306884766,62.85525131225586,56.11794662475586,29.598846435546875,48.417755126953125,59.6812744140625,36.80370330810547,60.04984664916992,69.86783599853516,1,1,1,1,1,1,1,1,1,1
IMG_3962_png_jpg.rf.0be32bac070dc8230d65502c1803426e.jpg,train,124.7740478515625,116.57090759277344,98.93292236328125,50.5305290222168,52.46572494506836,58.64696502685547,30.21307373046875,73.80107116699219,125.56419372558594,31.634489059448242,55.22014236450195,51.76462936401367,1,1,1,1,1,1,1,1,1,1
IMG_2984_png_jpg.rf.0cec9002030bbac3f018b2a9b60be789.jpg,train,19.621170043945312,20.288467407226562,27.061660766601562,40.03701400756836,41.27223587036133,37.836246490478516,89.9715576171875,93.48965454101562,28.00262451171875,50.4471549987793,70.6395034790039,41.16800308227539,1,1,1,1,1,1,1,1,1,1
9_jpg.rf.0cc3f5f29d681c14c9f5b20e154eb31d.jpg,train,81.53639221191406,66.94346618652344,58.22990417480469,51.213436126708984,46.549076080322266,47.944278717041016,23.96466064453125,79.2799072265625,83.29743957519531,32.480716705322266,58.663414001464844,54.118465423583984,1,1,1,1,1,1,1,1,1,1
IMG_3973_png_jpg.rf.0c6d8c5fa36b2278544309b8ee3391c2.jpg,train,91.19340515136719,90.38534545898438,75.79063415527344,46.963623046875,42.53200149536133,36.511051177978516,32.927520751953125,43.568756103515625,92.981689453125,12.501375198364258,29.1845703125,46.88725280761719,1,1,1,1,1,1,1,1,1,1
IMG_3571_png_jpg.rf.0cfe183a57915560b345e1866893aaf8.jpg,train,134.53472900390625,137.8525390625,128.8240203857422,91.53748321533203,86.43731689453125,80.5788803100586,54.43022155761719,45.548828125,142.42840576171875,38.36347579956055,52.36264419555664,87.42247009277344,1,1,1,1,1,1,1,1,1,1
IMG_3662_png_jpg.rf.0d1ec398b05a04519652ff8844dbe76f.jpg,train,162.85964965820312,128.60836791992188,87.94874572753906,36.800113677978516,47.80379104614258,60.19600296020508,28.092880249023438,135.6312255859375,168.4764862060547,34.42080307006836,51.22829818725586,42.27547073364258,1,1,1,1,1,1,1,1,1,1
IMG_3831_png_jpg.rf.0c3c08c07907cda66574428c18a05359.jpg,train,64.27809143066406,62.08689880371094,59.59233093261719,55.212982177734375,51.29545974731445,47.785404205322266,46.16972351074219,18.06103515625,65.76554870605469,54.539588928222656,34.49873733520508,55.946041107177734,1,1,1,1,1,1,1,1,1,1
IMG_3605_png_jpg.rf.0cc249dec09e632c03ce0224e0050998.jpg,train,126.12016296386719,124.77207946777344,113.98031616210938,47.48794937133789,46.81358337402344,47.03664779663086,27.923858642578125,36.8363037109375,126.79798889160156,15.028733253479004,46.0965576171875,47.506099700927734,1,1,1,1,1,1,1,1,1,1
IMG_3658_png_jpg.rf.0d5bd3c9a24c5e67bef8e21093363a2b.jpg,train,141.51861572265625,112.91348266601562,76.32904052734375,40.113624572753906,50.792598724365234,62.47865676879883,28.49578857421875,146.48104858398438,148.63584899902344,33.75666046142578,58.34354782104492,48.12461853027344,1,1,1,1,1,1,1,1,1,1
25_jpg.rf.0e34222fc44557925c704520583ecabf.jpg,train,65.21163940429688,67.82366943359375,76.66891479492188,61.83567428588867,63.535518646240234,64.08778381347656,109.58761596679688,52.548004150390625,78.61228942871094,27.861339569091797,21.057838439941406,66.97046661376953,1,1,1,1,1,1,1,1,1,1
IMG_3562_png_jpg.rf.0def9b49c6e8bd3c3ec68ef8aa1d1dbb.jpg,train,130.4754638671875,123.76718139648438,108.572265625,67.18643951416016,59.266258239746094,55.59666442871094,43.09831237792969,34.29931640625,132.53271484375,41.782806396484375,53.574913024902344,67.20267486572266,1,1,1,1,1,1,1,1,1,1
IMG_3880_png_jpg.rf.0e1765c4e082dc8ab393268a13216496.jpg,train,86.36895751953125,76.60894775390625,37.18141174316406,27.04954719543457,38.135921478271484,53.90456008911133,31.2762451171875,180.33380126953125,91.56072998046875,27.74590301513672,69.25424194335938,39.356407165527344,1,1,1,1,1,1,1,1,1,1
IMG_3852_png_jpg.rf.0d37aecd27514628f9dabf77e5eab14f.jpg,train,105.65914916992188,103.86917114257812,95.96737670898438,65.22288513183594,63.39279556274414,60.89348602294922,29.632232666015625,27.312850952148438,106.23379516601562,11.809311866760254,23.199384689331055,65.4099349975586,1,1,1,1,1,1,1,1,1,1
IMG_3789_png_jpg.rf.0c5d468e4a5798ef5eeaf5d32462e2f1.jpg,train,86.94599914550781,81.89114379882812,63.45404052734375,72.30192565917969,65.99510955810547,61.46516799926758,30.326446533203125,92.32218933105469,89.59231567382812,20.409841537475586,54.65171813964844,72.45501708984375,1,1,1,1,1,1,1,1,1,1
IMG_3673_png_jpg.rf.0c3393605f71532eb96ee80406b009f6.jpg,train,97.53720092773438,95.81373596191406,89.15841674804688,71.1561050415039,68.07258605957031,63.612388610839844,68.34841918945312,49.515380859375,101.88504028320312,42.444427490234375,57.180572509765625,72.28736877441406,1,1,1,1,1,1,1,1,1,1
IMG_3611_png_jpg.rf.0de8ad07bea30f448e1d1c7a266e9e35.jpg,train,188.29556274414062,172.86026000976562,165.18301391601562,73.8425064086914,76.07241821289062,77.68550109863281,24.984725952148438,58.29142761230469,193.28256225585938,37.89496612548828,65.02147674560547,68.22992706298828,1,1,1,1,1,1,1,1,1,1
IMG_3609_png_jpg.rf.0d6346c1593afef16db186af2d138ce4.jpg,train,157.12303161621094,158.5515899658203,151.494873046875,36.566566467285156,36.36192321777344,35.48783493041992,36.13838195800781,11.945556640625,158.65286254882812,9.300408363342285,11.013611793518066,36.489051818847656,1,1,1,1,1,1,1,1,1,1
IMG_3688_png_jpg.rf.0e79332d3307bcc2cda9c806788e9cbc.jpg,train,149.83274841308594,143.17665100097656,137.3219757080078,58.72218704223633,59.940860748291016,60.08338165283203,18.857345581054688,31.392807006835938,150.11093139648438,23.15157699584961,38.815330505371094,58.810115814208984,1,1,1,1,1,1,1,1,1,1
IMG_3772_png_jpg.rf.0d5c04f87374e48b8366716d1bffaeb7.jpg,train,135.52049255371094,127.98849487304688,115.63059997558594,62.7961540222168,63.84959030151367,60.109840393066406,20.203659057617188,47.06700134277344,136.3303985595703,16.69693374633789,40.57111358642578,63.5722770690918,1,1,1,1,1,1,1,1,1,1
IMG_3621_png_jpg.rf.0ca9d042b38708c0435dc03fa80fa67d.jpg,train,136.9037322998047,130.49819946289062,117.97283935546875,79.74750518798828,80.69557189941406,79.73546600341797,23.7874755859375,51.00651550292969,137.539306640625,22.252681732177734,43.38242721557617,79.9254379272461,1,1,1,1,1,1,1,1,1,1
IMG_3723_png_jpg.rf.0e7aea08755800fafeeed708d5d6c293.jpg,train,21.756805419921875,19.569549560546875,16.454818725585938,52.3822021484375,49.07656478881836,44.129676818847656,8.655807495117188,28.113693237304688,21.962356567382812,25.93137550354004,66.40754699707031,52.81452560424805,1,1,1,1,1,1,1,1,1,1
IMG_3967_png_jpg.rf.0d93bcb9b9fe7e7f2c3e9c74589272de.jpg,train,145.11866760253906,137.3582305908203,127.88400268554688,44.394893646240234,46.00044631958008,46.12649154663086,30.544586181640625,36.62370300292969,145.70652770996094,36.957664489746094,29.790550231933594,44.43695831298828,1,1,1,1,1,1,1,1,1,1
IMG_3700_png_jpg.rf.0e8f9e8e689ab9112dd9b5d1ec98d941.jpg,train,109.6243896484375,98.93655395507812,80.91502380371094,79.37892150878906,73.15736389160156,66.33354949951172,37.83544921875,82.68772888183594,113.99874877929688,38.977088928222656,69.25543975830078,82.55879974365234,1,1,1,1,1,1,1,1,1,1
IMG_3785_png_jpg.rf.0c42f80153965d4280adb6ed1727140c.jpg,train,67.84007263183594,66.10366821289062,58.78825378417969,69.31468200683594,66.29947662353516,69.01519775390625,43.1925048828125,138.49928283691406,81.06793212890625,43.34611129760742,73.52775573730469,76.2645492553711,1,1,1,1,1,1,1,1,1,1
IMG_3808_png_jpg.rf.0c82feaccf26bbf58f252dfb7a9dcae1.jpg,train,54.74577331542969,47.3428955078125,43.21531677246094,57.89836120605469,54.68992233276367,52.293853759765625,17.045608520507812,85.04153442382812,55.25184631347656,31.46225929260254,74.2826919555664,58.1897087097168,1,1,1,1,1,1,1,1,1,1
IMG_3765_png_jpg.rf.0e9b4a294355488d5d033bf37ddcc4f7.jpg,train,102.89973449707031,96.40446472167969,84.77223205566406,67.0069580078125,62.81002426147461,60.02177810668945,24.354690551757812,60.81694030761719,103.52241516113281,15.317408561706543,57.43351364135742,67.29239654541016,1,1,1,1,1,1,1,1,1,1
IMG_3830_png_jpg.rf.0e6f99dc8ae7265821af54690fbb65bd.jpg,train,65.0523681640625,64.47166442871094,60.91157531738281,48.54288864135742,47.80005645751953,43.660430908203125,24.615890502929688,15.3359375,65.3880615234375,21.569610595703125,19.948625564575195,49.0569953918457,1,1,1,1,1,1,1,1,1,1
10_jpg.rf.0e95e185fd7bb45ab61df8562d3260ba.jpg,train,181.641357421875,173.57952880859375,171.86862182617188,59.49148941040039,70.96124267578125,70.11638641357422,38.69874572753906,28.300857543945312,182.02027893066406,57.27370071411133,53.413482666015625,59.711875915527344,1,1,1,1,1,1,1,1,1,1
IMG_3708_png_jpg.rf.0ee2fb3ec2d70a29ad2f254bda02ef80.jpg,train,103.05535888671875,94.60963439941406,88.23240661621094,69.70053100585938,56.689064025878906,51.97307205200195,64.00605773925781,64.79933166503906,110.26962280273438,45.932342529296875,62.72347640991211,67.69564819335938,1,1,1,1,1,1,1,1,1,1
IMG_3950_png_jpg.rf.0eb40fd761d49ca30c64a9e790f3f1f8.jpg,train,108.64268493652344,85.71127319335938,74.82484436035156,54.70275115966797,62.655616760253906,64.19189453125,23.481246948242188,112.27195739746094,109.66659545898438,40.67741775512695,68.71544647216797,56.21488571166992,1,1,1,1,1,1,1,1,1,1
IMG_2997_png_jpg.rf.0ec51fe3be8ca5465bc3b8a5b9560b07.jpg,train,115.03802490234375,121.73429870605469,126.98513793945312,49.07505416870117,50.58370590209961,52.89897918701172,97.09706115722656,29.836227416992188,128.658203125,23.646121978759766,24.927236557006836,53.41627502441406,1,1,1,1,1,1,1,1,1,1
IMG_3006_png_jpg.rf.0fcf52b2f0274adaa3cce3fb0969fa3b.jpg,train,39.06353759765625,38.03717041015625,36.11729431152344,48.63206481933594,48.858604431152344,47.96269226074219,41.88836669921875,59.82530212402344,40.07362365722656,48.455692291259766,69.14842987060547,50.180789947509766,1,1,1,1,1,1,1,1,1,1
IMG_3662_png_jpg.rf.0ef499cba63d093cc0b7e76dddf10667.jpg,train,107.22212219238281,61.62251281738281,41.22808837890625,37.58244705200195,53.59830856323242,58.03229904174805,28.373382568359375,191.80145263671875,113.92257690429688,46.463531494140625,67.2880859375,45.724735260009766,1,1,1,1,1,1,1,1,1,1
31_jpg.rf.1043b53b1e740a65a0315aa9c58ba557.jpg,train,101.91595458984375,102.73548889160156,95.32745361328125,57.884517669677734,58.569557189941406,54.12479019165039,27.753128051757812,20.025634765625,103.49543762207031,29.057722091674805,38.8594970703125,59.16947555541992,1,1,1,1,1,1,1,1,1,1
IMG_3942_png_jpg.rf.0fd85064471310983e53695d346d274b.jpg,train,132.87535095214844,123.54295349121094,116.06253051757812,66.2835922241211,63.24809265136719,69.0986328125,42.96044921875,59.83140563964844,135.78236389160156,47.80669403076172,74.35536193847656,67.30469512939453,1,1,1,1,1,1,1,1,1,1
IMG_3806_png_jpg.rf.104e4843d38c7e132bd308e4c032dd82.jpg,train,52.5181884765625,48.89935302734375,45.638885498046875,53.27475357055664,51.38624572753906,49.79538345336914,19.904037475585938,47.08583068847656,53.012603759765625,31.06973648071289,46.96613693237305,53.91484832763672,1,1,1,1,1,1,1,1,1,1
IMG_3801_png_jpg.rf.1078b7540c6667789ffddc1c9aea78ea.jpg,train,89.23991394042969,83.39163208007812,69.19258117675781,64.80538940429688,62.801475524902344,61.330322265625,24.095504760742188,84.61549377441406,90.39347839355469,17.726707458496094,56.35593032836914,64.97918701171875,1,1,1,1,1,1,1,1,1,1
IMG_3571_png_jpg.rf.0f4122421d876c4321e0ec68e80449fe.jpg,train,177.3433074951172,185.4290313720703,179.1855926513672,75.86095428466797,70.7072982788086,72.41725158691406,51.26142883300781,26.648345947265625,187.9366455078125,40.631839752197266,39.57810974121094,70.53517150878906,1,1,1,1,1,1,1,1,1,1
IMG_3627_png_jpg.rf.105da243662045bf719168a2af1d3f38.jpg,train,173.50511169433594,154.42991638183594,123.86424255371094,53.48128128051758,50.9171028137207,51.15386199951172,33.126739501953125,79.63629150390625,176.882568359375,34.212493896484375,40.0225944519043,53.533058166503906,1,1,1,1,1,1,1,1,1,1
IMG_3733_png_jpg.rf.1060f33384f2e130b2892e723c4c3a92.jpg,train,129.20120239257812,128.83596801757812,120.46305847167969,65.65042877197266,65.63169860839844,64.58490753173828,30.448867797851562,29.56915283203125,129.99649047851562,13.543742179870605,41.25835418701172,65.8177261352539,1,1,1,1,1,1,1,1,1,1
IMG_3894_png_jpg.rf.0fd7cb70329d61150645d2454541e659.jpg,train,158.4615020751953,168.3443145751953,112.24880981445312,49.384098052978516,42.59639358520508,53.450069427490234,36.4869384765625,95.34333801269531,172.9053497314453,15.887385368347168,40.66218948364258,45.12427520751953,1,1,1,1,1,1,1,1,1,1
IMG_3688_png_jpg.rf.1052d12c5af5410507735d1bc27637d3.jpg,train,179.61314392089844,177.3897247314453,165.42303466796875,51.59335708618164,53.11968231201172,56.2467041015625,27.837890625,27.128189086914062,180.47874450683594,13.105056762695312,31.933271408081055,51.111568450927734,1,1,1,1,1,1,1,1,1,1
IMG_3750_png_jpg.rf.10e71e23dcbbdfefd69018edacc47ac4.jpg,train,115.88211059570312,92.54605102539062,74.80113220214844,66.11216735839844,76.21247863769531,74.50261688232422,24.675155639648438,139.90655517578125,116.15998840332031,37.598602294921875,95.64451599121094,66.36902618408203,1,1,1,1,1,1,1,1,1,1
IMG_3844_png_jpg.rf.11319bcfff4a7b3ff189911e745084f6.jpg,train,83.57321166992188,81.85633850097656,70.27214050292969,56.19214630126953,56.96669387817383,53.864715576171875,27.289505004882812,70.007080078125,84.26206970214844,15.3960542678833,66.7852554321289,56.79435348510742,1,1,1,1,1,1,1,1,1,1
IMG_3001_png_jpg.rf.11617d084ed592a271924ee7d142ea34.jpg,train,38.14384460449219,41.48768615722656,54.726043701171875,42.730892181396484,43.3044319152832,40.44432067871094,111.1280517578125,103.31816101074219,55.51727294921875,18.797889709472656,44.73789596557617,42.92160415649414,1,1,1,1,1,1,1,1,1,1
IMG_3646_png_jpg.rf.11c671ebeab70f06883860c52f046447.jpg,train,150.80015563964844,80.50917053222656,66.42935180664062,66.73283386230469,67.38246154785156,63.106571197509766,20.390701293945312,154.3778839111328,151.77870178222656,33.526268005371094,85.1336669921875,66.2988510131836,1,1,1,1,1,1,1,1,1,1
IMG_3759_png_jpg.rf.11a582018af069a46c61f8fefe00727a.jpg,train,30.385787963867188,29.261459350585938,24.66595458984375,57.95586395263672,56.423179626464844,50.65702438354492,17.889022827148438,63.541900634765625,30.790191650390625,21.173900604248047,79.88301086425781,58.41073226928711,1,1,1,1,1,1,1,1,1,1
IMG_3027_png_jpg.rf.11d792af46294a1ef163192d1f89c71b.jpg,train,153.2023162841797,75.29405212402344,169.1486358642578,71.3505630493164,40.155311584472656,91.86121368408203,102.3155517578125,126.0809326171875,174.9150390625,58.15631103515625,70.270263671875,86.93255615234375,1,1,1,1,1,1,1,1,1,1
IMG_3707_png_jpg.rf.1129bc726d97e0e9f452c86408974c13.jpg,train,101.78265380859375,95.65338134765625,81.47894287109375,70.43116760253906,63.12518310546875,51.3812255859375,42.539642333984375,42.16902160644531,103.58833312988281,39.84036636352539,47.44681930541992,70.1418685913086,1,1,1,1,1,1,1,1,1,1
IMG_3689_png_jpg.rf.1122bce919fd25d96b3fcef5923218c4.jpg,train,103.0228271484375,101.41093444824219,88.44058227539062,51.21480941772461,51.65816116333008,49.87442398071289,29.064849853515625,59.56697082519531,103.91595458984375,18.947673797607422,65.82836151123047,51.4251708984375,1,1,1,1,1,1,1,1,1,1
IMG_3014_png_jpg.rf.0fe118eb9e7b15d15ef096b82f2262fb.jpg,train,37.82521057128906,37.82701110839844,36.8994140625,44.487308502197266,44.28524398803711,41.99874496459961,49.755615234375,23.848648071289062,38.99192810058594,51.40513229370117,30.749252319335938,44.92928695678711,1,1,1,1,1,1,1,1,1,1
IMG_3847_png_jpg.rf.1157c34bf148f4ba838c3eab2d2fd06b.jpg,train,96.81239318847656,97.52388000488281,92.94746398925781,58.6192741394043,57.9122200012207,55.88018035888672,33.208160400390625,14.438766479492188,97.87986755371094,26.127710342407227,16.4901065826416,58.480472564697266,1,1,1,1,1,1,1,1,1,1
IMG_3959_png_jpg.rf.11f72275a5821bde92a7d6e8c6625662.jpg,train,157.5021514892578,144.06117248535156,136.48028564453125,76.69523620605469,66.21792602539062,55.5113639831543,46.23509216308594,61.62358093261719,164.62649536132812,47.527889251708984,28.75602912902832,68.51165771484375,1,1,1,1,1,1,1,1,1,1
IMG_3787_png_jpg.rf.1214b26e25f8dbfdad3d0beb2aebd4cb.jpg,train,142.06727600097656,145.31671142578125,117.66476440429688,69.94710540771484,66.5086669921875,65.78093719482422,39.03804016113281,57.497528076171875,149.23236083984375,27.15350914001465,39.458160400390625,68.81423950195312,1,1,1,1,1,1,1,1,1,1
IMG_3830_png_jpg.rf.10efb04012efabaa9d1dff36ddc684a0.jpg,train,57.00457763671875,54.282501220703125,51.29594421386719,47.50666427612305,44.40041732788086,41.44058609008789,29.194976806640625,26.395751953125,57.311492919921875,42.68746566772461,30.298442840576172,48.07502365112305,1,1,1,1,1,1,1,1,1,1
27_jpg.rf.11a152494e4b436bf2e10a8490ce0f03.jpg,train,34.192657470703125,34.745391845703125,39.24421691894531,57.96064758300781,60.36753463745117,60.25572967529297,69.58401489257812,56.889129638671875,41.97871398925781,59.791839599609375,63.599822998046875,65.1825942993164,1,1,1,1,1,1,1,1,1,1
IMG_3884_png_jpg.rf.0f91931570ec629cb8f310fcfaf7340f.jpg,train,122.65348815917969,118.10279846191406,104.22346496582031,71.08588409423828,74.7356948852539,77.04961395263672,56.079986572265625,83.49598693847656,130.04153442382812,52.59397888183594,67.2318115234375,75.3931655883789,1,1,1,1,1,1,1,1,1,1
IMG_3961_png_jpg.rf.1203a50b3f1a25bb1c918682c7996338.jpg,train,115.93962097167969,106.43000793457031,86.91281127929688,50.90774154663086,51.544456481933594,57.39745330810547,31.336532592773438,84.73281860351562,116.87484741210938,33.22509765625,51.6851921081543,52.57252883911133,1,1,1,1,1,1,1,1,1,1
33_jpg.rf.121bae8f6144ad32a5d3d06502003883.jpg,train,106.73922729492188,106.59564208984375,99.995849609375,52.95096206665039,52.96875,48.80059814453125,26.322067260742188,18.380889892578125,108.04257202148438,35.60783004760742,36.32033157348633,53.94451904296875,1,1,1,1,1,1,1,1,1,1
IMG_3570_png_jpg.rf.124db066ef785b3582b544098499969d.jpg,train,167.4437713623047,172.8818817138672,166.0109100341797,77.22850799560547,72.22775268554688,68.84477233886719,58.3736572265625,30.640762329101562,176.89773559570312,35.742923736572266,37.5157356262207,71.62773132324219,1,1,1,1,1,1,1,1,1,1
IMG_3769_png_jpg.rf.122a1bd7b2dc08ed8f560af2ab4cec26.jpg,train,81.02926635742188,77.78060913085938,68.59146118164062,63.38079833984375,61.00151062011719,57.77230453491211,22.987045288085938,42.46192932128906,81.91471862792969,24.3049373626709,31.705156326293945,63.55984115600586,1,1,1,1,1,1,1,1,1,1
29_jpg.rf.121c126cf8db45598a2b7a11da54e2a5.jpg,train,96.26277160644531,97.39118957519531,98.41883850097656,71.67869567871094,72.09942626953125,72.20414733886719,70.43701171875,11.112884521484375,99.90510559082031,52.84918212890625,21.73596954345703,73.55017852783203,1,1,1,1,1,1,1,1,1,1
29_jpg.rf.128f3bfdd5359ee25c59a59e0dc31dbf.jpg,train,113.15928649902344,114.15550231933594,116.95887756347656,72.20207977294922,73.70111083984375,72.79788208007812,103.03340148925781,39.205657958984375,119.13931274414062,38.259952545166016,61.24761962890625,74.31812286376953,1,1,1,1,1,1,1,1,1,1
IMG_3723_png_jpg.rf.12a3234c25e314f8f292ee501cf0c8c6.jpg,train,17.115936279296875,16.30755615234375,12.440933227539062,44.465641021728516,43.329200744628906,37.53893280029297,8.763641357421875,27.146743774414062,17.491058349609375,23.862424850463867,65.58348846435547,45.442298889160156,1,1,1,1,1,1,1,1,1,1
30_jpg.rf.1262560fd32fa23f7c68a93223de6c46.jpg,train,113.12187194824219,112.61508178710938,102.66438293457031,55.92476272583008,55.04191970825195,51.543418884277344,28.665054321289062,27.829437255859375,114.36749267578125,18.466840744018555,39.75531768798828,55.87071228027344,1,1,1,1,1,1,1,1,1,1
IMG_3792_png_jpg.rf.12f9e25b6c0e124ce3f26258c3da4ba7.jpg,train,134.1131591796875,128.2654571533203,119.47869873046875,64.09602355957031,59.13044738769531,56.9923095703125,27.538238525390625,30.05010986328125,134.60633850097656,21.648189544677734,30.942886352539062,64.44486236572266,1,1,1,1,1,1,1,1,1,1
IMG_2988_png_jpg.rf.13352c2f7b9c8ea197a939179829b14a.jpg,train,47.215301513671875,44.890655517578125,40.755279541015625,44.26633071899414,44.23637771606445,42.71583938598633,26.352645874023438,62.4901123046875,47.598480224609375,37.321800231933594,70.55455017089844,45.085838317871094,1,1,1,1,1,1,1,1,1,1
31_jpg.rf.144e7a7c1b91255730b687525602f692.jpg,train,125.35578918457031,126.486328125,118.1322021484375,57.53970718383789,58.095123291015625,55.437496185302734,31.813873291015625,21.868377685546875,127.35177612304688,31.397165298461914,41.34656524658203,58.4247932434082,1,1,1,1,1,1,1,1,1,1
IMG_3936_png_jpg.rf.14ce1ced060e2ba1b22962f6394613c2.jpg,train,141.40553283691406,131.97308349609375,108.66017150878906,61.89950942993164,63.76162338256836,69.60470581054688,30.1436767578125,82.56611633300781,146.1033935546875,25.273059844970703,73.2571792602539,61.08564758300781,1,1,1,1,1,1,1,1,1,1
25_jpg.rf.141d798de56f93bc2a399b19ec314b00.jpg,train,47.72557067871094,45.13972473144531,58.64533996582031,65.72148132324219,66.94696044921875,70.37804412841797,76.61506652832031,73.99024963378906,61.181396484375,60.52591323852539,75.71357727050781,73.77227783203125,1,1,1,1,1,1,1,1,0,1
21_jpg.rf.1313e6852c58fa7f7402096f9adf1f49.jpg,train,59.3370361328125,55.63920593261719,68.3018798828125,66.61550903320312,71.34428405761719,74.13274383544922,89.41224670410156,144.55076599121094,73.5985107421875,61.4831657409668,89.4129638671875,76.91996002197266,1,1,1,1,1,1,1,1,1,1
IMG_3974_png_jpg.rf.138558940161ad1a02a3ab2eed867d35.jpg,train,64.1026611328125,50.50323486328125,39.62828063964844,69.12677001953125,43.58820343017578,34.14858627319336,28.1630859375,63.61669921875,64.88485717773438,17.438411712646484,58.24907684326172,69.26116180419922,1,1,1,1,1,1,1,1,1,1
IMG_3864_png_jpg.rf.138252e0c402b115ae4f596c797ef1e8.jpg,train,116.81416320800781,102.91740417480469,66.09452819824219,64.60989379882812,63.16292953491211,59.052528381347656,25.271408081054688,134.24679565429688,117.4608154296875,20.02850914001465,49.05674362182617,65.48059844970703,1,1,1,1,1,1,1,1,1,1
IMG_3952_png_jpg.rf.128e544b6d3a2bf148046b215106507e.jpg,train,130.54690551757812,128.9353790283203,112.53359985351562,67.0159683227539,65.7146987915039,63.324440002441406,54.07597351074219,53.18525695800781,135.35337829589844,43.45766067504883,36.025306701660156,66.18694305419922,1,1,1,1,1,1,1,1,1,1
IMG_2983_png_jpg.rf.1492ad54f1276a0b06f59de6e57f00ff.jpg,train,80.30168151855469,80.96141052246094,86.83473205566406,34.02945327758789,34.59577560424805,32.038089752197266,115.09037780761719,23.405853271484375,87.26518249511719,16.996789932250977,11.07890796661377,33.56820297241211,1,1,1,1,1,1,1,1,1,1
IMG_3564_png_jpg.rf.148ca85825400c6a62cbc908764491fc.jpg,train,113.60591125488281,112.63832092285156,102.34381103515625,68.40733337402344,68.10238647460938,71.16804504394531,45.7752685546875,40.67083740234375,115.73762512207031,39.032264709472656,66.2293930053711,69.44841766357422,1,1,1,1,1,1,1,1,1,1
IMG_3587_png_jpg.rf.13814108f4d6aa46ccd204aa4df2585c.jpg,train,107.48548889160156,94.634033203125,81.03303527832031,44.42683029174805,49.171653747558594,49.701942443847656,19.26116943359375,73.98501586914062,107.75823974609375,19.61883544921875,50.74658966064453,44.82246017456055,1,1,1,1,1,1,1,1,1,1
IMG_3564_png_jpg.rf.1388595cca108da6d6cd01576a8d5ec7.jpg,train,126.44204711914062,123.91450500488281,114.68379211425781,70.2945785522461,69.98067474365234,73.15052795410156,46.79890441894531,39.67071533203125,128.2542266845703,37.21846008300781,62.008079528808594,71.23965454101562,1,1,1,1,1,1,1,1,1,1
IMG_3850_png_jpg.rf.13c918560c67a4469153280776cd53b2.jpg,train,92.68557739257812,92.84346008300781,83.03855895996094,63.112220764160156,63.03728485107422,58.984214782714844,31.931106567382812,31.897598266601562,93.55003356933594,10.835515022277832,20.502765655517578,63.29472351074219,1,1,1,1,1,1,1,1,1,1
IMG_3600_png_jpg.rf.126564d7ffdf46962493d131078f7427.jpg,train,136.9557647705078,134.09738159179688,124.43707275390625,50.28187942504883,49.887638092041016,49.634944915771484,28.52069091796875,29.432205200195312,137.56793212890625,12.24570083618164,40.55778503417969,50.25228500366211,1,1,1,1,1,1,1,1,1,1
IMG_3632_png_jpg.rf.15a611a06d92f2eb72fc94b5908914f2.jpg,train,115.60466003417969,133.07119750976562,131.49960327148438,54.06332778930664,59.924293518066406,68.56301879882812,65.61149597167969,67.68222045898438,144.72653198242188,43.006160736083984,42.99436569213867,65.75362396240234,1,1,1,1,1,1,1,1,1,1
IMG_3844_png_jpg.rf.13f24ee4098302c4362c1626da3e33ab.jpg,train,147.5211944580078,144.9686737060547,134.06080627441406,54.263633728027344,55.83639907836914,57.27901840209961,27.0174560546875,31.174331665039062,147.8833465576172,13.826841354370117,32.9078254699707,54.544837951660156,1,1,1,1,1,1,1,1,1,1
IMG_3662_png_jpg.rf.153fd992160b7ee6729829778834b387.jpg,train,161.3490753173828,136.39566040039062,90.04417419433594,35.70909118652344,44.893035888671875,59.82410430908203,30.590774536132812,131.37420654296875,166.75917053222656,33.15707778930664,51.15720748901367,41.61775588989258,1,1,1,1,1,1,1,1,1,1
IMG_3942_png_jpg.rf.13b1ee18b477ad8a4c2f4a0bdda40b27.jpg,train,124.43077087402344,120.91691589355469,114.17369079589844,65.44017791748047,63.052677154541016,66.37540435791016,39.55908203125,45.027313232421875,126.75018310546875,40.296146392822266,63.003108978271484,65.81389617919922,1,1,1,1,1,1,1,1,1,1
IMG_3653_png_jpg.rf.1424caccf2a307835f82e13207bf6456.jpg,train,179.45791625976562,163.70606994628906,139.9810028076172,66.35496520996094,64.72257232666016,60.238895416259766,24.494598388671875,68.88601684570312,180.41136169433594,25.914108276367188,43.944374084472656,65.39486694335938,1,1,1,1,1,1,1,1,1,1
IMG_3840_png_jpg.rf.14de728a1dac8cba6d0bff821bb1e9a6.jpg,train,138.88856506347656,136.44859313964844,126.07928466796875,63.06103515625,65.27882385253906,64.74505615234375,25.832122802734375,33.82395935058594,139.2207794189453,12.91663646697998,32.505489349365234,63.36337661743164,1,1,1,1,1,1,1,1,1,1
IMG_3018_png_jpg.rf.156d060993d9bcddceddbb5b0d8122b3.jpg,train,99.62449645996094,94.47859191894531,92.23110961914062,47.13840866088867,49.22895431518555,47.63967514038086,42.12150573730469,25.424118041992188,99.896240234375,61.403656005859375,21.170326232910156,47.51030731201172,1,1,1,1,1,1,1,1,1,1
IMG_3914_png_jpg.rf.15b6c6719bce182657d5215617950396.jpg,train,114.70359802246094,117.29969787597656,126.47221374511719,67.3025131225586,73.19660949707031,85.59126281738281,81.908203125,63.43095397949219,133.7027587890625,47.609317779541016,52.180198669433594,79.99482727050781,1,1,1,1,1,1,1,1,1,1
IMG_3959_png_jpg.rf.15df096fbd8e030cdea124b1d6ed46f2.jpg,train,167.18643188476562,158.17538452148438,148.278076171875,76.81095123291016,70.62313842773438,59.054012298583984,49.835540771484375,48.11759948730469,172.8694305419922,46.57671356201172,21.045867919921875,70.3471450805664,1,1,1,1,1,1,1,1,1,1
IMG_3943_png_jpg.rf.1533e59c294e368d4b064b817cdfe334.jpg,train,154.7294921875,126.88900756835938,127.77192687988281,41.2518310546875,52.45519256591797,52.44430923461914,114.31924438476562,58.45648193359375,155.53848266601562,75.53791809082031,35.94377517700195,42.1478385925293,1,1,1,1,1,1,1,1,1,1
21_jpg.rf.16bdae739b6734976540b32677fd36f9.jpg,train,94.05648803710938,94.29042053222656,101.93679809570312,59.08999252319336,62.6478157043457,63.76104736328125,123.72352600097656,32.80677795410156,105.08294677734375,45.21050262451172,20.360313415527344,66.64608764648438,1,1,1,1,1,1,1,1,1,1
IMG_3752_png_jpg.rf.1625e94fe2de589aca7e38cc0fa7f560.jpg,train,116.38233947753906,111.18917846679688,105.14407348632812,60.389652252197266,58.92170333862305,59.917659759521484,19.924911499023438,33.61982727050781,116.783203125,21.64745330810547,32.06825637817383,60.61383056640625,1,1,1,1,1,1,1,1,1,1
IMG_3627_png_jpg.rf.160d1871bf9fa99a7b5ca99712af0ad5.jpg,train,114.57862854003906,102.24456787109375,54.64044189453125,57.20941925048828,56.34486389160156,58.30656051635742,37.5682373046875,157.68638610839844,121.12893676757812,33.749351501464844,66.1832504272461,61.0658073425293,1,1,1,1,1,1,1,1,1,1
25_jpg.rf.1677ce8ae256be091834e12a0fed4c65.jpg,train,48.14616394042969,49.75318908691406,60.41339111328125,63.523468017578125,65.3564453125,65.94378662109375,113.49922180175781,111.88105773925781,62.824981689453125,23.757287979125977,57.73097610473633,69.65396881103516,1,1,1,1,1,1,1,1,1,1
IMG_3909_png_jpg.rf.1477fa11b192a331a8ec4f4005a33b09.jpg,train,131.48553466796875,116.58590698242188,97.1383056640625,61.77138137817383,61.191917419433594,64.00608825683594,23.1478271484375,84.99908447265625,131.85311889648438,17.90720558166504,72.30477142333984,62.02677917480469,1,1,1,1,1,1,1,1,1,1
IMG_3827_png_jpg.rf.17462a26cb943dcea4e6d9bc61f1036f.jpg,train,133.9871368408203,125.49855041503906,114.63496398925781,63.87933349609375,64.37727355957031,65.20034790039062,27.285446166992188,61.43394470214844,136.99220275878906,31.357276916503906,50.55839920043945,66.16519927978516,1,1,1,1,1,1,1,1,1,1
IMG_3844_png_jpg.rf.15ba1b32c3682bbc2472517e12abebc1.jpg,train,124.44679260253906,119.37367248535156,109.15625,58.8789176940918,60.335601806640625,59.994693756103516,22.109634399414062,47.00379943847656,124.72554016113281,13.231502532958984,51.29977035522461,59.166893005371094,1,1,1,1,1,1,1,1,1,1
IMG_3948_png_jpg.rf.15ec5f79a163c3d054521e5f1e356fbf.jpg,train,162.1736602783203,143.30101013183594,127.53129577636719,53.53538513183594,61.08164596557617,63.856353759765625,17.610122680664062,65.55995178222656,162.94219970703125,17.223163604736328,39.58513641357422,54.0760612487793,1,1,1,1,1,1,1,1,1,1
IMG_3783_png_jpg.rf.16dd6b4229d28c7b30ae5ccf4da4bcb3.jpg,train,76.11302185058594,74.97186279296875,55.58808898925781,65.61907196044922,63.037498474121094,61.00141906738281,37.96504211425781,126.86732482910156,81.85520935058594,30.623184204101562,73.30680847167969,66.4068832397461,1,1,1,1,1,1,1,1,1,1
IMG_3595_png_jpg.rf.166333a912756ff77388b60fd4494306.jpg,train,164.81283569335938,158.2093505859375,145.83534240722656,66.55916595458984,69.38973999023438,71.91104125976562,20.509857177734375,56.52558898925781,165.01779174804688,8.679910659790039,75.2371597290039,66.56076049804688,1,1,1,1,1,1,1,1,1,1
IMG_3611_png_jpg.rf.16dc2fb00c10e7901bb48ca487229530.jpg,train,176.027587890625,164.7376708984375,155.4481201171875,80.49061584472656,82.15518188476562,82.36946105957031,25.60308837890625,57.968414306640625,179.93878173828125,31.48306655883789,63.44378662109375,76.24882507324219,1,1,1,1,1,1,1,1,1,1
30_jpg.rf.16f751286c5ad0d677aaf6cdd8528ded.jpg,train,94.82571411132812,91.941162109375,86.22808837890625,54.56480026245117,51.931697845458984,49.160972595214844,21.201919555664062,20.807662963867188,95.06564331054688,17.765731811523438,27.890085220336914,54.65831756591797,1,1,1,1,1,1,1,1,1,1
IMG_3570_png_jpg.rf.176657ed352b51d14af6d844d45fdf89.jpg,train,117.77183532714844,121.01161193847656,111.07522583007812,85.4836654663086,79.64958953857422,73.65506744384766,51.3504638671875,54.91998291015625,126.20562744140625,37.02031326293945,58.95857238769531,80.67847442626953,1,1,1,1,1,1,1,1,1,1
IMG_3724_png_jpg.rf.1818a2b048bbcbe7e5e0fd36493108f8.jpg,train,165.08192443847656,164.30455017089844,154.52871704101562,81.2314224243164,76.83625030517578,76.37907409667969,32.85847473144531,63.60321044921875,175.2869110107422,31.0194034576416,67.37770080566406,71.63982391357422,1,1,1,1,1,1,1,1,1,1
IMG_3830_png_jpg.rf.16a378a2f95e0fa517a12edd47b83a3c.jpg,train,86.63238525390625,85.2286376953125,81.22831726074219,48.892913818359375,47.68953323364258,43.66368865966797,28.996795654296875,15.156600952148438,86.99301147460938,34.201087951660156,19.785432815551758,49.367698669433594,1,1,1,1,1,1,1,1,1,1
IMG_3726_png_jpg.rf.1773d5db1fe57f5f5693fbc3262b568d.jpg,train,167.4709930419922,165.0491485595703,156.56817626953125,78.0990982055664,76.56747436523438,77.20459747314453,30.987442016601562,51.98382568359375,176.1984100341797,37.584800720214844,50.77122497558594,71.73780822753906,1,1,1,1,1,1,1,1,1,1
IMG_3799_png_jpg.rf.1726db3d540d4f9e6faead0f9c50090b.jpg,train,125.95771789550781,121.82609558105469,103.85498046875,65.12327575683594,63.347801208496094,63.280540466308594,26.687896728515625,56.89857482910156,127.848388671875,14.51390266418457,31.880128860473633,64.66323852539062,1,1,1,1,1,1,1,1,1,1
IMG_3783_png_jpg.rf.17ae59899ecda09490bd35fbb19abb27.jpg,train,75.642578125,70.34823608398438,58.26344299316406,64.90278625488281,62.60920715332031,61.411781311035156,37.774993896484375,104.30705261230469,77.40046691894531,41.43315505981445,67.04834747314453,65.65205383300781,1,1,1,1,1,1,1,1,1,1
IMG_3684_png_jpg.rf.181666685e4ccc13f98d90a94eb17511.jpg,train,90.76399230957031,84.85806274414062,78.82600402832031,51.374549865722656,50.237205505371094,48.81262969970703,16.604766845703125,40.44769287109375,90.88375854492188,15.590933799743652,24.994361877441406,51.613075256347656,1,1,1,1,1,1,1,1,0,1
IMG_3729_png_jpg.rf.16750a116e9f11cbe1c1a7a954625df4.jpg,train,142.7435302734375,140.05276489257812,131.82789611816406,62.665809631347656,63.11241149902344,63.033905029296875,25.282989501953125,30.282867431640625,143.0676727294922,13.494911193847656,45.98923110961914,62.765995025634766,1,1,1,1,1,1,1,1,1,1
IMG_3884_png_jpg.rf.18bb073f8a7e4372dd2055ef9001eb78.jpg,train,179.49644470214844,177.33229064941406,166.73512268066406,54.45528793334961,56.08797836303711,61.39120101928711,50.28935241699219,30.096481323242188,183.12107849121094,46.321876525878906,28.35519790649414,55.128780364990234,1,1,1,1,1,1,1,1,1,1
21_jpg.rf.17568da084e4cefcf94927722b0aa261.jpg,train,60.63957214355469,61.44140625,69.31600952148438,64.18488311767578,67.63855743408203,68.42526245117188,123.14848327636719,66.33430480957031,73.24171447753906,44.21490478515625,30.809207916259766,72.57447814941406,1,1,1,1,1,1,1,1,1,1
IMG_3972_png_jpg.rf.177e36cb9ef0cf01d67e7088f90c863b.jpg,train,75.19390869140625,73.86514282226562,68.64891052246094,40.130638122558594,38.875144958496094,37.00221252441406,25.216934204101562,24.847412109375,75.49131774902344,12.941436767578125,29.62844467163086,40.30632019042969,1,1,1,1,1,1,1,1,1,1
IMG_3740_png_jpg.rf.14ce6679f9cd52482bbf0bdcadc9a591.jpg,train,179.47323608398438,174.41151428222656,163.96798706054688,61.26897048950195,64.78022003173828,66.05233764648438,22.376007080078125,41.13560485839844,179.65391540527344,10.938199996948242,64.90858459472656,61.32136917114258,1,1,1,1,1,1,1,1,1,1
IMG_3949_png_jpg.rf.185c5ae337f56df12dd9c7ededb15f42.jpg,train,107.48286437988281,74.85633850097656,68.5908203125,56.122928619384766,64.66930389404297,63.0194091796875,24.14208984375,130.5918731689453,107.7642822265625,51.21977996826172,84.55866241455078,56.409793853759766,1,1,1,1,1,1,1,1,1,1
IMG_3780_png_jpg.rf.186f891aaf0f271e6b5fba32b56f23d0.jpg,train,95.34335327148438,92.89695739746094,73.1827392578125,66.29765319824219,59.96167755126953,57.489070892333984,33.24263000488281,77.49887084960938,100.24029541015625,19.56515121459961,35.04761505126953,65.81111907958984,1,1,1,1,1,1,1,1,1,1
IMG_3666_png_jpg.rf.18c86d4e4de1cbcfe238368867603d9c.jpg,train,155.38543701171875,141.81405639648438,131.64541625976562,85.13289642333984,88.23844909667969,90.90007019042969,36.7501220703125,75.12503051757812,158.27706909179688,42.07090377807617,76.01066589355469,83.61366271972656,1,1,1,1,1,1,1,1,1,1
IMG_3858_png_jpg.rf.18f32da12414ef025b442829a81301d9.jpg,train,114.17538452148438,97.94696044921875,72.74978637695312,55.331844329833984,55.67144775390625,54.867645263671875,34.978057861328125,118.53150939941406,115.20977783203125,45.637550354003906,68.84729766845703,56.565494537353516,1,1,1,1,1,1,1,1,1,1
IMG_3705_png_jpg.rf.18fc581bbc1a3e2a24d644aa116ce7c4.jpg,train,114.56498718261719,101.59857177734375,91.53144836425781,60.58290100097656,50.9734992980957,45.61077117919922,37.4803466796875,42.54631042480469,115.65907287597656,46.9969367980957,47.848663330078125,60.50886154174805,1,1,1,1,1,1,1,1,1,1
IMG_3661_png_jpg.rf.1934b2ec3b339289f87c5f3dd92fb8fc.jpg,train,100.36032104492188,73.93617248535156,43.92054748535156,37.63447570800781,45.87767791748047,53.640533447265625,27.057464599609375,172.99325561523438,104.05485534667969,35.20518112182617,62.41884231567383,44.56023406982422,1,1,1,1,1,1,1,1,1,1
IMG_3873_png_jpg.rf.1900fb9fce4b40bdd66023c50a98ef26.jpg,train,105.91064453125,91.05809020996094,61.706085205078125,32.461830139160156,45.3892707824707,59.759822845458984,29.205535888671875,140.12066650390625,111.35307312011719,30.84001922607422,59.66750717163086,44.115848541259766,1,1,1,1,1,1,1,1,1,1
IMG_3700_png_jpg.rf.1a1e5b80bbf0043a22d8bb44c320a1ad.jpg,train,151.46603393554688,139.70953369140625,124.02220153808594,70.67989349365234,65.30545043945312,60.28912353515625,36.32264709472656,47.52183532714844,154.8694610595703,40.47665023803711,42.50547409057617,72.79303741455078,1,1,1,1,1,1,1,1,1,1
IMG_3959_png_jpg.rf.1953934d1befe722cdccec60daacd63c.jpg,train,180.78399658203125,167.02926635742188,157.48825073242188,73.18370819091797,62.68046569824219,49.690582275390625,47.75990295410156,57.86509704589844,189.7585906982422,46.8878059387207,24.023937225341797,62.754703521728516,1,1,1,1,1,1,1,1,1,1
IMG_3797_png_jpg.rf.1a1bb010012d90368d5252c09fa11404.jpg,train,79.83905029296875,76.9566650390625,65.02806091308594,51.21938705444336,49.95195770263672,47.84648132324219,28.189224243164062,71.3994140625,80.78240966796875,18.193220138549805,57.70561981201172,51.943641662597656,1,1,1,1,1,1,1,1,1,1
IMG_3608_png_jpg.rf.191529ddd6bcfc8f73bf6d75f2401e9b.jpg,train,169.02850341796875,168.79067993164062,161.08340454101562,52.96807098388672,52.54084014892578,54.01026153564453,29.0283203125,23.500350952148438,169.53646850585938,12.348347663879395,49.94964599609375,52.802879333496094,1,1,1,1,1,1,1,1,1,1
IMG_3730_png_jpg.rf.1affc221df23a0a4273c6c88695eb865.jpg,train,173.24351501464844,170.76541137695312,157.70855712890625,51.939857482910156,52.941261291503906,52.871219635009766,27.216049194335938,26.477890014648438,173.6829833984375,14.234137535095215,23.741371154785156,51.97431182861328,1,1,1,1,1,1,1,1,1,1
IMG_3801_png_jpg.rf.1aa45f181be26ac4b6712f3270f0031d.jpg,train,76.36489868164062,62.89802551269531,52.75050354003906,63.94035720825195,60.4534912109375,58.8592414855957,22.481277465820312,120.10838317871094,76.892822265625,36.640419006347656,80.24793243408203,64.4084701538086,1,1,1,1,1,1,1,1,1,1
29_jpg.rf.1b3cf6bc388be64e2af69b9651f4397e.jpg,train,123.68301391601562,124.65936279296875,125.91253662109375,75.23738861083984,75.95093536376953,75.66984558105469,78.23942565917969,10.453750610351562,127.51655578613281,52.392276763916016,16.49898910522461,76.93647766113281,1,1,1,1,1,1,1,1,1,1
29_jpg.rf.1a8e097e2358b6ec1fb6a3788c2ab0e5.jpg,train,100.55790710449219,102.096923828125,103.83255004882812,74.39128875732422,75.25675201416016,75.19288635253906,80.07618713378906,21.702545166015625,106.14315795898438,51.104732513427734,38.82683181762695,77.14082336425781,1,1,1,1,1,1,1,1,1,1
IMG_3642_png_jpg.rf.1b3350c6e61890cb2c26d6f9172aafa1.jpg,train,95.41886901855469,54.342376708984375,41.23362731933594,62.20673370361328,55.9219856262207,52.531925201416016,18.204147338867188,159.75790405273438,95.83949279785156,30.999568939208984,88.70172119140625,62.446102142333984,1,1,1,1,1,1,1,1,1,1
IMG_3681_png_jpg.rf.1a1778166042b48e03e57f141b8b7066.jpg,train,54.75599670410156,109.798583984375,172.4898681640625,66.8950424194336,46.36187744140625,27.29695701599121,99.61111450195312,187.94866943359375,175.1630859375,22.409696578979492,64.63695526123047,30.518054962158203,1,1,1,1,1,1,1,1,1,1
IMG_3920_png_jpg.rf.1b456921b61acf5dc100efcb423996a6.jpg,train,197.96615600585938,167.6576690673828,103.2230224609375,46.870574951171875,51.11770248413086,46.377830505371094,23.2723388671875,128.30154418945312,198.14892578125,21.5076847076416,36.85481643676758,46.810245513916016,1,1,1,1,1,1,1,1,1,1
IMG_3638_png_jpg.rf.1aad4fcb06bb8875aded1a3768cefb00.jpg,train,79.70506286621094,76.40364074707031,70.87832641601562,71.25756072998047,70.3536376953125,68.92115783691406,30.98699951171875,62.96107482910156,80.33311462402344,41.52357482910156,83.57614135742188,71.69771575927734,1,1,1,1,1,1,1,1,1,1
IMG_3714_png_jpg.rf.1a89317c3ea370f9d4b88ad016ff4008.jpg,train,111.52717590332031,94.07456970214844,84.58158874511719,72.70116424560547,69.77696990966797,71.03181457519531,34.27510070800781,100.58688354492188,118.47889709472656,44.374542236328125,67.4862289428711,69.33003997802734,1,1,1,1,1,1,1,1,1,1
IMG_3664_png_jpg.rf.19b8e3b6e5156d89597eba1677a74cf6.jpg,train,148.84439086914062,140.24966430664062,126.07150268554688,85.35636138916016,88.41313934326172,89.5202407836914,41.255279541015625,74.95048522949219,151.9074249267578,40.69926071166992,72.91460418701172,83.9518814086914,1,1,1,1,1,1,1,1,1,1
IMG_3705_png_jpg.rf.1acfbceb5fc5e3383bd5a3c3b0438e0e.jpg,train,69.35617065429688,56.01611328125,45.96626281738281,61.85570526123047,51.0501594543457,44.03925323486328,34.19798278808594,69.21951293945312,70.39990234375,45.80434799194336,70.31597137451172,61.98015213012695,1,1,1,1,1,1,1,1,1,1
IMG_3948_png_jpg.rf.1a0e08a10751f7ccc914ca504c6e340b.jpg,train,148.14547729492188,113.82608032226562,108.74038696289062,56.7120361328125,68.81558990478516,66.19834899902344,47.31098937988281,84.24452209472656,148.58309936523438,71.2598876953125,50.42636489868164,57.122074127197266,1,1,1,1,1,1,1,1,1,1
IMG_3677_png_jpg.rf.19a3040fd37eead8806851c01727ede2.jpg,train,82.12190246582031,106.25273132324219,176.20333862304688,59.76260757446289,51.57750701904297,28.431060791015625,105.30580139160156,147.8489990234375,178.74264526367188,24.027624130249023,49.081687927246094,32.02199172973633,1,1,1,1,1,1,1,1,1,1
IMG_3783_png_jpg.rf.1ada514ce46963cf01357af5878d3bfd.jpg,train,78.03030395507812,77.40022277832031,61.87799072265625,66.48583221435547,64.59148406982422,62.11997985839844,37.15840148925781,90.79740905761719,82.59951782226562,29.23088264465332,49.545166015625,67.38627624511719,1,1,1,1,1,1,1,1,1,1
IMG_3737_png_jpg.rf.18d6f87779b6575f3101824e7632a9fb.jpg,train,162.52352905273438,160.0670166015625,138.46983337402344,38.307456970214844,40.17314529418945,42.04262924194336,27.858230590820312,42.23820495605469,163.3878936767578,12.649011611938477,33.899269104003906,38.116241455078125,1,1,1,1,1,1,1,1,1,1
IMG_3618_png_jpg.rf.1a6fd3af81cb5a4d450b8384cb42402b.jpg,train,119.44361877441406,114.10429382324219,97.08631896972656,68.1836166381836,68.99363708496094,69.22515106201172,24.470794677734375,68.72976684570312,120.02738952636719,21.484088897705078,58.5029182434082,68.51590728759766,1,1,1,1,1,1,1,1,1,1
IMG_3562_png_jpg.rf.1b514ba7881fa12d6ed70312afdeaaf9.jpg,train,97.74989318847656,94.99116516113281,73.69058227539062,73.38894653320312,69.11038208007812,60.85212326049805,46.32154846191406,47.712127685546875,100.40245056152344,40.90671157836914,66.56017303466797,73.64506530761719,1,1,1,1,1,1,1,1,1,1
IMG_3651_png_jpg.rf.19c3b1776d7e3aead27f9342295415d6.jpg,train,146.9176788330078,132.42916870117188,95.36106872558594,58.738006591796875,56.4239501953125,51.192901611328125,23.399368286132812,109.51715087890625,147.22914123535156,13.825456619262695,57.0894889831543,58.930908203125,1,1,1,1,1,1,1,1,1,1
23_jpg.rf.1b9d9ab24792c7ee2c0b764a8d935be7.jpg,train,45.29576110839844,45.2056884765625,52.73797607421875,65.14830017089844,66.34752655029297,67.65838623046875,70.56515502929688,58.14646911621094,54.32818603515625,59.53455352783203,71.7745361328125,70.08582305908203,1,1,1,1,1,1,1,1,1,1
IMG_3885_png_jpg.rf.1914d09ce9b2acc28f6d7fd6a61cea64.jpg,train,161.4471893310547,158.1480712890625,152.273193359375,48.59055709838867,51.650718688964844,51.09903335571289,28.130447387695312,18.307708740234375,162.19419860839844,30.960773468017578,27.796756744384766,49.1292610168457,1,1,1,1,1,1,1,1,1,1
IMG_3905_png_jpg.rf.1c0cf4b3e8e8fb8104a85a1b4851e623.jpg,train,122.03746032714844,127.02528381347656,132.0142059326172,59.95684051513672,62.65886688232422,64.8077163696289,96.03532409667969,27.92816162109375,134.31455993652344,32.87604904174805,32.6532096862793,64.44297790527344,1,1,1,1,1,1,1,1,1,1
IMG_3768_png_jpg.rf.1c09d7f37794a609378c56d6cb38ac63.jpg,train,85.95822143554688,76.67501831054688,68.00495910644531,67.8628158569336,60.205406188964844,57.05266189575195,21.881973266601562,61.47918701171875,86.552001953125,19.205835342407227,49.1019401550293,68.29739379882812,1,1,1,1,1,1,1,1,1,1
27_jpg.rf.1c0f406505cdce1b9690502afe352e99.jpg,train,57.98246765136719,57.941558837890625,64.53144836425781,63.716835021972656,65.58082580566406,66.72046661376953,74.89276123046875,34.87226867675781,67.08636474609375,59.70587158203125,33.965518951416016,70.6043930053711,1,1,1,1,1,1,1,1,1,1
IMG_3013_png_jpg.rf.1bee5bf99046c40cdfb451fc222eb6ee.jpg,train,68.14712524414062,68.06988525390625,67.03669738769531,44.62397384643555,44.58639907836914,42.79780960083008,44.90507507324219,9.863555908203125,69.13298034667969,50.17786407470703,12.693035125732422,45.13154983520508,1,1,1,1,1,1,1,1,1,1
IMG_2995_png_jpg.rf.1c61ba1d6cf3490cfd62f3a4dbfc0e68.jpg,train,142.1582794189453,146.71365356445312,150.4258270263672,48.823883056640625,49.887760162353516,51.66142654418945,96.97752380371094,18.072006225585938,151.7791748046875,24.913381576538086,18.678403854370117,51.784523010253906,1,1,1,1,1,1,1,1,1,1
IMG_3809_png_jpg.rf.1c94fdd16eedb360deb2ed5f4609aa2b.jpg,train,98.70018005371094,91.25347900390625,78.18098449707031,64.74124908447266,62.1417350769043,57.71269226074219,23.428558349609375,71.43241882324219,99.63444519042969,23.75251007080078,54.24049377441406,64.69052124023438,1,1,1,1,1,1,1,1,1,1
IMG_3942_png_jpg.rf.1c1d1a5329d44d19641b4d1145ac82e7.jpg,train,97.95741271972656,93.53848266601562,87.26441955566406,62.751976013183594,59.57471466064453,62.0172119140625,40.45072937011719,56.95515441894531,100.50941467285156,41.82004165649414,74.45236206054688,63.85236740112305,1,1,1,1,1,1,1,1,1,1
25_jpg.rf.61dcf9d6d43b5109b6361a26d0fd9faa.jpg,train,24.483352661132812,25.581100463867188,29.6434326171875,52.90431213378906,54.02973175048828,54.87100601196289,49.482757568359375,65.23434448242188,31.62762451171875,56.629642486572266,89.73975372314453,58.64274978637695,1,1,1,1,1,1,1,1,1,1
32_jpg.rf.64f68365533762bcba473dd8b023e493.jpg,train,115.71041870117188,113.98744201660156,106.73912048339844,60.214019775390625,58.75630187988281,55.26282501220703,27.141265869140625,20.462203979492188,116.75830078125,35.680301666259766,33.012489318847656,60.78434753417969,1,1,1,1,1,1,1,1,1,1
IMG_3837_png_jpg.rf.64fb0507a87b5a362edb2222a9a8ef9c.jpg,train,179.20785522460938,181.3471221923828,152.91371154785156,53.98637771606445,52.38097381591797,53.160926818847656,41.08058166503906,46.11967468261719,186.0334014892578,31.78508758544922,41.890384674072266,53.331268310546875,1,1,1,1,1,1,1,1,1,1
4_jpg.rf.6319657331d80c814fb488b0e68b43e8.jpg,train,142.647216796875,129.62258911132812,124.31057739257812,93.4350357055664,86.51070404052734,82.7157211303711,18.262527465820312,35.236602783203125,143.3889923095703,37.10860061645508,45.342529296875,93.08081817626953,1,1,1,1,1,1,1,1,1,1
IMG_3589_png_jpg.rf.625c4afc451d6d82ce8c8901a9c40cdf.jpg,train,81.23793029785156,68.06877136230469,53.93156433105469,45.8338508605957,50.84632110595703,51.9018669128418,19.020706176757812,115.6397705078125,81.6646728515625,16.769216537475586,78.13897705078125,46.83424377441406,1,1,1,1,1,1,1,1,1,1
IMG_3797_png_jpg.rf.628af216a914c0451dd80094549352a4.jpg,train,129.7753448486328,123.27450561523438,116.64640808105469,49.14606857299805,48.31702423095703,48.26763153076172,19.219482421875,30.263031005859375,130.22352600097656,18.0577449798584,21.91655731201172,49.54860305786133,1,1,1,1,1,1,1,1,1,1
IMG_3729_png_jpg.rf.638e79137d738ff5d7df6bade7d71913.jpg,train,121.91265869140625,116.4102783203125,110.46530151367188,61.775787353515625,61.28889846801758,61.378910064697266,18.318313598632812,42.88127136230469,122.16975402832031,18.507863998413086,60.046112060546875,61.927215576171875,1,1,1,1,1,1,1,1,1,1
IMG_3558_png_jpg.rf.65328cc0909962ba88dc2f9b811a4186.jpg,train,75.62577819824219,70.49845886230469,62.56068420410156,72.95946502685547,66.8836669921875,62.39693069458008,33.98564147949219,39.44938659667969,76.56086730957031,37.750370025634766,51.11262130737305,73.01168060302734,1,1,1,1,1,1,1,1,1,1
IMG_3717_png_jpg.rf.653eebd6f585ff193abec21271d2d6fc.jpg,train,24.233230590820312,22.009628295898438,18.475738525390625,55.64375305175781,52.23262023925781,46.24231719970703,7.26531982421875,27.20281982421875,24.44793701171875,21.558841705322266,63.042510986328125,56.04544448852539,1,1,1,1,1,1,1,1,1,1
IMG_3708_png_jpg.rf.651f0d41420b711b63b5f59ad398e12f.jpg,train,151.21841430664062,147.51687622070312,142.34002685546875,60.36773681640625,53.75856399536133,48.35908508300781,65.89451599121094,28.23284912109375,156.72732543945312,45.30220413208008,29.08443260192871,58.489158630371094,1,1,1,1,1,1,1,1,1,1
IMG_3870_png_jpg.rf.65581ad68fa259806efd4d0bc64913f7.jpg,train,139.54049682617188,69.16145324707031,66.31048583984375,57.898475646972656,51.05985641479492,52.022796630859375,34.55088806152344,155.76510620117188,139.78012084960938,59.894168853759766,53.40108871459961,58.077972412109375,1,1,1,1,1,1,1,1,1,1
IMG_3710_png_jpg.rf.64f4d1b944742c4faf1932da04c67cf1.jpg,train,101.65275573730469,88.79707336425781,73.32121276855469,73.22664642333984,65.90477752685547,67.5216293334961,42.765960693359375,141.281005859375,113.15206909179688,45.41804122924805,89.40166473388672,66.60903930664062,1,1,1,1,1,1,1,1,1,1
IMG_3907_png_jpg.rf.65781940f4c0c941dd5ff0aa4538d98c.jpg,train,154.53929138183594,144.12594604492188,125.4090576171875,68.3409652709961,68.57200622558594,71.4654769897461,26.78497314453125,59.3717041015625,155.8809051513672,22.949525833129883,47.18789291381836,68.83710479736328,1,1,1,1,1,1,1,1,1,1
IMG_3020_png_jpg.rf.65b4656d635d6e5b7587b3a277234e96.jpg,train,57.32563781738281,52.36579895019531,49.11125183105469,48.094818115234375,50.00526809692383,47.0177001953125,33.03178405761719,58.148773193359375,57.82691955566406,53.75462341308594,44.95906066894531,49.281253814697266,1,1,1,1,1,1,1,1,1,1
IMG_3803_png_jpg.rf.625a33cf34987ae2a47b3f9b77765c39.jpg,train,85.436767578125,81.98220825195312,74.00537109375,49.7338981628418,48.093360900878906,44.83761215209961,27.3326416015625,33.84263610839844,85.77861022949219,24.86701011657715,18.92348289489746,49.87644577026367,1,1,1,1,1,1,1,1,1,1
IMG_3592_png_jpg.rf.6584c55e7af0db041e81ae460ea6f99a.jpg,train,53.66014099121094,35.56744384765625,29.062576293945312,54.99396896362305,55.98017120361328,53.27426528930664,21.97808837890625,160.50132751464844,54.15827941894531,44.61204528808594,90.20315551757812,55.96512222290039,1,1,1,1,1,1,1,1,1,1
IMG_3701_png_jpg.rf.6577813d799d8cc566b02b1b15444d63.jpg,train,138.50091552734375,113.13958740234375,97.75111389160156,77.1872787475586,67.47966003417969,62.40670394897461,33.76719665527344,72.74472045898438,140.8389129638672,42.4249153137207,58.76463317871094,78.28536987304688,1,1,1,1,1,1,1,1,1,1
IMG_3918_png_jpg.rf.65d6b4ce949c8a2586a26dcd94f46ee7.jpg,train,155.7843475341797,150.08413696289062,71.71623229980469,46.25447463989258,49.380741119384766,47.51429748535156,28.713729858398438,152.34999084472656,155.97161865234375,12.114704132080078,51.749290466308594,46.45252990722656,1,1,1,1,1,1,1,1,1,1
IMG_3849_png_jpg.rf.623d18265ff1b5cf5043f6936b4e6742.jpg,train,81.59909057617188,79.2513427734375,69.44712829589844,76.12318420410156,70.2647476196289,61.260597229003906,29.17138671875,40.306182861328125,82.60116577148438,17.974632263183594,43.35883331298828,76.18331146240234,1,1,1,1,1,1,1,1,1,1
IMG_3688_png_jpg.rf.624649a7643374614bdbc37d564d0cec.jpg,train,151.88778686523438,146.98822021484375,137.44859313964844,53.90068435668945,56.06947708129883,57.78693389892578,22.53411865234375,37.613525390625,152.27723693847656,14.260804176330566,53.632293701171875,53.79660415649414,1,1,1,1,1,1,1,1,1,1
IMG_3808_png_jpg.rf.65fc635716b13e3b883771b621ba15ea.jpg,train,84.70530700683594,79.86880493164062,70.50807189941406,64.69901275634766,63.144535064697266,59.688846588134766,22.731643676757812,54.850860595703125,85.44456481933594,21.489168167114258,38.30880355834961,64.83712768554688,1,1,1,1,1,1,1,1,1,1
12_jpg.rf.66481fee63aecfb61217e34b5acf5c71.jpg,train,135.6827392578125,130.3299102783203,126.00921630859375,56.428367614746094,55.98781204223633,55.79281997680664,30.583465576171875,24.368377685546875,135.88360595703125,46.188934326171875,37.7530403137207,56.470802307128906,1,1,1,1,1,1,1,1,1,1
IMG_3907_png_jpg.rf.662804ee85d34d400cca5ac4d1c775f6.jpg,train,131.1725311279297,115.35749816894531,99.3851318359375,65.3244857788086,66.29298400878906,68.85807800292969,24.41552734375,85.01361083984375,132.4585418701172,25.144357681274414,72.99193572998047,66.2529067993164,1,1,1,1,1,1,1,1,1,1
29_jpg.rf.6630406e8120d75df6a906ab956fb391.jpg,train,126.40383911132812,127.72846984863281,129.36175537109375,73.9450912475586,74.91466522216797,73.32614135742188,94.21095275878906,28.268630981445312,130.71884155273438,37.87855529785156,54.91318893432617,74.43948364257812,1,1,1,1,1,1,1,1,1,1
IMG_3903_png_jpg.rf.661804ce34df7b36a83aaad3a2d2ec44.jpg,train,112.0614013671875,113.25871276855469,123.05987548828125,60.57611083984375,61.76302719116211,65.00186157226562,108.20651245117188,33.00126647949219,124.84915161132812,33.888126373291016,29.541492462158203,64.93620300292969,1,1,1,1,1,1,1,1,1,1
IMG_3015_png_jpg.rf.6425eb6b7014cb23191e3dc898a9f041.jpg,train,49.61482238769531,49.47491455078125,48.53507995605469,46.23818588256836,46.289920806884766,44.4891242980957,63.16685485839844,33.96803283691406,51.53965759277344,53.37527084350586,41.8946647644043,46.89316940307617,1,1,1,1,1,1,1,1,1,1
IMG_3561_png_jpg.rf.65f1893d05a159523599e12b47592f50.jpg,train,93.16636657714844,84.29298400878906,76.98484802246094,77.42823791503906,68.6580581665039,65.73267364501953,28.34423828125,32.6943359375,93.78468322753906,39.05517578125,46.27118682861328,77.48303985595703,1,1,1,1,1,1,1,1,1,1
IMG_3728_png_jpg.rf.633256910e1365fbdae70a88e1105f31.jpg,train,148.39959716796875,144.24147033691406,135.6335906982422,77.80923461914062,77.3046875,77.20335388183594,24.856719970703125,37.92640686035156,148.6774139404297,14.709311485290527,52.03141784667969,77.72665405273438,1,1,1,1,1,1,1,1,1,1
IMG_3028_png_jpg.rf.668714248655de4037be3f2691bd05ff.jpg,train,137.75106811523438,64.14608764648438,147.08111572265625,69.30435943603516,41.379981994628906,84.79878234863281,103.26348876953125,138.12567138671875,152.79689025878906,60.94709014892578,69.75460815429688,79.30840301513672,1,1,1,1,1,1,1,1,1,1
IMG_3881_png_jpg.rf.63be7f39a4722f6d4ddff067c5feea7c.jpg,train,93.56941223144531,94.17121887207031,74.6884765625,66.8677978515625,63.334903717041016,64.73777770996094,43.886138916015625,101.95123291015625,99.40815734863281,33.52949142456055,81.76756286621094,66.20661163330078,1,1,1,1,1,1,1,1,1,1
IMG_3635_png_jpg.rf.664a8f10615c9b2909c4638ece544333.jpg,train,104.35939025878906,119.931884765625,117.88661193847656,52.27313232421875,58.6213264465332,67.4585189819336,69.26461791992188,76.09170532226562,131.21861267089844,42.97251510620117,53.541908264160156,64.69255065917969,1,1,1,1,1,1,1,1,1,1
IMG_3859_png_jpg.rf.669ac1ec09e8a8818f24cc551a52cf90.jpg,train,136.70223999023438,116.4368896484375,89.96209716796875,54.9387321472168,54.49010467529297,55.54484176635742,45.38978576660156,108.88723754882812,137.7670135498047,55.21644973754883,54.600341796875,55.95359802246094,1,1,1,1,1,1,1,1,1,1
IMG_3030_png_jpg.rf.6323c70119f281401137390b030c5c76.jpg,train,132.4629669189453,186.0542755126953,176.05528259277344,45.363563537597656,56.6440315246582,55.073890686035156,84.36027526855469,76.54649353027344,186.99276733398438,17.30970001220703,18.28229331970215,55.712215423583984,1,1,1,1,1,1,1,1,1,1
14_jpg.rf.669ab08fd36b91fc5bb5469ae1d5187d.jpg,train,158.73179626464844,123.43540954589844,89.48243713378906,51.564292907714844,53.300559997558594,50.894229888916016,17.178054809570312,122.98562622070312,159.1133575439453,15.380252838134766,54.33002853393555,51.00579833984375,1,1,1,1,1,1,1,1,1,1
IMG_3972_png_jpg.rf.6436f6f7a24e5b50116568fe02193583.jpg,train,111.8184814453125,109.92222595214844,104.08976745605469,41.36817932128906,40.02102279663086,38.42383575439453,24.44061279296875,18.274383544921875,111.98338317871094,11.874308586120605,17.679515838623047,41.54338455200195,1,1,1,1,1,1,1,1,1,1
IMG_3926_png_jpg.rf.66f6de0f6233ecf8d4f90434c77a572d.jpg,train,119.91940307617188,111.33773803710938,86.20669555664062,59.99443435668945,57.61331558227539,55.722862243652344,31.498260498046875,95.62985229492188,123.17648315429688,30.52968978881836,51.66188430786133,60.46827697753906,1,1,1,1,1,1,1,1,1,1
IMG_3761_png_jpg.rf.6312fae511094af97f5dd0241fe28b07.jpg,train,60.292205810546875,57.82575988769531,49.68019104003906,62.91191482543945,61.26829147338867,57.214725494384766,24.871780395507812,51.54127502441406,60.91282653808594,23.23386573791504,39.64521026611328,63.313751220703125,1,1,1,1,1,1,1,1,1,1
IMG_3007_png_jpg.rf.66d05313c0ac90aca2098e78b37796b4.jpg,train,68.88262939453125,68.60035705566406,66.90357971191406,41.761322021484375,42.93308639526367,42.27543640136719,46.34934997558594,16.684158325195312,70.19035339355469,52.760616302490234,16.570674896240234,43.64960479736328,1,1,1,1,1,1,1,1,1,1
IMG_3743_png_jpg.rf.67894076bc6036cf1276ed24850a3aae.jpg,train,95.40164184570312,92.64848327636719,99.60957336425781,76.31792449951172,75.1869125366211,59.59560012817383,78.94612121582031,91.77413940429688,112.60765075683594,47.70492935180664,72.36893463134766,68.6185531616211,1,1,1,1,1,1,1,1,1,1
IMG_3742_png_jpg.rf.66a8bedcb22565a5411b9824c1b572e1.jpg,train,103.37649536132812,101.68412780761719,107.324951171875,67.471435546875,58.56669235229492,54.90694046020508,66.06326293945312,84.86763000488281,122.93215942382812,48.39365768432617,60.79542541503906,59.91206359863281,1,1,1,1,1,1,1,1,1,1
IMG_3703_png_jpg.rf.673dab156871364e0c9c2ddf2c0581b2.jpg,train,100.94267272949219,87.361328125,73.68888854980469,70.98627471923828,67.08915710449219,63.57939910888672,32.91748046875,85.04449462890625,102.04945373535156,37.692073822021484,68.05654907226562,71.77336883544922,1,1,1,1,1,1,1,1,1,1
IMG_3602_png_jpg.rf.635c5f779a58009bcd01bde6cf91af5b.jpg,train,109.94657897949219,104.42710876464844,93.77220153808594,50.8347282409668,50.171791076660156,49.87250518798828,27.982681274414062,50.776519775390625,110.69100952148438,18.996559143066406,61.605587005615234,50.809967041015625,1,1,1,1,1,1,1,1,1,1
IMG_3563_png_jpg.rf.67cf65d4249c1abb455df5e4330d31fa.jpg,train,64.75074768066406,58.21015930175781,36.50251770019531,72.78189849853516,64.80713653564453,53.177978515625,30.360214233398438,74.01931762695312,66.29083251953125,35.16351318359375,83.67435455322266,73.40507507324219,1,1,1,1,1,1,1,1,1,1
IMG_3973_png_jpg.rf.67144c98e1d798c1186f9f395e88a79c.jpg,train,61.06207275390625,59.904510498046875,51.54856872558594,46.02023696899414,43.00959014892578,38.269203186035156,28.990936279296875,44.8685302734375,61.64735412597656,12.252848625183105,43.704341888427734,46.2060546875,1,1,1,1,1,1,1,1,1,1
IMG_3839_png_jpg.rf.63ed7366dafcaac63f03fc8a79e879a0.jpg,train,136.9105987548828,131.54893493652344,101.25149536132812,66.57543182373047,62.361053466796875,61.530540466308594,41.301177978515625,81.36489868164062,141.7222900390625,39.7361946105957,70.20521545410156,66.19329833984375,1,1,1,1,0,1,1,1,1,1
IMG_3595_png_jpg.rf.66dc48ee75eb33156c93c8615f4d9af3.jpg,train,180.98355102539062,168.13609313964844,160.60658264160156,61.769474029541016,69.06297302246094,72.57868957519531,11.861236572265625,48.55462646484375,181.1761016845703,10.578110694885254,64.74330139160156,61.76707077026367,1,1,1,1,1,1,1,1,1,1
IMG_3844_png_jpg.rf.67b111afb3fa7d949f39cb106a80eda7.jpg,train,137.64292907714844,131.4019012451172,118.18733215332031,56.243385314941406,58.764251708984375,59.45439147949219,22.993682861328125,49.571868896484375,138.0300750732422,14.852590560913086,49.85784912109375,56.582847595214844,1,1,1,1,1,1,1,1,1,1
IMG_3615_png_jpg.rf.67eb20fc0c685ed47168de537e7a106a.jpg,train,114.16751098632812,105.37968444824219,98.54841613769531,74.59512329101562,73.86038970947266,69.97569274902344,29.167373657226562,86.36215209960938,120.04925537109375,34.6746711730957,85.47396087646484,69.19029998779297,1,1,1,1,1,1,1,1,1,1
IMG_3677_png_jpg.rf.681be1c528a35b530dd326fae187f94f.jpg,train,52.70318603515625,101.63957214355469,159.30703735351562,65.93387603759766,47.99300003051758,30.124366760253906,99.16969299316406,187.91073608398438,162.95521545410156,23.678319931030273,60.20655059814453,34.72858810424805,1,1,1,1,1,1,1,1,1,1
IMG_3021_png_jpg.rf.674067074099832169b90844d120df7d.jpg,train,59.40240478515625,53.789794921875,51.545257568359375,52.8223876953125,54.11454391479492,52.632232666015625,23.611846923828125,70.34638977050781,59.67372131347656,45.416717529296875,79.62128448486328,53.409950256347656,1,1,1,1,1,1,1,1,1,1
IMG_3646_png_jpg.rf.67b17c8c2f565416577213d630bea55d.jpg,train,112.84129333496094,67.00392150878906,54.26200866699219,66.61476135253906,61.80841827392578,56.65842056274414,18.868911743164062,148.74562072753906,113.50395202636719,29.078838348388672,81.76788330078125,66.8072738647461,1,1,1,1,1,1,1,1,1,1
IMG_3766_png_jpg.rf.6750e9e79639f41a5dbc4c7e90f74f3d.jpg,train,68.0469970703125,63.071197509765625,53.38047790527344,60.05009078979492,57.36947250366211,53.12135696411133,21.195465087890625,77.63716125488281,68.54762268066406,21.781600952148438,71.61762237548828,60.521026611328125,1,1,1,1,1,1,1,1,1,1
IMG_3872_png_jpg.rf.630f6ab1abfe34d3af081f0aed96c635.jpg,train,105.2303466796875,90.62828063964844,56.562042236328125,30.220003128051758,45.62792205810547,63.607398986816406,30.440383911132812,156.00120544433594,111.46099853515625,29.852937698364258,65.81989288330078,43.84933853149414,1,1,1,1,1,1,1,1,1,1
4_jpg.rf.682a53b0e43455bb58e195c812335144.jpg,train,185.6837921142578,164.33102416992188,147.15599060058594,59.19626235961914,65.73152923583984,62.20886993408203,26.881622314453125,67.84803771972656,187.67816162109375,36.921669006347656,63.70662307739258,55.839473724365234,1,1,1,1,1,1,1,1,1,1
IMG_3782_png_jpg.rf.689c27204518abab35b04a49e815ac28.jpg,train,87.02011108398438,84.1597900390625,55.57049560546875,73.04835510253906,71.14895629882812,64.32152557373047,35.510986328125,147.61932373046875,92.69685363769531,31.785083770751953,85.53469848632812,73.4416732788086,1,1,1,1,1,1,1,1,1,1
IMG_3808_png_jpg.rf.6892bc9693add57e849945f4d491d98d.jpg,train,90.27229309082031,82.99166870117188,72.46443176269531,64.20088958740234,62.292232513427734,59.55476760864258,22.439376831054688,70.99006652832031,91.25022888183594,23.618886947631836,54.086238861083984,64.09632110595703,1,1,1,1,1,1,1,1,1,1
12_jpg.rf.681c931cdee9e0f7dea2045c936fda5a.jpg,train,152.64305114746094,152.35040283203125,147.61241149902344,65.50257110595703,65.8102798461914,64.72071838378906,29.35693359375,9.881805419921875,153.2689971923828,25.501075744628906,17.472455978393555,65.74614715576172,1,1,1,1,1,1,1,1,1,1
IMG_3572_png_jpg.rf.6847a0971270715a02c1005dd2b8feff.jpg,train,159.7530975341797,162.1883087158203,158.46286010742188,84.55579376220703,82.93799591064453,81.53028106689453,47.41926574707031,14.420684814453125,163.81497192382812,36.201255798339844,21.549619674682617,83.3504638671875,1,1,1,1,1,1,1,1,1,1
IMG_3009_png_jpg.rf.685586ab1696e06727871c93f4db0e26.jpg,train,99.63848876953125,93.74819946289062,92.03964233398438,50.741519927978516,49.65823745727539,46.71601104736328,28.495834350585938,26.020553588867188,101.03370666503906,43.97267532348633,16.116395950317383,50.47874450683594,1,1,1,1,1,1,1,1,1,1
30_jpg.rf.68c70a02da614f65cc569dd28b7d628e.jpg,train,114.83403015136719,112.91786193847656,102.30047607421875,58.671722412109375,57.52842330932617,53.38258743286133,26.685745239257812,32.010589599609375,115.63185119628906,16.27998161315918,38.85010528564453,59.16777420043945,1,1,1,1,1,1,1,1,1,1
15_jpg.rf.6343290d72ac22f908330f237cbead1f.jpg,train,147.0474090576172,109.39607238769531,92.24925231933594,45.48539352416992,43.762752532958984,41.8206901550293,9.441452026367188,102.66096496582031,147.15713500976562,6.147042274475098,32.497833251953125,45.52003860473633,1,1,1,1,1,1,1,1,1,1
IMG_3786_png_jpg.rf.643fd16ff6eb7977c9e2b958c414760e.jpg,train,87.993896484375,78.51641845703125,64.76962280273438,63.2453727722168,62.57434844970703,59.941471099853516,38.21873474121094,93.3492431640625,92.00465393066406,50.71497344970703,48.09858322143555,66.54337310791016,1,1,1,1,1,1,1,1,1,1
IMG_3580_png_jpg.rf.69b500bfdd1c720eebfc2c957c814011.jpg,train,170.57601928710938,161.47593688964844,144.25860595703125,53.05965042114258,52.585044860839844,52.04230880737305,21.71002197265625,43.86845397949219,170.8170928955078,15.015912055969238,23.49985694885254,53.06267547607422,1,1,1,1,1,1,1,1,1,1
IMG_3747_png_jpg.rf.69078958cdd26ca38e6552d1d2eb15b8.jpg,train,187.50146484375,164.60574340820312,160.38430786132812,53.74266052246094,65.5444107055664,64.18878936767578,48.60496520996094,46.64189147949219,187.68045043945312,69.06995391845703,33.766876220703125,53.82715606689453,1,1,1,1,1,1,1,1,1,1
IMG_3689_png_jpg.rf.68f4ac8b1a44fe22ca0fc02ea817ec9c.jpg,train,148.35557556152344,143.67782592773438,134.2888946533203,53.83856201171875,55.74617004394531,57.23068618774414,22.271377563476562,37.669586181640625,148.73487854003906,14.416887283325195,53.30698013305664,53.748870849609375,1,1,1,1,1,1,1,1,1,1
IMG_3757_png_jpg.rf.64165dca772118eae34f2a6d43908f39.jpg,train,82.08438110351562,79.97140502929688,73.72732543945312,58.64027786254883,57.15462112426758,54.55961227416992,25.227874755859375,34.72843933105469,82.576904296875,19.091880798339844,30.685745239257812,58.97264099121094,1,1,1,1,1,1,1,1,1,1
IMG_3849_png_jpg.rf.69bf98c45d14baebdbd759095bbe50f9.jpg,train,100.01188659667969,99.19639587402344,91.01268005371094,71.1290512084961,67.44573974609375,61.30582809448242,31.332733154296875,24.226715087890625,101.21870422363281,19.287410736083984,25.581621170043945,70.85824584960938,1,1,1,1,1,1,1,1,1,1
IMG_3782_png_jpg.rf.69105e0684afe8c0d1a045e896285256.jpg,train,97.81564331054688,92.04959106445312,66.36849975585938,73.65033721923828,70.74253845214844,67.14139556884766,29.807327270507812,131.44015502929688,101.02296447753906,24.907264709472656,73.58602142333984,73.85343170166016,1,1,1,1,1,1,1,1,1,1
29_jpg.rf.68e604b31774bbc99ff7c08fb1b83299.jpg,train,115.89666748046875,117.51316833496094,119.42176818847656,79.12994384765625,80.13794708251953,80.24436950683594,79.51242065429688,22.303070068359375,121.61065673828125,50.600894927978516,46.10319137573242,81.61156463623047,1,1,1,1,1,1,1,1,1,1
25_jpg.rf.68e7efb23cc46f10575737504b2e2596.jpg,train,32.76861572265625,31.942245483398438,40.40870666503906,59.291656494140625,60.22657012939453,62.36308288574219,66.35162353515625,83.80746459960938,42.43235778808594,60.42841339111328,97.28816986083984,65.79986572265625,1,1,1,1,1,1,1,1,1,1
29_jpg.rf.69f5fc9326fca120fd7610dc2d9ca7a7.jpg,train,78.41954040527344,80.35943603515625,80.95257568359375,64.3360595703125,65.0511703491211,64.9552993774414,67.65870666503906,18.42120361328125,83.02191162109375,49.99042510986328,32.81903076171875,67.02561950683594,1,1,1,1,1,1,1,1,1,1
IMG_2986_png_jpg.rf.6a152b6aadfd2f10e011e3362eef2f69.jpg,train,55.13201904296875,55.94544982910156,59.93696594238281,42.75536346435547,43.093868255615234,39.65242004394531,115.348388671875,48.56794738769531,60.95753479003906,19.01420021057129,53.430908203125,42.97066116333008,1,1,1,1,1,1,1,1,1,1
IMG_3564_png_jpg.rf.68ac6d1f0b4cf2a73f856e2eba646ff7.jpg,train,127.31028747558594,125.75869750976562,114.33267211914062,70.0190658569336,69.46776580810547,73.37687683105469,47.55735778808594,39.390106201171875,129.4925994873047,38.509613037109375,62.40591812133789,70.97637939453125,1,1,1,1,1,1,1,1,1,1
IMG_3887_png_jpg.rf.62b23d20309e9143770b39466c5e263e.jpg,train,133.361083984375,131.1494140625,123.84646606445312,55.249996185302734,55.3004035949707,54.35286331176758,32.22430419921875,23.736160278320312,134.1315155029297,33.16318130493164,41.72801971435547,55.40418243408203,1,1,1,1,1,1,1,1,1,1
IMG_3598_png_jpg.rf.638edd44753ec4c8988957e624dcaccd.jpg,train,119.5308837890625,111.10377502441406,89.45204162597656,76.1379623413086,80.8913803100586,86.84856414794922,22.890151977539062,97.76071166992188,119.97099304199219,9.883098602294922,56.812129974365234,76.64706420898438,1,1,1,1,1,1,1,1,1,1
IMG_3842_png_jpg.rf.683abb87a195ab78825decefc8b8812b.jpg,train,163.91383361816406,154.30368041992188,147.4360809326172,57.04774475097656,57.8690071105957,57.51325988769531,18.368972778320312,28.921920776367188,164.0951690673828,19.824697494506836,31.4880428314209,57.0562744140625,1,1,1,1,1,1,1,1,1,1
25_jpg.rf.6a22f6b436e4d2919d7157ec76751983.jpg,train,43.21685791015625,44.44322204589844,58.18504333496094,63.668094635009766,65.30631256103516,68.2153091430664,73.18614196777344,81.27110290527344,60.833770751953125,56.75150680541992,81.00006103515625,71.44478607177734,1,1,1,1,1,1,1,1,1,1
IMG_3635_png_jpg.rf.6375d4cd57a0d496946d11280eaea78b.jpg,train,68.85090637207031,93.06437683105469,83.9896240234375,49.34959030151367,65.71985626220703,66.64527130126953,58.09361267089844,124.93617248535156,102.978515625,43.722354888916016,77.61064910888672,64.35087585449219,1,1,1,1,1,1,1,1,1,1
IMG_3013_png_jpg.rf.6aa941e227ac11286d07c8653571daca.jpg,train,35.71763610839844,35.31715393066406,34.19776916503906,46.44477462768555,46.143470764160156,43.36848831176758,55.999267578125,38.03875732421875,37.104156494140625,54.498966217041016,47.25523376464844,47.1783447265625,1,1,1,1,1,1,1,1,1,1
IMG_3874_png_jpg.rf.6a84978d6aa66659fcea49b4ca6771cc.jpg,train,156.6966094970703,150.89999389648438,110.71241760253906,29.18168830871582,33.1365852355957,45.06065368652344,35.76002502441406,85.84907531738281,159.98191833496094,31.441417694091797,34.116477966308594,33.8068733215332,1,1,1,1,1,1,1,1,1,1
IMG_3660_png_jpg.rf.6ae17b3e68fe78d01de344af34d7136e.jpg,train,125.23674011230469,85.29653930664062,57.44694519042969,42.29534149169922,53.74177169799805,61.81574249267578,27.092742919921875,168.55496215820312,133.60113525390625,37.79169464111328,58.17762756347656,50.57326126098633,1,1,1,1,1,1,1,1,1,1
IMG_3856_png_jpg.rf.6b785424ac79392573a54a66a644d2dd.jpg,train,105.86051940917969,101.44595336914062,94.93844604492188,67.09222412109375,64.86979675292969,62.045989990234375,20.790725708007812,27.803558349609375,105.99407958984375,12.985454559326172,19.742494583129883,67.17012786865234,1,1,1,1,1,1,1,1,1,1
IMG_3812_png_jpg.rf.6aed8645280b3427e2786b35cd792ec1.jpg,train,135.3408966064453,130.24649047851562,108.55851745605469,63.33392333984375,56.66606140136719,66.94268798828125,47.75703430175781,78.64013671875,141.35052490234375,44.384857177734375,67.76502227783203,61.83396911621094,1,1,1,1,1,1,1,1,1,1
IMG_3709_png_jpg.rf.6af31828137036c364d9f9d19423ef34.jpg,train,105.71942138671875,100.84922790527344,93.15260314941406,67.18830871582031,58.211910247802734,50.80642318725586,68.04904174804688,63.23162841796875,113.37158203125,46.423702239990234,64.37321472167969,64.67256164550781,1,1,1,1,1,1,1,1,1,1
IMG_2997_png_jpg.rf.6aa49d2b302afda97ba092f2d3318c1b.jpg,train,127.45831298828125,130.67625427246094,134.38198852539062,49.542572021484375,50.2831916809082,51.48492431640625,98.91145324707031,16.923065185546875,135.5039520263672,26.554075241088867,17.090187072753906,52.01300048828125,1,1,1,1,1,1,1,1,1,1
IMG_3636_png_jpg.rf.6b1961f807feca6746caeb33ef8cfbf8.jpg,train,140.79586791992188,132.76487731933594,126.41053771972656,71.44683074951172,72.94451141357422,74.63458251953125,29.120697021484375,44.1600341796875,141.1725616455078,38.10610580444336,55.787017822265625,71.68695831298828,1,1,1,1,1,1,1,1,1,1
IMG_3632_png_jpg.rf.6ae13200692faaf3bdf10676b12078fb.jpg,train,101.74517822265625,122.75762939453125,119.05586242675781,54.854286193847656,63.53108596801758,71.41297912597656,63.27752685546875,81.31178283691406,133.52955627441406,43.29819869995117,50.852657318115234,68.29813385009766,1,1,1,1,1,1,1,1,1,1
32_jpg.rf.6a96ec4a5233b0e31e81ba68d3a0c5e9.jpg,train,140.15785217285156,137.80740356445312,133.8079833984375,59.35947036743164,57.23847961425781,55.70491409301758,19.97711181640625,9.532562255859375,140.3782196044922,31.807371139526367,21.824947357177734,59.39948654174805,1,1,1,1,1,1,1,1,1,1
IMG_3786_png_jpg.rf.6b4d7782b70ab36d9d4309a86ec99961.jpg,train,63.28204345703125,55.33683776855469,40.09425354003906,65.56102752685547,62.39503479003906,58.84423065185547,29.9730224609375,136.83670043945312,67.44056701660156,42.27312088012695,98.98560333251953,68.86288452148438,1,1,1,1,1,1,1,1,1,1
30_jpg.rf.6bf8eab0df452fd60286f1833e28a720.jpg,train,131.8806610107422,128.88943481445312,120.7528076171875,56.16444778442383,54.40079879760742,52.296173095703125,24.604339599609375,22.495742797851562,132.47216796875,21.171127319335938,28.561355590820312,56.58929443359375,1,1,1,1,1,1,1,1,1,1
30_jpg.rf.6b2bff119aca372f1cd87f9a97673072.jpg,train,114.83430480957031,112.9139404296875,102.30134582519531,58.67262649536133,57.521366119384766,53.37466049194336,26.66204833984375,32.00614929199219,115.63067626953125,16.236957550048828,38.837459564208984,59.167030334472656,1,1,1,1,1,1,1,1,1,1
IMG_3615_png_jpg.rf.6b9f205dd2464375cae703b0a5eb8968.jpg,train,176.9471435546875,170.8495635986328,165.96908569335938,86.68584442138672,85.93366241455078,85.59205627441406,24.808746337890625,49.42784118652344,185.2147674560547,34.95233154296875,59.09979248046875,78.5931625366211,1,1,1,1,1,1,1,1,1,1
IMG_3583_png_jpg.rf.6c08ad6ace9bdbcdc047f3006ffb08ba.jpg,train,148.44552612304688,136.49017333984375,116.36357116699219,78.55432891845703,72.83025360107422,65.61602783203125,23.475570678710938,67.202392578125,149.0985107421875,18.470766067504883,38.9606819152832,77.95870971679688,1,1,1,1,1,1,1,1,1,1
IMG_3662_png_jpg.rf.64c2b001ceddedd8a2f99a8b279932b6.jpg,train,107.54246520996094,72.40757751464844,51.376708984375,38.57830047607422,52.699607849121094,59.495941162109375,26.12139892578125,170.7135772705078,114.44841003417969,39.96034240722656,62.62099838256836,48.76899719238281,1,1,1,1,1,1,1,1,1,1
IMG_3673_png_jpg.rf.6c2274587d37a5c0111dc4e069e9a7c5.jpg,train,135.2698211669922,133.9113006591797,129.5215301513672,67.51649475097656,66.02693939208984,63.9786491394043,64.82322692871094,25.37158203125,138.79937744140625,41.3696174621582,30.82573699951172,67.32283782958984,1,1,1,1,1,1,1,1,1,1
IMG_3879_png_jpg.rf.6c294b1e27415c1e8526bfcab716fbae.jpg,train,122.920654296875,106.9774169921875,72.71014404296875,32.303558349609375,42.16514587402344,54.676025390625,27.223556518554688,124.28746032714844,126.53436279296875,26.35818099975586,46.66482925415039,39.947879791259766,1,1,1,1,1,1,1,1,1,1
IMG_3644_png_jpg.rf.6b8e6d128759f7675ac81ffc06d35921.jpg,train,123.3260498046875,41.25315856933594,58.876708984375,64.14087677001953,54.82667541503906,50.4695930480957,123.60353088378906,171.7794952392578,124.41230773925781,69.4164047241211,95.32280731201172,64.43683624267578,1,1,1,1,1,1,1,1,1,1
IMG_3570_png_jpg.rf.6c796d68b9cf22b2c61c5726e81ca6ee.jpg,train,152.5382080078125,156.90750122070312,148.77215576171875,83.47896575927734,77.52228546142578,74.30390930175781,55.32550048828125,38.36799621582031,161.17941284179688,37.15196990966797,49.24983596801758,78.2744140625,1,1,1,1,1,1,1,1,1,1
IMG_3856_png_jpg.rf.6cada160143cabc0f73aaa09ab71196f.jpg,train,74.14649963378906,67.42086791992188,61.35691833496094,68.3338851928711,63.674652099609375,59.98185348510742,18.567672729492188,59.514556884765625,74.29452514648438,14.125086784362793,38.13376235961914,68.52014923095703,1,1,1,1,1,1,1,1,1,1
IMG_3905_png_jpg.rf.6c3033a2108b4d2c734d02e1de7f4051.jpg,train,82.30390930175781,84.81607055664062,90.21473693847656,53.80605697631836,55.60220718383789,58.08254623413086,97.11613464355469,30.9951171875,91.75242614746094,38.929466247558594,35.015167236328125,58.39458084106445,1,1,1,1,1,1,1,1,1,1
IMG_3569_png_jpg.rf.6c7aee83d075363327564c060d0ba594.jpg,train,186.86593627929688,191.3930206298828,184.634033203125,75.20953369140625,69.4643325805664,67.50410461425781,50.821075439453125,25.118484497070312,194.78237915039062,35.01927947998047,34.28490447998047,68.88145446777344,1,1,1,1,1,1,1,1,1,1
IMG_3003_png_jpg.rf.6b73f14eceb03666f8dc8ed1459adc0d.jpg,train,87.97679138183594,89.07847595214844,88.09375,43.20998764038086,44.81874465942383,43.59385681152344,35.067108154296875,5.87091064453125,89.53643798828125,44.118560791015625,21.519487380981445,45.44921875,1,1,1,1,1,1,1,1,1,1
IMG_3664_png_jpg.rf.6c2e7c67da795036c8d7e8e9485595bc.jpg,train,157.5242462158203,143.70401000976562,132.6466064453125,81.64215850830078,85.3304672241211,88.10099792480469,37.99296569824219,76.15359497070312,160.88446044921875,43.10306167602539,75.43163299560547,79.8206787109375,1,1,1,1,1,1,1,1,1,1
IMG_3921_png_jpg.rf.6d57060d2d76f456c88467f608cb4385.jpg,train,171.70082092285156,166.99510192871094,95.86123657226562,53.072975158691406,54.62479782104492,52.55323791503906,28.794235229492188,125.58763122558594,172.01243591308594,9.841297149658203,43.86857223510742,53.15424346923828,1,1,1,1,1,1,1,1,1,1
IMG_3687_png_jpg.rf.6d2cb9a318a9317a55c9727e779142de.jpg,train,118.37359619140625,118.073486328125,106.67294311523438,51.076011657714844,51.03012466430664,48.89773941040039,30.181137084960938,28.849502563476562,118.84971618652344,11.343191146850586,17.786468505859375,51.287845611572266,1,1,1,1,1,1,1,1,1,1
IMG_3605_png_jpg.rf.6b1096749f97ff60a50010ccf687eae6.jpg,train,136.02540588378906,135.57052612304688,125.80682373046875,49.36354064941406,48.734336853027344,48.34798049926758,29.684173583984375,27.831192016601562,136.65797424316406,10.681112289428711,37.84634780883789,49.28611373901367,1,1,1,1,1,1,1,1,1,1
IMG_3880_png_jpg.rf.6c35e83f6babcc0c3e0cceb7ed326184.jpg,train,123.49803161621094,98.03640747070312,72.49899291992188,27.43434715270996,42.783348083496094,51.9859504699707,23.563232421875,125.28251647949219,128.51800537109375,29.24698257446289,44.57154846191406,37.50358963012695,1,1,1,1,1,1,1,1,1,1
IMG_3583_png_jpg.rf.6d8c8c5008b8fcdfcdcbd0e464a25ef1.jpg,train,149.30715942382812,137.8839569091797,125.12208557128906,76.40048217773438,71.38463592529297,66.61231231689453,20.270950317382812,49.72120666503906,149.8269805908203,18.621320724487305,30.444730758666992,75.89891815185547,1,1,1,1,1,1,1,1,1,1
IMG_3026_png_jpg.rf.6d937c2cc4776427927945ae3ba764ad.jpg,train,129.21514892578125,73.92945861816406,145.22183227539062,56.93965148925781,44.45976638793945,72.71968841552734,111.69175720214844,134.4540557861328,149.64669799804688,55.05789566040039,53.46758270263672,67.69941711425781,1,1,1,1,1,1,1,1,1,1
IMG_3651_png_jpg.rf.6dcc2915c2137edb1089a51fa569c26f.jpg,train,165.53858947753906,147.77452087402344,119.90809631347656,57.679107666015625,56.009918212890625,54.84671401977539,20.000518798828125,85.97247314453125,165.73341369628906,13.673290252685547,51.991790771484375,57.72356414794922,1,1,1,1,1,1,1,1,1,1
IMG_3942_png_jpg.rf.6dfa226f48638b1818a58ddae9b5d196.jpg,train,169.51548767089844,166.12583923339844,157.2720489501953,60.1361198425293,57.32768249511719,63.794456481933594,37.92634582519531,30.444290161132812,171.94491577148438,38.765052795410156,40.663116455078125,59.048587799072266,1,1,1,1,1,1,1,1,1,1
IMG_2981_png_jpg.rf.6e3a2ea1a319ec8eeefb38a971e09466.jpg,train,83.866943359375,69.64006042480469,52.616607666015625,35.87334442138672,47.121524810791016,47.4304084777832,26.001296997070312,128.4412384033203,87.85154724121094,33.0670051574707,57.809669494628906,43.5463752746582,1,1,1,1,1,1,1,1,1,1
12_jpg.rf.6e4bc1edd0b294a465ffd081df7196df.jpg,train,203.16168212890625,202.87689208984375,195.60382080078125,57.61867141723633,58.48228454589844,59.50605010986328,33.440673828125,13.32269287109375,204.17678833007812,29.144302368164062,21.045944213867188,57.713401794433594,1,1,1,1,1,1,1,1,1,1
IMG_3698_png_jpg.rf.6e8840010e801fb0c78d3d684acb8293.jpg,train,102.68382263183594,87.20480346679688,77.99024963378906,80.23179626464844,70.98820495605469,66.39097595214844,31.384048461914062,71.5626220703125,106.14553833007812,46.48639678955078,80.63052368164062,82.29271697998047,1,1,1,1,1,1,1,1,1,1
IMG_3587_png_jpg.rf.6eb1e67ac79f315dbb760dad18957950.jpg,train,52.55668640136719,39.5361328125,35.94615173339844,51.90569305419922,51.999412536621094,48.08292770385742,18.717727661132812,120.14474487304688,52.868804931640625,40.835201263427734,79.8849868774414,52.50566101074219,1,1,1,1,1,1,1,1,1,1
IMG_3612_png_jpg.rf.6ea03af6d737aba34ac8528f6656abe5.jpg,train,140.78346252441406,136.8240509033203,129.97921752929688,82.2439956665039,81.78134155273438,78.9387435913086,31.9173583984375,58.16932678222656,145.99310302734375,32.995418548583984,73.84565734863281,76.95402526855469,1,1,1,1,1,1,1,1,1,1
IMG_3592_png_jpg.rf.6e3b714c893de67faed06a5ea02b1155.jpg,train,68.06694030761719,56.558837890625,45.78993225097656,54.09024429321289,55.223655700683594,52.20851516723633,17.57696533203125,107.50392150878906,68.68983459472656,19.56848907470703,48.53204345703125,55.394676208496094,1,1,1,1,1,1,1,1,1,1
IMG_3666_png_jpg.rf.6f795da30ce47d1e4aab599921b16ef2.jpg,train,182.98057556152344,174.14085388183594,167.791748046875,73.35582733154297,76.4524917602539,79.91480255126953,32.669342041015625,35.63902282714844,185.08485412597656,44.62131881713867,39.3323974609375,72.2857894897461,1,1,1,1,1,1,1,1,1,1
IMG_2986_png_jpg.rf.6f395936888752808977f534d283e398.jpg,train,16.231536865234375,16.097640991210938,18.556594848632812,33.85757827758789,35.115177154541016,30.6566219329834,89.85511779785156,62.02128601074219,19.755126953125,55.14235305786133,53.7349853515625,35.222564697265625,1,1,1,1,1,1,1,1,1,1
IMG_3859_png_jpg.rf.6f3c493a26a522ddbc328faa029803a3.jpg,train,144.60931396484375,133.8587646484375,90.38790893554688,56.775211334228516,57.41294479370117,55.52543258666992,45.67529296875,109.97579956054688,145.35743713378906,49.9233512878418,46.1298942565918,57.35397720336914,1,1,1,1,1,1,1,1,1,1
IMG_3733_png_jpg.rf.701ea98db64d4d6cfa83bf9b67784210.jpg,train,145.85385131835938,145.5745391845703,133.6827850341797,61.823486328125,61.86603546142578,63.35708236694336,30.962112426757812,38.67341613769531,147.0421600341797,14.650482177734375,54.01812744140625,61.548545837402344,1,1,1,1,1,1,1,1,1,1
IMG_3707_png_jpg.rf.6f6c2af6b2d04484284ea3c12f8d20e4.jpg,train,87.29533386230469,76.72543334960938,58.08404541015625,69.33240509033203,56.88608932495117,46.64674758911133,43.42716979980469,77.12197875976562,90.26679992675781,40.74732208251953,74.99766540527344,68.45040130615234,1,1,1,1,1,1,1,1,1,1
31_jpg.rf.703739344321e161d36d261d14898a99.jpg,train,124.37458801269531,125.4111328125,119.28024291992188,57.83364486694336,58.59736251831055,54.93393325805664,28.8287353515625,12.467147827148438,125.87202453613281,29.31374740600586,22.877809524536133,58.86993408203125,1,1,1,1,1,1,1,1,1,1
IMG_3627_png_jpg.rf.6e40dfc0d6cabf3ba3e8b321f1557e8e.jpg,train,144.2447967529297,117.16120910644531,70.55790710449219,59.46111297607422,55.15311050415039,61.759613037109375,33.92889404296875,150.9495849609375,150.0892333984375,35.59223556518555,73.19995880126953,59.35643768310547,1,1,1,1,1,1,1,1,1,1
IMG_3920_png_jpg.rf.70ca254188a6acfcd74f0c2bfd4c3d9a.jpg,train,170.04229736328125,145.26809692382812,82.22064208984375,51.52439498901367,54.18862533569336,47.72972869873047,23.75518798828125,143.97164916992188,170.2190399169922,19.40644645690918,46.18445587158203,51.499568939208984,1,1,1,1,1,1,1,1,1,1
14_jpg.rf.6f5bda07b67ac5b04a3703401a12b785.jpg,train,99.10621643066406,62.98805236816406,48.70832824707031,53.06143569946289,46.571563720703125,40.92057418823242,12.913711547851562,150.81239318847656,99.3004150390625,24.68821144104004,56.05567932128906,52.883941650390625,1,1,1,1,1,1,1,1,1,1
IMG_3633_png_jpg.rf.6f1a9ae225994dd6c3e57242e43f82a6.jpg,train,103.27885437011719,120.85015869140625,112.80648803710938,56.77265548706055,63.084800720214844,66.99345397949219,56.750823974609375,82.97953796386719,129.602783203125,45.18431091308594,56.69241714477539,65.3829116821289,1,1,1,1,1,1,1,1,1,1
IMG_3002_png_jpg.rf.715d531d0df840aa4b715487a6fe6402.jpg,train,54.18682861328125,61.72711181640625,76.14268493652344,37.39762878417969,38.08352279663086,34.74746322631836,107.64590454101562,86.62989807128906,76.91096496582031,16.79636001586914,33.320884704589844,37.18954849243164,1,1,1,1,1,1,1,1,1,1
IMG_3030_png_jpg.rf.6fb6f4b6c911ef3cfe2bb16e5cfb8978.jpg,train,109.04763793945312,180.98690795898438,188.56861877441406,46.689151763916016,59.78158950805664,63.98622512817383,91.57949829101562,109.86624145507812,191.03424072265625,18.417293548583984,30.13906478881836,62.52132034301758,1,1,1,1,1,1,1,1,1,1
IMG_3700_png_jpg.rf.70b7e106c960f54f6d3b5a2465a3ad20.jpg,train,106.79762268066406,90.31709289550781,78.7586669921875,80.26143646240234,72.29808807373047,67.50033569335938,36.0340576171875,85.44136047363281,110.46269226074219,47.552669525146484,84.74411010742188,82.70767974853516,1,1,1,1,1,1,1,1,1,1
IMG_3640_png_jpg.rf.7045bbbd197e412916f5b21a5be103ca.jpg,train,102.82196044921875,97.85752868652344,89.46998596191406,69.58839416503906,67.64727020263672,66.4670181274414,30.97186279296875,56.18170166015625,103.50814819335938,27.876333236694336,68.97077178955078,69.74298095703125,1,1,1,1,1,1,1,1,1,1
IMG_3637_png_jpg.rf.7013ab39dc99728e4d3cb2d9c6fed6ca.jpg,train,177.3874969482422,174.2175750732422,162.3412322998047,60.370643615722656,60.40933609008789,62.02953338623047,31.74114990234375,25.353958129882812,178.2806854248047,21.97858238220215,26.724637985229492,60.31560134887695,1,1,1,1,1,1,1,1,1,1
IMG_3736_png_jpg.rf.704f8347acc32f05580a113621bada6c.jpg,train,142.75025939941406,138.2245635986328,130.49334716796875,59.993839263916016,59.15166091918945,57.750431060791016,18.786270141601562,29.614730834960938,142.92176818847656,17.459869384765625,48.29043197631836,59.99264907836914,1,1,1,1,1,1,1,1,1,1
IMG_3888_png_jpg.rf.703848bce83cdfb685c34b04f688b9a0.jpg,train,99.4287109375,96.33534240722656,91.052734375,56.4382438659668,59.39230728149414,57.24844741821289,31.6094970703125,43.484161376953125,100.9390869140625,39.01042556762695,50.40523147583008,57.88246154785156,1,1,1,1,1,1,1,1,1,1
IMG_3958_png_jpg.rf.718ea881de7cec0ffd133ad70e66faba.jpg,train,138.786376953125,128.79188537597656,120.2095947265625,68.31365966796875,61.0246467590332,51.84125900268555,48.47395324707031,57.87567138671875,144.4746551513672,47.538448333740234,25.878110885620117,62.177181243896484,1,1,1,1,1,1,1,1,1,1
IMG_3558_png_jpg.rf.7028578ca28c67d620f2e948c6f25383.jpg,train,43.330596923828125,37.908599853515625,32.83781433105469,58.530670166015625,52.749366760253906,49.29335021972656,20.008209228515625,46.14109802246094,43.82524108886719,34.824974060058594,67.0953140258789,58.806148529052734,1,1,1,1,1,1,1,1,1,1
IMG_3785_png_jpg.rf.6ea887ef890bf028d50e6fb161a246c7.jpg,train,86.41380310058594,87.87168884277344,78.61872863769531,68.42053985595703,66.08111572265625,69.88031768798828,47.29380798339844,92.78140258789062,103.62008666992188,40.8511848449707,47.335914611816406,76.59616088867188,1,1,1,1,1,1,1,1,1,1
16_png_jpg.rf.721c9f79ff6e5a5cc2c7d10d07ed7961.jpg,train,137.7012176513672,116.64321899414062,101.79246520996094,54.91404724121094,56.41564178466797,56.467411041259766,17.510040283203125,87.04930114746094,138.59817504882812,24.48002052307129,56.859256744384766,55.80052947998047,1,1,1,1,1,1,1,1,1,1
IMG_3796_png_jpg.rf.7255438daf015bfb074346b4662ef79d.jpg,train,53.416595458984375,50.63336181640625,46.20416259765625,51.63178253173828,47.85560607910156,45.92026138305664,27.640731811523438,58.284912109375,54.031768798828125,25.7183895111084,62.403804779052734,52.18395233154297,1,1,1,1,1,1,1,1,1,1
IMG_3698_png_jpg.rf.71e243ec39a1ccddbd0549be1a17bee7.jpg,train,119.80484008789062,110.49543762207031,99.54425048828125,80.52172088623047,75.0887451171875,70.87261199951172,33.34730529785156,62.495880126953125,122.74421691894531,40.09749221801758,63.928104400634766,82.30023956298828,1,1,1,1,1,1,1,1,1,1
IMG_3621_png_jpg.rf.72e21f80dd9498872e585880339fcf8c.jpg,train,115.24095153808594,111.07398986816406,98.97425842285156,73.36336517333984,74.24652099609375,73.32062530517578,23.541702270507812,56.13087463378906,115.70228576660156,20.141132354736328,53.61723327636719,73.57136535644531,1,1,1,1,1,1,1,1,1,1
IMG_3676_png_jpg.rf.725f796bc31a80680b751dfd13903cf6.jpg,train,124.02302551269531,119.02253723144531,108.94160461425781,66.99467468261719,66.8133773803711,65.4663314819336,25.960037231445312,44.178497314453125,124.56771850585938,18.989765167236328,53.205833435058594,66.97091674804688,1,1,1,1,1,1,1,1,1,1
IMG_3617_png_jpg.rf.727ae3df85efec4da6d576fab628cecd.jpg,train,178.97987365722656,170.73146057128906,160.30995178222656,60.16173553466797,63.83753204345703,66.02740478515625,18.460723876953125,32.60383605957031,179.15113830566406,16.481014251708984,25.042661666870117,60.22141647338867,1,1,1,1,1,1,1,1,1,1
IMG_3763_png_jpg.rf.72742044a8671b8f1fbe3c94becb1d7c.jpg,train,43.21269226074219,41.0777587890625,21.61053466796875,49.28449630737305,46.71682357788086,40.76704788208008,28.9718017578125,162.4790496826172,45.39073181152344,28.30923080444336,85.7547607421875,50.333927154541016,1,1,1,1,1,1,1,1,1,1
IMG_3859_png_jpg.rf.737aaaffa30e8b47985ec9b3dc60448a.jpg,train,97.41091918945312,84.85000610351562,59.992706298828125,53.24798583984375,52.10098648071289,49.713130950927734,44.936553955078125,129.4579315185547,98.39321899414062,53.30648422241211,62.66718673706055,54.44445037841797,1,1,1,1,1,1,1,1,1,1
IMG_3673_png_jpg.rf.73bbd7f158717ab71d1d3f515679c730.jpg,train,152.92495727539062,148.96656799316406,144.77134704589844,61.26076126098633,59.205448150634766,59.185935974121094,59.19981384277344,30.196487426757812,157.91580200195312,43.450321197509766,33.9932746887207,60.56490707397461,1,1,1,1,1,1,1,1,1,1
12_jpg.rf.738ca10fe39a0a2841d01c92e54a1200.jpg,train,184.01321411132812,181.75595092773438,175.77743530273438,60.82170867919922,61.519073486328125,62.02450180053711,33.23765563964844,19.425796508789062,184.28384399414062,36.65242385864258,40.78321075439453,60.820308685302734,1,1,1,1,1,1,1,1,1,1
IMG_3849_png_jpg.rf.72bb7669e1e89a9647ea896f0675e35b.jpg,train,76.72514343261719,71.90200805664062,68.1864013671875,74.4288558959961,65.96695709228516,63.323265075683594,22.86834716796875,22.573577880859375,77.01844787597656,19.102779388427734,27.406984329223633,74.61136627197266,1,1,1,1,1,1,1,1,1,1
IMG_3691_png_jpg.rf.74f449396e860adf31ed7f1f8e225baf.jpg,train,133.66368103027344,123.79124450683594,116.85589599609375,58.73061752319336,54.39471435546875,54.112152099609375,21.897720336914062,39.976226806640625,134.04348754882812,27.207304000854492,50.74620819091797,58.840003967285156,1,1,1,1,1,1,1,1,1,1
IMG_3728_png_jpg.rf.73546f5edd9a2c2c025c1cfb1f7887a7.jpg,train,187.33860778808594,182.98541259765625,179.12779235839844,64.71893310546875,65.16170501708984,65.84532928466797,23.082809448242188,14.030227661132812,187.5051727294922,29.431039810180664,17.194305419921875,64.64900207519531,1,1,1,1,1,1,1,1,1,1
IMG_3613_png_jpg.rf.739465f302c0d7472e7437d60f909b3e.jpg,train,178.26290893554688,171.7259979248047,163.68190002441406,81.83771514892578,79.1650390625,78.0238037109375,30.936050415039062,53.65544128417969,187.48605346679688,33.722068786621094,57.37455368041992,73.39262390136719,1,1,1,1,1,1,1,1,1,1
16_png_jpg.rf.7285376a863e22941075f67b4fbfa34c.jpg,train,134.48106384277344,115.65098571777344,105.57563781738281,55.12461471557617,57.73107147216797,57.15077209472656,19.113449096679688,77.95211791992188,135.12313842773438,33.74167251586914,66.65501403808594,55.679649353027344,1,1,1,1,1,1,1,1,1,1
33_jpg.rf.74330b9057ec6a0cd269d7e2829d5bf3.jpg,train,149.55322265625,148.4804229736328,142.66848754882812,55.75864028930664,54.76705551147461,52.435550689697266,22.903854370117188,11.345489501953125,150.2941436767578,29.803621292114258,21.739715576171875,55.932918548583984,1,1,1,1,1,1,1,1,1,1
IMG_3871_png_jpg.rf.72a455ec1c385657a835cbeadfd99761.jpg,train,119.67205810546875,54.27946472167969,44.500213623046875,61.96830749511719,52.85280990600586,50.828067779541016,30.042800903320312,171.063720703125,120.51795959472656,53.43552780151367,73.70972442626953,61.55818176269531,1,1,1,1,1,1,1,1,1,1
IMG_3868_png_jpg.rf.7406bd9f8329542379e4da2074a97edd.jpg,train,192.85299682617188,89.506591796875,75.63818359375,51.98702621459961,54.798484802246094,53.47886657714844,20.779220581054688,156.79905700683594,193.1939239501953,45.85204315185547,57.28377151489258,51.997154235839844,1,1,1,1,1,1,1,1,1,1
IMG_3765_png_jpg.rf.71b6e225bf795a2b237b8ef8f0356197.jpg,train,81.92190551757812,78.21942138671875,66.06369018554688,65.86255645751953,62.629390716552734,57.455589294433594,27.679489135742188,65.11103820800781,82.76272583007812,17.466550827026367,61.28744125366211,66.19661712646484,1,1,1,1,1,1,1,1,1,1
IMG_3024_png_jpg.rf.7269adc7d0dc5f037f5411350c7b9e2e.jpg,train,93.45547485351562,91.52165222167969,105.38230895996094,44.611446380615234,45.36262893676758,37.545738220214844,108.66615295410156,47.087249755859375,107.29766845703125,35.634056091308594,19.918081283569336,40.207454681396484,1,1,1,1,1,1,1,1,1,1
IMG_3922_png_jpg.rf.73c745bfcfe82dbd880949d4e65fcfd1.jpg,train,180.42649841308594,170.15484619140625,81.08331298828125,47.1446533203125,50.41316604614258,56.400169372558594,27.643692016601562,154.33897399902344,180.6171417236328,10.928208351135254,58.46200180053711,47.26420211791992,1,1,1,1,1,0,1,1,1,1
IMG_3948_png_jpg.rf.73d72e634e02259001f1b5ca4113ace6.jpg,train,134.102783203125,99.2991943359375,86.84158325195312,57.09207534790039,68.54754638671875,66.7860107421875,13.999359130859375,113.66716003417969,134.80233764648438,26.04118537902832,69.8269271850586,57.64954376220703,1,1,1,1,1,1,1,1,1,1
IMG_3680_png_jpg.rf.751fce3ea633504649864ac4776917e3.jpg,train,56.63267517089844,80.93048095703125,196.5655975341797,61.44874572753906,54.95784378051758,32.27216339111328,109.67633056640625,189.74603271484375,198.59539794921875,20.683197021484375,57.620140075683594,32.534122467041016,1,1,1,1,1,1,1,1,1,1
IMG_3626_png_jpg.rf.73a2cb9ff91458bf721ce46f76003155.jpg,train,173.97525024414062,160.3209991455078,120.38743591308594,48.04935073852539,45.26994705200195,50.083885192871094,39.36114501953125,91.35354614257812,179.74380493164062,36.88254928588867,43.58489227294922,46.339176177978516,1,1,1,1,1,1,1,1,1,1
IMG_3589_png_jpg.rf.752012c4c363848a1378c17833307232.jpg,train,81.81393432617188,68.13992309570312,56.566070556640625,45.53413391113281,51.40433120727539,52.87162780761719,17.587738037109375,111.71197509765625,82.1427001953125,18.334144592285156,84.04224395751953,46.34320068359375,1,1,1,1,1,1,1,1,1,1
IMG_3654_png_jpg.rf.73341c82f27c4fab784ae7f2385179b3.jpg,train,150.06581115722656,121.62165832519531,104.68991088867188,66.3122329711914,60.89805221557617,55.9745979309082,22.795181274414062,95.8565673828125,151.300048828125,36.689701080322266,52.075042724609375,66.28562927246094,1,1,1,1,1,1,1,1,1,1
IMG_3011_png_jpg.rf.755ab46d058320d2f3cd8f39b9621729.jpg,train,67.98208618164062,65.30699157714844,62.72523498535156,51.89912414550781,51.42163848876953,48.20781326293945,31.978179931640625,32.08671569824219,69.21737670898438,40.648563385009766,23.271333694458008,51.97713088989258,1,1,1,1,1,1,1,1,1,1
IMG_3813_png_jpg.rf.7535248c0874ffd1c0da924525e1d5ea.jpg,train,128.99114990234375,128.7498321533203,84.58638000488281,55.76766586303711,51.86032485961914,60.80863952636719,30.747482299804688,109.51576232910156,135.10287475585938,19.500423431396484,70.00001525878906,54.36311340332031,1,1,1,1,1,1,1,1,1,1
IMG_3967_png_jpg.rf.7591ea74b9ce95f1bba6977abe72050a.jpg,train,119.07962036132812,116.02413940429688,102.33328247070312,45.63262939453125,46.60763168334961,46.89193344116211,34.36273193359375,47.516143798828125,119.88121032714844,30.20688819885254,45.51705551147461,45.99522399902344,1,1,1,1,1,1,1,1,1,1
27_jpg.rf.75622590e311fa66c6e14fa13ee8c784.jpg,train,40.16847229003906,40.569427490234375,47.44941711425781,63.347354888916016,64.99665832519531,65.3891372680664,68.50157165527344,69.19078063964844,49.78379821777344,59.355873107910156,86.7110824584961,69.11248016357422,1,1,1,1,1,1,1,1,1,1
IMG_3829_png_jpg.rf.759e1b91c945e02ed4e72c4e8d22ac9f.jpg,train,167.99935913085938,152.29066467285156,130.52976989746094,54.98916244506836,58.73152542114258,60.71712875366211,21.801437377929688,69.61271667480469,169.44737243652344,20.528379440307617,41.9652214050293,56.12569046020508,1,1,1,1,1,1,1,1,1,1
IMG_3838_png_jpg.rf.761119590352f767297fe5381e904be3.jpg,train,167.05181884765625,164.4642791748047,127.5400390625,58.510868072509766,57.103797912597656,58.51152038574219,37.74513244628906,68.98210144042969,173.94427490234375,33.17196273803711,57.97200393676758,58.22089385986328,1,1,1,1,1,1,1,1,1,1
IMG_3961_png_jpg.rf.763ed92849c9db3003d9be81da659c4a.jpg,train,105.63381958007812,91.497314453125,72.71218872070312,50.78227996826172,52.905296325683594,57.511287689208984,29.45269775390625,108.13076782226562,106.58186340332031,37.16508483886719,69.90007019042969,52.341552734375,1,1,1,1,1,1,1,1,1,1
12_jpg.rf.763e61775642c1c4a5795e2f730d5076.jpg,train,214.78643798828125,213.7228546142578,208.96343994140625,54.76586151123047,55.56852722167969,56.55784225463867,28.489730834960938,8.732192993164062,215.11428833007812,30.801122665405273,15.352435111999512,54.78757095336914,1,1,1,1,1,1,1,1,1,1
15_jpg.rf.7663ffc2dc354bcc4fbbc719a4811ded.jpg,train,175.07977294921875,158.84938049316406,113.6549072265625,42.6221923828125,43.63313293457031,41.50601577758789,22.136032104492188,94.21900939941406,175.3134307861328,4.171703338623047,25.962139129638672,42.6922492980957,1,1,1,1,1,1,1,1,1,1
IMG_3006_png_jpg.rf.762b4e6afb810c7a4e66d79f3900ead7.jpg,train,48.39146423339844,48.21295166015625,45.94004821777344,47.39582061767578,47.64488983154297,46.15435028076172,43.51641845703125,29.726699829101562,49.30000305175781,43.42765808105469,40.58933639526367,48.797019958496094,1,1,1,1,1,1,1,1,1,1
IMG_3734_png_jpg.rf.75b8fddf5c0cb310eb2d4917ca176fe1.jpg,train,186.59130859375,183.08840942382812,170.30967712402344,39.30475616455078,43.23582077026367,46.7796745300293,26.85137939453125,26.913681030273438,187.11260986328125,13.780159950256348,35.075862884521484,39.2829475402832,1,1,1,1,1,1,1,1,1,1
IMG_3896_png_jpg.rf.7670cd66c6a5638c4ad47b9bd386a2ab.jpg,train,104.21568298339844,111.41386413574219,68.03459167480469,62.52691650390625,60.22793197631836,59.57695388793945,36.47367858886719,119.83084106445312,114.53010559082031,15.147153854370117,49.06855773925781,62.51305389404297,1,1,1,1,1,1,1,1,1,1
23_jpg.rf.76589ae5e40306b93616e5554df064de.jpg,train,49.66200256347656,50.67393493652344,57.92512512207031,62.710506439208984,65.18507385253906,65.6943588256836,116.69287109375,72.20162963867188,60.148681640625,31.01734733581543,37.836639404296875,68.9535903930664,1,1,1,1,1,1,1,1,1,1
IMG_3874_png_jpg.rf.765b8fcf3f620adfd601cc406cd5ab58.jpg,train,104.77545166015625,98.62882995605469,68.38731384277344,29.867088317871094,34.55943298339844,45.61886978149414,34.75927734375,111.66484069824219,108.30863952636719,32.063697814941406,49.847557067871094,36.96195602416992,1,1,1,1,1,1,1,1,1,1
IMG_3759_png_jpg.rf.77259962828c04e53265a38ad640165d.jpg,train,53.27082824707031,47.530120849609375,40.61354064941406,62.15146255493164,57.42479705810547,53.614925384521484,21.18865966796875,68.10987854003906,53.62892150878906,26.921451568603516,47.937957763671875,62.71050262451172,1,1,1,1,1,1,1,1,1,1
IMG_3698_png_jpg.rf.76930886897f8b6eba5e855de9475924.jpg,train,114.80142211914062,110.6732177734375,90.66435241699219,81.089111328125,77.60882568359375,67.82728576660156,37.25859069824219,61.500274658203125,118.80551147460938,35.58170700073242,54.039459228515625,83.55767822265625,1,1,1,1,1,1,1,1,1,1
IMG_2984_png_jpg.rf.77326a0dca6d47cc58b121ae56291e96.jpg,train,20.538467407226562,20.69012451171875,22.236541748046875,41.66475296020508,42.76889419555664,38.94239807128906,96.00216674804688,48.56837463378906,23.373138427734375,48.0168342590332,49.746517181396484,43.058414459228516,1,1,1,1,1,1,1,1,1,1
IMG_3572_png_jpg.rf.77076e974f9be84dd985a8dd724fe2dc.jpg,train,148.40638732910156,151.6131591796875,146.11172485351562,82.97760009765625,82.1228256225586,77.48237609863281,61.021759033203125,22.404983520507812,153.6072998046875,31.491579055786133,27.222570419311523,81.93020629882812,1,1,1,1,1,1,1,1,1,1
IMG_3685_png_jpg.rf.7679bbabbfc57721963df7b2f818e8fa.jpg,train,89.17707824707031,85.53582763671875,75.44844055175781,55.0061149597168,54.7726936340332,53.45133590698242,23.493789672851562,57.00196838378906,89.31858825683594,12.790956497192383,42.459293365478516,55.239532470703125,1,1,1,1,1,1,1,1,1,1
IMG_3564_png_jpg.rf.7736498cfc8728703c5583a8ac9b705f.jpg,train,136.65309143066406,134.21450805664062,123.2667236328125,69.64306640625,68.91117858886719,73.97966003417969,46.943145751953125,37.58915710449219,138.5568389892578,39.314453125,62.93778610229492,70.1817398071289,1,1,1,1,1,1,1,1,1,1
IMG_3957_png_jpg.rf.77414c378e6a3b5238d6dc69d9378f7b.jpg,train,158.6779022216797,140.8297119140625,132.35256958007812,71.84822845458984,58.448726654052734,48.61471176147461,49.677093505859375,68.43580627441406,166.5354461669922,50.70623779296875,31.064477920532227,62.617454528808594,1,1,1,1,1,1,1,1,1,1
IMG_2979_png_jpg.rf.7734a87a1fc497734f9404d88abdef03.jpg,train,84.38356018066406,65.28976440429688,49.00791931152344,39.32050704956055,54.35926055908203,53.726531982421875,17.256088256835938,148.0061798095703,88.82290649414062,24.098173141479492,65.33546447753906,49.28795623779297,1,1,1,1,1,1,1,1,1,1
IMG_3938_png_jpg.rf.75a780f038130dedce5abc5a1db63628.jpg,train,149.00042724609375,129.54067993164062,106.10264587402344,59.04033660888672,62.98149108886719,71.04667663574219,26.092681884765625,94.51168823242188,151.45802307128906,27.875415802001953,83.3377914428711,57.91936111450195,1,1,1,1,1,1,1,1,1,1
IMG_3920_png_jpg.rf.7727655d9d5a44e3e15a994922e9eb27.jpg,train,164.88055419921875,143.86021423339844,91.97344970703125,50.72341537475586,53.189414978027344,48.419647216796875,23.611846923828125,125.10267639160156,165.0399932861328,19.479463577270508,45.36281967163086,50.73929214477539,1,1,1,1,1,1,1,1,1,1
IMG_3668_png_jpg.rf.76353ecc374c17b7d7d4ac2220d903a8.jpg,train,161.65655517578125,151.14210510253906,135.2863006591797,80.402099609375,83.80648803710938,88.92045593261719,31.597854614257812,72.45964050292969,165.535400390625,33.29376220703125,72.49224853515625,78.20648193359375,1,1,1,1,1,1,1,1,1,1
12_jpg.rf.76d968bd0eda54532e76ef4338a2dda9.jpg,train,163.96543884277344,163.4911346435547,159.1747589111328,64.94861602783203,65.24677276611328,64.31623077392578,27.720458984375,8.909866333007812,164.49188232421875,22.793731689453125,18.32221221923828,65.14546203613281,1,1,1,1,1,1,1,1,1,1
IMG_3867_png_jpg.rf.776a08cf2b5fc80f832cf84d39737acb.jpg,train,101.95790100097656,83.62460327148438,76.98481750488281,77.79661560058594,60.387672424316406,63.081974029541016,40.667999267578125,95.95167541503906,107.58705139160156,38.83732223510742,70.44100952148438,79.59471893310547,1,1,1,1,1,1,1,1,1,1
IMG_3562_png_jpg.rf.777d0b0dfc90162d9585c84d060e0c4a.jpg,train,53.78193664550781,48.56654357910156,35.973724365234375,63.46332931518555,57.74906921386719,51.5671272277832,27.067657470703125,61.3699951171875,55.08049011230469,37.188899993896484,81.36872100830078,63.838985443115234,1,1,1,1,1,1,1,1,1,1
IMG_3935_png_jpg.rf.777ece6276347293ac390be00db0b47b.jpg,train,130.36134338378906,116.90029907226562,97.79643249511719,57.39081954956055,61.287384033203125,65.86337280273438,27.149398803710938,87.76240539550781,133.27442932128906,29.359861373901367,79.77899169921875,57.04399871826172,1,1,1,1,1,1,1,1,1,1
IMG_3894_png_jpg.rf.77ac8666940d01f527206c4909ed2cd4.jpg,train,97.72494506835938,96.32994079589844,53.54551696777344,57.889678955078125,53.030391693115234,58.11225509643555,33.04252624511719,155.0382537841797,104.27757263183594,20.664958953857422,70.77228546142578,57.01530075073242,1,1,1,1,1,1,1,1,1,1
IMG_3782_png_jpg.rf.779bdbbb6b161c1142f660511adbd876.jpg,train,101.03553771972656,101.05247497558594,72.46517944335938,73.34029388427734,71.39704132080078,68.25578308105469,32.24029541015625,120.52920532226562,107.040771484375,18.411319732666016,69.03125,73.53128051757812,1,1,1,1,1,1,1,1,1,1
IMG_3779_png_jpg.rf.77ab5d86e1c1b5760d792284145d62c6.jpg,train,68.57638549804688,53.47169494628906,44.90238952636719,75.53839111328125,64.39570617675781,59.54153823852539,28.609832763671875,110.82928466796875,70.29940795898438,45.676448822021484,91.12406921386719,76.28572082519531,1,1,1,1,1,1,1,1,1,1
IMG_3789_png_jpg.rf.77736c4b8759304f3c298c64efb7041b.jpg,train,111.58340454101562,111.07571411132812,88.94749450683594,70.35507202148438,65.35160064697266,59.33147430419922,35.36528015136719,58.826934814453125,116.36640930175781,19.979223251342773,35.04694747924805,70.15138244628906,1,1,1,1,1,1,1,1,1,1
IMG_3970_png_jpg.rf.77b7c75e5a5b3e447269949f1cf0bdd3.jpg,train,95.44708251953125,94.06275939941406,81.48066711425781,52.474124908447266,50.71987533569336,46.60820770263672,25.104888916015625,41.050262451171875,96.03450012207031,12.478137016296387,42.436561584472656,52.623348236083984,1,1,1,1,1,1,1,1,1,1
IMG_3873_png_jpg.rf.78536c0fc77aa4cf117e8541f8ac4434.jpg,train,91.89982604980469,83.945068359375,53.25276184082031,32.59764099121094,42.59650802612305,59.724220275878906,32.81025695800781,147.86221313476562,97.79423522949219,30.368703842163086,60.8895149230957,46.208431243896484,1,1,1,1,1,1,1,1,1,1
IMG_3786_png_jpg.rf.77c5a661239bb3d6623293396678db8e.jpg,train,87.263671875,81.85856628417969,64.68769836425781,65.56434631347656,67.40509033203125,64.26473999023438,35.36236572265625,119.88031005859375,91.728271484375,40.473419189453125,78.7413558959961,68.08858489990234,1,1,1,1,1,1,1,1,1,1
IMG_3714_png_jpg.rf.782156de01d7ba3fd392547f546ab5e2.jpg,train,149.86892700195312,128.20941162109375,118.24594116210938,64.35208892822266,61.68110656738281,64.19960021972656,34.770111083984375,81.29139709472656,158.5757598876953,47.03663635253906,56.71845245361328,58.82834243774414,1,1,1,1,1,1,1,1,1,1
IMG_3651_png_jpg.rf.77e4dec469cd791629c4073f9a7f8d23.jpg,train,159.8857879638672,147.12875366210938,117.955810546875,61.217674255371094,59.2784309387207,54.99232864379883,22.706146240234375,79.0576171875,160.07383728027344,13.812748908996582,37.72078323364258,61.26106643676758,1,1,1,1,1,1,1,1,1,1
IMG_3022_png_jpg.rf.77dbb81a9fec4f4b47aaea082ec5a208.jpg,train,48.118133544921875,52.648895263671875,61.66639709472656,52.40579605102539,51.941917419433594,48.8885498046875,100.93377685546875,95.01010131835938,64.09007263183594,29.503049850463867,44.99827575683594,52.3162841796875,1,1,1,1,1,1,1,1,1,1
IMG_3703_png_jpg.rf.7804af917bf9bbfe94bc48237eecd884.jpg,train,149.20590209960938,134.94802856445312,123.22584533691406,61.842918395996094,59.1710090637207,57.0966682434082,31.606643676757812,44.89591979980469,150.1204833984375,39.36387252807617,37.566078186035156,62.41520690917969,1,1,1,1,1,1,1,1,1,1
IMG_3801_png_jpg.rf.7860d2197f1ebe8ddf486bf2f2f15878.jpg,train,64.07270812988281,58.3759765625,46.73200988769531,61.402671813964844,59.313899993896484,56.33195495605469,23.607040405273438,109.41047668457031,65.11001586914062,26.282245635986328,83.05950164794922,61.761817932128906,1,1,1,1,1,1,1,1,1,1
IMG_3811_png_jpg.rf.78a8ed89df13e1e84355b4a76a12ff48.jpg,train,100.69938659667969,112.65432739257812,68.54525756835938,65.77359008789062,56.44301223754883,67.13790130615234,45.50746154785156,134.90342712402344,118.432373046875,28.36876106262207,88.51485443115234,59.53639602661133,1,1,1,1,1,1,1,1,1,1
IMG_3901_png_jpg.rf.77ede6ef9b9ca252acee3e09bd872d39.jpg,train,73.8671875,75.25350952148438,80.71063232421875,50.650596618652344,51.40099334716797,52.86652755737305,103.84490966796875,42.91950988769531,84.390625,34.83319091796875,38.575592041015625,54.5064582824707,1,1,1,1,1,1,1,1,1,1
IMG_3926_png_jpg.rf.78c31c5f1853aa79caf4b49d5964e89f.jpg,train,141.32742309570312,128.09490966796875,105.48997497558594,58.59082794189453,56.4940185546875,55.921260833740234,29.660934448242188,83.86351013183594,144.28201293945312,33.466670989990234,48.11061477661133,58.31076431274414,1,1,1,1,1,1,1,1,1,1
IMG_3749_png_jpg.rf.791b2035550df6e9ce726045b7c64c46.jpg,train,175.6999053955078,149.1544952392578,137.62860107421875,55.84356689453125,71.80216217041016,72.45911407470703,23.644577026367188,69.58860778808594,175.8816375732422,41.70780944824219,50.15045166015625,55.999916076660156,1,1,1,1,1,1,1,1,1,1
IMG_3694_png_jpg.rf.78c99ccc601ac5c7a2b40999d6dc5f58.jpg,train,178.65225219726562,174.45924377441406,165.7270965576172,64.19691467285156,65.07498168945312,66.14678955078125,22.242294311523438,25.444564819335938,178.99072265625,14.055213928222656,31.752201080322266,63.98367691040039,1,1,1,1,1,1,1,1,1,1
33_jpg.rf.78b88860611f43e25d3161c471fac313.jpg,train,106.45420837402344,105.01118469238281,99.06671142578125,59.499752044677734,57.57710266113281,53.85581970214844,21.54547119140625,15.112823486328125,107.17465209960938,27.7888126373291,30.642789840698242,60.01301956176758,1,1,1,1,1,1,1,1,1,1
IMG_3903_png_jpg.rf.78984242950d3c0f01a0ac1bafa4bde9.jpg,train,135.1215362548828,138.2153778076172,145.14706420898438,61.991241455078125,63.74528121948242,65.87564849853516,104.82247924804688,25.198287963867188,147.0126190185547,31.59204864501953,26.2667236328125,65.4754867553711,1,1,1,1,1,1,1,1,1,1
IMG_3973_png_jpg.rf.792269a4f038e06b896bf53a3079e81c.jpg,train,117.77499389648438,115.73068237304688,103.15475463867188,42.22202682495117,38.550132751464844,34.97538375854492,29.218368530273438,31.092193603515625,118.66569519042969,12.297686576843262,22.750165939331055,42.26829528808594,1,1,1,1,1,1,1,1,1,1
IMG_3622_png_jpg.rf.78a95a79e12ea82a8b6aa6a5ea5a07b8.jpg,train,147.86326599121094,141.89553833007812,131.17184448242188,74.5941162109375,75.29833984375,75.3290786743164,23.732452392578125,41.68980407714844,148.373046875,22.364198684692383,38.443382263183594,74.67926788330078,1,1,1,1,1,1,1,1,1,1
IMG_3026_png_jpg.rf.79395b3f6c54e89b0351c9c0cd2d3b9f.jpg,train,111.76792907714844,59.680694580078125,135.24949645996094,53.78648376464844,42.320945739746094,71.22467041015625,110.06021118164062,146.89291381835938,138.8128662109375,54.678802490234375,54.43991470336914,67.77307891845703,1,1,1,1,1,1,1,1,1,1
IMG_3932_png_jpg.rf.7974d337f65bc5dc647c7f2f6e894980.jpg,train,115.08000183105469,108.17037963867188,78.58206176757812,66.14994812011719,63.66756057739258,65.5116958618164,33.917449951171875,113.35964965820312,121.19512939453125,26.164798736572266,84.08250427246094,64.36979675292969,1,1,1,1,1,1,1,1,1,1
IMG_3608_png_jpg.rf.78e466ea2dd164b93e3dd35e10e77a51.jpg,train,158.4145050048828,155.00726318359375,147.66661071777344,53.23955535888672,52.82196044921875,52.11973571777344,21.456314086914062,26.460739135742188,158.52810668945312,16.957134246826172,47.989418029785156,53.27513885498047,1,1,1,1,1,1,1,1,1,1
IMG_3686_png_jpg.rf.7973c92a21dacaaff04e5389f40d3125.jpg,train,76.24882507324219,72.31784057617188,65.40995788574219,46.328067779541016,46.064029693603516,44.03523254394531,19.918853759765625,44.04194641113281,76.33656311035156,13.4901123046875,26.691802978515625,46.55956268310547,1,1,1,1,1,1,1,1,1,1
31_jpg.rf.78ae5ea40fd06fd0126a5fd8b4d9134f.jpg,train,113.99234008789062,113.56666564941406,106.12959289550781,58.902076721191406,58.3346061706543,54.777957916259766,27.442123413085938,20.555374145507812,115.11814880371094,29.5994815826416,36.320465087890625,59.55574417114258,1,1,1,1,1,1,1,1,1,1
IMG_3884_png_jpg.rf.7942acc8bebfe1cedaf992c54940ddeb.jpg,train,172.94338989257812,173.2486572265625,156.90870666503906,58.79500198364258,59.25175476074219,67.36804962158203,50.15126037597656,43.08575439453125,179.63636779785156,41.90847396850586,38.85926818847656,58.86433410644531,1,1,1,1,1,1,1,1,1,1
IMG_2984_png_jpg.rf.7941d9f1b057ee44949ca663ac9a9eb0.jpg,train,65.27651977539062,65.06282043457031,68.925537109375,39.0618896484375,39.61337661743164,36.424713134765625,116.62052917480469,21.93328857421875,69.63600158691406,25.38083267211914,11.657155990600586,38.92338180541992,1,1,1,1,1,1,1,1,1,1
IMG_3595_png_jpg.rf.77edaed1d03ebdaa89aec7c541a85883.jpg,train,189.66114807128906,183.855224609375,174.77926635742188,60.94162368774414,64.96402740478516,68.78915405273438,19.651290893554688,31.588134765625,189.82070922851562,10.24978256225586,40.3988037109375,60.95547866821289,1,1,1,1,1,1,1,1,1,1
IMG_3772_png_jpg.rf.77c663d3092b02f9facd3fde56a2b16c.jpg,train,125.87345886230469,118.49746704101562,106.87353515625,64.18379974365234,64.68482208251953,60.23146438598633,20.01678466796875,50.67167663574219,126.69338989257812,18.122642517089844,48.498695373535156,65.092529296875,1,1,1,1,1,1,1,1,1,1
IMG_3920_png_jpg.rf.79cac3d46d76bb1f88928068f309feb1.jpg,train,184.01966857910156,135.83843994140625,87.76383972167969,57.58518600463867,55.79851531982422,46.742515563964844,23.479141235351562,141.8508758544922,184.22572326660156,34.72058868408203,36.15915298461914,57.55413818359375,1,1,1,1,1,1,1,1,1,1
IMG_3919_png_jpg.rf.79f37b69e865dc9410ea45cbcb88243e.jpg,train,194.28826904296875,164.83322143554688,119.04397583007812,40.74076843261719,46.709556579589844,46.77442932128906,25.508682250976562,107.7537841796875,194.43896484375,31.32356071472168,43.1785774230957,40.75816345214844,1,1,1,1,1,1,1,1,1,1
IMG_3737_png_jpg.rf.79c65d763ba7acf0cecb0aa306f2867b.jpg,train,171.43496704101562,162.0131072998047,155.04388427734375,35.79215621948242,38.49089431762695,39.320472717285156,15.963958740234375,27.218093872070312,171.73263549804688,21.7275447845459,28.109874725341797,35.725467681884766,1,1,1,1,1,1,1,1,1,1
IMG_3634_png_jpg.rf.79c03abf001e0a3f14c52ff8c0c9af87.jpg,train,84.96792602539062,113.83889770507812,124.7568359375,56.75231170654297,60.99863052368164,79.67228698730469,78.65592956542969,114.41325378417969,139.5818634033203,41.10975646972656,66.93281555175781,74.91226959228516,1,1,1,1,1,1,1,1,1,1
IMG_3701_png_jpg.rf.79e25ffcdbe841dbabeb0a0a899fadbd.jpg,train,87.50587463378906,73.53045654296875,54.47319030761719,72.93924713134766,67.06790924072266,57.38460922241211,34.34251403808594,103.86167907714844,90.20933532714844,41.87226867675781,94.7122573852539,74.6386489868164,1,1,1,1,1,1,1,1,1,1
30_jpg.rf.7a1661b56a2e525f219c9c464835d643.jpg,train,87.50926208496094,89.0130615234375,74.94535827636719,56.987037658691406,58.81791305541992,50.89110565185547,33.09873962402344,46.861724853515625,89.9781494140625,16.081342697143555,47.93587112426758,59.267723083496094,1,1,1,1,1,1,1,1,1,1
IMG_3593_png_jpg.rf.79dc9e1789a1f0c12b42071e69fefea4.jpg,train,169.74972534179688,158.59921264648438,147.61587524414062,65.49042510986328,68.54765319824219,68.10779571533203,16.745468139648438,49.11051940917969,169.9110870361328,15.513089179992676,48.99146270751953,65.49531555175781,1,1,1,1,1,1,1,1,1,1
27_jpg.rf.7a4e5cdbc200892d51d0253fdc04f32d.jpg,train,68.84693908691406,69.75418090820312,76.35243225097656,63.9482421875,65.24320983886719,66.52510833740234,72.38124084472656,30.976425170898438,78.78578186035156,57.486480712890625,30.1673526763916,69.89803314208984,1,1,1,1,1,1,1,1,1,1
IMG_3753_png_jpg.rf.7b8ceae453b1f8bba30becb247439172.jpg,train,130.4290008544922,128.2704315185547,114.43898010253906,60.623802185058594,58.91798782348633,58.914207458496094,28.924789428710938,39.57167053222656,131.8172149658203,17.04695701599121,31.326745986938477,59.86482238769531,1,1,1,1,1,1,1,1,1,1
IMG_3620_png_jpg.rf.7b73ccab4656359cc3b8d09711c0c778.jpg,train,179.931640625,175.86729431152344,166.1176300048828,64.7657699584961,64.907470703125,65.04007720947266,22.764312744140625,21.405105590820312,180.25807189941406,20.495901107788086,20.371986389160156,64.75769805908203,1,1,1,1,1,1,1,1,1,1
IMG_3757_png_jpg.rf.7a83eaa2a58874789afe2188a4967dee.jpg,train,68.60345458984375,63.69566345214844,57.343597412109375,60.05439758300781,57.37586212158203,54.6992301940918,20.024459838867188,62.252655029296875,69.04319763183594,29.101238250732422,75.09302520751953,60.521968841552734,1,1,1,1,1,1,1,1,1,1
IMG_3602_png_jpg.rf.7b3d3f84fc9c5cf16ac460f734b2481d.jpg,train,101.74710083007812,100.24845886230469,91.13899230957031,52.7805061340332,52.19353103637695,50.46552658081055,33.02888488769531,36.95829772949219,103.01620483398438,14.635674476623535,49.16444778442383,52.85602951049805,1,1,1,1,1,1,1,1,1,1
IMG_3687_png_jpg.rf.7c884f0283ee5b78c528516aa4acc195.jpg,train,128.87554931640625,121.24012756347656,113.15968322753906,49.749298095703125,49.31144332885742,48.184871673583984,16.70489501953125,34.98658752441406,129.01930236816406,14.53571605682373,21.339136123657227,49.982330322265625,1,1,1,1,1,1,1,1,1,1
IMG_3030_png_jpg.rf.7ab61c23b3ab5754fd2af7433b2a0386.jpg,train,109.8861083984375,170.793212890625,173.60501098632812,45.26603317260742,56.772911071777344,59.280826568603516,91.07685852050781,105.49700927734375,175.88954162597656,16.399900436401367,36.29085159301758,58.02202606201172,1,1,1,1,1,1,1,1,1,1
IMG_3691_png_jpg.rf.7cc9fe82a6eea20aa83476c42ea3fb5f.jpg,train,147.92788696289062,140.99481201171875,131.16400146484375,55.80522155761719,53.61061477661133,53.6666374206543,23.260101318359375,36.6729736328125,148.34938049316406,17.48514175415039,48.98757553100586,55.8076171875,1,1,1,1,1,1,1,1,1,1
IMG_3681_png_jpg.rf.7eafc2d48b71a96ced88f3c0351bacb9.jpg,train,63.232208251953125,97.20097351074219,175.80894470214844,66.41065216064453,55.37076187133789,32.51884078979492,104.88191223144531,176.2711181640625,177.8820037841797,22.165332794189453,59.90923309326172,34.951683044433594,1,1,1,1,1,1,1,1,1,1
IMG_3693_png_jpg.rf.7c9f20d63bae30787b5347667494da2f.jpg,train,181.35792541503906,176.8113555908203,170.23910522460938,55.051876068115234,56.82462692260742,58.127166748046875,20.042892456054688,20.5439453125,181.64942932128906,15.791924476623535,26.258922576904297,55.01956558227539,1,1,1,1,1,1,1,1,1,1
IMG_3929_png_jpg.rf.7bf165976a13e62d5dc3c4b6b4fcb736.jpg,train,120.04362487792969,110.76210021972656,91.08735656738281,62.32638931274414,59.401100158691406,57.83401870727539,34.96910095214844,84.30731201171875,122.85147094726562,34.39510726928711,45.83293151855469,62.49870681762695,1,1,1,1,1,1,1,1,1,1
29_jpg.rf.7e16a49b998ea1550a3b68bf86a24fe0.jpg,train,116.43609619140625,118.12413024902344,119.04612731933594,74.35062408447266,75.27449035644531,74.39317321777344,87.92695617675781,15.954910278320312,120.80807495117188,42.32492446899414,25.048934936523438,75.98242950439453,1,1,1,1,1,1,1,1,1,1
IMG_3570_png_jpg.rf.7b7410c26089932f08211755aa66dbf2.jpg,train,171.3605194091797,177.06756591796875,170.22860717773438,77.94654083251953,72.41777038574219,71.80726623535156,54.32615661621094,27.860366821289062,180.2259521484375,36.782718658447266,36.867774963378906,72.52366638183594,1,1,1,1,1,1,1,1,1,1
25_jpg.rf.7a65592edc5f3a74af084437ab1d6662.jpg,train,30.628753662109375,31.07769775390625,38.88885498046875,58.46580505371094,59.71433639526367,61.672698974609375,63.41459655761719,85.66825866699219,41.01708984375,58.817108154296875,99.15788269042969,65.26119995117188,1,1,1,1,1,1,1,1,1,1
IMG_3694_png_jpg.rf.7da96607bbc4d6e1af338e80799935db.jpg,train,169.68133544921875,165.47857666015625,159.19944763183594,61.056968688964844,62.377994537353516,63.578948974609375,20.355499267578125,23.724136352539062,169.923583984375,16.219377517700195,36.96858596801758,60.93733215332031,1,1,1,1,1,1,1,1,1,1
33_jpg.rf.7a9fd0d86e273668ff8e1ddea5514bdf.jpg,train,141.16966247558594,140.581298828125,134.70652770996094,55.61740493774414,54.86855697631836,52.91537857055664,25.064743041992188,12.259048461914062,142.0725860595703,31.974327087402344,25.804513931274414,55.86191940307617,1,1,1,1,1,1,1,1,1,1
IMG_3848_png_jpg.rf.7ec4d88a6993c86308ceff95799572e5.jpg,train,50.75523376464844,50.66021728515625,47.03080749511719,60.56672668457031,59.8305778503418,55.930240631103516,23.92108154296875,32.897216796875,51.213897705078125,22.211706161499023,56.83344650268555,60.9462890625,1,1,1,1,1,1,1,1,1,1
IMG_3932_png_jpg.rf.7cbad8bc08e425c742b2eab5e15f1f27.jpg,train,148.90403747558594,135.19580078125,108.90995788574219,60.76478576660156,61.2021598815918,68.25082397460938,28.62249755859375,90.26217651367188,152.86875915527344,25.7979736328125,76.87413787841797,59.13300323486328,1,1,1,1,1,1,1,1,1,1
IMG_3029_png_jpg.rf.7b70acd24ee959b05412bbad057a228b.jpg,train,88.02584838867188,24.927413940429688,106.07620239257812,66.3901596069336,34.78738021850586,85.76348114013672,93.05809020996094,169.39981079101562,109.61032104492188,64.83748626708984,85.10679626464844,83.69136810302734,1,1,1,1,1,1,1,1,1,1
IMG_2991_png_jpg.rf.7e99343babfc462dcb0609746a088b75.jpg,train,128.9270782470703,122.57247924804688,114.91975402832031,36.40739440917969,38.551143646240234,38.68925476074219,17.477951049804688,31.22442626953125,129.0442352294922,14.035951614379883,20.31641387939453,36.7017822265625,1,1,1,1,1,1,1,1,1,1
IMG_3768_png_jpg.rf.7d1220fa5e72295f02df82a148faa09f.jpg,train,95.65928649902344,89.60441589355469,79.22959899902344,69.71475982666016,64.61089324951172,62.19818878173828,26.771499633789062,67.05120849609375,96.44583129882812,25.344514846801758,76.44596099853516,69.64521789550781,1,1,1,1,1,1,1,1,1,1
IMG_3012_png_jpg.rf.7f34cd4c07fb53176c7786694d296a08.jpg,train,120.5042724609375,122.46571350097656,122.59211730957031,48.83030319213867,46.27706527709961,41.397247314453125,60.455078125,24.65673828125,126.98162841796875,42.37677764892578,16.434276580810547,44.52846908569336,1,1,1,1,1,1,1,1,1,1
IMG_3761_png_jpg.rf.7ee60a23b8e5186f796a4f16492b9710.jpg,train,53.21345520019531,51.37080383300781,42.3643798828125,63.708980560302734,61.934322357177734,58.13861083984375,26.812103271484375,86.04081726074219,54.004150390625,21.061418533325195,74.110107421875,63.988773345947266,1,1,1,1,1,1,1,1,1,1
IMG_3849_png_jpg.rf.7d1b2a57d991d5efd862718fde7c2522.jpg,train,88.53977966308594,83.1324462890625,76.61827087402344,74.6522216796875,65.49693298339844,60.15755081176758,23.730133056640625,24.611129760742188,88.95272827148438,20.308141708374023,32.457237243652344,74.8427734375,1,1,1,1,1,1,1,1,1,1
IMG_3733_png_jpg.rf.7e0ee8a02585321c48df2c7f0fa76064.jpg,train,152.99440002441406,151.23439025878906,141.80999755859375,64.26481628417969,64.73936462402344,64.91761016845703,27.341018676757812,28.78424072265625,153.35833740234375,12.836687088012695,42.061119079589844,64.37303924560547,1,1,1,1,1,1,1,1,1,1
IMG_3660_png_jpg.rf.7f42ad1a50d0323c6d9d957486e11008.jpg,train,176.00099182128906,151.1447296142578,123.58419799804688,34.4390869140625,41.966758728027344,49.82707214355469,29.442337036132812,88.01046752929688,180.0111083984375,35.61508560180664,36.760562896728516,37.72732925415039,1,1,1,1,1,1,1,1,1,1
25_jpg.rf.7f5998cbe26363574d4ec4cdc96e034a.jpg,train,73.24281311035156,73.00991821289062,86.46060180664062,60.79447555541992,61.63325881958008,64.85670471191406,114.80960083007812,51.541900634765625,88.67913818359375,28.4718074798584,24.711591720581055,67.40670013427734,1,1,1,1,1,1,1,1,1,1
IMG_3769_png_jpg.rf.7f452fe9aa71e29751f287fac903f2a0.jpg,train,69.27398681640625,64.95175170898438,54.153167724609375,64.35845947265625,61.254150390625,57.73300552368164,27.749771118164062,81.44248962402344,70.32745361328125,32.30784225463867,65.88311004638672,64.60016632080078,1,1,1,1,1,1,1,1,1,1
IMG_3811_png_jpg.rf.7eb769c90b7324503f8c763ea027df7a.jpg,train,140.8938446044922,136.6509246826172,109.65452575683594,63.8680305480957,61.0692024230957,68.45855712890625,37.84074401855469,74.08860778808594,144.8988037109375,35.42262649536133,54.073951721191406,63.38974380493164,1,1,1,1,1,1,1,1,1,1
IMG_3885_png_jpg.rf.7d6d3894fa0bc51b9a4f7b7ca3809b6b.jpg,train,138.18031311035156,133.6719512939453,126.89773559570312,49.55586624145508,52.61711883544922,51.94941329956055,27.257293701171875,30.599563598632812,139.0930633544922,29.40331268310547,51.53166198730469,50.231475830078125,1,1,1,1,1,1,1,1,1,1
IMG_2981_png_jpg.rf.7f93e168a372ec6ee518fb46ee36e56c.jpg,train,56.913604736328125,43.491790771484375,32.88543701171875,35.67767333984375,45.7821044921875,43.31499481201172,24.51861572265625,157.9661865234375,60.22392272949219,37.40322494506836,67.12474822998047,43.22141647338867,1,1,1,1,1,1,1,1,1,1
23_jpg.rf.7fce1b267db2cbeb7def0ca03f5626bd.jpg,train,43.28688049316406,44.43046569824219,50.23298645019531,60.64949417114258,62.909690856933594,62.85087585449219,105.81626892089844,64.52543640136719,52.40473937988281,38.230350494384766,34.635677337646484,66.59186553955078,1,1,1,1,1,1,1,1,1,1
IMG_3002_png_jpg.rf.8083314ae0547efd039c65c2ff482d79.jpg,train,60.34104919433594,66.47724914550781,78.96205139160156,36.83476257324219,37.20703125,34.29295349121094,107.65545654296875,66.84368896484375,79.55760192871094,17.823535919189453,16.541744232177734,36.285728454589844,1,1,1,1,1,1,1,1,1,1
IMG_3929_png_jpg.rf.7fc9455c102c3226bbe1270ff515271c.jpg,train,136.4342041015625,114.86752319335938,97.66023254394531,61.768001556396484,57.96833419799805,58.03853988647461,29.2484130859375,93.76419067382812,139.7042999267578,36.70102310180664,46.83726501464844,61.333587646484375,1,1,1,1,1,1,1,1,1,1
IMG_2991_png_jpg.rf.80aab8252b024111135d9b018304ff8e.jpg,train,75.69387817382812,71.42933654785156,64.28298950195312,43.06812286376953,44.15355682373047,43.11643600463867,19.737991333007812,60.5247802734375,75.8822021484375,12.709036827087402,59.7586784362793,43.62716293334961,1,1,1,1,1,1,1,1,1,1
IMG_3656_png_jpg.rf.81434ed68a8fabc379647849527b1c53.jpg,train,193.89263916015625,178.31617736816406,151.90187072753906,59.971412658691406,58.497989654541016,53.5385856628418,25.57421875,60.692626953125,194.6331329345703,26.4130859375,27.82274055480957,58.921451568603516,1,1,1,1,1,1,1,1,1,1
IMG_3803_png_jpg.rf.8113301461577bbd9e21ddb4c7119880.jpg,train,29.682540893554688,28.204483032226562,18.869949340820312,52.32051086425781,51.22919845581055,44.173606872558594,29.123550415039062,142.03753662109375,31.042648315429688,32.51351547241211,92.59120178222656,53.816383361816406,1,1,1,1,1,1,1,1,1,1
32_jpg.rf.7fba85b1944fc1dbb4c59a18d297a39c.jpg,train,157.26788330078125,155.48033142089844,150.54327392578125,52.81759262084961,51.75276184082031,50.298606872558594,24.141403198242188,10.97540283203125,157.8712921142578,36.033607482910156,22.19373893737793,53.00666046142578,1,1,1,1,1,1,1,1,1,1
IMG_3852_png_jpg.rf.7f9d873213dd5353f9e6a8d543d4a0cd.jpg,train,105.71893310546875,101.07218933105469,90.21502685546875,68.28543090820312,66.08330535888672,65.18511962890625,25.711822509765625,62.92842102050781,106.15603637695312,12.43370246887207,66.28398895263672,68.38094329833984,1,1,1,1,1,1,1,1,1,1
IMG_3871_png_jpg.rf.80ef2d9403047922a20e2f7acfc2a823.jpg,train,164.56166076660156,78.60183715820312,102.59625244140625,68.7381362915039,54.288143157958984,59.18799591064453,129.16062927246094,151.08624267578125,165.65721130371094,68.70484161376953,58.25623321533203,67.72870635986328,1,1,1,1,1,1,1,1,1,1
IMG_3599_png_jpg.rf.80c90b6ca96dfc6cb28fb96e1f80e52f.jpg,train,146.21560668945312,143.44168090820312,131.2411651611328,51.503089904785156,52.78660202026367,53.77442932128906,33.41789245605469,36.070068359375,147.883056640625,14.74244499206543,51.513206481933594,51.36048126220703,1,1,1,1,1,1,1,1,1,1
IMG_3029_png_jpg.rf.8135f22a5a350b146fcd68dcd65aacaf.jpg,train,134.44189453125,74.34492492675781,143.4254608154297,74.4547348022461,46.16461181640625,91.96202087402344,96.78153991699219,134.51710510253906,150.22679138183594,63.157325744628906,54.44950866699219,85.83299255371094,1,1,1,1,1,1,1,1,1,1
IMG_3833_png_jpg.rf.819289522e915d46887d88276d1fdbaa.jpg,train,137.72183227539062,131.877197265625,103.58596801757812,61.48262023925781,60.9490966796875,59.51018142700195,33.97071838378906,74.50743103027344,141.23663330078125,28.06926918029785,64.95745849609375,62.66469192504883,1,1,1,1,1,1,1,1,1,1
IMG_3635_png_jpg.rf.80948fabaec046abba419f2a92b35091.jpg,train,105.33993530273438,122.00497436523438,119.04034423828125,52.60221481323242,61.25223922729492,68.66753387451172,67.61372375488281,74.26197814941406,132.1892547607422,43.11231994628906,50.71835708618164,65.9295425415039,1,1,1,1,1,1,1,1,1,1
IMG_3595_png_jpg.rf.81d5f2af80a7bda1a17c140cf4fbc303.jpg,train,161.6570281982422,155.3879852294922,141.36473083496094,65.98392486572266,69.39372253417969,71.478515625,21.634567260742188,62.14788818359375,161.9441375732422,8.593473434448242,81.0370101928711,66.015380859375,1,1,1,1,1,1,1,1,1,1
IMG_3758_png_jpg.rf.81d2a87fac828f5f415b1bd6165d8637.jpg,train,73.630615234375,70.46629333496094,61.7275390625,80.11597442626953,77.27005004882812,73.31861877441406,27.199478149414062,86.32106018066406,74.21360778808594,29.23288345336914,80.60834503173828,80.0787124633789,1,1,1,1,1,1,1,1,1,1
IMG_3909_png_jpg.rf.817ca56da777e39dce4251ac6d6b4170.jpg,train,92.69255065917969,78.392333984375,71.77711486816406,61.07009506225586,59.771759033203125,58.99365997314453,24.432785034179688,83.65177917480469,92.96781921386719,38.38223648071289,74.89288330078125,61.33230209350586,1,1,1,1,1,1,1,1,1,1
29_jpg.rf.81a69b85be4a5f35170e448525a8bdf2.jpg,train,135.216796875,135.77694702148438,138.74887084960938,70.1474380493164,71.8785629272461,70.89354705810547,107.34120178222656,17.350692749023438,140.4464874267578,36.29677200317383,17.33488655090332,71.9727554321289,1,1,1,1,1,1,1,1,1,1
IMG_3699_png_jpg.rf.80f29eaf2f9bfea29c2b7ce7a19be2aa.jpg,train,81.73197937011719,66.97850036621094,47.592803955078125,74.7061996459961,64.00491333007812,55.174720764160156,29.590469360351562,97.47119140625,86.66398620605469,42.64155960083008,93.4314193725586,78.22032165527344,1,1,1,1,1,1,1,1,1,1
33_jpg.rf.80881996e55c882aed9117fc73875a39.jpg,train,78.19245910644531,78.69094848632812,71.794189453125,49.242820739746094,50.02593231201172,44.749881744384766,24.789520263671875,23.573532104492188,79.74258422851562,33.0567512512207,42.693458557128906,50.76702880859375,1,1,1,1,1,1,1,1,1,1
29_jpg.rf.81fae1785e6ea726a3fd6efb65c252ec.jpg,train,87.31050109863281,89.34178161621094,90.18281555175781,66.15766906738281,66.9019546508789,66.4317626953125,77.8502197265625,22.21014404296875,92.55998229980469,47.936912536621094,35.348506927490234,68.62973022460938,1,1,1,1,1,1,1,1,1,1
IMG_3572_png_jpg.rf.81c9c65e16128806b3e7ee18b1dd1b87.jpg,train,141.57171630859375,144.89901733398438,137.65931701660156,85.19767761230469,83.2438735961914,78.29135131835938,59.28547668457031,31.351150512695312,147.11061096191406,31.045862197875977,40.20779800415039,83.8342514038086,1,1,1,1,1,1,1,1,1,1
IMG_3022_png_jpg.rf.82162386b04fdde194f3cec7692f3de2.jpg,train,47.566650390625,52.778900146484375,63.77336120605469,52.63296127319336,52.39314270019531,48.93361282348633,101.76783752441406,110.177490234375,66.37049865722656,28.73090171813965,54.117271423339844,52.42916488647461,1,1,1,1,1,1,1,1,1,1
IMG_3653_png_jpg.rf.82469fd995a2dff5656a6650aedabd08.jpg,train,194.1208038330078,174.45545959472656,142.3308868408203,68.17815399169922,66.61502838134766,60.550994873046875,25.482147216796875,76.74905395507812,195.3212127685547,25.971214294433594,36.7861213684082,66.8148193359375,1,1,1,1,1,1,1,1,1,1
25_jpg.rf.819b7e5c53f8d5b8c870142e47b4eb28.jpg,train,40.54258728027344,40.60359191894531,52.40040588378906,63.55916213989258,65.28205871582031,67.96576690673828,73.14920043945312,78.76876831054688,55.02813720703125,58.255577087402344,78.81133270263672,71.74583435058594,1,1,1,1,1,1,1,1,0,1
IMG_3858_png_jpg.rf.826a8e2ced02936b68f33c781767d1e9.jpg,train,135.55230712890625,125.35060119628906,98.29876708984375,51.02730941772461,50.817718505859375,53.18267822265625,34.889984130859375,83.53842163085938,136.43743896484375,38.43988800048828,38.38277053833008,52.29052734375,1,1,1,1,1,1,1,1,1,1
IMG_3650_png_jpg.rf.825ef28879b6561e48d1f7fc6515d282.jpg,train,175.61351013183594,144.1056671142578,120.84457397460938,59.369319915771484,54.47651672363281,52.03536605834961,16.01617431640625,90.31832885742188,176.13510131835938,19.441171646118164,41.94582748413086,59.3046989440918,1,1,1,1,1,1,1,1,1,1
IMG_3949_png_jpg.rf.823426840cc7d999e5db229425b59fe0.jpg,train,163.6271209716797,124.20368957519531,122.58299255371094,51.332759857177734,64.35630798339844,62.15732192993164,94.83607482910156,78.77687072753906,163.79331970214844,84.40770721435547,43.32322311401367,51.51502990722656,1,1,1,1,1,1,1,1,1,1
IMG_3018_png_jpg.rf.8084490c01d92f4829a8f44bd9e530c1.jpg,train,119.40292358398438,115.93496704101562,114.61593627929688,43.74320983886719,44.982666015625,43.879459381103516,41.69486999511719,12.44012451171875,119.55087280273438,62.49801254272461,11.322104454040527,43.951637268066406,1,1,1,1,1,1,1,1,1,1
IMG_3608_png_jpg.rf.829c8f6304b10bbb6e664023f2e2b427.jpg,train,186.46646118164062,185.28807067871094,172.14938354492188,54.093116760253906,53.90079879760742,54.42893600463867,28.443939208984375,26.149490356445312,187.00274658203125,10.53299331665039,27.989883422851562,54.06965637207031,1,1,1,1,1,1,1,1,1,1
IMG_2978_png_jpg.rf.823c3efbf4e0352f8bff6ce7caf43799.jpg,train,33.60707092285156,35.84410095214844,39.86994934082031,50.05485153198242,51.592227935791016,47.999332427978516,109.10588073730469,71.86900329589844,41.24165344238281,20.530641555786133,36.53462219238281,52.08964538574219,1,1,1,1,1,1,1,1,1,1
IMG_3740_png_jpg.rf.82aa97ae00068cd43ab6ed34b4aafea9.jpg,train,200.9663543701172,194.7183837890625,189.9750518798828,60.291664123535156,64.53349304199219,65.1147689819336,15.478134155273438,21.740890502929688,201.08087158203125,20.554433822631836,29.815776824951172,60.32003402709961,1,1,1,1,1,1,1,1,1,1
IMG_3870_png_jpg.rf.82719662141d832cc550ea7f50818d36.jpg,train,130.25015258789062,51.11021423339844,68.734130859375,58.36488342285156,51.22022247314453,53.20724868774414,144.6623992919922,167.46609497070312,130.46395874023438,59.1563606262207,55.70688247680664,58.57660675048828,1,1,1,1,1,1,1,1,1,1
IMG_3684_png_jpg.rf.8330b3e3d08d7e443725b119f98a9c14.jpg,train,90.31549072265625,87.11851501464844,77.09645080566406,51.571598052978516,51.17900848388672,48.940948486328125,23.832000732421875,47.5528564453125,90.46470642089844,14.150022506713867,33.0565299987793,51.81047439575195,1,1,1,1,1,1,1,1,0,1
IMG_3716_png_jpg.rf.82e1d014ea3a1809d7b5925dcac8da77.jpg,train,120.67222595214844,110.60769653320312,97.17312622070312,72.95580291748047,66.49415588378906,71.89999389648438,48.66764831542969,106.73361206054688,133.7682342529297,45.861141204833984,76.96857452392578,68.96161651611328,1,1,1,1,1,1,1,1,1,1
27_jpg.rf.827c8dcbf5c65e24d72c01a4229c09d4.jpg,train,55.113922119140625,56.8685302734375,62.42039489746094,65.01998901367188,66.96928405761719,66.24358367919922,115.01390075683594,75.06060791015625,65.23269653320312,27.914684295654297,44.524383544921875,70.52349853515625,1,1,1,1,1,1,1,1,1,1
IMG_3620_png_jpg.rf.8341650de33419c54ef9a8ddac41a64a.jpg,train,134.76011657714844,125.66812133789062,117.34713745117188,68.84868621826172,69.08958435058594,69.0690689086914,18.879547119140625,41.349029541015625,135.12551879882812,24.767606735229492,42.4940185546875,69.04834747314453,1,1,1,1,1,1,1,1,1,1
IMG_3730_png_jpg.rf.8369e44fb31de067afd56380c643b41d.jpg,train,174.20828247070312,170.32119750976562,161.10044860839844,53.22761535644531,54.068050384521484,53.8652458190918,23.028594970703125,22.33685302734375,174.40931701660156,16.4262638092041,20.747461318969727,53.3016242980957,1,1,1,1,1,1,1,1,1,1
IMG_3949_png_jpg.rf.83259461a61b7e26c6abd415528243a4.jpg,train,132.45925903320312,99.9027099609375,89.34053039550781,55.15398025512695,65.02885437011719,64.48578643798828,13.025192260742188,107.23681640625,132.82693481445312,26.371753692626953,66.67462158203125,55.535491943359375,1,1,1,1,1,1,1,1,1,1
IMG_3606_png_jpg.rf.83c680d4c5124898e554dc6dc74c7975.jpg,train,123.71914672851562,117.57417297363281,107.96670532226562,48.766239166259766,46.72435760498047,46.00143814086914,19.729995727539062,38.04963684082031,123.92303466796875,13.742327690124512,27.873016357421875,48.975337982177734,1,1,1,1,1,1,1,1,1,1
IMG_3763_png_jpg.rf.836ac8c6b1464b081abfc9dfa47b1bef.jpg,train,80.93276977539062,80.01588439941406,45.83106994628906,55.64558029174805,54.82335662841797,51.176361083984375,29.58447265625,144.43862915039062,84.65119934082031,22.980684280395508,77.71992492675781,56.49577713012695,1,1,1,1,1,1,1,1,1,1
IMG_3569_png_jpg.rf.849f8607755129d93c655258503a2a7e.jpg,train,192.52166748046875,195.89590454101562,192.29734802246094,72.9062271118164,68.89813232421875,69.17403411865234,40.68110656738281,15.6287841796875,197.95724487304688,40.861488342285156,26.73162841796875,68.80679321289062,1,1,1,1,1,1,1,1,1,1
IMG_3022_png_jpg.rf.835f37830cdde13b664e236eab577038.jpg,train,41.537750244140625,41.66963195800781,53.435302734375,52.10719680786133,52.90626907348633,51.45035934448242,105.77572631835938,118.89375305175781,55.267852783203125,34.380516052246094,76.08708953857422,53.89979934692383,1,1,1,1,1,1,1,1,1,1
IMG_3024_png_jpg.rf.849f082f2015f36e53f1976014807524.jpg,train,67.76542663574219,66.56912231445312,78.23678588867188,48.213321685791016,48.44850540161133,41.3078727722168,107.0638427734375,60.333892822265625,80.37986755371094,35.95548629760742,26.49944496154785,44.38196563720703,1,1,1,1,1,1,1,1,1,1
IMG_3881_png_jpg.rf.82e1605cf8ed77e4f6957fe5318c38b4.jpg,train,167.3215789794922,163.87086486816406,140.3133544921875,62.16752624511719,61.22937774658203,69.94282531738281,38.029937744140625,58.30487060546875,171.8806610107422,31.100677490234375,46.68402099609375,61.665496826171875,1,1,1,1,1,1,1,1,1,1
29_jpg.rf.83593de38551f8463090a2e98447bbe9.jpg,train,77.70529174804688,79.32731628417969,79.50973510742188,61.49216842651367,61.809146881103516,61.535057067871094,66.15605163574219,13.424560546875,81.35195922851562,48.341941833496094,24.639249801635742,63.39141082763672,1,1,1,1,1,1,1,1,1,1
14_jpg.rf.84f4bc65b7b3d807c727a95e42e7e2b2.jpg,train,163.3155059814453,127.07931518554688,97.18601989746094,54.54291534423828,54.421627044677734,50.20124053955078,15.927322387695312,112.78286743164062,163.662109375,14.767935752868652,46.737884521484375,54.04920196533203,1,1,1,1,1,1,1,1,1,1
25_jpg.rf.846537006c846df1df9f05e9d5ea2338.jpg,train,90.33993530273438,89.64260864257812,105.78292846679688,57.7697639465332,58.879425048828125,60.36689758300781,115.72848510742188,51.65850830078125,108.041748046875,26.629716873168945,20.60767364501953,62.57817459106445,1,1,1,1,1,1,1,1,1,1
IMG_3642_png_jpg.rf.850dfd7bb95fd88e268f7b0ad9043f2d.jpg,train,139.96946716308594,64.45941162109375,48.142913818359375,72.31299591064453,60.80610275268555,57.43049621582031,15.948867797851562,166.3506622314453,140.5106658935547,26.081298828125,87.07614135742188,72.30460357666016,1,1,1,1,1,1,1,1,1,1
IMG_3828_png_jpg.rf.8512c50093594135cb725b5e521df55f.jpg,train,138.34970092773438,128.3851318359375,122.05172729492188,59.963523864746094,62.14282989501953,63.09154510498047,31.402740478515625,54.251739501953125,140.30064392089844,44.0994758605957,57.82447052001953,61.118812561035156,1,1,1,1,1,1,1,1,1,1
IMG_3731_png_jpg.rf.8592911dfbb1999b3884750afdf64f7d.jpg,train,128.5864715576172,122.81575012207031,113.86846923828125,58.78448486328125,56.78398132324219,55.9244499206543,22.220062255859375,34.679656982421875,128.96420288085938,17.858078002929688,36.539390563964844,59.018028259277344,1,1,1,1,1,1,1,1,1,1
IMG_3769_png_jpg.rf.85bd9aa94d0b59f5338e10ab05138917.jpg,train,78.5396728515625,70.74534606933594,62.527435302734375,66.90965270996094,62.88623809814453,61.65476989746094,24.404800415039062,75.95501708984375,79.04020690917969,38.859405517578125,72.89766693115234,67.18489837646484,1,1,1,1,1,1,1,1,1,1
IMG_3742_png_jpg.rf.8417fcf681a460249508af41a6848dca.jpg,train,121.91940307617188,120.42843627929688,126.05616760253906,67.20365905761719,61.2186393737793,56.09721374511719,69.66966247558594,72.02091979980469,141.10255432128906,46.81660461425781,54.24346923828125,59.74776840209961,1,1,1,1,1,1,1,1,1,1
IMG_3708_png_jpg.rf.849533da7a94b5900d29aae80aac0102.jpg,train,156.1425018310547,153.41529846191406,145.66648864746094,59.41008758544922,53.96062088012695,46.81790542602539,69.86943054199219,32.555450439453125,162.84579467773438,45.09043884277344,33.83498001098633,57.10468673706055,1,1,1,1,1,1,1,1,1,1
23_jpg.rf.843d33b25a2f85409b64a81f15c9f802.jpg,train,44.643035888671875,46.57061767578125,52.72088623046875,61.71413040161133,64.50697326660156,63.86763381958008,118.92739868164062,100.89894104003906,55.13652038574219,23.799856185913086,55.421478271484375,67.69803619384766,1,1,1,1,1,1,1,1,1,1
IMG_3606_png_jpg.rf.848168603ac0d5d5c86977abf177c572.jpg,train,109.43301391601562,108.89671325683594,99.22601318359375,45.91330337524414,45.2558708190918,43.671566009521484,29.821243286132812,31.389434814453125,109.87872314453125,12.34652042388916,34.95834732055664,46.01482009887695,1,1,1,1,1,1,1,1,1,1
IMG_3566_png_jpg.rf.8531c859f1dd53dc509e857b6c630bdf.jpg,train,121.65425109863281,121.082763671875,120.12152099609375,69.4808349609375,68.25824737548828,65.34626770019531,75.19277954101562,19.941680908203125,125.51844787597656,49.14644241333008,28.352598190307617,69.66048431396484,1,1,1,1,1,1,1,1,1,1
IMG_3958_png_jpg.rf.84d3438c1390a0c99e8b70827635e509.jpg,train,117.7288818359375,109.231201171875,98.93730163574219,69.42921447753906,62.85277557373047,52.3979377746582,51.47526550292969,81.98306274414062,123.39982604980469,47.5974235534668,54.7029914855957,63.34206008911133,1,1,1,1,1,1,1,1,1,1
IMG_3574_png_jpg.rf.8582f2ab3e462db4fbca85ed4fc740c6.jpg,train,106.09001159667969,107.54756164550781,98.33468627929688,84.37166595458984,80.81486511230469,75.32992553710938,46.49879455566406,45.713623046875,111.00492858886719,34.75850296020508,54.8188591003418,83.2588882446289,1,1,1,1,1,1,1,1,1,1
IMG_3559_png_jpg.rf.1cab87e7582bb8397be76b0a89854d29.jpg,train,129.3207244873047,128.6566619873047,122.15843200683594,71.43199157714844,70.08024597167969,70.27277374267578,43.40362548828125,31.706817626953125,131.12521362304688,37.16183090209961,51.60723114013672,71.7279052734375,1,1,1,1,1,1,1,1,1,1
IMG_3926_png_jpg.rf.1cb0510c6ea255a8ab8c0079b7e4a10b.jpg,train,99.32247924804688,89.89834594726562,72.68870544433594,56.41044998168945,54.70029830932617,53.07445526123047,29.339614868164062,96.80867004394531,101.4010009765625,33.61637878417969,59.61138916015625,57.17475128173828,1,1,1,1,1,1,1,1,1,1
IMG_3613_png_jpg.rf.1f85e7ed86acde10938a54cbddfb42c6.jpg,train,176.8396453857422,172.17333984375,166.46202087402344,80.6801986694336,79.0042724609375,77.35029602050781,30.1593017578125,42.29728698730469,183.87237548828125,32.072086334228516,49.34486770629883,74.05238342285156,1,1,1,1,1,1,1,1,1,1
IMG_3710_png_jpg.rf.1f8e0797139299f84b3514a6238c050e.jpg,train,163.18736267089844,152.40017700195312,142.45143127441406,60.90834045410156,56.920997619628906,58.95509338378906,38.83770751953125,57.097869873046875,171.31483459472656,44.850425720214844,41.1893424987793,56.409141540527344,1,1,1,1,1,1,1,1,1,1
IMG_3617_png_jpg.rf.1ce1aff4fc95bc438dcc2307fe3ca6d6.jpg,train,140.45347595214844,126.21597290039062,117.03837585449219,79.70316314697266,81.94877624511719,81.37605285644531,14.869857788085938,60.926910400390625,140.7143096923828,19.051841735839844,43.384971618652344,79.8980484008789,1,1,1,1,1,1,1,1,1,1
IMG_3649_png_jpg.rf.1f9bb0aa424a6f654028b9a57c2fc672.jpg,train,162.54103088378906,140.8504638671875,115.88766479492188,59.04545974731445,57.135719299316406,54.64568328857422,19.228378295898438,92.99626159667969,163.09986877441406,19.322940826416016,61.5134391784668,58.994991302490234,1,1,1,1,1,1,1,1,1,1
IMG_3028_png_jpg.rf.1f9c36f261fd5fc59c5d1807f88e9a20.jpg,train,139.13473510742188,63.05857849121094,139.06109619140625,73.99359130859375,40.46064376831055,81.4583969116211,107.06207275390625,134.01742553710938,144.2430419921875,60.93607711791992,64.30574035644531,77.57217407226562,1,1,1,1,1,1,1,1,1,1
IMG_3650_png_jpg.rf.1d09ae04afdc3e19b8af960b292dfc72.jpg,train,174.77867126464844,157.7169647216797,132.51089477539062,56.67119598388672,54.969364166259766,52.556007385253906,20.36285400390625,72.30377197265625,175.20704650878906,17.0913143157959,41.28349304199219,56.68733596801758,1,1,1,1,1,1,1,1,1,1
IMG_3695_png_jpg.rf.1fcd8b34daba6c54915fc9974607bebc.jpg,train,94.57713317871094,87.49436950683594,70.88505554199219,77.69761657714844,73.05450439453125,68.01504516601562,36.98295593261719,96.47125244140625,100.09956359863281,37.64841842651367,86.8563232421875,81.05094909667969,1,1,1,1,1,1,1,1,1,1
IMG_3729_png_jpg.rf.1fc73f193540fe769cafa71b91dbd027.jpg,train,98.72021484375,97.026611328125,88.10601806640625,59.454368591308594,58.86320114135742,57.17797088623047,27.056045532226562,45.8521728515625,99.38813781738281,16.560100555419922,56.50813674926758,59.60724639892578,1,1,1,1,1,1,1,1,1,1
IMG_3564_png_jpg.rf.1fe1e92f8ef0723b07571006c32873f3.jpg,train,173.9502410888672,171.9715118408203,163.64492797851562,60.845542907714844,60.28193283081055,65.15470886230469,48.61968994140625,19.603652954101562,175.62713623046875,39.70960998535156,35.4315185546875,61.2253303527832,1,1,1,1,1,1,1,1,1,1
IMG_3691_png_jpg.rf.1cebb333a45ae867604099dc4674b307.jpg,train,156.79519653320312,144.00108337402344,137.1279754638672,59.014305114746094,55.771209716796875,56.34136962890625,18.878158569335938,36.89276123046875,157.2137908935547,30.22556495666504,39.165771484375,59.11521530151367,1,1,1,1,1,1,1,1,1,1
IMG_3652_png_jpg.rf.1cf28573c79dc545587100629ec0af61.jpg,train,177.49447631835938,170.0999755859375,137.72702026367188,67.84239959716797,66.53461456298828,59.43556213378906,30.221099853515625,63.70257568359375,178.0599365234375,24.431793212890625,30.17245101928711,67.2741928100586,1,1,1,1,1,1,1,1,1,1
IMG_3958_png_jpg.rf.1ff79b305089d4f253c4195558534f0b.jpg,train,82.57186889648438,74.6741943359375,55.2882080078125,61.664825439453125,56.350284576416016,45.28160858154297,43.89646911621094,116.70283508300781,86.1529541015625,44.56060028076172,68.33899688720703,59.04598617553711,1,1,1,1,1,1,1,1,1,1
IMG_3768_png_jpg.rf.1d03beb62a54fca493b5ae59d1b27baa.jpg,train,74.0428466796875,69.28105163574219,55.995635986328125,67.8156967163086,62.49464797973633,55.303340911865234,29.439437866210938,81.72642517089844,75.05986022949219,18.78472137451172,71.79300689697266,68.20770263671875,1,1,1,1,1,1,1,1,1,1
IMG_3812_png_jpg.rf.1d0aec6b1cb673afcc1fc76a30c7307b.jpg,train,130.4934539794922,127.61845397949219,105.70906066894531,68.88025665283203,61.588279724121094,68.51490783691406,45.81282043457031,75.44020080566406,137.49954223632812,40.29794692993164,59.81846618652344,66.82902526855469,1,1,1,1,1,1,1,1,1,1
15_jpg.rf.200f539b22ba6cb50c8a858bc6fc785e.jpg,train,140.84820556640625,115.65751647949219,84.22808837890625,46.8493766784668,45.579551696777344,41.7430305480957,16.521148681640625,111.35664367675781,141.01309204101562,3.2231338024139404,34.80738067626953,46.88314437866211,1,1,1,1,1,1,1,1,1,1
IMG_3723_png_jpg.rf.2018557c81805cf86c0fc95f2d4ca6c6.jpg,train,23.159942626953125,19.783538818359375,17.91302490234375,54.462589263916016,49.17800521850586,46.220916748046875,8.000778198242188,26.86883544921875,23.326171875,27.6392822265625,65.77980041503906,54.7647590637207,1,1,1,1,1,1,1,1,1,1
IMG_3775_png_jpg.rf.200699a8a94dc5f0c0f82d8ddb4cc12b.jpg,train,96.30621337890625,82.92494201660156,75.34843444824219,65.83670806884766,62.33744430541992,58.57429122924805,14.945297241210938,80.46769714355469,96.88284301757812,27.62891387939453,67.15081787109375,66.341552734375,1,1,1,1,1,1,1,1,1,1
IMG_3889_png_jpg.rf.2064b861f4a5c9024232d0e3fc6f77ad.jpg,train,96.88179016113281,96.52467346191406,87.98757934570312,62.249080657958984,64.83216857910156,62.54619216918945,32.04927062988281,45.02296447753906,98.58425903320312,26.55204963684082,54.81669235229492,63.92947769165039,1,1,1,1,1,1,1,1,1,1
IMG_3013_png_jpg.rf.206a511a82c9be73768f35c4de747e50.jpg,train,18.345535278320312,18.277450561523438,17.4449462890625,40.104373931884766,40.15812683105469,37.390960693359375,28.37652587890625,32.79093933105469,19.00787353515625,46.702049255371094,63.35066223144531,40.862579345703125,1,1,1,1,1,1,1,1,1,1
IMG_3889_png_jpg.rf.207121152773df342d460b765daf0025.jpg,train,140.78741455078125,139.73680114746094,133.64065551757812,62.580177307128906,64.61054229736328,65.22762298583984,31.914886474609375,26.571395874023438,141.48316955566406,24.7257137298584,47.556549072265625,63.171390533447266,1,1,1,1,1,1,1,1,1,1
IMG_3656_png_jpg.rf.207bb1d951463caec05b475b82a972a1.jpg,train,196.58706665039062,178.3338623046875,167.70098876953125,54.053653717041016,52.9002571105957,50.987030029296875,20.71734619140625,41.65196228027344,197.14767456054688,32.92148971557617,21.166322708129883,53.28498077392578,1,1,1,1,1,1,1,1,1,1
IMG_3860_png_jpg.rf.20739110e35078bc2a952e8efb5720ca.jpg,train,132.0657196044922,112.27862548828125,82.61956787109375,60.91079330444336,59.92429733276367,60.29665756225586,24.70574951171875,122.0455322265625,133.12318420410156,28.288089752197266,59.67745590209961,62.19945526123047,1,1,1,1,1,1,1,1,1,1
IMG_3948_png_jpg.rf.20c7c9e2af8d5307c4ade41aed52d29c.jpg,train,150.2052001953125,112.29440307617188,107.92367553710938,59.3990364074707,72.15342712402344,68.86723327636719,62.09812927246094,89.9024658203125,150.64663696289062,78.48212432861328,51.62803268432617,59.79585266113281,1,1,1,1,1,1,1,1,1,1
IMG_3783_png_jpg.rf.2090773659738b7f3497590d8517d038.jpg,train,110.68675231933594,101.41285705566406,81.8831787109375,63.81741714477539,63.161338806152344,65.4739761352539,39.17283630371094,101.27836608886719,112.43370056152344,44.85276412963867,67.31687927246094,64.17152404785156,1,1,1,1,1,1,1,1,1,1
IMG_3002_png_jpg.rf.209538b1895e8891e4b89f64c0a79993.jpg,train,52.12126159667969,61.36219787597656,79.1490478515625,36.99188995361328,37.44367980957031,33.95178985595703,107.101318359375,95.72335815429688,80.07041931152344,17.93647003173828,22.473770141601562,36.44017028808594,1,1,1,1,1,1,1,1,1,1
IMG_3889_png_jpg.rf.20b937cd78d0943c3b13ef7e406ee3fe.jpg,train,155.87416076660156,150.9336395263672,145.3206329345703,66.87994384765625,70.40816497802734,69.06995391845703,25.002548217773438,24.659744262695312,156.72891235351562,31.690227508544922,24.638906478881836,67.55358123779297,1,1,1,1,1,1,1,1,1,1
IMG_3842_png_jpg.rf.200e0e7a7819fba6f8f4eaaa14e29b08.jpg,train,179.18130493164062,173.24159240722656,161.95941162109375,52.79123306274414,53.51633834838867,54.084354400634766,23.73828125,26.856185913085938,179.37628173828125,14.63090991973877,27.045520782470703,52.78746032714844,1,1,1,1,1,1,1,1,1,1
IMG_3827_png_jpg.rf.1e1b1babd21fc7891d61d00871d3bc17.jpg,train,92.75370788574219,82.99649047851562,75.8831787109375,63.62220764160156,62.0156364440918,61.09981155395508,28.169570922851562,88.24430847167969,96.26901245117188,40.234737396240234,65.4787368774414,67.13541412353516,1,1,1,1,1,1,1,1,1,1
IMG_3756_png_jpg.rf.20d56f46f2a9b137f14416b188aae30c.jpg,train,76.84585571289062,74.00570678710938,62.1707763671875,64.26734161376953,62.061805725097656,57.987266540527344,27.220138549804688,80.35281372070312,77.6298828125,22.032806396484375,79.83203125,64.2328109741211,1,1,1,1,1,1,1,1,1,1
IMG_3641_png_jpg.rf.20e4a44b22ba044d5b3c6cc9a5250501.jpg,train,94.09736633300781,93.00279235839844,85.57240295410156,73.0547866821289,73.71005249023438,73.40699768066406,33.908843994140625,62.20623779296875,94.78286743164062,37.364295959472656,85.8497314453125,73.43995666503906,1,1,1,1,1,1,1,1,1,1
IMG_3572_png_jpg.rf.1ec3fcf9b4bea64345ed16b4d63d479c.jpg,train,135.38954162597656,137.73211669921875,131.39671325683594,86.38438415527344,84.8386001586914,80.14852905273438,51.71076965332031,28.006301879882812,139.8282012939453,33.87152862548828,40.12118911743164,85.43304443359375,1,1,1,1,1,1,1,1,1,1
27_jpg.rf.1e285716cfd0e8c13cfb28d30cc9dcb9.jpg,train,78.87110900878906,81.28878784179688,87.5755615234375,62.2443733215332,64.69548034667969,64.47122955322266,112.29547119140625,38.36973571777344,90.14781188964844,26.369264602661133,20.80408477783203,67.64463806152344,1,1,1,1,1,1,1,1,1,1
IMG_2995_png_jpg.rf.20e977f147f811c84bb2d9be457876ed.jpg,train,140.07254028320312,145.40701293945312,148.95535278320312,48.72684097290039,49.98802185058594,51.841026306152344,95.77656555175781,19.591796875,150.36228942871094,24.75376319885254,20.33894920349121,51.86077117919922,1,1,1,1,1,1,1,1,1,1
IMG_3606_png_jpg.rf.21710a956221f98aaf33d228dbb4c4ce.jpg,train,164.8295440673828,165.9320068359375,155.81971740722656,42.88330078125,42.63003158569336,42.319427490234375,34.08106994628906,17.098876953125,166.15374755859375,10.383442878723145,12.59947681427002,42.74775314331055,1,1,1,1,1,1,1,1,1,1
IMG_3615_png_jpg.rf.210af890b18c6fa05506340308f2f04c.jpg,train,170.89141845703125,164.9038543701172,158.10731506347656,81.42431640625,79.38813781738281,77.54730224609375,30.558380126953125,57.089447021484375,179.38720703125,31.063840866088867,64.43849182128906,72.97736358642578,1,1,1,1,1,1,1,1,1,1
IMG_3808_png_jpg.rf.21eb3f17aa55ddeb4db44b6a44132202.jpg,train,77.68553161621094,71.59428405761719,58.82859802246094,64.22762298583984,62.33815383911133,57.68918991088867,23.828643798828125,87.09898376464844,78.71257019042969,22.961454391479492,62.63169479370117,64.3732681274414,1,1,1,1,1,1,1,1,1,1
IMG_3589_png_jpg.rf.21f7bf95391c2ce3203e3e3f98cdc61e.jpg,train,127.694580078125,114.89166259765625,93.01060485839844,38.44294738769531,43.96987533569336,48.738948822021484,22.16876220703125,78.62588500976562,128.07215881347656,14.906798362731934,46.1676025390625,39.058135986328125,1,1,1,1,1,1,1,1,1,1
IMG_3813_png_jpg.rf.21711f189d113899e120c9bcc9cc392e.jpg,train,86.30372619628906,91.50505065917969,59.01762390136719,56.68647384643555,53.09980392456055,54.4708251953125,35.17314147949219,121.84001159667969,94.6298828125,18.50407600402832,75.50443267822266,54.89986038208008,1,1,1,1,1,1,1,1,1,1
IMG_3027_png_jpg.rf.21784b267fbfd4a2480ba0193e857b3b.jpg,train,138.77200317382812,77.44277954101562,160.721435546875,61.67975997924805,39.993797302246094,85.39273071289062,100.24546813964844,120.84518432617188,165.6089630126953,57.91883850097656,66.52830505371094,81.21633911132812,1,1,1,1,1,1,1,1,1,1
IMG_3752_png_jpg.rf.2212ddf980818e3584de9b882f4de1a0.jpg,train,95.44859313964844,92.01846313476562,81.44422912597656,63.69902420043945,61.964813232421875,61.10862350463867,25.284439086914062,62.335235595703125,96.26460266113281,17.363611221313477,63.94156265258789,63.7790412902832,1,1,1,1,1,1,1,1,1,1
27_jpg.rf.220081a687d31631092db4874a3417dc.jpg,train,47.737548828125,49.87384033203125,54.66062927246094,65.00853729248047,66.10933685302734,66.09038543701172,66.85418701171875,48.747344970703125,56.75579833984375,55.50262451171875,60.063812255859375,69.4122543334961,1,1,1,1,1,1,1,1,1,1
IMG_3006_png_jpg.rf.2231fe5f175df62cae289da2fe07c8fc.jpg,train,17.659713745117188,17.84918212890625,16.833770751953125,42.564327239990234,43.045528411865234,40.651851654052734,20.963455200195312,30.063339233398438,18.370742797851562,37.227867126464844,62.680606842041016,44.23917770385742,1,1,1,1,1,1,1,1,1,1
IMG_3656_png_jpg.rf.22795d0f463deee875faa5b681f017da.jpg,train,116.52168273925781,101.09774780273438,75.59332275390625,58.53839111328125,54.939613342285156,46.45795822143555,24.481613159179688,110.32803344726562,117.19624328613281,26.12941551208496,61.038307189941406,58.31990051269531,1,1,1,1,1,1,1,1,1,1
IMG_3020_png_jpg.rf.22442ef041c4fc2e9398bf0a0ced062e.jpg,train,88.2720947265625,85.19529724121094,79.9822998046875,48.74187469482422,51.13917541503906,50.7249641418457,28.128524780273438,40.75193786621094,88.680419921875,36.783939361572266,47.4956169128418,49.63241958618164,1,1,1,1,1,1,1,1,1,1
4_jpg.rf.2203f090ad3443418c7de3e69525da2c.jpg,train,159.93731689453125,140.26739501953125,137.40037536621094,102.38192749023438,91.80074310302734,89.29500579833984,20.385955810546875,36.538818359375,160.9477081298828,45.953895568847656,39.72538375854492,101.91472625732422,1,1,1,1,1,1,1,1,1,1
23_jpg.rf.1e177d39a39e156c795441fc8e055b91.jpg,train,37.53990173339844,42.57679748535156,47.8558349609375,60.809425354003906,63.72355651855469,64.32643127441406,71.80638122558594,82.64962768554688,50.87382507324219,52.22740173339844,78.3974380493164,68.67524719238281,1,1,1,1,1,1,1,1,1,1
IMG_3013_png_jpg.rf.1e884d11d5e6dc51534698d593d62f4c.jpg,train,24.345306396484375,23.68218994140625,22.7901611328125,44.19237518310547,42.927978515625,40.38368606567383,42.13133239746094,42.09159851074219,25.341751098632812,53.20439529418945,56.92094039916992,44.92737579345703,1,1,1,1,1,1,1,1,1,1
IMG_3932_png_jpg.rf.22049bb7185710a35ba2c186308e6a86.jpg,train,132.5729522705078,124.67295837402344,105.45303344726562,70.75738525390625,69.7994155883789,69.63833618164062,28.991775512695312,70.93276977539062,135.9330291748047,23.318470001220703,54.00191879272461,70.31793975830078,1,1,1,1,1,1,1,1,1,1
IMG_3558_png_jpg.rf.2279cb29374adb2896fce5c8130b6d7a.jpg,train,51.12255859375,45.39088439941406,40.06828308105469,64.10969543457031,57.8890266418457,54.27587127685547,21.398040771484375,38.447052001953125,51.66081237792969,35.421268463134766,55.73651123046875,64.38990783691406,1,1,1,1,1,1,1,1,1,1
IMG_3856_png_jpg.rf.229a5b189a4e7265cd2154cbb19adb9c.jpg,train,70.24649047851562,67.50149536132812,59.396820068359375,67.62944793701172,65.79815673828125,60.67853927612305,19.155075073242188,49.64555358886719,70.52090454101562,16.514265060424805,65.16291809082031,67.97293853759766,1,1,1,1,1,1,1,1,1,1
IMG_3010_png_jpg.rf.22bc92b1ae405dd4b3e82c39a067019f.jpg,train,103.18728637695312,103.05500793457031,102.95263671875,49.78999710083008,49.6673469543457,45.10020446777344,62.63916015625,21.780563354492188,106.91798400878906,47.30253601074219,15.175019264221191,47.7563591003418,1,1,1,1,1,1,1,1,1,1
IMG_3590_png_jpg.rf.229e1c03d882ffabeeb85e4d62d8f373.jpg,train,53.67247009277344,37.106475830078125,27.010650634765625,53.33879852294922,53.58501434326172,50.004852294921875,13.742767333984375,172.49574279785156,53.868560791015625,20.506181716918945,58.18573760986328,53.828975677490234,1,1,1,1,1,1,1,1,1,1
28_jpg.rf.2313a8c5a933979fac596e956d21fe0e.jpg,train,87.51751708984375,86.02311706542969,92.12644958496094,56.88320541381836,56.28013229370117,56.57716751098633,68.21513366699219,21.923080444335938,93.9222412109375,61.92444610595703,23.5505313873291,59.455074310302734,1,1,1,1,1,1,1,1,1,1
IMG_3637_png_jpg.rf.22c9e05bb3c85e1a064a7fa0327228ca.jpg,train,132.6168212890625,127.44941711425781,115.42343139648438,67.49840545654297,67.16093444824219,68.05579376220703,28.396957397460938,50.18687438964844,133.28018188476562,23.238061904907227,58.40263748168945,67.64197540283203,1,1,1,1,1,1,1,1,1,1
IMG_3003_png_jpg.rf.22f1742f0dc5b002d0291c636520682c.jpg,train,138.64794921875,139.95985412597656,138.81222534179688,43.00261306762695,43.53882598876953,43.13140106201172,70.17012023925781,5.8490753173828125,140.81570434570312,41.87318420410156,15.825916290283203,43.812591552734375,1,1,1,1,1,1,1,1,1,1
IMG_3766_png_jpg.rf.1ef06ef2aeb6caf81393c60f60f1fb7a.jpg,train,97.51763916015625,89.80511474609375,83.31097412109375,63.86439514160156,61.50153732299805,60.84214782714844,17.0078125,62.20454406738281,97.85150146484375,21.374710083007812,66.42005920410156,64.1591567993164,1,1,1,1,1,1,1,1,1,1
IMG_3661_png_jpg.rf.237dedfe095eaf63b756537231b25ae3.jpg,train,148.72059631347656,116.81201171875,79.02330017089844,37.565189361572266,46.18593215942383,55.595916748046875,26.970611572265625,133.99574279785156,151.7238006591797,33.90254592895508,49.642295837402344,42.07948684692383,1,1,1,1,1,1,1,1,1,1
IMG_3974_png_jpg.rf.2362fd2256859a7c4070d4eecb581a2a.jpg,train,34.74346923828125,25.940643310546875,17.886627197265625,59.523109436035156,41.58175277709961,31.240455627441406,29.100982666015625,99.52452087402344,35.27947998046875,19.43375587463379,76.71533203125,59.73017120361328,1,1,1,1,1,1,1,1,1,1
IMG_3932_png_jpg.rf.23172b4e06235e4963030c4c3e801dd9.jpg,train,100.8134765625,86.05850219726562,67.89791870117188,64.48579406738281,62.476959228515625,61.76363754272461,28.185256958007812,115.6798095703125,103.7855224609375,30.776519775390625,84.16520690917969,64.3983154296875,1,1,1,1,1,1,1,1,1,1
IMG_3783_png_jpg.rf.1f7c7b6d6f59abc37bff6b94dcbc3459.jpg,train,90.4276123046875,88.03916931152344,68.27821350097656,65.52787780761719,63.61172866821289,63.30305099487305,35.88441467285156,107.55802917480469,94.93025207519531,30.177783966064453,65.80286407470703,66.06979370117188,1,1,1,1,1,1,1,1,1,1
IMG_3786_png_jpg.rf.2332788a7baadc1c5d660cb54d4cccab.jpg,train,65.86250305175781,60.632293701171875,46.576568603515625,65.69361877441406,63.87711715698242,60.747127532958984,29.900466918945312,123.31443786621094,69.43153381347656,39.47801208496094,95.10887145996094,68.44739532470703,1,1,1,1,1,1,1,1,1,1
IMG_3672_png_jpg.rf.23a22b3638c56228a216ef53b08e3ad1.jpg,train,106.99787902832031,105.02244567871094,95.11814880371094,63.80072021484375,61.30861282348633,57.1619873046875,63.74290466308594,53.707427978515625,111.38548278808594,40.82173538208008,58.961265563964844,63.8282356262207,1,1,1,1,1,1,1,1,1,1
29_jpg.rf.239db1bba8b109db8cccbba81cd41524.jpg,train,114.92012023925781,115.8544921875,117.62367248535156,73.26103973388672,74.76128387451172,73.91094970703125,92.03915405273438,27.364654541015625,119.5460205078125,46.33332443237305,52.910057067871094,75.1832275390625,1,1,1,1,1,1,1,1,1,1
IMG_3612_png_jpg.rf.239e58d54f60e7995c1c7c1d57a058a5.jpg,train,192.76710510253906,186.63067626953125,182.4280242919922,71.78497314453125,70.79098510742188,71.73593139648438,26.57073974609375,35.41075134277344,199.62631225585938,40.05429458618164,45.387454986572266,64.97981262207031,1,1,1,1,1,1,1,1,1,1
IMG_3581_png_jpg.rf.1e900e2b80a54d3c0637d797f7280b4c.jpg,train,166.50172424316406,143.4838409423828,130.73362731933594,50.59622573852539,48.87953186035156,49.22388458251953,15.1845703125,66.34030151367188,167.4011993408203,23.88225746154785,43.55361557006836,50.85313034057617,1,1,1,1,1,1,1,1,1,1
IMG_3749_png_jpg.rf.240554940eb40b36280fcf04590a587a.jpg,train,137.33926391601562,115.72891235351562,104.48704528808594,69.24111938476562,80.2939224243164,79.09072875976562,25.274154663085938,93.51048278808594,137.56927490234375,42.13978958129883,71.85413360595703,69.4828109741211,1,1,1,1,1,1,1,1,1,1
IMG_3961_png_jpg.rf.23fa25d251c4cb6434cc36d10bf2708c.jpg,train,72.80532836914062,59.53712463378906,49.71510314941406,49.54973602294922,49.682159423828125,53.642356872558594,26.89532470703125,120.37510681152344,74.26014709472656,38.99680709838867,65.56763458251953,52.469459533691406,1,1,1,1,1,1,1,1,1,1
IMG_3601_png_jpg.rf.24b1ed08a1a0c82c5a94d5514fc758e9.jpg,train,172.01954650878906,171.54342651367188,162.08436584472656,62.03347396850586,62.08714294433594,62.52097702026367,29.485397338867188,19.718673706054688,172.48373413085938,12.286040306091309,19.530733108520508,62.01972198486328,1,1,1,1,1,1,1,1,1,1
IMG_3798_png_jpg.rf.1e5b45eaf9dac9d3006d79aeff606917.jpg,train,134.4608917236328,129.38134765625,114.91217041015625,63.69273376464844,62.76551818847656,62.56258773803711,23.505691528320312,43.44065856933594,135.78228759765625,18.39756965637207,23.478843688964844,63.65147018432617,1,1,1,1,1,1,1,1,1,1
IMG_3919_png_jpg.rf.24b63a54bb111c4ee4db30ed08995234.jpg,train,201.93429565429688,190.5125274658203,95.83699035644531,44.495479583740234,50.12090301513672,45.82802200317383,27.992813110351562,140.4456329345703,202.12608337402344,16.1771240234375,38.129634857177734,44.422706604003906,1,1,1,1,1,1,1,1,1,1
IMG_3014_png_jpg.rf.2434638b9292d4058b3791aab50d2963.jpg,train,14.612075805664062,14.499847412109375,13.7000732421875,39.1610107421875,38.82609176635742,35.85575866699219,24.8780517578125,33.05255126953125,15.23822021484375,44.22188186645508,63.94257354736328,39.78059387207031,1,1,1,1,1,1,1,1,1,1
IMG_3727_png_jpg.rf.24cfe865789ac214dc6b086cfced739f.jpg,train,144.7517547607422,146.01124572753906,137.1022491455078,81.91751098632812,78.43434143066406,78.00575256347656,37.26423645019531,72.86952209472656,156.94659423828125,35.9334716796875,70.062255859375,74.21941375732422,1,1,1,1,1,1,1,1,1,1
IMG_3734_png_jpg.rf.24746245ac22af87d0390660012a68dc.jpg,train,178.70114135742188,172.9758758544922,162.4464569091797,39.71916198730469,44.7744255065918,48.73118209838867,23.15570068359375,30.494674682617188,179.0365447998047,14.147132873535156,49.60987091064453,39.6923828125,1,1,1,1,1,1,1,1,1,1
IMG_3640_png_jpg.rf.2449e434996b6eacc3f2574dec4f0f33.jpg,train,128.38735961914062,122.75038146972656,113.48628234863281,71.16455841064453,69.5261001586914,69.66254425048828,30.951828002929688,44.46305847167969,128.97572326660156,29.080652236938477,55.86790466308594,71.27627563476562,1,1,1,1,1,1,1,1,1,1
IMG_3719_png_jpg.rf.23b0c79338b3a4c069c03078fda7bad3.jpg,train,42.93714904785156,36.82008361816406,32.85884094238281,74.7161636352539,67.12487030029297,62.30052185058594,13.111465454101562,37.43986511230469,43.24627685546875,34.01028823852539,72.68604278564453,75.01203918457031,1,1,1,1,1,1,1,1,1,1
IMG_3750_png_jpg.rf.247fc175887f11de897cfd2fa107530b.jpg,train,149.77191162109375,128.0320587158203,106.74879455566406,73.8045425415039,83.45074462890625,82.85440063476562,20.078125,100.50222778320312,150.029541015625,23.88555145263672,64.5186538696289,74.0342788696289,1,1,1,1,1,1,1,1,1,1
IMG_3806_png_jpg.rf.1d352687ce526f679d4f83840ab099e5.jpg,train,31.008041381835938,28.983123779296875,24.953720092773438,45.23583984375,43.76428985595703,40.74900817871094,23.520736694335938,78.58299255371094,31.571258544921875,33.14973831176758,78.72535705566406,46.121089935302734,1,1,1,1,1,1,1,1,1,1
IMG_3654_png_jpg.rf.24b00025cdc68d5abc84b10259624d22.jpg,train,200.33238220214844,177.021240234375,161.62498474121094,60.77690505981445,59.94603729248047,56.263179779052734,25.88519287109375,55.08671569824219,201.2109375,39.404808044433594,28.503015518188477,59.913330078125,1,1,1,1,1,1,1,1,1,1
33_jpg.rf.24e8a1fac5dfd3f9dfbd334b391d29e4.jpg,train,152.94813537597656,152.43972778320312,148.0135498046875,52.87837600708008,52.632450103759766,50.363948822021484,24.578720092773438,8.507110595703125,153.57237243652344,34.28651428222656,17.926856994628906,53.20524978637695,1,1,1,1,1,1,1,1,1,1
IMG_3651_png_jpg.rf.251d26014f3a8a37494bd515f7527ede.jpg,train,167.29808044433594,140.94444274902344,110.49298095703125,59.24046325683594,55.98216247558594,53.90274429321289,17.82720947265625,102.08944702148438,167.52850341796875,13.521544456481934,51.43436813354492,59.23863983154297,1,1,1,1,1,1,1,1,1,1
IMG_3825_png_jpg.rf.1f70062b5bfe4d078280bd94552744b5.jpg,train,136.68307495117188,130.00814819335938,122.83010864257812,53.84027099609375,57.288612365722656,57.23826599121094,21.089935302734375,41.066436767578125,136.97679138183594,19.114429473876953,54.95800018310547,54.084102630615234,1,1,1,1,1,1,1,1,1,1
IMG_3959_png_jpg.rf.1e0808b2685b62c9a458a20eed337f00.jpg,train,163.56170654296875,155.06935119628906,146.99671936035156,73.91812133789062,67.2295150756836,52.93339157104492,50.50654602050781,57.866455078125,171.83665466308594,47.11107635498047,34.89482498168945,63.910030364990234,1,1,1,1,1,1,1,1,1,1
IMG_3020_png_jpg.rf.2578a2930e1a6c1b729024c3f1d55f9a.jpg,train,63.77867126464844,61.130035400390625,57.651580810546875,48.41584777832031,49.71324920654297,47.33576583862305,27.010147094726562,35.04669189453125,64.11154174804688,40.08085632324219,27.281171798706055,49.1637077331543,1,1,1,1,1,1,1,1,1,1
IMG_2996_png_jpg.rf.256eab9c3fea3f9509e665812d1a9da3.jpg,train,122.53681945800781,125.808349609375,130.154296875,52.00474548339844,52.55156326293945,54.4959602355957,98.74623107910156,22.532196044921875,131.77943420410156,26.918285369873047,26.087846755981445,55.029563903808594,1,1,1,1,1,1,1,1,1,1
IMG_3583_png_jpg.rf.1d42de5e33929b3311170131232ed45e.jpg,train,155.30845642089844,131.1864471435547,117.48200988769531,80.65841674804688,70.05790710449219,65.16290283203125,15.774749755859375,71.24020385742188,155.9889678955078,19.84967613220215,32.99500274658203,80.00120544433594,1,1,1,1,1,1,1,1,1,1
IMG_3703_png_jpg.rf.26a87f54ec2db1bead9b4e59a3a24a3a.jpg,train,106.55912780761719,96.55418395996094,80.23622131347656,72.88134002685547,69.5515365600586,64.24862670898438,32.04319763183594,65.11929321289062,107.67156982421875,36.70172882080078,54.43765640258789,73.82559967041016,1,1,1,1,1,1,1,1,1,1
IMG_3636_png_jpg.rf.260cbc1bb111c43890bc0facfcccab96.jpg,train,129.55599975585938,125.02996826171875,116.2283935546875,73.67814636230469,73.89775848388672,75.48592376708984,32.1226806640625,51.00569152832031,130.08175659179688,31.358022689819336,67.32540893554688,73.88389587402344,1,1,1,1,1,1,1,1,1,1
IMG_3027_png_jpg.rf.1d75297c5331e155d587c367e0bd8226.jpg,train,118.12295532226562,70.64237976074219,129.28477478027344,60.199623107910156,40.7172737121582,72.9649658203125,101.39816284179688,108.53810119628906,132.6602325439453,57.255859375,63.168548583984375,70.8449935913086,1,1,1,1,1,1,1,1,1,1
IMG_3830_png_jpg.rf.25550511fe378ffefad5b30ec9fedcee.jpg,train,87.62918090820312,86.53166198730469,81.47698974609375,47.8521842956543,47.36085891723633,43.1998291015625,25.949371337890625,18.754608154296875,88.20071411132812,23.58555793762207,23.40741539001465,48.3671760559082,1,1,1,1,1,1,1,1,1,1
IMG_3569_png_jpg.rf.2677f7a08478e90e7d77f8b82a93f016.jpg,train,170.80386352539062,173.36424255371094,167.1939239501953,83.07447052001953,78.56446838378906,75.46715545654297,50.12834167480469,26.171066284179688,176.71897888183594,36.20732116699219,33.53922653198242,78.46918487548828,1,1,1,1,1,1,1,1,1,1
IMG_3735_png_jpg.rf.269759bc1b03bd445081e047ba1fdbf3.jpg,train,161.90237426757812,153.8256072998047,142.9927978515625,65.63253784179688,71.25691223144531,76.21659088134766,18.27142333984375,62.70515441894531,162.0895233154297,8.889528274536133,87.8192138671875,65.7094955444336,1,1,1,1,1,1,1,1,1,1
IMG_3652_png_jpg.rf.2520eb7f5665828fa14e9a6284be684a.jpg,train,120.83961486816406,90.47373962402344,72.95162963867188,61.929176330566406,53.11669921875,47.363399505615234,17.56787109375,121.87962341308594,121.38145446777344,28.6791934967041,60.88418960571289,61.529624938964844,1,1,1,1,1,1,1,1,1,1
IMG_3015_png_jpg.rf.25b1e0d378f9b26e531ca1dd75eb85e2.jpg,train,62.51893615722656,62.3170166015625,61.34605407714844,41.87443161010742,41.80961990356445,40.00578689575195,54.254150390625,13.478851318359375,63.715972900390625,53.20615768432617,14.4848051071167,42.269187927246094,1,1,1,1,1,1,1,1,1,1
IMG_3823_png_jpg.rf.26c8f1eccad3a0c0370d44805b38eab6.jpg,train,109.35536193847656,105.17707824707031,94.07821655273438,57.419498443603516,54.796653747558594,52.1120491027832,26.561935424804688,46.670806884765625,110.22640991210938,15.802244186401367,50.576873779296875,57.784244537353516,1,1,1,1,1,1,1,1,1,1
28_jpg.rf.25cbf15bedd94aa2303072350f14ca14.jpg,train,23.66741943359375,23.0321044921875,27.149978637695312,54.447303771972656,54.090087890625,53.65625,51.81727600097656,74.40126037597656,30.779067993164062,59.094966888427734,95.262939453125,59.70615005493164,1,1,1,1,1,1,1,1,1,1
IMG_3561_png_jpg.rf.26824aee76ab248335d996eb0be7319f.jpg,train,94.93466186523438,86.30572509765625,73.27961730957031,80.28170776367188,70.24036407470703,64.8879165649414,37.105987548828125,50.75779724121094,95.97982788085938,34.94876480102539,59.92768859863281,80.11759185791016,1,1,1,1,1,1,1,1,1,1
IMG_3938_png_jpg.rf.26046b3e32c551b5f49310866b60162c.jpg,train,133.4573974609375,109.36721801757812,91.2235107421875,67.9573745727539,68.990478515625,71.3661880493164,25.637359619140625,102.13644409179688,135.26913452148438,33.2376823425293,78.0169906616211,68.09052276611328,1,1,1,1,1,1,1,1,1,1
IMG_3605_png_jpg.rf.2659e506f83051e07cdf690e29c29250.jpg,train,143.2887420654297,144.0546417236328,134.85601806640625,50.27299499511719,50.099544525146484,49.37799072265625,33.13409423828125,19.622238159179688,144.25286865234375,9.492631912231445,17.69317054748535,50.214168548583984,1,1,1,1,1,1,1,1,1,1
IMG_3781_png_jpg.rf.26d9a135defa8927b88ae1b612947f2a.jpg,train,98.74989318847656,91.91471862792969,68.65817260742188,71.88265228271484,70.13713836669922,67.13668823242188,31.846511840820312,126.06430053710938,101.05656433105469,32.020782470703125,80.08799743652344,71.97132110595703,1,1,1,1,1,1,1,1,1,1
5_jpg.rf.26d3316da07468c9e19f8a32118eb36a.jpg,train,186.07994079589844,183.5995635986328,181.1218719482422,60.211585998535156,62.305721282958984,61.312042236328125,43.58921813964844,12.868743896484375,187.78427124023438,45.289703369140625,18.966999053955078,59.707454681396484,1,1,1,1,1,1,1,1,1,1
IMG_3586_png_jpg.rf.1e215cee5c9bd1f6f488f013528f7bf9.jpg,train,131.18968200683594,120.11836242675781,109.11196899414062,43.43245315551758,47.78226852416992,49.73776626586914,18.146026611328125,49.60052490234375,131.35675048828125,19.584877014160156,33.21467971801758,43.70331954956055,1,1,1,1,1,1,1,1,1,1
IMG_3782_png_jpg.rf.26653a0b14c152332bff04a60b6517b4.jpg,train,112.74006652832031,111.73234558105469,90.47064208984375,71.78140258789062,70.40689086914062,68.15459442138672,31.611801147460938,73.92880249023438,116.7340087890625,20.22144317626953,38.09980392456055,71.90322875976562,1,1,1,1,1,1,1,1,1,1
IMG_3870_png_jpg.rf.1d247c78f54608ebfad5e7a111dcc19c.jpg,train,149.06825256347656,81.69023132324219,75.95930480957031,57.670379638671875,50.315120697021484,51.632408142089844,35.194366455078125,136.7711639404297,149.3080596923828,59.262596130371094,47.768951416015625,57.79213333129883,1,1,1,1,1,1,1,1,1,1
IMG_3702_png_jpg.rf.26d0e05d1ba90d44a6f83a28f2ba166f.jpg,train,113.63253784179688,98.48114013671875,86.03752136230469,77.82731628417969,72.05265808105469,68.26065063476562,29.8707275390625,83.59158325195312,116.44593811035156,37.32658767700195,74.70590209960938,79.78165435791016,1,1,1,1,1,1,1,1,1,1
IMG_3901_png_jpg.rf.26d364bd206289aaea7d874c86d7b43e.jpg,train,115.97041320800781,116.70585632324219,120.45156860351562,58.00642395019531,58.25157928466797,58.92002487182617,108.31533813476562,21.109359741210938,123.45436096191406,29.50687599182129,26.295503616333008,59.98162841796875,1,1,1,1,1,1,1,1,1,1
33_jpg.rf.26d02cb4d35789546bd0bc8952872c59.jpg,train,130.8779296875,131.71226501464844,125.28660583496094,52.66194534301758,53.51925277709961,49.63337326049805,27.772933959960938,13.370529174804688,132.3776092529297,32.84864044189453,30.082805633544922,53.798030853271484,1,1,1,1,1,1,1,1,1,1
9_jpg.rf.1e84d453d096a942b2a4bfe5ae126145.jpg,train,82.16531372070312,62.003662109375,55.04661560058594,57.53144073486328,48.444705963134766,47.940513610839844,26.080123901367188,85.64601135253906,83.73127746582031,42.12075424194336,56.487327575683594,59.57887649536133,1,1,1,1,1,1,1,1,1,1
IMG_3806_png_jpg.rf.27014d4e909e081fe3e763c06a9172d3.jpg,train,46.50267028808594,40.2093505859375,37.81983947753906,51.21855163574219,48.544715881347656,47.36203384399414,23.22869873046875,75.41473388671875,47.04222106933594,45.839012145996094,75.48242950439453,51.94794464111328,1,1,1,1,1,1,1,1,1,1
IMG_3637_png_jpg.rf.26f86c0248296a1c9bd8ba723f529600.jpg,train,114.5963134765625,111.98367309570312,102.91580200195312,72.86759948730469,71.90016174316406,70.19255065917969,30.943649291992188,40.04023742675781,115.35777282714844,20.045530319213867,45.22272872924805,73.09461212158203,1,1,1,1,1,1,1,1,1,1
IMG_2987_png_jpg.rf.27ef623e571565b57802eeb1efc659bd.jpg,train,89.70127868652344,85.93844604492188,80.31048583984375,64.93746185302734,71.38385009765625,79.56546783447266,48.74684143066406,100.4625244140625,95.28761291503906,43.208621978759766,84.09119415283203,71.55125427246094,1,1,1,1,1,1,1,1,1,1
IMG_3698_png_jpg.rf.27812c8bfe33ee8960a110eec4a7413a.jpg,train,112.83909606933594,98.38438415527344,77.29640197753906,84.85599517822266,74.16105651855469,67.48037719726562,36.940673828125,97.30905151367188,118.20606994628906,42.439971923828125,80.37891387939453,87.6832275390625,1,1,1,1,1,1,1,1,1,1
IMG_3022_png_jpg.rf.279bfe107de31d1ddfcdb79c6d4bec0c.jpg,train,54.37947082519531,57.25331115722656,71.69961547851562,53.229461669921875,53.81786346435547,49.38460159301758,106.04861450195312,101.12353515625,74.07876586914062,28.21291160583496,52.27339553833008,52.4720344543457,1,1,1,1,1,1,1,1,1,1
IMG_3916_png_jpg.rf.27dd3806e74dc1d8b7c2809580af9dbf.jpg,train,146.33126831054688,149.3065185546875,143.05422973632812,69.52940368652344,73.22087860107422,79.14006805419922,61.955169677734375,44.21501159667969,156.67295837402344,41.618106842041016,42.390872955322266,73.27534484863281,1,1,1,1,1,1,1,1,1,1
IMG_3788_png_jpg.rf.2786f43402b5162fc30c30d0dc71d33a.jpg,train,101.95762634277344,100.76817321777344,84.88754272460938,78.2701416015625,73.81256866455078,73.11222076416016,45.19903564453125,76.05296325683594,107.13252258300781,33.5257453918457,57.3790283203125,78.98713684082031,1,1,1,1,1,1,1,1,1,1
IMG_3929_png_jpg.rf.27afd7543044c8f8547ee6be9c7463bb.jpg,train,134.21478271484375,118.072509765625,97.86952209472656,58.5472412109375,56.035865783691406,56.89144515991211,31.670394897460938,94.26580810546875,137.58984375,35.27125549316406,55.66142272949219,58.07148361206055,1,1,1,1,1,1,1,1,1,1
IMG_3831_png_jpg.rf.287df71e5eb235fd8fedb5ee7550b879.jpg,train,99.99652099609375,98.85041809082031,95.82786560058594,59.23368453979492,56.87456512451172,52.55181121826172,52.42771911621094,14.495635986328125,101.50509643554688,54.60337829589844,30.40311622619629,59.75083923339844,1,1,1,1,1,1,1,1,1,1
IMG_3797_png_jpg.rf.2765bca4a65898ff7364b5332239219f.jpg,train,82.79609680175781,76.9334716796875,71.11630249023438,51.99048614501953,50.02650833129883,48.92250442504883,19.513473510742188,53.115234375,83.32911682128906,19.086931228637695,49.59043502807617,52.591163635253906,1,1,1,1,1,1,1,1,1,1
IMG_3672_png_jpg.rf.2893c94778d45de8cd3f3b6cc719c747.jpg,train,132.4385528564453,129.90066528320312,123.20217895507812,63.13987731933594,61.57118606567383,58.7393684387207,59.298431396484375,29.2247314453125,135.45851135253906,41.966522216796875,35.05756378173828,62.941436767578125,1,1,1,1,1,1,1,1,1,1
IMG_3571_png_jpg.rf.2757a53fef3342fcf530db4d90b6342c.jpg,train,149.82984924316406,154.9527130126953,146.02659606933594,85.20816802978516,79.40357971191406,75.57418823242188,56.39312744140625,41.81929016113281,159.24586486816406,37.010807037353516,51.068016052246094,80.26212310791016,1,1,1,1,1,1,1,1,1,1
IMG_3830_png_jpg.rf.27e490feb39899a54886f18a9c7d625c.jpg,train,133.44630432128906,132.3680877685547,129.7964630126953,40.504058837890625,39.91584014892578,38.0013427734375,25.96380615234375,6.6802825927734375,133.62930297851562,33.3825569152832,9.33084774017334,40.762901306152344,1,1,1,1,1,1,1,1,1,1
IMG_3730_png_jpg.rf.283203cc75eab595b230558a1e4888a7.jpg,train,150.3309326171875,144.8218994140625,133.3466796875,55.82468032836914,56.11338424682617,55.26063919067383,22.449859619140625,34.76995849609375,150.63897705078125,16.228099822998047,31.74250030517578,55.99641799926758,1,1,1,1,1,1,1,1,1,1
16_png_jpg.rf.28b0c3138197fb5c6a48df2ed9cdb729.jpg,train,135.49205017089844,119.33279418945312,95.44853210449219,56.4232063293457,57.37217330932617,56.267032623291016,22.004150390625,94.86444091796875,136.5543670654297,22.4903507232666,50.9116096496582,57.51527786254883,1,1,1,1,1,1,1,1,1,1
IMG_3569_png_jpg.rf.284ab76f932aeb4a0fb38bd2fc379ccc.jpg,train,177.586181640625,181.76382446289062,174.9493865966797,82.89835357666016,78.2834243774414,75.17503356933594,50.79789733886719,27.524581909179688,185.5208282470703,37.73027801513672,37.27442932128906,76.9856948852539,1,1,1,1,1,1,1,1,1,1
IMG_3947_png_jpg.rf.28db33eb4c17d11644c8309d0986bca5.jpg,train,102.86643981933594,79.07025146484375,69.06163024902344,53.787513732910156,60.33455276489258,58.26885223388672,15.53192138671875,110.39637756347656,103.71466064453125,24.778139114379883,67.05342102050781,54.23202133178711,1,1,1,1,1,1,1,1,1,1
IMG_3970_png_jpg.rf.2975b1a8db9c959000db5a4ac27671bf.jpg,train,117.58552551269531,116.32656860351562,107.66227722167969,53.94649124145508,52.65650939941406,51.17640686035156,26.898956298828125,32.696319580078125,118.0020751953125,13.962809562683105,50.50129699707031,54.032752990722656,1,1,1,1,1,1,1,1,1,1
IMG_3788_png_jpg.rf.28b1c4dedad1ab84c33d1f635f1dfeb9.jpg,train,140.9097137451172,145.60403442382812,123.83879089355469,72.20516967773438,68.7816162109375,67.58196258544922,47.52583312988281,46.662384033203125,149.67617797851562,31.131996154785156,35.820858001708984,71.82302856445312,1,1,1,1,1,1,1,1,1,1
IMG_3732_png_jpg.rf.27a8a1d16fa8016c65cd7d3fbc9aa849.jpg,train,118.44342041015625,114.11289978027344,108.89479064941406,70.69302368164062,69.36824035644531,68.6723861694336,20.368667602539062,33.02046203613281,118.63104248046875,15.921168327331543,43.380977630615234,70.75972747802734,1,1,1,1,1,1,1,1,1,1
IMG_3621_png_jpg.rf.28b42cee15e2d2d50ff7784d96215b9a.jpg,train,128.94403076171875,124.56289672851562,112.98980712890625,75.14197540283203,76.19517517089844,75.45698547363281,23.669525146484375,46.325347900390625,129.4127960205078,20.001060485839844,43.96653747558594,75.3194808959961,1,1,1,1,1,1,1,1,1,1
IMG_3893_png_jpg.rf.2998a62445af4843be0c02a51674f1a5.jpg,train,68.86018371582031,82.2630615234375,58.96516418457031,58.18714904785156,55.840415954589844,62.05159378051758,54.74053955078125,123.39154052734375,87.39955139160156,29.675281524658203,66.66546630859375,61.50426483154297,1,1,1,1,1,1,1,1,1,1
IMG_3717_png_jpg.rf.298f85beff7d40ad343799408b5b1657.jpg,train,39.473388671875,34.48594665527344,31.065673828125,65.93955993652344,60.80097961425781,56.742576599121094,23.05865478515625,72.95262145996094,39.700225830078125,37.768035888671875,55.3415412902832,66.30282592773438,1,1,1,1,1,1,1,1,1,1
IMG_3568_png_jpg.rf.281da1588796069aa40af1e899b2da2e.jpg,train,146.21470642089844,151.2971649169922,145.9041290283203,79.15357208251953,76.51167297363281,75.64411926269531,60.12507629394531,37.0533447265625,157.49728393554688,36.884002685546875,44.157440185546875,76.15020751953125,1,1,1,1,1,1,1,1,1,1
IMG_3018_png_jpg.rf.294803d1e85589dc276a88e3c3c7df8d.jpg,train,58.53863525390625,55.56831359863281,52.248138427734375,54.21365737915039,55.64419174194336,53.58091735839844,29.7159423828125,73.39665222167969,58.952850341796875,45.23945236206055,84.49005889892578,54.898887634277344,1,1,1,1,1,1,1,1,1,1
IMG_3011_png_jpg.rf.295ea411531a7b911e306f210d0b0cf2.jpg,train,40.396759033203125,36.59703063964844,33.73626708984375,45.161766052246094,46.3127326965332,42.785179138183594,22.699447631835938,67.1414794921875,41.88862609863281,36.022682189941406,56.52666473388672,47.55003356933594,1,1,1,1,1,1,1,1,1,1
33_jpg.rf.29aad7c0acc910e60f8a4d54d37824e3.jpg,train,166.41688537597656,165.008544921875,161.4859619140625,53.0733757019043,52.14333724975586,50.66324996948242,18.588958740234375,7.0093994140625,166.71673583984375,29.796091079711914,15.39865779876709,53.22021484375,1,1,1,1,1,1,1,1,1,1
IMG_3030_png_jpg.rf.29e52bcbb3b1338d741e8c67478f2ab1.jpg,train,96.98753356933594,155.54212951660156,157.52862548828125,42.827430725097656,52.42314529418945,55.77275466918945,85.15049743652344,103.81346130371094,159.83799743652344,24.39725685119629,41.53942108154297,54.35700988769531,1,1,1,1,1,1,1,1,1,1
IMG_2983_png_jpg.rf.29bf27126b753dc4490443ed726f77ea.jpg,train,34.70196533203125,35.70332336425781,39.8624267578125,39.28459167480469,40.135337829589844,36.53400802612305,113.57035827636719,51.49041748046875,40.670257568359375,17.33184242248535,27.477680206298828,39.52031707763672,1,1,1,1,1,1,1,1,1,1
IMG_3653_png_jpg.rf.2a7138773eacf0ed270386a2c2faccb4.jpg,train,191.1922149658203,175.75802612304688,165.06739807128906,60.10763931274414,59.3459587097168,57.48994445800781,21.715805053710938,41.17762756347656,191.9030303955078,32.33292007446289,24.215347290039062,59.381954193115234,1,1,1,1,1,1,1,1,1,1
IMG_2978_png_jpg.rf.29d946b4bec986ff0981808f0a7bbdca.jpg,train,32.01853942871094,33.35362243652344,37.19102478027344,50.186012268066406,51.90119171142578,48.588890075683594,111.69078063964844,87.07072448730469,38.48799133300781,20.365556716918945,74.53977966308594,52.509029388427734,1,1,1,1,1,1,1,1,1,1
IMG_3785_png_jpg.rf.2a69fcbba4c2a96f94c86858d115a679.jpg,train,88.56114196777344,86.25328063964844,79.88008117675781,66.09996795654297,65.0916748046875,67.06283569335938,45.16014099121094,81.19564819335938,99.33709716796875,47.00579833984375,42.58938980102539,71.45538330078125,1,1,1,1,1,1,1,1,1,1
IMG_3729_png_jpg.rf.2ac91f15c667f3131e404bfc86f0e7ce.jpg,train,124.45585632324219,123.06056213378906,112.28057861328125,62.237491607666016,62.14754867553711,62.40453338623047,29.062667846679688,45.96211242675781,125.18923950195312,18.067279815673828,62.972042083740234,62.232078552246094,1,1,1,1,1,1,1,1,1,1
IMG_3726_png_jpg.rf.2a5877a715c5ced73eac566cbd08868d.jpg,train,156.9036102294922,155.8043975830078,146.39456176757812,80.11109161376953,78.76979064941406,78.35456085205078,34.35386657714844,54.891357421875,164.6099395751953,32.44737243652344,53.30247116088867,74.48836517333984,1,1,1,1,1,1,1,1,1,1
5_jpg.rf.2a1f0452e38a79b0ed5b6be4bc4f4541.jpg,train,156.5758056640625,152.9077606201172,149.09022521972656,68.02046203613281,71.6660385131836,69.79866790771484,51.68878173828125,27.994232177734375,159.7080078125,47.9029541015625,41.75689697265625,67.57433319091797,1,1,1,1,1,1,1,1,1,1
IMG_3938_png_jpg.rf.2ac315718909e7c98cf9ee0b00eb77e4.jpg,train,138.67666625976562,126.87591552734375,105.11103820800781,63.699100494384766,64.2782974243164,69.3952407836914,28.492996215820312,83.77548217773438,141.576904296875,24.871179580688477,72.74678039550781,62.6842041015625,1,1,1,1,1,1,1,1,1,1
IMG_3950_png_jpg.rf.29b12894414fe10a4082d38a2d5559cf.jpg,train,102.98809814453125,71.53878784179688,68.29541015625,53.1283073425293,64.56716918945312,63.265316009521484,54.866119384765625,127.93486022949219,103.806396484375,75.11518859863281,82.76696014404297,54.41468048095703,1,1,1,1,1,1,1,1,1,1
IMG_3973_png_jpg.rf.2a88a2b561599f5776eb5a67ebcdaa2a.jpg,train,79.540771484375,77.6661376953125,67.01350402832031,47.731910705566406,43.42825698852539,38.031707763671875,30.166351318359375,42.50489807128906,80.24429321289062,11.30799674987793,38.61021041870117,47.92692565917969,1,1,1,1,1,1,1,1,1,1
IMG_3622_png_jpg.rf.2b74d580aedd662a453951caed490f66.jpg,train,161.2988739013672,153.6412811279297,146.49575805664062,71.56721496582031,72.50321197509766,72.73193359375,16.816802978515625,29.2835693359375,161.62173461914062,19.667675018310547,23.03935432434082,71.63737487792969,1,1,1,1,1,1,1,1,1,1
29_jpg.rf.2aed8c9b03deda71028597d830f351cf.jpg,train,122.90153503417969,123.87464904785156,125.67823791503906,73.96220397949219,74.70858764648438,74.80294799804688,79.55656433105469,10.188491821289062,127.14476013183594,52.88090515136719,14.214180946350098,76.00346374511719,1,1,1,1,1,1,1,1,1,1
IMG_3026_png_jpg.rf.2afc899130d928e3d609f4d024fac8ec.jpg,train,128.6914825439453,42.46925354003906,121.75202941894531,69.68804931640625,40.125186920166016,71.72476959228516,120.18357849121094,171.34852600097656,129.89083862304688,55.345947265625,56.304344177246094,70.60808563232422,1,1,1,1,1,1,1,1,1,1
IMG_3621_png_jpg.rf.2b0e22b6c9e2f048f611c414640ed169.jpg,train,135.2741241455078,129.1610107421875,117.494140625,71.75692749023438,73.15876007080078,73.572021484375,23.628204345703125,52.29927062988281,135.81617736816406,22.44346046447754,55.16212463378906,71.81322479248047,1,1,1,1,1,1,1,1,1,1
IMG_3789_png_jpg.rf.2b3c33c2b7f82301bedccf22407c2010.jpg,train,69.10011291503906,64.07730102539062,45.61163330078125,71.07774353027344,63.76317596435547,57.246925354003906,29.220611572265625,121.31593322753906,72.25418090820312,23.677289962768555,75.83475494384766,71.48998260498047,1,1,1,1,1,1,1,1,1,1
30_jpg.rf.2aecc27226b8d9aa40739a832f9fe39f.jpg,train,104.45283508300781,104.85475158691406,93.02363586425781,59.46970748901367,59.91874313354492,53.69548797607422,31.497909545898438,32.06614685058594,105.9912109375,15.27872085571289,37.043724060058594,60.513771057128906,1,1,1,1,1,1,1,1,1,1
IMG_3972_png_jpg.rf.2b962cd66ae916f46b3a16dae30bd5f4.jpg,train,55.7501220703125,55.81201171875,48.92366027832031,38.06285095214844,37.88087844848633,33.654624938964844,29.778717041015625,34.140899658203125,56.38868713378906,12.72346305847168,30.091053009033203,38.50366973876953,1,1,1,1,1,1,1,1,1,1
10_jpg.rf.2b4f889a584ccf47d41acc9ffec0501c.jpg,train,210.12136840820312,201.42764282226562,197.9016571044922,60.4862174987793,69.3144302368164,70.58941650390625,17.977523803710938,18.445022583007812,210.35565185546875,37.38930130004883,38.92890930175781,60.548667907714844,1,1,1,1,1,1,1,1,1,1
IMG_3724_png_jpg.rf.2b4165b1ad91a1f3942b31899398ab18.jpg,train,191.87437438964844,194.11952209472656,183.82484436035156,72.38644409179688,69.1189193725586,71.6866455078125,32.453704833984375,48.45356750488281,204.59873962402344,35.13775634765625,53.60946273803711,61.5368766784668,1,1,1,1,1,1,1,1,1,1
29_jpg.rf.2bf93900c29655c218805ae6c1b03900.jpg,train,94.01681518554688,95.37699890136719,96.25111389160156,69.45333862304688,70.14100646972656,69.2820053100586,81.246337890625,16.96832275390625,97.96908569335938,49.63445281982422,29.34025764465332,71.2428970336914,1,1,1,1,1,1,1,1,1,1
IMG_2983_png_jpg.rf.2bcb7a29465be5a4361b067f73611a17.jpg,train,37.20515441894531,38.39356994628906,42.5220947265625,39.68232727050781,40.613319396972656,37.339385986328125,113.53276062011719,62.887939453125,43.191070556640625,14.533430099487305,59.78121566772461,39.94903564453125,1,1,1,1,1,1,1,1,1,1
IMG_3007_png_jpg.rf.2c55eb44a4b55eeb2f10265199d44dec.jpg,train,47.04618835449219,46.86329650878906,45.0555419921875,44.69520950317383,45.16789245605469,44.29235076904297,42.810638427734375,30.496566772460938,48.11650085449219,48.324127197265625,38.4466667175293,46.16432189941406,1,1,1,1,1,1,1,1,1,1
IMG_3586_png_jpg.rf.2c5cb35bddf541e33f1b6a1b5771b716.jpg,train,45.41304016113281,33.243255615234375,29.633895874023438,55.85246276855469,55.37112808227539,50.1358642578125,22.533767700195312,151.70352172851562,45.954071044921875,49.62589645385742,86.9155044555664,57.213172912597656,1,1,1,1,1,1,1,1,1,1
IMG_3618_png_jpg.rf.2c1d0d5058aae18f1e5d936122912b85.jpg,train,175.1099090576172,173.33737182617188,161.92276000976562,59.744712829589844,60.373077392578125,61.654052734375,25.206130981445312,22.491790771484375,175.45993041992188,17.512601852416992,17.976999282836914,59.8201789855957,1,1,1,1,1,1,1,1,1,1
IMG_3599_png_jpg.rf.2c0c0396499e2d9d99ad90eb3a89e99b.jpg,train,153.0850830078125,147.8992462158203,138.57345581054688,51.01691436767578,52.97541427612305,53.76002883911133,28.372833251953125,31.851715087890625,153.584228515625,16.86328125,49.09734344482422,50.96393966674805,1,1,1,1,1,1,1,1,1,1
IMG_2995_png_jpg.rf.2d2f39ed71682dcff6c404f049195fb5.jpg,train,162.09793090820312,167.00172424316406,170.5809326171875,48.07205581665039,49.22319793701172,50.617305755615234,95.86119079589844,15.136276245117188,171.72720336914062,26.017494201660156,13.52000617980957,50.67573928833008,1,1,1,1,1,1,1,1,1,1
21_jpg.rf.2bb2056482817d10efb0993e73db96bd.jpg,train,50.774993896484375,49.603668212890625,59.99974060058594,64.14698028564453,68.12078857421875,70.01866912841797,134.3151397705078,140.16482543945312,64.78260803222656,36.37862014770508,67.67933654785156,74.40592193603516,1,1,1,1,1,1,1,1,1,1
IMG_3798_png_jpg.rf.2ce9539999acad8add03af98f9cb7bc3.jpg,train,93.33811950683594,83.12748718261719,68.5185546875,70.82270812988281,68.14186096191406,66.66034698486328,23.015975952148438,96.47004699707031,94.086669921875,25.527332305908203,56.166622161865234,71.00675964355469,1,1,1,1,1,1,1,1,1,1
IMG_3680_png_jpg.rf.2ccd895c55ea2c03f8d17f709d4e7990.jpg,train,29.292953491210938,66.11965942382812,134.041015625,55.45050048828125,45.832393646240234,29.452056884765625,104.94264221191406,214.53048706054688,135.9113311767578,19.518217086791992,65.83439636230469,31.471397399902344,1,1,1,1,1,1,1,1,1,1
IMG_3926_png_jpg.rf.2d58e3acfd1a4890ff9327636207bc2f.jpg,train,178.7708740234375,173.6267852783203,151.8679656982422,49.86875915527344,48.95471954345703,48.4580078125,31.125595092773438,45.31221008300781,181.26979064941406,27.642772674560547,21.67207145690918,48.86660385131836,1,1,1,1,1,1,1,1,1,1
IMG_3684_png_jpg.rf.2d672b27e0e750de3c6b86b5e74d6cd2.jpg,train,107.80912780761719,105.13455200195312,92.47404479980469,50.47573471069336,50.31386947631836,48.05934143066406,25.411773681640625,39.90773010253906,107.991455078125,13.351546287536621,18.6124267578125,50.67475891113281,1,1,1,1,1,1,1,1,0,1
28_jpg.rf.2d7c91bc63255225723e1efa8f07c7e2.jpg,train,31.6820068359375,31.24798583984375,37.11570739746094,56.12721252441406,55.6976203918457,55.42975616455078,69.30537414550781,80.56915283203125,39.89546203613281,58.90834045410156,88.9611587524414,59.782413482666016,1,1,1,1,1,1,1,1,1,1
IMG_3631_png_jpg.rf.2dda3d527fdc78e802413abcd957cd67.jpg,train,113.8154296875,135.0584259033203,133.28529357910156,58.34427261352539,61.1546745300293,71.25074768066406,68.72074890136719,88.66523742675781,150.16302490234375,42.52790832519531,59.15332794189453,68.2172622680664,1,1,1,1,1,1,1,1,1,1
IMG_3734_png_jpg.rf.2e7181253bc9fced627025cc94c0c876.jpg,train,162.02377319335938,157.78143310546875,145.3935089111328,39.44116973876953,43.70278549194336,47.909793853759766,25.502166748046875,34.163787841796875,162.47047424316406,12.669451713562012,53.62129211425781,39.444610595703125,1,1,1,1,1,1,1,1,1,1
IMG_3721_png_jpg.rf.2e4daac6b47a94617eefcbfc2466458d.jpg,train,84.79804992675781,78.24911499023438,72.92607116699219,66.78785705566406,64.3235855102539,59.26058578491211,15.467758178710938,34.1973876953125,84.98468017578125,24.956575393676758,25.93499755859375,67.01678466796875,1,1,1,1,1,1,1,1,1,1
IMG_3780_png_jpg.rf.2f84df00d0ac6e720b3785e3fd85cadb.jpg,train,64.03231811523438,62.3349609375,41.13377380371094,67.98905944824219,60.38258361816406,54.848426818847656,36.09196472167969,153.78981018066406,70.56343078613281,25.966224670410156,80.08894348144531,67.53158569335938,1,1,1,1,1,1,1,1,1,1
IMG_3622_png_jpg.rf.2e2f3bdebff45d7a966c25ce90e5b256.jpg,train,155.42117309570312,151.94522094726562,141.26217651367188,70.11324310302734,71.03157806396484,71.7143325805664,25.05316162109375,33.56953430175781,155.83151245117188,20.505443572998047,37.0497932434082,70.12791442871094,1,1,1,1,1,1,1,1,1,1
IMG_3785_png_jpg.rf.2eb97a4939f6a494b277558b2f258541.jpg,train,66.06744384765625,67.0882568359375,57.29058837890625,70.4700927734375,67.74231719970703,71.18648529052734,48.92073059082031,155.6803741455078,82.98663330078125,45.23875427246094,83.95376586914062,77.78231811523438,1,1,1,1,1,1,1,1,1,1
IMG_3907_png_jpg.rf.2d62bd7c58ec7183c2eae68b30a4424f.jpg,train,137.73350524902344,125.42295837402344,110.60945129394531,65.68049621582031,66.54351806640625,69.21717834472656,25.454086303710938,69.595947265625,138.8504180908203,23.897207260131836,62.83540344238281,66.52980041503906,1,1,1,1,1,1,1,1,1,1
IMG_3919_png_jpg.rf.2ef12a8f0255042ae98dd0bb3b1e12e4.jpg,train,182.86639404296875,150.16087341308594,100.88945007324219,41.00462341308594,46.34442901611328,48.097354888916016,23.26690673828125,124.47369384765625,183.0363311767578,27.387624740600586,49.999794006347656,41.0198974609375,1,1,1,1,1,1,1,1,1,1
28_jpg.rf.2f6ac3301cd21f73747020668d78f1e9.jpg,train,24.4403076171875,23.851776123046875,27.186019897460938,49.64429473876953,49.89472198486328,48.8794059753418,63.075439453125,77.35969543457031,29.870330810546875,60.38568115234375,91.6080322265625,53.4599609375,1,1,1,1,1,1,1,1,1,1
IMG_2987_png_jpg.rf.2f5597aef9165692de52920f0517598d.jpg,train,101.92973327636719,95.94766235351562,88.30865478515625,62.64109420776367,71.00316619873047,80.70294189453125,47.40509033203125,97.25860595703125,107.23347473144531,43.287899017333984,83.5242691040039,68.84927368164062,1,1,1,1,1,1,1,1,1,1
IMG_3010_png_jpg.rf.2fcf690490bfe7698b5ec597922cbb60.jpg,train,106.41740417480469,105.42929077148438,105.53224182128906,48.83061599731445,47.262428283691406,42.74665451049805,55.49125671386719,26.701797485351562,111.20524597167969,49.377723693847656,17.241628646850586,45.84005355834961,1,1,1,1,1,1,1,1,1,1
IMG_3825_png_jpg.rf.301f1ef23defa3a7f7c346dc1b8afad7.jpg,train,139.7213134765625,134.23240661621094,123.32550048828125,55.799217224121094,58.91899490356445,58.50404357910156,24.154571533203125,43.14283752441406,140.24917602539062,15.707230567932129,50.015933990478516,56.29185485839844,1,1,1,1,1,1,1,1,1,1
9_jpg.rf.2fcf39c70d76196e1c3d09380eb502d9.jpg,train,74.41050720214844,55.62800598144531,49.54469299316406,52.17934799194336,46.68305206298828,48.041717529296875,26.296905517578125,97.34127807617188,76.32080078125,43.778541564941406,65.55818939208984,55.47079086303711,1,1,1,1,1,1,1,1,1,1
IMG_3641_png_jpg.rf.2e38198098746902724c88168f5d6748.jpg,train,143.64767456054688,141.0803680419922,134.78074645996094,66.34593963623047,67.31092071533203,68.78570556640625,29.9501953125,22.665206909179688,144.01516723632812,33.23631286621094,22.57819175720215,66.55879211425781,1,1,1,1,1,1,1,1,1,1
IMG_3952_png_jpg.rf.2f92023232d1961047121332447eb812.jpg,train,173.9369354248047,171.66207885742188,163.67837524414062,54.81614685058594,53.203426361083984,50.78565979003906,47.369964599609375,23.236602783203125,176.87823486328125,42.21408462524414,17.661714553833008,53.19891357421875,1,1,1,1,1,1,1,1,1,1
IMG_3882_png_jpg.rf.2f95eef2881d1016e90b2123664907f5.jpg,train,130.1254425048828,132.2460479736328,113.88945007324219,64.39698028564453,64.16112518310547,70.04194641113281,47.01609802246094,68.08773803710938,136.99826049804688,36.36259460449219,67.00813293457031,64.55705261230469,1,1,1,1,1,1,1,1,1,1
IMG_3003_png_jpg.rf.2ff2f09c3f4ffa02728e7e32b01acc6c.jpg,train,113.10804748535156,114.57130432128906,113.56488037109375,43.90908432006836,45.704349517822266,44.7741584777832,58.50996398925781,7.5215301513671875,115.33387756347656,46.50131607055664,23.427955627441406,46.21408462524414,1,1,1,1,1,1,1,1,1,1
IMG_3758_png_jpg.rf.300741e28b2c7ff050b84bcf98a28c59.jpg,train,48.744873046875,45.50750732421875,40.152435302734375,67.1189193725586,63.85618591308594,59.250980377197266,21.53009033203125,67.13311767578125,49.062835693359375,33.624267578125,82.65965270996094,67.2278823852539,1,1,1,1,1,1,1,1,1,1
IMG_3957_png_jpg.rf.30e2e097ae9afeac5d26fb15f43b46ee.jpg,train,124.08412170410156,115.23158264160156,96.61557006835938,73.82994079589844,68.85894775390625,52.80268859863281,54.23150634765625,97.42018127441406,129.77108764648438,47.10602569580078,60.6812629699707,67.74729919433594,1,1,1,1,1,1,1,1,1,1
33_jpg.rf.2fffc3a1f9ef098ce2d0eacfb399cb3a.jpg,train,155.19126892089844,156.32919311523438,150.09535217285156,48.23891067504883,49.1396369934082,46.47823715209961,28.212631225585938,10.485870361328125,156.95521545410156,30.989850997924805,22.265487670898438,49.287593841552734,1,1,1,1,1,1,1,1,1,1
IMG_3662_png_jpg.rf.31056a1f1e3faae9fce4daf30d18a08a.jpg,train,135.29844665527344,104.53201293945312,70.00439453125,37.53926467895508,49.863502502441406,62.25028991699219,27.981002807617188,151.6010284423828,141.73704528808594,34.85830307006836,60.23750305175781,46.192726135253906,1,1,1,1,1,1,1,1,1,1
IMG_3813_png_jpg.rf.30e1df0a94bc3438c7bcc9117983f14f.jpg,train,108.32575988769531,110.67805480957031,66.05128479003906,57.00096893310547,52.303382873535156,58.804325103759766,32.53285217285156,130.457275390625,116.66526794433594,20.123214721679688,77.71961975097656,54.990440368652344,1,1,1,1,1,1,1,1,1,1
IMG_3885_png_jpg.rf.311e762a78a53b11c3f78616512ca3b4.jpg,train,137.1464080810547,132.57437133789062,124.33720397949219,52.87236022949219,56.063499450683594,54.796085357666016,28.427581787109375,30.977981567382812,138.41285705566406,31.444438934326172,39.97062683105469,53.85762023925781,1,1,1,1,1,1,1,1,1,1
IMG_3636_png_jpg.rf.2fb7620fc23bfc439675a6c58ae804e8.jpg,train,125.44981384277344,123.01942443847656,113.93305969238281,79.07154083251953,78.71892547607422,78.69739532470703,33.63850402832031,40.80940246582031,126.09928894042969,27.990781784057617,47.202022552490234,79.25720977783203,1,1,1,1,1,1,1,1,1,1
IMG_3771_png_jpg.rf.30f89a4d0947e2c122d2811443a63bf0.jpg,train,116.44056701660156,109.32646179199219,98.20204162597656,61.0484733581543,60.97896194458008,57.816131591796875,28.805419921875,44.877349853515625,117.47738647460938,36.84653091430664,29.29604148864746,61.11854934692383,1,1,1,1,1,1,1,1,1,1
14_jpg.rf.300153c103f563b06267939ce633637d.jpg,train,139.9757080078125,108.63136291503906,70.62200927734375,51.73420715332031,53.35918426513672,49.94316482543945,19.323318481445312,142.89138793945312,140.3070526123047,17.895986557006836,61.626468658447266,51.33119201660156,1,1,1,1,1,1,1,1,1,1
30_jpg.rf.30ea30965c1cb422a6db700c3f106dce.jpg,train,114.84751892089844,112.08421325683594,103.98030090332031,56.5356559753418,54.102447509765625,51.43809509277344,24.752334594726562,25.961959838867188,115.63253784179688,21.380632400512695,35.91917037963867,56.54642868041992,1,1,1,1,1,1,1,1,1,1
IMG_3942_png_jpg.rf.306ee450f824eb12f94b69ca8c64eaa2.jpg,train,128.50840759277344,122.20301818847656,114.21067810058594,64.15109252929688,61.79567337036133,67.12147521972656,42.03788757324219,55.95854187011719,131.07183837890625,45.349159240722656,75.80323028564453,64.60095977783203,1,1,1,1,1,1,1,1,1,1
IMG_3608_png_jpg.rf.315ebc1f4a98536d56e9028d6b5d561b.jpg,train,170.1692352294922,169.02810668945312,159.84828186035156,53.033016204833984,52.8983268737793,53.92643356323242,27.096282958984375,28.53460693359375,170.3827362060547,10.256839752197266,51.45323944091797,53.04712677001953,1,1,1,1,1,1,1,1,1,1
IMG_3859_png_jpg.rf.31e01249d8157ffd9b8598269938921d.jpg,train,92.65902709960938,84.73680114746094,58.405426025390625,52.43289566040039,51.69387435913086,48.40088653564453,43.04241943359375,120.35328674316406,93.49266052246094,49.30730056762695,64.02740478515625,53.450199127197266,1,1,1,1,1,1,1,1,1,1
IMG_3654_png_jpg.rf.2ff31244c63caebfaea1c9f2cc94dbe8.jpg,train,169.8797607421875,138.41136169433594,122.52835083007812,68.36975860595703,63.27214431762695,58.630950927734375,25.345718383789062,85.16090393066406,171.06019592285156,42.28458786010742,44.45444869995117,67.96611022949219,1,1,1,1,1,1,1,1,1,1
IMG_3763_png_jpg.rf.322f2def8652254c7ddcd95695379d32.jpg,train,94.76884460449219,88.26530456542969,63.53269958496094,53.11570358276367,51.532203674316406,49.669464111328125,25.618804931640625,96.551025390625,95.3101806640625,24.610685348510742,51.41299057006836,53.6675910949707,1,1,1,1,1,1,1,1,1,1
28_jpg.rf.32ecd5a6a027829e53e5a60e36b2d2ee.jpg,train,52.97132873535156,52.83770751953125,61.13783264160156,64.39750671386719,63.800537109375,62.88378143310547,114.91294860839844,98.85490417480469,63.95436096191406,22.206003189086914,59.66162872314453,67.0828628540039,1,1,1,1,1,1,1,1,1,1
23_jpg.rf.311d87209f5f12bd30006ffcf44ecb89.jpg,train,30.979019165039062,32.740020751953125,39.96211242675781,57.84541320800781,60.430301666259766,63.181453704833984,58.90333557128906,78.38822937011719,42.549530029296875,58.156185150146484,95.50093078613281,66.73765563964844,1,1,1,1,1,1,1,1,1,1
32_jpg.rf.326b3801d2cd0cdde2b11d18e7a9ee9b.jpg,train,136.18426513671875,136.8735809326172,131.11416625976562,56.039794921875,56.40706253051758,53.649696350097656,28.797515869140625,12.270645141601562,137.46701049804688,29.701841354370117,23.514554977416992,56.643951416015625,1,1,1,1,1,1,1,1,1,1
IMG_3902_png_jpg.rf.33f2b4c47816b702f7cea7c75d714e96.jpg,train,100.35945129394531,103.37484741210938,111.69430541992188,53.51990509033203,56.03688430786133,59.436885833740234,102.9337158203125,42.20890808105469,114.92317199707031,33.48171615600586,39.9145622253418,58.630470275878906,1,1,1,1,1,1,1,1,1,1
IMG_3727_png_jpg.rf.32883c9355dba6c0a4b79b4d4abceba4.jpg,train,178.12808227539062,181.2470703125,172.30703735351562,72.481689453125,69.38912200927734,72.11219787597656,36.77198791503906,51.8531494140625,192.52828979492188,37.337772369384766,51.261314392089844,63.84355545043945,1,1,1,1,1,1,1,1,1,1
IMG_3957_png_jpg.rf.3421d0bfb628866a0645c6852c38c9f8.jpg,train,167.4776611328125,159.6779022216797,147.55584716796875,67.00865173339844,62.69667053222656,50.77375793457031,52.421661376953125,43.91596984863281,172.20306396484375,46.80891036987305,21.182235717773438,61.717037200927734,1,1,1,1,1,1,1,1,1,1
IMG_2978_png_jpg.rf.337b86387f1dd56fc02040c3bceefca2.jpg,train,27.512542724609375,28.08746337890625,35.890289306640625,48.84510803222656,50.8469123840332,48.04438400268555,90.07640075683594,78.15554809570312,37.173004150390625,50.87641143798828,57.26420211791992,51.77720260620117,1,1,1,1,1,1,1,1,1,1
IMG_3634_png_jpg.rf.32a48cd20b70bf85d91ddd7e7e564c06.jpg,train,122.51170349121094,144.21546936035156,149.59609985351562,52.337223052978516,56.42624282836914,66.26386260986328,77.14149475097656,70.16127014160156,160.56793212890625,41.2436637878418,46.741451263427734,63.32838821411133,1,1,1,1,1,1,1,1,1,1
IMG_3646_png_jpg.rf.32c0186f49d310414455f965cc3e6e68.jpg,train,141.44540405273438,64.57801818847656,53.93878173828125,70.61589050292969,65.40711975097656,59.132606506347656,20.161590576171875,165.8826141357422,142.4217071533203,35.72208023071289,86.03125,70.41832733154297,1,1,1,1,1,1,1,1,1,1
IMG_3586_png_jpg.rf.32f075a3fdf602463c5e70ebb5f2f2eb.jpg,train,78.3321533203125,64.22421264648438,59.70896911621094,56.67626953125,59.39955520629883,56.78936004638672,17.069091796875,82.29206848144531,78.56010437011719,37.74504852294922,52.10258102416992,57.12602233886719,1,1,1,1,1,1,1,1,1,1
IMG_3020_png_jpg.rf.3401b3ae5bf30ca65dc10b398b4e52b0.jpg,train,74.1710205078125,72.4517822265625,68.41813659667969,48.069759368896484,49.30842971801758,47.80183792114258,29.797515869140625,27.771194458007812,74.52508544921875,36.88368606567383,21.069293975830078,48.78008270263672,1,1,1,1,1,1,1,1,1,1
21_jpg.rf.334c2fbf55b1a5dfee2bad97dfd85b0c.jpg,train,29.01959228515625,30.95849609375,37.67561340332031,55.61480712890625,57.55272674560547,59.26848602294922,64.10807800292969,87.40592956542969,42.032379150390625,58.7518424987793,89.04039001464844,65.87439727783203,1,1,1,1,1,1,1,1,1,1
IMG_3845_png_jpg.rf.32f7983057231977c1b5b3511c76e0d4.jpg,train,81.23831176757812,78.16864013671875,69.92863464355469,68.3637466430664,66.23627471923828,61.171749114990234,24.041213989257812,57.08824157714844,81.56710815429688,13.276089668273926,55.242801666259766,68.66239929199219,1,1,1,1,1,1,1,1,1,1
IMG_2986_png_jpg.rf.346fd8c94b21b68070888e1e5563373f.jpg,train,73.28727722167969,73.12158203125,79.94839477539062,42.47252655029297,43.67292785644531,40.25113296508789,119.45814514160156,40.309844970703125,80.80972290039062,18.9585018157959,34.62691116333008,42.777503967285156,1,1,1,1,1,1,1,1,1,1
21_jpg.rf.3422e1f17949f02bcd4cbe78e527bff5.jpg,train,31.7823486328125,35.674285888671875,45.04481506347656,57.901954650878906,60.59148406982422,65.21590423583984,58.85618591308594,92.17898559570312,49.63800048828125,57.14066696166992,99.06185150146484,70.8482894897461,1,1,1,1,1,1,1,1,1,1
28_jpg.rf.332aea1f012bd998864ed5111473aeba.jpg,train,26.06573486328125,25.502532958984375,28.666610717773438,55.44440460205078,55.437007904052734,54.6954231262207,48.00372314453125,58.47489929199219,31.532073974609375,58.73640441894531,85.75647735595703,59.6451530456543,1,1,1,1,1,1,1,1,1,1
IMG_3813_png_jpg.rf.327322aebf4b7034188d94b10e4cc914.jpg,train,154.62625122070312,161.5850372314453,125.861083984375,49.8050537109375,45.81281280517578,54.000675201416016,35.123809814453125,64.54991149902344,163.7184295654297,16.86012840270996,43.393924713134766,46.58504104614258,1,1,1,1,1,1,1,1,1,1
IMG_3631_png_jpg.rf.335dccebce32ccfbb3d80aad4f2a58f6.jpg,train,107.6292724609375,132.41590881347656,127.36622619628906,59.08462142944336,65.85533905029297,72.76783752441406,65.82626342773438,90.802978515625,144.59251403808594,42.18167495727539,56.99837112426758,70.9793472290039,1,1,1,1,1,1,1,1,1,1
IMG_3607_png_jpg.rf.343717c151eea69a0d4c05403892ae8b.jpg,train,195.5716552734375,195.51614379882812,185.8116912841797,49.187049865722656,49.28740692138672,52.65092849731445,30.28594970703125,18.839324951171875,196.11170959472656,9.301178932189941,26.592422485351562,49.092247009277344,1,1,1,1,1,1,1,1,1,1
IMG_3747_png_jpg.rf.32b479a0cbec5dcd5c0be6cc31223199.jpg,train,171.96945190429688,152.31333923339844,144.0497589111328,62.877662658691406,72.69319915771484,72.072998046875,30.059234619140625,53.39103698730469,172.1641387939453,50.718788146972656,38.16853332519531,63.01435470581055,1,1,1,1,1,1,1,1,1,1
IMG_3833_png_jpg.rf.348ec9da1daabeba39ddb5fa5619ecd9.jpg,train,185.00003051757812,178.0514373779297,153.29608154296875,51.007423400878906,51.34081268310547,51.32173538208008,31.172683715820312,45.969635009765625,187.17184448242188,28.324142456054688,40.942161560058594,51.26197814941406,1,1,1,1,1,1,1,1,1,1
IMG_3874_png_jpg.rf.338f04f41d5f745b95cf66cfb72af324.jpg,train,92.88999938964844,83.55160522460938,50.439361572265625,28.485797882080078,38.082698822021484,52.5301513671875,33.26069641113281,149.1328125,98.65203857421875,32.64007568359375,55.03544616699219,41.28219223022461,1,1,1,1,1,1,1,1,1,1
IMG_3684_png_jpg.rf.34b48efeae2bc0c6e6a9fdea1ecb5be6.jpg,train,83.86441040039062,81.97695922851562,68.45509338378906,51.80310821533203,52.004215240478516,49.785255432128906,26.74395751953125,64.54591369628906,84.11978149414062,15.32506275177002,50.343360900878906,52.1234130859375,1,1,1,1,1,1,1,1,0,1
IMG_3642_png_jpg.rf.3496b0c8d6a75faaaa77d309e73d4f77.jpg,train,190.02999877929688,130.7654571533203,119.81721496582031,53.73749542236328,49.81303405761719,49.25165939331055,13.764434814453125,90.99790954589844,190.35142517089844,21.324920654296875,53.33769989013672,53.57504653930664,1,1,1,1,1,1,1,1,1,1
IMG_3803_png_jpg.rf.34b638bcd425a6ca5fdafb32d0809a1b.jpg,train,17.7025146484375,15.894851684570312,12.456375122070312,43.55488967895508,41.453121185302734,37.55909729003906,19.459701538085938,83.93832397460938,18.143997192382812,37.91734313964844,102.78201293945312,44.306556701660156,1,1,1,1,1,1,1,1,1,1
IMG_3840_png_jpg.rf.333cdd424f4e282221a0c215fbcd9d9f.jpg,train,169.33155822753906,166.18026733398438,158.3915252685547,52.05941390991211,55.235008239746094,56.12565612792969,24.35833740234375,21.363388061523438,169.56179809570312,13.720196723937988,21.58062171936035,52.247108459472656,1,1,1,1,1,1,1,1,1,1
IMG_3800_png_jpg.rf.34c7871a9a4e071258e77603305b8cf4.jpg,train,105.94374084472656,99.74569702148438,75.21409606933594,74.69355773925781,71.47135162353516,68.41792297363281,27.498779296875,91.30549621582031,108.3582763671875,16.459062576293945,45.97931671142578,74.28160095214844,1,1,1,1,1,1,1,1,1,1
IMG_3827_png_jpg.rf.3598eb3683e5201b202c255a447aa071.jpg,train,95.24172973632812,81.145263671875,74.3486328125,61.759361267089844,60.1395149230957,59.33436584472656,32.3072509765625,103.65301513671875,98.85076904296875,49.80002975463867,74.2110366821289,64.50128936767578,1,1,1,1,1,1,1,1,1,1
IMG_3889_png_jpg.rf.35af398c819b8662e85b39f3269c3df8.jpg,train,117.71022033691406,116.35064697265625,108.95050048828125,69.46629333496094,71.68428802490234,69.50173950195312,29.44049072265625,34.52769470214844,118.84600830078125,24.99441146850586,42.407012939453125,70.59608459472656,1,1,1,1,1,1,1,1,1,1
30_jpg.rf.3535d5bc366be9427f47d4868a0975d9.jpg,train,153.64169311523438,152.1079559326172,144.45046997070312,50.89944076538086,50.26345443725586,48.32878875732422,25.973052978515625,15.801239013671875,154.18405151367188,18.62933921813965,20.27406883239746,51.133338928222656,1,1,1,1,1,1,1,1,1,1
IMG_3894_png_jpg.rf.34e2ba62e9a12af7055702064f7fc830.jpg,train,113.45735168457031,111.27349853515625,56.65873718261719,56.94673538208008,51.45222091674805,61.2132682800293,32.74156188964844,162.06027221679688,120.68878173828125,21.37842559814453,73.46324920654297,55.43739318847656,1,1,1,1,1,1,1,1,1,1
IMG_3737_png_jpg.rf.3602d689f4fe555597126b374e504282.jpg,train,113.15647888183594,103.89414978027344,90.19631958007812,41.41301727294922,41.12541580200195,40.630767822265625,18.703842163085938,58.87355041503906,113.57449340820312,14.4768648147583,43.076454162597656,41.32369613647461,1,1,1,1,1,1,1,1,1,1
IMG_3779_png_jpg.rf.36288288d0a6090a99ff0701f79b0221.jpg,train,97.67451477050781,92.46797180175781,78.58682250976562,78.332275390625,74.24642944335938,66.28058624267578,37.47784423828125,54.658538818359375,100.00172424316406,38.97283172607422,44.53400421142578,78.73639678955078,1,1,1,1,1,1,1,1,1,1
IMG_3844_png_jpg.rf.352fada0bc97869c388c7f06bbef9c1c.jpg,train,79.75910949707031,74.50447082519531,68.68603515625,56.81806182861328,56.19248580932617,54.14699935913086,17.896163940429688,62.93601989746094,80.03337097167969,17.21876335144043,63.67426300048828,57.136844635009766,1,1,1,1,1,1,1,1,1,1
IMG_3017_png_jpg.rf.34cd2938d961f0c335ea8256c05cfdfd.jpg,train,93.29716491699219,91.17561340332031,82.25395202636719,54.193092346191406,56.44772720336914,57.03280258178711,27.579132080078125,52.389129638671875,93.87960815429688,18.8062801361084,52.97221755981445,55.21107482910156,1,1,1,1,1,1,1,1,1,1
IMG_3934_png_jpg.rf.36547b0509bd66313864426acf376caf.jpg,train,116.56513977050781,108.66065979003906,90.11578369140625,59.2708854675293,60.651824951171875,63.509681701660156,28.635009765625,87.18928527832031,120.300048828125,25.729368209838867,76.9425277709961,58.53010559082031,1,1,1,1,1,1,1,1,1,1
IMG_3716_png_jpg.rf.35376bb2df2108607c5a184538a92d3b.jpg,train,74.77708435058594,61.22343444824219,51.77061462402344,68.29778289794922,60.285606384277344,64.38068389892578,50.64207458496094,159.2795867919922,86.87847900390625,52.1648063659668,99.17378234863281,66.98441314697266,1,1,1,1,1,1,1,1,1,1
IMG_3958_png_jpg.rf.36c8e2a6ae0bb2490342de6681c9eda2.jpg,train,87.451904296875,78.80581665039062,61.52537536621094,63.08338928222656,57.52069091796875,47.371986389160156,39.403167724609375,102.94662475585938,91.24905395507812,43.45219421386719,68.52730560302734,60.15312576293945,1,1,1,1,1,1,1,1,1,1
IMG_3641_png_jpg.rf.3637e6137d0f55197f18f58829c1e7f5.jpg,train,70.28024291992188,67.43014526367188,62.82420349121094,67.01087951660156,65.88939666748047,64.22157287597656,29.953216552734375,69.28280639648438,70.89253234863281,37.723602294921875,82.15408325195312,67.60934448242188,1,1,1,1,1,1,1,1,1,1
IMG_3898_png_jpg.rf.373e06f122024a63e252549d94d7d8f4.jpg,train,79.38322448730469,81.23484802246094,41.0452880859375,62.05172348022461,58.931949615478516,56.382957458496094,36.897125244140625,172.15988159179688,88.07328796386719,24.053207397460938,69.54273223876953,63.929317474365234,1,1,1,1,1,1,1,1,1,1
IMG_3571_png_jpg.rf.367a82f416effb66619644642b64f6aa.jpg,train,158.9001007080078,163.62469482421875,156.51112365722656,81.17347717285156,76.582275390625,73.07447814941406,57.773773193359375,32.23797607421875,167.40724182128906,37.649330139160156,40.28052520751953,76.71367645263672,1,1,1,1,1,1,1,1,1,1
IMG_3574_png_jpg.rf.37096619e08c160a1b97f0518480c2fe.jpg,train,143.73394775390625,146.35470581054688,138.2669219970703,87.06478118896484,84.08340454101562,79.3585205078125,56.21467590332031,33.62504577636719,148.9014434814453,31.805044174194336,45.846920013427734,85.31179809570312,1,1,1,1,1,1,1,1,1,1
IMG_3668_png_jpg.rf.326898bd0ade6e0aee7abdede499ce4b.jpg,train,193.0867462158203,182.66494750976562,164.34010314941406,65.88793182373047,70.0042953491211,80.01626586914062,31.146713256835938,55.47210693359375,197.55177307128906,34.05039596557617,58.610008239746094,63.153831481933594,1,1,1,1,1,1,1,1,1,1
IMG_3561_png_jpg.rf.36d7e3b0bb39f2b462513224f784c483.jpg,train,68.45745849609375,63.034423828125,44.70362854003906,74.85030364990234,67.88621520996094,58.30112838745117,26.961517333984375,66.48530578613281,69.61167907714844,32.6156120300293,80.5990219116211,75.1024169921875,1,1,1,1,1,1,1,1,1,1
IMG_3898_png_jpg.rf.3772b01024f9dcdd6f1f85d4b042bbaa.jpg,train,125.34159851074219,148.84947204589844,94.99079895019531,61.24592590332031,58.90778732299805,60.591915130615234,45.02452087402344,102.68757629394531,149.8422088623047,17.53350067138672,46.57978820800781,59.415199279785156,1,1,1,1,1,1,1,1,1,1
IMG_3586_png_jpg.rf.35f5474242564a048d15b62ffe050b7a.jpg,train,76.93060302734375,63.28582763671875,52.36628723144531,54.327938079833984,58.395477294921875,56.730804443359375,16.810653686523438,117.36572265625,77.35711669921875,21.40230369567871,80.79126739501953,55.32292556762695,1,1,1,1,1,1,1,1,1,1
IMG_3779_png_jpg.rf.3728a10c866fb38b3a966abb0076afdb.jpg,train,63.62098693847656,56.33723449707031,44.12274169921875,72.7525405883789,67.00213623046875,60.22407531738281,25.3609619140625,100.5946044921875,65.29753112792969,36.17102813720703,94.806640625,73.63916015625,1,1,1,1,1,1,1,1,1,1
IMG_3878_png_jpg.rf.37862a763dd07acf92bc891d591a6a94.jpg,train,106.26904296875,86.90589904785156,46.662872314453125,28.125411987304688,41.9071044921875,57.35829544067383,25.89459228515625,171.17236328125,110.67852783203125,24.02058982849121,60.196563720703125,39.29454803466797,1,1,1,1,1,1,1,1,1,1
IMG_3893_png_jpg.rf.35d03f84a6c05762bdd5408296eff8d6.jpg,train,97.71652221679688,111.48779296875,79.08563232421875,58.61410140991211,55.32061767578125,65.35118865966797,51.82075500488281,109.68510437011719,117.10333251953125,31.229284286499023,62.66657257080078,60.153072357177734,1,1,1,1,1,1,1,1,1,1
IMG_3786_png_jpg.rf.3672e5346d320b47e2d6788d8d7bee35.jpg,train,44.05143737792969,40.086029052734375,28.5821533203125,55.50347900390625,52.403194427490234,49.12790298461914,28.964035034179688,134.3482666015625,48.45100402832031,38.87484359741211,99.6087646484375,59.51117706298828,1,1,1,1,1,1,1,1,1,1
IMG_3948_png_jpg.rf.373833b4e29db6e94073c9f37ab6f0e7.jpg,train,129.19711303710938,85.08723449707031,82.4586181640625,62.62530517578125,72.62757110595703,67.80460357666016,104.09767150878906,122.95576477050781,129.74595642089844,82.19892883300781,66.41144561767578,63.112064361572266,1,1,1,1,1,1,1,1,1,1
IMG_3922_png_jpg.rf.37dab2a7334f8dd14197e7b76a120d70.jpg,train,148.93850708007812,133.6077880859375,70.60357666015625,58.21767044067383,58.25712966918945,50.87392807006836,24.668258666992188,152.35321044921875,149.1277618408203,10.588155746459961,49.53502655029297,58.36423873901367,1,1,1,1,1,0,1,1,1,1
IMG_3636_png_jpg.rf.37c77ce189136b6b2fe458967972ef5e.jpg,train,146.8293914794922,142.373779296875,134.3919677734375,70.30522155761719,71.06934356689453,73.40264129638672,31.425979614257812,34.61973571777344,147.27206420898438,32.41918182373047,44.40238571166992,70.47293853759766,1,1,1,1,1,1,1,1,1,1
IMG_3662_png_jpg.rf.376ac9835d06427e30ae1e1373fda28a.jpg,train,98.05921936035156,76.80496215820312,50.06378173828125,37.819297790527344,46.618080139160156,54.85968780517578,29.698104858398438,162.7592315673828,103.31553649902344,37.075035095214844,67.5545654296875,45.79100036621094,1,1,1,1,1,1,1,1,1,1
IMG_3617_png_jpg.rf.37fb5b7af10dd7f69d8419fdd2bacb62.jpg,train,139.8960723876953,131.64305114746094,124.19398498535156,80.3827133178711,82.19379425048828,81.67652130126953,15.7186279296875,41.7066650390625,140.07351684570312,16.72972869873047,31.294511795043945,80.52653503417969,1,1,1,1,1,1,1,1,1,1
IMG_3796_png_jpg.rf.38a834fcf9cbf7edb53a7aae0fc8254d.jpg,train,76.10699462890625,72.17430114746094,64.0184326171875,58.496891021728516,53.58771896362305,50.98344039916992,29.797332763671875,56.44941711425781,77.07096862792969,25.513498306274414,51.52058029174805,59.19926071166992,1,1,1,1,1,1,1,1,1,1
IMG_3012_png_jpg.rf.38c0e8c86aad334a59879b39e47d0c67.jpg,train,76.07382202148438,79.15078735351562,78.75288391113281,58.73725509643555,54.8569221496582,49.49782943725586,52.39018249511719,69.59884643554688,84.75906372070312,42.73929977416992,74.35408782958984,53.77997589111328,1,1,1,1,1,1,1,1,1,1
33_jpg.rf.38d4d1c64d702c23e0e08455ec935127.jpg,train,114.79571533203125,114.26805114746094,107.17489624023438,58.97366714477539,58.4525260925293,54.67417526245117,27.512847900390625,19.724395751953125,115.87838745117188,34.03010177612305,37.05326461791992,59.65447235107422,1,1,1,1,1,1,1,1,1,1
IMG_3840_png_jpg.rf.3a702b60c28f9392a36434cccb8a45e7.jpg,train,131.5703887939453,126.95103454589844,116.94651794433594,60.97247314453125,63.737430572509766,62.76223373413086,23.3763427734375,42.01734924316406,131.8443145751953,15.692342758178711,43.06472396850586,61.24393844604492,1,1,1,1,1,1,1,1,1,1
IMG_3568_png_jpg.rf.3854c6ed4a5831e80bfae60652598d50.jpg,train,99.97044372558594,103.54966735839844,96.74015808105469,78.52581787109375,75.30235290527344,72.63923645019531,51.67091369628906,58.96586608886719,110.47900390625,39.82032775878906,68.45039367675781,75.82061767578125,1,1,1,1,1,1,1,1,1,1
IMG_3609_png_jpg.rf.380b720334db882cf01de4e31d1a9642.jpg,train,138.69924926757812,139.9507598876953,131.25216674804688,39.40428924560547,39.22036361694336,37.478240966796875,34.60369873046875,16.573318481445312,140.064453125,9.897793769836426,14.30444049835205,39.35285949707031,1,1,1,1,1,1,1,1,1,1
IMG_3878_png_jpg.rf.385ed7a400bcce99890e84d100da69a0.jpg,train,89.85716247558594,74.73347473144531,40.71958923339844,29.305328369140625,40.2120246887207,53.09779739379883,26.35748291015625,171.0390167236328,93.20072937011719,24.261371612548828,65.54752349853516,38.21955871582031,1,1,1,1,1,1,1,1,1,1
IMG_3600_png_jpg.rf.381f5346e7d38544a3aaf1570aa39f39.jpg,train,103.16876220703125,96.89776611328125,89.39189147949219,49.2268180847168,47.32236099243164,46.15251541137695,25.336654663085938,43.279327392578125,103.50248718261719,25.46908950805664,51.87653732299805,49.37556838989258,1,1,1,1,1,1,1,1,1,1
IMG_3563_png_jpg.rf.39233655800f1cebe21dd767486b68ab.jpg,train,76.93098449707031,63.49394226074219,55.632232666015625,73.05680084228516,61.72737503051758,59.92667007446289,24.80377197265625,46.52705383300781,77.655517578125,39.65166473388672,66.45811462402344,73.18220520019531,1,1,1,1,1,1,1,1,1,1
IMG_3747_png_jpg.rf.3a907ad300ab431dbf4d696d80cd5936.jpg,train,155.7164306640625,128.1943817138672,122.75350952148438,62.59694290161133,76.54212951660156,74.54969024658203,48.68495178222656,79.73959350585938,155.9442596435547,68.6412124633789,67.69929504394531,62.70354080200195,1,1,1,1,1,1,1,1,1,1
IMG_3664_png_jpg.rf.39e59c754a71c2dc945222aa77a94163.jpg,train,170.54833984375,159.06101989746094,142.1178436279297,85.48141479492188,89.19873046875,94.34125518798828,38.92625427246094,71.55778503417969,174.66415405273438,42.118560791015625,70.43942260742188,83.49890899658203,1,1,1,1,1,1,1,1,1,1
IMG_3010_png_jpg.rf.39a42e9ae919a7cf9259a69543dddf63.jpg,train,67.69960021972656,67.45132446289062,67.18405151367188,55.207916259765625,54.87042999267578,49.26405715942383,48.2493896484375,68.13943481445312,73.49215698242188,45.64385223388672,80.71793365478516,52.94865417480469,1,1,1,1,1,1,1,1,1,1
29_jpg.rf.39a429a3ddc23085647ff065c800bec6.jpg,train,114.61393737792969,116.38638305664062,117.60200500488281,72.20706176757812,73.65277099609375,72.06973266601562,100.08116149902344,32.23921203613281,119.46737670898438,34.58280563354492,50.977745056152344,73.65924835205078,1,1,1,1,1,1,1,1,1,1
IMG_3919_png_jpg.rf.3937d7d601ea2d15bec3db1a970a94c2.jpg,train,195.2191619873047,179.61865234375,70.54623413085938,49.28758239746094,54.32599639892578,44.73891067504883,27.7117919921875,170.5450439453125,195.45960998535156,17.162925720214844,40.09926223754883,49.18699264526367,1,1,1,1,1,1,1,1,1,1
IMG_3943_png_jpg.rf.3a92ffef8778cabe7b1a16997fd4a764.jpg,train,55.17236328125,40.56452941894531,37.80731201171875,47.1161003112793,51.351654052734375,49.89305114746094,58.11000061035156,129.13290405273438,56.41319274902344,73.40634155273438,89.65841674804688,49.210540771484375,1,1,1,1,1,1,1,1,1,1
IMG_3811_png_jpg.rf.390dd1dd54f9e1ac2feb23f79db134b8.jpg,train,141.52362060546875,145.5941925048828,115.37020874023438,65.74381256103516,61.74726486206055,68.30726623535156,39.83241271972656,69.62139892578125,150.01060485839844,27.42959976196289,51.46351623535156,63.044803619384766,1,1,1,1,1,1,1,1,1,1
5_jpg.rf.393aa43b5d5e6d2998921809372b6a33.jpg,train,171.9471435546875,167.98898315429688,165.96517944335938,73.13395690917969,75.91815948486328,73.75444793701172,46.48735046386719,18.414459228515625,173.9595947265625,50.786224365234375,26.335006713867188,72.21331787109375,1,1,1,1,1,1,1,1,1,1
IMG_3769_png_jpg.rf.3ae1fb1cb4a6e13feae0dfc3dd46084e.jpg,train,60.02937316894531,54.71998596191406,46.80201721191406,64.21330261230469,60.63277053833008,58.61117935180664,18.967376708984375,80.44609069824219,60.625701904296875,30.657407760620117,87.90496063232422,64.46469116210938,1,1,1,1,1,1,1,1,1,1
16_png_jpg.rf.3a3893bfa0616d4109ab64cc5c199081.jpg,train,80.30586242675781,55.975341796875,45.59303283691406,50.46498489379883,45.610107421875,44.263092041015625,16.66326904296875,134.46278381347656,81.51167297363281,33.00493240356445,66.35538482666016,51.84681701660156,1,1,1,1,1,1,1,1,1,1
IMG_3638_png_jpg.rf.3a9d6854215e67e72951528df80e719a.jpg,train,92.61064147949219,89.99429321289062,85.39155578613281,74.9910888671875,74.8440933227539,74.31431579589844,29.997482299804688,56.42277526855469,93.10508728027344,38.238468170166016,82.37161254882812,75.26173400878906,1,1,1,1,1,1,1,1,1,1
IMG_3779_png_jpg.rf.385cff3a66b57962858c2bd8c8366c64.jpg,train,86.77639770507812,77.92572021484375,66.62725830078125,78.14021301269531,71.92871856689453,65.67401123046875,39.923095703125,84.31143188476562,89.10101318359375,44.696327209472656,63.95782470703125,78.21585845947266,1,1,1,1,1,1,1,1,1,1
IMG_3850_png_jpg.rf.3974b9142455ed31b53b4493a312f5c8.jpg,train,42.42549133300781,42.64369201660156,36.796295166015625,55.50177764892578,55.96749496459961,49.94718551635742,18.925323486328125,33.863800048828125,42.942169189453125,18.491605758666992,52.61332702636719,56.222076416015625,1,1,1,1,1,1,1,1,1,1
IMG_3821_png_jpg.rf.394ed7fbe1955c003eb78929c2c3bbdd.jpg,train,136.65774536132812,129.44850158691406,117.11703491210938,53.237701416015625,53.5548210144043,51.507652282714844,24.168548583984375,49.0401611328125,137.95167541503906,17.2377872467041,50.81521987915039,54.26258850097656,1,1,1,1,1,1,1,1,1,1
IMG_3858_png_jpg.rf.39c4d7f4eeac7afac33b075299bdb816.jpg,train,151.35800170898438,125.85664367675781,106.176025390625,51.749080657958984,49.76753234863281,51.589378356933594,28.70050048828125,83.53054809570312,152.0594940185547,42.67508316040039,32.057918548583984,52.3950080871582,1,1,1,1,1,1,1,1,1,1
IMG_3559_png_jpg.rf.3a8608e380e12d9051cdef861cecfce1.jpg,train,121.5849609375,121.2093505859375,115.53443908691406,72.77873992919922,71.80150604248047,70.35201263427734,46.466217041015625,27.200637817382812,123.25694274902344,35.69728088378906,39.08412551879883,73.35436248779297,1,1,1,1,1,1,1,1,1,1
IMG_3615_png_jpg.rf.3920d4dd0af2a6599c8c0ed617bbf22b.jpg,train,146.60365295410156,143.8672332763672,137.2463836669922,78.14253234863281,77.70938873291016,73.43439483642578,35.92555236816406,60.792327880859375,154.48655700683594,30.87838363647461,75.20160675048828,70.03807067871094,1,1,1,1,1,1,1,1,1,1
IMG_3759_png_jpg.rf.3b289d2551dabf370a1254e24634a6ef.jpg,train,43.005828857421875,39.20489501953125,32.210723876953125,61.55463790893555,57.5498161315918,51.89243698120117,22.39013671875,78.20420837402344,43.53973388671875,21.39944076538086,55.71772003173828,62.13603210449219,1,1,1,1,1,1,1,1,1,1
IMG_3029_png_jpg.rf.3b7b42dea6909bc6b1b6333fc07c4f97.jpg,train,141.3881072998047,87.45558166503906,151.53042602539062,69.04688262939453,48.94737243652344,90.53893280029297,97.40890502929688,127.4649658203125,160.00392150878906,63.59896469116211,58.62392807006836,81.71756744384766,1,1,1,1,1,1,1,1,1,1
IMG_3599_png_jpg.rf.3b8ef2694632a5cd76b0bc7679df5a74.jpg,train,119.6292724609375,117.11614990234375,106.39213562011719,52.68008041381836,53.33762741088867,52.295188903808594,31.975723266601562,38.50823974609375,120.80378723144531,14.473791122436523,53.322696685791016,52.93848419189453,1,1,1,1,1,1,1,1,1,1
IMG_3735_png_jpg.rf.3b2a716faf6c94acbcc1f39f74b37e9c.jpg,train,159.0781707763672,156.50372314453125,136.2295684814453,65.58845520019531,68.5972900390625,75.29423522949219,27.352142333984375,71.86331176757812,159.8601531982422,7.864199638366699,89.53218841552734,65.98060607910156,1,1,1,1,1,1,1,1,1,1
IMG_3852_png_jpg.rf.3b30b07a4640a7a090d0caa71419aaaf.jpg,train,96.5521240234375,92.09381103515625,82.226318359375,68.13475036621094,65.24149322509766,63.05647659301758,26.221267700195312,62.256683349609375,97.03187561035156,12.262458801269531,61.51560592651367,68.2321548461914,1,1,1,1,1,1,1,1,1,1
IMG_3827_png_jpg.rf.3b968a31b1c6bd685798b3ef2da346b1.jpg,train,187.45529174804688,179.69212341308594,168.0920867919922,49.560794830322266,51.49329376220703,53.197235107421875,27.085159301757812,33.134552001953125,189.19984436035156,28.813081741333008,22.189926147460938,49.92901611328125,1,1,1,1,1,1,1,1,1,1
IMG_3732_png_jpg.rf.3bbf2e8bf471dc6a73f36303907faa8a.jpg,train,171.76910400390625,170.40139770507812,157.72134399414062,67.9189682006836,67.82872772216797,68.60115814208984,29.475936889648438,27.274215698242188,172.8679962158203,15.075591087341309,28.401683807373047,67.60530853271484,1,1,1,1,1,1,1,1,1,1
15_jpg.rf.3b45094d2034b904522873bb91818afc.jpg,train,149.59107971191406,130.68206787109375,101.18310546875,45.43165969848633,44.889835357666016,42.064701080322266,18.26324462890625,89.00735473632812,149.7395477294922,3.3558449745178223,28.260799407958984,45.4716911315918,1,1,1,1,1,1,1,1,1,1
IMG_3677_png_jpg.rf.3bff9636383a9d651a293b96d4479b0b.jpg,train,44.53147888183594,71.95637512207031,157.8952178955078,65.46202087402344,56.750003814697266,29.31109046936035,105.68382263183594,200.01663208007812,161.6213836669922,23.897844314575195,63.514469146728516,33.284305572509766,1,1,1,1,1,1,1,1,1,1
IMG_3906_png_jpg.rf.3c0ac3abf24dd5939c4040f11900f21d.jpg,train,135.9270782470703,136.63157653808594,142.54859924316406,66.20439147949219,67.35533905029297,70.36396789550781,103.45668029785156,20.569351196289062,143.34963989257812,39.45782470703125,37.35490036010742,69.52054595947266,1,1,1,1,1,1,1,1,1,1
IMG_3668_png_jpg.rf.3bef20229bebbef8b927070bef549b3e.jpg,train,167.96768188476562,161.8136444091797,148.3302764892578,74.35216522216797,77.07432556152344,81.85282135009766,33.65374755859375,53.84913635253906,171.03955078125,30.778091430664062,59.480735778808594,72.74516296386719,1,1,1,1,1,1,1,1,1,1
IMG_3734_png_jpg.rf.3bbe7117800a7559af9f3488968f8505.jpg,train,196.18453979492188,194.3944854736328,185.0342254638672,36.32595443725586,39.2531852722168,43.02491760253906,28.675460815429688,17.761611938476562,196.67933654785156,11.99423885345459,27.07032012939453,36.39894485473633,1,1,1,1,1,1,1,1,1,1
IMG_3563_png_jpg.rf.3ba00cbed51daf29f543001ff0379ce7.jpg,train,110.4249267578125,100.31838989257812,90.85708618164062,73.76177978515625,64.56777954101562,61.970184326171875,30.446609497070312,34.95947265625,111.25482177734375,37.044532775878906,48.08449172973633,73.69229888916016,1,1,1,1,1,1,1,1,1,1
IMG_3002_png_jpg.rf.3c9d9b587109d3d7e135bce1cdd0e55e.jpg,train,71.20845031738281,85.14079284667969,96.70805358886719,36.01283264160156,35.83399200439453,33.50520324707031,101.30165100097656,74.16690063476562,97.402099609375,15.575766563415527,20.240659713745117,35.45087432861328,1,1,1,1,1,1,1,1,1,1
IMG_3914_png_jpg.rf.3d2e7dee8a00a5e1914760c1b4c00d81.jpg,train,147.4818878173828,151.66940307617188,157.2561492919922,68.46723175048828,76.95484924316406,85.41233825683594,89.71051025390625,49.16871643066406,165.42385864257812,46.24795150756836,40.98615264892578,79.04586791992188,1,1,1,1,1,1,1,1,1,1
IMG_3970_png_jpg.rf.3bd4e131ae304ed8fa041ff5702d45e8.jpg,train,139.481689453125,141.22976684570312,128.97967529296875,51.117088317871094,50.12755584716797,50.193634033203125,34.75279235839844,30.576828002929688,141.50953674316406,8.074584007263184,37.88124084472656,50.2940788269043,1,1,1,1,1,1,1,1,1,1
IMG_3841_png_jpg.rf.3bf00ac3a60ad0a250c363d72c377cb4.jpg,train,77.97245788574219,76.15444946289062,68.60560607910156,55.510738372802734,54.50164794921875,51.30287170410156,24.871780395507812,41.40971374511719,78.27828979492188,15.267313003540039,47.659847259521484,55.78379821777344,1,1,1,1,1,1,1,1,1,1
IMG_3564_png_jpg.rf.3da3ebdcf9bf73650f90f68e9e1b6d18.jpg,train,159.11090087890625,158.84397888183594,147.7346649169922,66.73234558105469,65.89441680908203,70.99034118652344,52.09339904785156,24.48699951171875,161.38165283203125,38.24312210083008,42.27116012573242,67.23485565185547,1,1,1,1,1,1,1,1,1,1
IMG_3811_png_jpg.rf.3baa5b844610a8d1097d58b1db4f79b3.jpg,train,108.53819274902344,117.84953308105469,79.260498046875,69.84941101074219,62.53265380859375,69.59812927246094,44.382659912109375,113.6148681640625,123.253173828125,27.17935562133789,76.75641632080078,65.92483520507812,1,1,1,1,1,1,1,1,1,1
IMG_3882_png_jpg.rf.3d6090f1a7c3da1f7d6b54f8bc13eaf3.jpg,train,122.68315124511719,118.79377746582031,103.13917541503906,64.02628326416016,66.0126724243164,69.83375549316406,44.48590087890625,76.53578186035156,126.92010498046875,43.22178268432617,70.53441619873047,65.66216278076172,1,1,1,1,1,1,1,1,1,1
IMG_3688_png_jpg.rf.3c376637ce3820641943e9814c6e0cb3.jpg,train,127.76654052734375,122.62120056152344,115.79580688476562,53.619873046875,54.65707778930664,54.83881759643555,21.18267822265625,42.568359375,128.06004333496094,20.292003631591797,60.7198371887207,53.66352081298828,1,1,1,1,1,1,1,1,1,1
IMG_3006_png_jpg.rf.3e62fb29d69adf45362a9a2632bc4f15.jpg,train,21.12225341796875,21.142501831054688,20.2216796875,44.30623245239258,44.06052780151367,42.59104537963867,22.733169555664062,30.503662109375,21.76751708984375,35.47060775756836,58.45055389404297,45.551734924316406,1,1,1,1,1,1,1,1,1,1
IMG_3747_png_jpg.rf.3d64e3a1cdfd5ff75048e7f7dbd7a3c2.jpg,train,138.61514282226562,116.73983764648438,105.16433715820312,70.25301361083984,79.05033111572266,77.49479675292969,27.205886840820312,92.10951232910156,138.88467407226562,44.693111419677734,69.70377349853516,70.43104553222656,1,1,1,1,1,1,1,1,1,1
IMG_3753_png_jpg.rf.3d5567bbef0c6d21cf7bbf7146b973b1.jpg,train,80.01834106445312,78.46241760253906,69.94662475585938,62.66933059692383,61.86924362182617,59.26129913330078,28.035614013671875,61.300537109375,80.76547241210938,19.333160400390625,71.06149291992188,62.744232177734375,1,1,1,1,1,1,1,1,1,1
IMG_3607_png_jpg.rf.3de66f1924001a6fd990ed1429cd658e.jpg,train,164.4954833984375,161.75015258789062,148.74472045898438,55.450538635253906,54.89268493652344,54.462860107421875,25.770843505859375,38.61653137207031,164.82383728027344,10.902034759521484,49.81053161621094,55.50215530395508,1,1,1,1,1,1,1,1,1,1
IMG_3020_png_jpg.rf.3e5f1fb649d2bf492008c4f41a82529e.jpg,train,56.73289489746094,53.290069580078125,48.62615966796875,47.93492889404297,50.08344650268555,47.242576599121094,27.328445434570312,60.175079345703125,57.309417724609375,39.92923355102539,48.886383056640625,49.42427444458008,1,1,1,1,1,1,1,1,1,1
IMG_3909_png_jpg.rf.3b368aa9d9c41eb822bc1e99f01c0b06.jpg,train,145.02151489257812,138.10389709472656,110.63050842285156,60.101341247558594,59.06528854370117,64.85037994384766,29.952163696289062,77.17155456542969,146.34486389160156,15.767733573913574,67.3127670288086,60.22880554199219,1,1,1,1,1,1,1,1,1,1
IMG_3896_png_jpg.rf.3e24dfe7787e464c3229e412781533ef.jpg,train,107.66598510742188,115.90621948242188,63.387847900390625,58.31493377685547,54.788978576660156,59.59471130371094,36.887237548828125,140.496337890625,119.42359924316406,17.22580337524414,62.78120040893555,57.47746276855469,1,1,1,1,1,1,1,1,1,1
IMG_3638_png_jpg.rf.3eca59be253a3787bfdf0f4c81703fc2.jpg,train,111.38270568847656,108.68841552734375,99.57777404785156,73.53685760498047,73.88693237304688,75.39208984375,33.56065368652344,59.116058349609375,112.00563049316406,31.67857551574707,67.8244400024414,73.91910552978516,1,1,1,1,1,1,1,1,1,1
IMG_3820_png_jpg.rf.3c7a0e504f1dc8ec0544666ca1d51435.jpg,train,137.2975311279297,130.7985382080078,119.92300415039062,56.63689041137695,59.774906158447266,59.117435455322266,24.05401611328125,49.03656005859375,138.32379150390625,17.34458351135254,57.9554328918457,57.51740646362305,1,1,1,1,1,1,1,1,1,1
IMG_3852_png_jpg.rf.3ea4011665c88d5973f99451f85f8a40.jpg,train,85.30973815917969,80.8623046875,73.21037292480469,67.9018783569336,64.65155029296875,61.64262390136719,23.669891357421875,58.20454406738281,85.50666809082031,11.375812530517578,57.33796310424805,68.08904266357422,1,1,1,1,1,1,1,1,1,1
IMG_3864_png_jpg.rf.3e7b9f1e31e5e45d4e57c6dd7f308bef.jpg,train,107.02487182617188,91.48414611816406,53.612518310546875,65.99632263183594,63.89786911010742,57.90145492553711,24.870147705078125,157.09906005859375,107.8157958984375,20.662012100219727,55.73337173461914,67.16024017333984,1,1,1,1,1,1,1,1,1,1
IMG_3024_png_jpg.rf.3d7fa2cc4cac8f587f2aa52cc48ba2b1.jpg,train,84.83564758300781,88.09495544433594,99.56614685058594,46.66791915893555,44.5745735168457,38.29557418823242,99.18301391601562,54.0894775390625,101.55148315429688,34.823570251464844,23.741701126098633,41.09610366821289,1,1,1,1,1,1,1,1,1,1
IMG_3850_png_jpg.rf.3ee23d1e4ab79480babd8854b7f75bbb.jpg,train,52.051361083984375,49.090118408203125,42.293701171875,60.752952575683594,58.7982063293457,52.90271759033203,15.098922729492188,50.003692626953125,52.279632568359375,19.292261123657227,67.44512939453125,61.14252853393555,1,1,1,1,1,1,1,1,1,1
IMG_3868_png_jpg.rf.3de104665e0d3f75044934ace7ddeb3e.jpg,train,195.20327758789062,120.19407653808594,130.14520263671875,41.57381057739258,45.222354888916016,42.35762405395508,152.5617218017578,99.21171569824219,195.39328002929688,55.206390380859375,38.490074157714844,41.639835357666016,1,1,1,1,1,1,1,1,1,1
IMG_3839_png_jpg.rf.3ea77b5bd341bf0065bf8150173da8e9.jpg,train,155.57603454589844,141.78355407714844,107.26681518554688,69.56014251708984,65.14388275146484,65.07392883300781,42.349273681640625,84.99539184570312,158.57608032226562,46.269981384277344,68.3102035522461,68.95742797851562,1,1,1,1,0,1,1,1,1,1
IMG_3809_png_jpg.rf.a90cf24502e018a28f8f38de44107a2c.jpg,train,84.93870544433594,76.23678588867188,65.38026428222656,65.36924743652344,61.56956100463867,56.94526672363281,21.319229125976562,70.97392272949219,85.75996398925781,26.55809211730957,48.51470947265625,65.62461853027344,1,1,1,1,1,1,1,1,1,1
IMG_3936_png_jpg.rf.a9046460f2e2ab0c6a0f54d6a8d49d39.jpg,train,184.82958984375,182.29791259765625,159.79437255859375,50.02897644042969,50.05994415283203,58.10284423828125,32.98069763183594,45.80018615722656,190.32371520996094,23.39333152770996,41.385772705078125,47.62609100341797,1,1,1,1,1,1,1,1,1,1
IMG_3620_png_jpg.rf.a97b32b8294126aa22d642aa6851892d.jpg,train,142.04116821289062,135.81033325195312,124.22770690917969,69.8912353515625,70.09534454345703,69.87471008300781,23.19842529296875,39.19380187988281,142.49478149414062,21.522218704223633,39.43381118774414,70.07536315917969,1,1,1,1,1,1,1,1,1,1
IMG_3847_png_jpg.rf.a9804b0df81cd4f96567ba7a46933fd8.jpg,train,77.45466613769531,76.87495422363281,74.1514892578125,62.7713508605957,61.26052474975586,60.013126373291016,23.160003662109375,16.366958618164062,77.79107666015625,18.40469741821289,20.81545066833496,62.85797119140625,1,1,1,1,1,1,1,1,1,1
IMG_3693_png_jpg.rf.a9336bff36b6188334f2504bf31b04d2.jpg,train,185.1237335205078,182.07650756835938,172.75485229492188,55.73112106323242,56.9976921081543,59.186912536621094,23.621383666992188,22.241043090820312,185.57872009277344,11.619132995605469,27.60769271850586,55.523258209228516,1,1,1,1,1,1,1,1,1,1
IMG_3673_png_jpg.rf.a9328bb6703036b03401c79984acbe77.jpg,train,148.3450164794922,147.71063232421875,141.110107421875,61.93638229370117,60.898277282714844,59.96023178100586,69.0491943359375,30.361557006835938,153.29136657714844,40.419490814208984,37.51544189453125,61.29985046386719,1,1,1,1,1,1,1,1,1,1
IMG_2984_png_jpg.rf.a9879f7290459ffabd371edbf6cb2f34.jpg,train,31.595840454101562,31.425247192382812,34.58781433105469,42.56630325317383,43.40214538574219,39.633785247802734,112.37519836425781,59.21278381347656,35.61470031738281,33.067047119140625,57.47205352783203,43.28184127807617,1,1,1,1,1,1,1,1,1,1
IMG_3783_png_jpg.rf.a9b935ff40cf68b85d5803ac876d03f7.jpg,train,118.52485656738281,111.01934814453125,93.41777038574219,63.97267150878906,63.06093978881836,62.4281005859375,36.67576599121094,67.818115234375,120.55618286132812,40.64091491699219,32.6325569152832,64.43382263183594,1,1,1,1,1,1,1,1,1,1
IMG_3730_png_jpg.rf.a91a34b6cefee35db9a2b4a17b220131.jpg,train,141.12953186035156,138.24215698242188,127.44509887695312,53.6844482421875,54.22208786010742,53.963382720947266,25.267379760742188,34.35357666015625,141.38783264160156,14.271018981933594,44.419578552246094,53.802040100097656,1,1,1,1,1,1,1,1,1,1
IMG_3659_png_jpg.rf.a90fcc6ec3da5f8563be0398e15f9980.jpg,train,114.65927124023438,59.71502685546875,42.74261474609375,38.64845657348633,51.0764274597168,54.60179138183594,22.722015380859375,184.31063842773438,118.76028442382812,42.10093307495117,61.2063102722168,44.41215896606445,1,1,1,1,1,1,1,1,1,1
IMG_3649_png_jpg.rf.a9c99db6fae61fb7bfc040e68cf102f7.jpg,train,193.33135986328125,168.52867126464844,144.8621368408203,63.887821197509766,60.3365592956543,57.19880676269531,17.907928466796875,71.23712158203125,193.84764099121094,18.770883560180664,30.442216873168945,63.71284866333008,1,1,1,1,1,1,1,1,1,1
IMG_3679_png_jpg.rf.aa81197814d7b694ca493fb666357e9d.jpg,train,45.640625,98.44903564453125,145.9465789794922,61.13717269897461,42.68336486816406,28.466041564941406,98.87303161621094,191.24522399902344,147.70350646972656,20.782079696655273,70.33975219726562,31.1331729888916,1,1,1,1,1,1,1,1,1,1
IMG_3967_png_jpg.rf.aa13630b5753912fccfff6128c9e780f.jpg,train,151.86276245117188,145.48153686523438,131.75564575195312,44.961246490478516,46.39578628540039,46.364627838134766,29.026947021484375,38.55644226074219,152.38111877441406,28.83789825439453,25.710430145263672,44.79255294799805,1,1,1,1,1,1,1,1,1,1
IMG_3914_png_jpg.rf.aa7fb07b263c0474a84e7d7c98b3ba02.jpg,train,118.30328369140625,121.64678955078125,128.4864501953125,68.86095428466797,75.57172393798828,84.62183380126953,87.56465148925781,55.47523498535156,134.73538208007812,48.35314178466797,48.07246017456055,79.8170394897461,1,1,1,1,1,1,1,1,1,1
IMG_3613_png_jpg.rf.a9bf64ee67780c88c47095c6ba64b2cb.jpg,train,166.9093017578125,161.79710388183594,154.31861877441406,83.88507843017578,81.85836791992188,79.2939453125,30.114349365234375,54.76600646972656,174.1140899658203,31.80478286743164,62.2473258972168,76.99536895751953,1,1,1,1,1,1,1,1,1,1
IMG_3831_png_jpg.rf.aa9547d181d8e2a949294d687eb27085.jpg,train,104.62258911132812,103.90611267089844,100.42536926269531,59.908729553222656,58.22809982299805,53.15433883666992,34.36302185058594,9.83001708984375,105.77082824707031,45.58433151245117,21.89864158630371,60.231117248535156,1,1,1,1,1,1,1,1,1,1
IMG_3749_png_jpg.rf.aa43b0e4dcd83f9c513d9a41f02a34f7.jpg,train,167.3971710205078,146.34542846679688,139.6101837158203,64.79784393310547,76.54556274414062,75.93327331542969,33.669189453125,57.43701171875,167.54736328125,56.161983489990234,41.7828254699707,64.95170593261719,1,1,1,1,1,1,1,1,1,1
IMG_3919_png_jpg.rf.ab12e5cdc025765f29eb4103bed980c0.jpg,train,154.216796875,136.37049865722656,64.64076232910156,47.67948532104492,49.150299072265625,42.25820541381836,26.03472900390625,160.1006622314453,154.43338012695312,19.00128173828125,45.83901596069336,47.72338104248047,1,1,1,1,1,1,1,1,1,1
IMG_3844_png_jpg.rf.ab295f00365d0025682bc54ffdfbb745.jpg,train,150.20440673828125,147.07986450195312,131.72457885742188,54.51932907104492,56.72089767456055,57.99252700805664,27.078750610351562,39.84223937988281,150.76417541503906,13.322650909423828,35.507293701171875,54.9206657409668,1,1,1,1,1,1,1,1,1,1
IMG_3654_png_jpg.rf.ab3617930df5bfeb02950182ff7fb0d5.jpg,train,174.72592163085938,157.14060974121094,133.4873809814453,64.03935241699219,63.46614074707031,58.1480598449707,27.1640625,73.7886962890625,175.85516357421875,32.90985107421875,46.73820495605469,63.5389289855957,1,1,1,1,1,1,1,1,1,1
IMG_3622_png_jpg.rf.ab6179129abd92cf2588d941a780d9e5.jpg,train,105.93940734863281,103.87008666992188,92.006103515625,70.74839782714844,71.35865020751953,70.60002899169922,24.868988037109375,57.47596740722656,106.435302734375,20.319068908691406,63.15782928466797,71.03492736816406,1,1,1,1,1,1,1,1,1,1
IMG_3650_png_jpg.rf.ab0c3073d04823db1e9254962921145a.jpg,train,154.1067352294922,132.4657745361328,121.511962890625,55.98611831665039,53.03523254394531,51.9276237487793,13.246246337890625,66.61984252929688,154.45654296875,19.13239288330078,44.19664764404297,56.06770706176758,1,1,1,1,1,1,1,1,1,1
IMG_3007_png_jpg.rf.ac97827cfaf0ad361b9b2124ccd0118d.jpg,train,55.89973449707031,56.06390380859375,54.01609802246094,46.28327560424805,46.652347564697266,46.655601501464844,42.2701416015625,28.395828247070312,56.884033203125,46.05046081542969,43.141685485839844,47.37089157104492,1,1,1,1,1,1,1,1,1,1
IMG_3735_png_jpg.rf.a828de17aaf44b2da33a1796e8c707e1.jpg,train,181.2924041748047,171.37884521484375,163.31028747558594,66.03716278076172,70.86663055419922,73.4349136352539,14.269302368164062,40.70094299316406,181.4735870361328,9.914172172546387,46.40399169921875,66.10053253173828,1,1,1,1,1,1,1,1,1,1
IMG_3936_png_jpg.rf.ab752c7e47b25f4729292b87646301df.jpg,train,171.6510772705078,167.90957641601562,136.50299072265625,60.42912292480469,59.95619583129883,68.93104553222656,33.737060546875,68.69325256347656,179.58160400390625,24.976966857910156,57.74905014038086,57.289344787597656,1,1,1,1,1,1,1,1,1,1
IMG_3749_png_jpg.rf.ab32784e93c8555936e82220b033dbe7.jpg,train,103.27366638183594,79.43666076660156,71.42620849609375,68.05532836914062,75.7721939086914,72.89710235595703,25.86566162109375,136.38345336914062,103.55650329589844,48.808990478515625,96.60621643066406,68.32112121582031,1,1,1,1,1,1,1,1,1,1
25_jpg.rf.acb68db29e26cbd57bebbbab217f04a4.jpg,train,48.08943176269531,49.14350891113281,61.663330078125,62.84941101074219,65.00284576416016,66.4451904296875,115.57899475097656,108.57156372070312,64.40641784667969,25.400510787963867,44.93796920776367,70.21672821044922,1,1,1,1,1,1,1,1,1,1
IMG_3020_png_jpg.rf.ad1a76fd9e411bddb098ee1c9d28270f.jpg,train,102.75428771972656,99.95549011230469,96.80815124511719,45.36301040649414,46.71253204345703,45.77972412109375,27.1954345703125,18.322021484375,102.95237731933594,40.4533805847168,13.197345733642578,45.71820831298828,1,1,1,1,1,1,1,1,1,1
IMG_3622_png_jpg.rf.a75922c41dc316d97d4b56a225e2b071.jpg,train,160.78253173828125,157.64842224121094,142.208984375,71.52761840820312,72.42366790771484,73.19666290283203,29.072494506835938,38.10810852050781,161.52651977539062,21.879384994506836,29.09699058532715,71.4679183959961,1,1,1,1,1,1,1,1,1,1
IMG_3915_png_jpg.rf.a762b5152c204141beab036c6fa093f3.jpg,train,141.95751953125,148.56556701660156,153.9503631591797,81.00467681884766,91.03339385986328,98.60038757324219,77.95606994628906,45.47845458984375,159.49586486816406,45.35988998413086,37.05668258666992,93.39689636230469,1,1,1,1,1,1,1,1,1,1
IMG_2988_png_jpg.rf.acaaa4c77d7c3edf5398875c260ef16a.jpg,train,60.96781921386719,59.812408447265625,54.83769226074219,43.86410140991211,44.247982025146484,43.095272064208984,29.18255615234375,45.87977600097656,61.38055419921875,28.546104431152344,52.95964050292969,44.65900802612305,1,1,1,1,1,1,1,1,1,1
30_jpg.rf.acded28f3c9b2d61623986784074b3f5.jpg,train,108.84901428222656,105.37614440917969,93.3748779296875,58.746826171875,57.23805236816406,53.78358459472656,24.427703857421875,47.297454833984375,109.73619079589844,20.58706283569336,54.34083557128906,59.1606330871582,1,1,1,1,1,1,1,1,1,1
IMG_3724_png_jpg.rf.ad1eb900cd27275467ed5fc8626457db.jpg,train,154.64968872070312,156.35745239257812,144.2752685546875,79.0728988647461,75.98590087890625,74.98683166503906,38.74391174316406,73.81547546386719,166.27310180664062,29.52694320678711,78.29586029052734,68.76448059082031,1,1,1,1,1,1,1,1,1,1
IMG_3633_png_jpg.rf.acd82e607fb4a3b07b2a5c89c9f2b664.jpg,train,90.0220947265625,112.65139770507812,104.54142761230469,58.99161148071289,64.29236602783203,73.49071502685547,58.70805358886719,108.90461730957031,126.17117309570312,44.77817153930664,69.52099609375,70.18391418457031,1,1,1,1,1,1,1,1,1,1
IMG_3962_png_jpg.rf.ad2c51b9f7c0505cf30bccc7a9670b37.jpg,train,129.26327514648438,115.84538269042969,101.80706787109375,54.28360366821289,56.879459381103516,60.740638732910156,25.251251220703125,69.23954772949219,130.2167205810547,32.820953369140625,36.44051742553711,55.74679946899414,1,1,1,1,1,1,1,1,1,1
IMG_3822_png_jpg.rf.a8f70431126332452b93262a8b3f4fb5.jpg,train,148.18386840820312,149.2945556640625,138.6050262451172,51.84730911254883,54.60173034667969,55.72651672363281,36.6641845703125,27.812240600585938,150.84349060058594,21.091840744018555,28.689594268798828,54.06003952026367,1,1,1,1,1,1,1,1,1,1
IMG_3837_png_jpg.rf.ad266092333a6776de4e7c1bb6d10e9a.jpg,train,139.5019989013672,134.07110595703125,105.88796997070312,65.18513488769531,61.82172393798828,59.88813018798828,38.70606994628906,73.89588928222656,143.62612915039062,35.573341369628906,65.97630310058594,65.30436706542969,1,1,1,1,1,1,1,1,1,1
IMG_3703_png_jpg.rf.a7475730d519a5553f06e3a31885ad76.jpg,train,134.51951599121094,126.33322143554688,113.79330444335938,66.25704193115234,64.22611999511719,60.938026428222656,31.3035888671875,39.9752197265625,135.29318237304688,34.518699645996094,34.62174606323242,66.81216430664062,1,1,1,1,1,1,1,1,1,1
IMG_3598_png_jpg.rf.ad38aad7a64f5e31bfe2267aeb9dc9f3.jpg,train,126.33732604980469,117.70106506347656,85.23751831054688,69.39290618896484,74.791259765625,85.58647155761719,25.572402954101562,118.80882263183594,126.98199462890625,9.20494556427002,69.18418884277344,70.18545532226562,1,1,1,1,1,1,1,1,1,1
IMG_3709_png_jpg.rf.ad5444c016bcde0182df132711dd2463.jpg,train,124.77302551269531,112.65420532226562,107.18087768554688,72.6888198852539,54.4335823059082,52.10881042480469,65.37937927246094,59.41534423828125,134.8388671875,46.13661575317383,54.10783386230469,69.13002014160156,1,1,1,1,1,1,1,1,1,1
IMG_3650_png_jpg.rf.adcacd3b6a25978e29afbce62a4038d2.jpg,train,198.25543212890625,171.412109375,153.8767547607422,55.04126739501953,52.35366439819336,51.49908447265625,14.9423828125,61.75848388671875,198.64146423339844,18.5739688873291,26.907146453857422,54.95915222167969,1,1,1,1,1,1,1,1,1,1
IMG_2978_png_jpg.rf.ae08745c41aea20bddb4813f6611182b.jpg,train,11.107803344726562,12.012496948242188,12.926498413085938,44.28098678588867,47.00032424926758,44.27257537841797,59.07673645019531,119.597412109375,14.635040283203125,58.22438430786133,123.69247436523438,49.09058380126953,1,1,1,1,1,1,1,1,1,1
IMG_3636_png_jpg.rf.a80956eb10a7deddcd64d59a163504ad.jpg,train,130.91055297851562,129.07748413085938,120.80575561523438,74.67613983154297,74.6150894165039,75.51573944091797,33.594696044921875,36.147735595703125,131.52557373046875,27.751220703125,45.9273567199707,74.8294448852539,1,1,1,1,1,1,1,1,1,1
IMG_3915_png_jpg.rf.adb95f566d28707dfadd022346740b20.jpg,train,147.71304321289062,153.157958984375,158.88670349121094,73.65294647216797,83.21047973632812,93.11962127685547,81.54566955566406,50.46543884277344,166.51463317871094,44.028846740722656,44.27128982543945,85.82608032226562,1,1,1,1,1,1,1,1,1,1
IMG_3562_png_jpg.rf.adeb610568e71da4ea1ef80fa8036d79.jpg,train,74.00144958496094,67.65951538085938,54.99787902832031,71.31101989746094,64.42681121826172,58.436344146728516,36.62055969238281,48.08283996582031,75.51268005371094,41.57115936279297,64.56208801269531,71.51416015625,1,1,1,1,1,1,1,1,1,1
IMG_3898_png_jpg.rf.ad4bc239f5dc33b5ffc6670702bd8546.jpg,train,100.90415954589844,98.52743530273438,58.747100830078125,63.00576400756836,60.32881546020508,60.643985748291016,33.400177001953125,140.1136474609375,106.12619018554688,22.944393157958984,64.58029174804688,64.48550415039062,1,1,1,1,1,1,1,1,1,1
IMG_3822_png_jpg.rf.ae19c5d93aad86274faf68e25b121b6e.jpg,train,162.86505126953125,158.56405639648438,148.92202758789062,48.17361068725586,52.89911651611328,53.04817581176758,26.26025390625,30.2584228515625,165.52365112304688,22.88160514831543,25.21462631225586,50.246543884277344,1,1,1,1,1,1,1,1,1,1
IMG_3686_png_jpg.rf.ae22b92f4c8e8cb32a71255e9b5d9ab3.jpg,train,60.814178466796875,56.90641784667969,50.9820556640625,45.695335388183594,45.18193054199219,43.16326141357422,19.759323120117188,54.697540283203125,60.91069030761719,20.306316375732422,40.21358871459961,45.95440673828125,1,1,1,1,1,1,1,1,1,1
IMG_3809_png_jpg.rf.a80d7e4df90bad68397bfb443437749c.jpg,train,131.99261474609375,125.46368408203125,115.10623168945312,59.22393035888672,57.57260513305664,54.701881408691406,22.174087524414062,35.82499694824219,132.81398010253906,24.352602005004883,22.977758407592773,59.05543518066406,1,1,1,1,1,1,1,1,1,1
14_jpg.rf.a8a4bfaeca13e8e753e8cb0b99229a8b.jpg,train,168.5390625,110.45848083496094,98.63844299316406,60.27312088012695,53.58609390258789,49.0650520324707,22.7452392578125,115.40219116210938,168.9865264892578,48.84349822998047,44.5367431640625,59.61537170410156,1,1,1,1,1,1,1,1,1,1
IMG_3842_png_jpg.rf.ae25358392c44b9b5e35bdd250058b1b.jpg,train,103.70675659179688,100.72755432128906,88.01646423339844,60.56031036376953,60.300926208496094,57.50127410888672,27.902023315429688,49.798736572265625,104.23721313476562,14.587797164916992,52.141761779785156,60.732486724853516,1,1,1,1,1,1,1,1,1,1
IMG_3967_png_jpg.rf.a7dbcbce5768b4b4e405c997627023cc.jpg,train,173.79632568359375,170.86880493164062,151.21153259277344,39.01881790161133,40.43342971801758,41.47193908691406,32.106689453125,37.41130065917969,175.04689025878906,23.58661460876465,23.538057327270508,38.43095397949219,1,1,1,1,1,1,1,1,1,1
IMG_3719_png_jpg.rf.ae7b7857f7a5aa1731bd1a59a0cd1afd.jpg,train,32.841949462890625,29.092498779296875,23.188827514648438,63.246849060058594,58.0601692199707,50.2795295715332,13.013946533203125,40.933074951171875,33.31556701660156,30.713623046875,75.36871337890625,63.86503982543945,1,1,1,1,1,1,1,1,1,1
IMG_3797_png_jpg.rf.a7f6c944c5f01726646810a08f114e77.jpg,train,82.43807983398438,72.55032348632812,64.06153869628906,53.837642669677734,50.2989616394043,48.71158981323242,18.484878540039062,76.32586669921875,83.2547607421875,19.929044723510742,53.22071838378906,54.665077209472656,1,1,1,1,1,1,1,1,1,1
IMG_3899_png_jpg.rf.ae9f63e702e62346d3e4ba4d7b3df961.jpg,train,111.53648376464844,116.73399353027344,67.20735168457031,59.201385498046875,56.951839447021484,62.75300979614258,37.64649963378906,142.12762451171875,121.57858276367188,22.562835693359375,76.39386749267578,58.90446472167969,1,1,1,1,1,1,1,1,1,1
IMG_3731_png_jpg.rf.ae4b8d4dbf12b033ed5694c9c58eb1f9.jpg,train,106.92604064941406,103.61293029785156,96.95294189453125,53.79966354370117,52.63033676147461,51.493812561035156,22.730926513671875,31.366302490234375,107.2158203125,13.568126678466797,40.49589538574219,53.96814727783203,1,1,1,1,1,1,1,1,1,1
IMG_3842_png_jpg.rf.ae7ca3876d32a40ec64374f81845143a.jpg,train,132.982177734375,128.08840942382812,112.24775695800781,60.083621978759766,59.95595932006836,59.22361755371094,27.201522827148438,51.6033935546875,133.49551391601562,15.636953353881836,55.10258483886719,60.15904998779297,1,1,1,1,1,1,1,1,1,1
IMG_3906_png_jpg.rf.ae3b4825b8706959c2c71c02725046d8.jpg,train,151.5640106201172,152.43605041503906,157.9087371826172,65.77489471435547,67.43663024902344,70.4005355834961,102.49951171875,17.181533813476562,158.94021606445312,38.55320358276367,31.51712417602539,69.11470031738281,1,1,1,1,1,1,1,1,1,1
IMG_3590_png_jpg.rf.aeca02cf9549bb60e4270b9618dd18a9.jpg,train,22.131851196289062,17.394622802734375,14.591033935546875,52.572200775146484,50.01016616821289,44.43251419067383,20.478271484375,123.00955200195312,22.37933349609375,47.44706726074219,118.66455841064453,53.07244110107422,1,1,1,1,1,1,1,1,1,1
IMG_2998_png_jpg.rf.aebc322246f2c77fa6cd1cbe028011c6.jpg,train,53.65489196777344,57.19862365722656,73.41578674316406,44.63161087036133,45.602535247802734,42.594276428222656,113.54704284667969,83.41233825683594,74.54815673828125,14.67724609375,19.689916610717773,45.34864044189453,1,1,1,1,1,1,1,1,1,1
IMG_3781_png_jpg.rf.a77fcdf7cf6300d4a94490a9f127178d.jpg,train,65.59384155273438,64.52618408203125,47.53529357910156,66.65987396240234,64.77649688720703,57.902523040771484,34.96284484863281,128.14686584472656,69.54438781738281,31.48817253112793,82.4977798461914,67.66687774658203,1,1,1,1,1,1,1,1,1,1
IMG_3923_png_jpg.rf.aecfabb6985822ff3a1731c045a0cdbf.jpg,train,212.56480407714844,195.7939910888672,144.5902862548828,42.66865921020508,48.649112701416016,54.64432144165039,24.031005859375,87.93986511230469,212.85646057128906,10.136648178100586,37.31557846069336,42.486412048339844,1,1,1,1,1,1,1,1,1,1
IMG_3882_png_jpg.rf.a8e36d1649998ff13da00a1bb85c45f2.jpg,train,144.89503479003906,145.18612670898438,127.13128662109375,62.73213577270508,63.29505920410156,69.98617553710938,44.99723815917969,60.42323303222656,150.7157440185547,36.87958908081055,60.81494140625,63.30414581298828,1,1,1,1,1,1,1,1,1,1
IMG_3781_png_jpg.rf.af3d53535b15545a74de31dedb1b5332.jpg,train,101.97917175292969,101.75071716308594,74.77505493164062,72.1209716796875,70.67709350585938,68.98413848876953,34.80632019042969,121.12544250488281,107.87030029296875,25.13938331604004,80.79644012451172,71.7842025756836,1,1,1,1,1,1,1,1,1,1
IMG_3881_png_jpg.rf.a7e864a2059bf1ea6f1f0897d99ed537.jpg,train,149.6796417236328,151.42140197753906,119.62028503417969,65.08875274658203,61.26383590698242,73.89966583251953,42.92771911621094,84.05842590332031,157.65261840820312,31.361873626708984,74.49639892578125,62.23012161254883,1,1,1,1,1,1,1,1,1,1
IMG_3568_png_jpg.rf.af6055e7c43da7d7714086cf1d781931.jpg,train,160.7763214111328,165.46401977539062,161.542236328125,71.5578842163086,69.5237045288086,68.56696319580078,62.77882385253906,28.141891479492188,170.96524047851562,37.15585708618164,35.7150993347168,68.79191589355469,1,1,1,1,1,1,1,1,1,1
IMG_3680_png_jpg.rf.aea476a11295224c29c9b458f12a6465.jpg,train,55.28208923339844,84.40559387207031,168.6831817626953,60.04109573364258,50.775089263916016,29.18428611755371,107.73551940917969,183.2040252685547,170.49964904785156,19.17203712463379,60.3985595703125,31.11229705810547,1,1,1,1,1,1,1,1,1,1
IMG_3845_png_jpg.rf.af3e377df91795ee25f134d19e781beb.jpg,train,93.98002624511719,93.2708740234375,82.14845275878906,67.87744903564453,67.48596954345703,61.10805892944336,29.485931396484375,33.56254577636719,94.71464538574219,14.350957870483398,26.230558395385742,68.4574203491211,1,1,1,1,1,1,1,1,1,1
IMG_3758_png_jpg.rf.af964b32710f5a464bf1559be5790ce8.jpg,train,66.93382263183594,62.80101013183594,56.58049011230469,76.97964477539062,73.44239044189453,70.59391021728516,22.941299438476562,74.36006164550781,67.34968566894531,32.593929290771484,83.58271789550781,76.9806900024414,1,1,1,1,1,1,1,1,1,1
IMG_3694_png_jpg.rf.aed62b68cb7269c1d72eab34fc69e116.jpg,train,178.6468048095703,174.62196350097656,164.4130859375,62.97871017456055,63.88901138305664,64.93132781982422,23.369491577148438,27.915573120117188,179.04421997070312,13.619563102722168,34.831912994384766,62.68626403808594,1,1,1,1,1,1,1,1,1,1
IMG_3666_png_jpg.rf.af06e6e83f45950a16acae57284e0b16.jpg,train,180.06076049804688,167.8720245361328,153.57164001464844,77.63729858398438,81.0032730102539,87.60828399658203,35.03175354003906,59.079681396484375,183.45779418945312,41.839378356933594,61.46986389160156,75.78462982177734,1,1,1,1,1,1,1,1,1,1
IMG_3001_png_jpg.rf.a7c28b0af0f4be75173192786591006f.jpg,train,47.1016845703125,50.55303955078125,68.65061950683594,42.99819564819336,43.56391525268555,40.60444259643555,111.3466796875,103.44598388671875,69.35824584960938,20.57571792602539,51.311363220214844,42.61630630493164,1,1,1,1,1,1,1,1,1,1
IMG_3007_png_jpg.rf.a76409735537bc52e096bfa5dd22bee7.jpg,train,78.25935363769531,77.8780517578125,76.61343383789062,42.839622497558594,43.190067291259766,43.13779067993164,39.992706298828125,11.260086059570312,78.93885803222656,48.959556579589844,13.26267147064209,43.82454299926758,1,1,1,1,1,1,1,1,1,1
IMG_3641_png_jpg.rf.a7d46f184426c3249165f4dec73e50c6.jpg,train,81.33335876464844,80.12571716308594,74.14120483398438,70.69794464111328,70.91342163085938,69.48070526123047,31.073532104492188,55.84228515625,81.93087768554688,37.57997512817383,81.34070587158203,71.08967590332031,1,1,1,1,1,1,1,1,1,1
IMG_3920_png_jpg.rf.a7c7144e4ca091ed4c55d9603c98ce01.jpg,train,128.28549194335938,91.60404968261719,53.7982177734375,53.63751983642578,50.21018600463867,41.792694091796875,20.9461669921875,165.82196044921875,128.46849060058594,29.628355026245117,50.8990478515625,53.65514373779297,1,1,1,1,1,1,1,1,1,1
IMG_3698_png_jpg.rf.afb4a8f59a733c7cf5603e84c21b16af.jpg,train,94.52957153320312,90.00547790527344,71.51914978027344,78.14826965332031,74.34408569335938,64.07624053955078,34.70098876953125,73.41340637207031,98.5238037109375,38.131107330322266,75.88763427734375,80.747802734375,1,1,1,1,1,1,1,1,1,1
IMG_3742_png_jpg.rf.a89ab8931b8c9aed674eaaa6cb3fc1cf.jpg,train,121.162353515625,118.93356323242188,125.57736206054688,67.46739959716797,61.97108840942383,56.28783416748047,70.98056030273438,74.65592956542969,141.23587036132812,47.43882369995117,55.04283142089844,59.809715270996094,1,1,1,1,1,1,1,1,1,1
IMG_3685_png_jpg.rf.af9bbb599094a4717ec2078ab1eec2cd.jpg,train,119.211181640625,117.29084777832031,106.7393798828125,52.73878860473633,52.702091217041016,51.7587890625,26.315277099609375,29.882843017578125,119.37397766113281,12.042777061462402,14.937560081481934,52.80964660644531,1,1,1,1,1,1,1,1,1,1
31_jpg.rf.afd056c0edcc327f370f7463a7f2e82b.jpg,train,133.05848693847656,133.46766662597656,125.77406311035156,56.3474235534668,56.47208786010742,53.44133377075195,29.594970703125,16.542724609375,134.58746337890625,30.262598037719727,28.386859893798828,56.93606185913086,1,1,1,1,1,1,1,1,1,1
IMG_3598_png_jpg.rf.afda507d2c0da214d766630747f7e564.jpg,train,75.871337890625,73.22529602050781,54.39019775390625,74.94705200195312,77.30792999267578,81.02227783203125,26.055679321289062,147.06703186035156,76.56698608398438,15.81128215789795,106.37963104248047,75.84777069091797,1,1,1,1,1,1,1,1,1,1
IMG_3618_png_jpg.rf.b023f6223f6d9a4872c3f2333165817d.jpg,train,139.3253173828125,135.27890014648438,122.62644958496094,70.99948120117188,71.75392150878906,71.74246978759766,23.064178466796875,40.14617919921875,139.67770385742188,18.39244270324707,32.0855827331543,71.16681671142578,1,1,1,1,1,1,1,1,1,1
IMG_3656_png_jpg.rf.b05a8bba56473008adf10849a2868b0f.jpg,train,208.32278442382812,190.12982177734375,168.45587158203125,53.98906326293945,52.6972541809082,49.456092834472656,23.626815795898438,52.504730224609375,209.05917358398438,27.578887939453125,23.902725219726562,52.89744567871094,1,1,1,1,1,1,1,1,1,1
5_jpg.rf.b0069629f51b281940f382f2dd1efcbd.jpg,train,156.78041076660156,153.71690368652344,150.53933715820312,68.13394165039062,71.23878479003906,69.85719299316406,53.09330749511719,24.565353393554688,159.35934448242188,47.58796691894531,38.86151123046875,67.7239990234375,1,1,1,1,1,1,1,1,1,1
IMG_3581_png_jpg.rf.b05eba0a40f59f7a2211fc1d97b26ff5.jpg,train,166.27456665039062,143.65248107910156,118.88070678710938,52.690311431884766,50.066184997558594,50.16960906982422,19.107254028320312,80.25668334960938,167.4776611328125,19.346864700317383,31.237380981445312,52.99553680419922,1,1,1,1,1,1,1,1,1,1
IMG_3853_png_jpg.rf.b0628901976f746972159d4224d5e500.jpg,train,86.60513305664062,82.97834777832031,76.04981994628906,69.19853210449219,65.6978530883789,62.74403762817383,25.735519409179688,53.82752990722656,86.94215393066406,16.09430694580078,60.98393630981445,69.4209976196289,1,1,1,1,1,1,1,1,1,1
IMG_3660_png_jpg.rf.afe8da22273bed8bb95bb24466d69fa7.jpg,train,106.10836791992188,63.76115417480469,35.518707275390625,41.29655456542969,52.127445220947266,60.59296417236328,26.582855224609375,206.73587036132812,116.59420776367188,38.25559997558594,58.23306655883789,50.930816650390625,1,1,1,1,1,1,1,1,1,1
IMG_3721_png_jpg.rf.b0c0e900369245a5066c99bbee0c683e.jpg,train,64.06307983398438,56.642578125,50.480499267578125,71.94730377197266,67.61632537841797,60.79702377319336,15.92657470703125,52.31385803222656,64.30360412597656,26.516260147094727,38.369300842285156,72.2978744506836,1,1,1,1,1,1,1,1,1,1
IMG_3780_png_jpg.rf.a789caabb67470d37c63a3ebf7bf3a3b.jpg,train,77.46279907226562,74.13409423828125,53.95458984375,67.71697998046875,60.81645584106445,58.72782897949219,32.43733215332031,128.75291442871094,82.23170471191406,19.994400024414062,68.32825469970703,67.18353271484375,1,1,1,1,1,1,1,1,1,1
30_jpg.rf.b032df089633294990a1fa5af79eb3d0.jpg,train,102.21734619140625,99.60749816894531,90.19223022460938,60.182106018066406,58.16257858276367,53.4835090637207,25.743026733398438,33.14433288574219,102.95014953613281,19.722627639770508,38.78511047363281,60.7763786315918,1,1,1,1,1,1,1,1,1,1
IMG_3590_png_jpg.rf.b0c2fb8280109ae3be4989ce55518d18.jpg,train,42.09489440917969,29.367218017578125,25.255081176757812,54.74148941040039,52.53356170654297,48.68388366699219,11.680130004882812,143.54232788085938,42.29393005371094,28.723697662353516,44.33998489379883,55.254112243652344,1,1,1,1,1,1,1,1,1,1
IMG_3797_png_jpg.rf.b11f40e9b418cbaab1d872cbf32f31a0.jpg,train,135.5515594482422,130.16888427734375,119.36018371582031,48.94741439819336,48.103824615478516,48.1959342956543,23.27203369140625,35.02790832519531,136.1534881591797,16.271827697753906,23.44978904724121,49.374778747558594,1,1,1,1,1,1,1,1,1,1
IMG_3581_png_jpg.rf.b1f9754e412b49aa6ba73b63b44af339.jpg,train,195.07989501953125,185.11236572265625,158.93553161621094,46.00763702392578,44.90425491333008,44.977535247802734,24.279983520507812,50.40570068359375,195.92796325683594,17.15460968017578,19.758081436157227,46.049278259277344,1,1,1,1,1,1,1,1,1,1
16_png_jpg.rf.b109db91c96be0a45624de5ac14c543c.jpg,train,129.62686157226562,117.49908447265625,98.0584716796875,55.44245910644531,56.5048942565918,55.55642318725586,22.577651977539062,83.09779357910156,130.4976806640625,21.976539611816406,55.03788375854492,56.41648483276367,1,1,1,1,1,1,1,1,1,1
IMG_3731_png_jpg.rf.b186c91033625990c805277e100f7b92.jpg,train,106.87762451171875,105.80308532714844,93.91676330566406,53.399085998535156,52.45029067993164,51.44334411621094,30.091476440429688,42.313262939453125,107.84236145019531,14.664942741394043,49.82875442504883,53.454315185546875,1,1,1,1,1,1,1,1,1,1
IMG_3761_png_jpg.rf.b1452067e3fcbcf29a410a6288bdad0e.jpg,train,53.80982971191406,51.93580627441406,41.31475830078125,63.035011291503906,61.23133087158203,55.9752197265625,27.237991333007812,73.85003662109375,54.849517822265625,21.992536544799805,56.17074966430664,63.442047119140625,1,1,1,1,1,1,1,1,1,1
IMG_3011_png_jpg.rf.b23f73749294026b7a84e41e0a7fabba.jpg,train,81.4512939453125,79.73614501953125,76.50070190429688,50.83268356323242,51.88515853881836,47.44340896606445,42.44879150390625,45.30461120605469,83.89637756347656,42.482261657714844,53.242042541503906,50.99974060058594,1,1,1,1,1,1,1,1,1,1
IMG_3902_png_jpg.rf.b1e194f49c4fe03b6d884775cf8eba06.jpg,train,140.46231079101562,144.13499450683594,150.32955932617188,56.663543701171875,59.21575164794922,62.7179069519043,101.29615783691406,30.829238891601562,154.1575927734375,31.054187774658203,38.78819274902344,60.43312454223633,1,1,1,1,1,1,1,1,1,1
IMG_3693_png_jpg.rf.b0ac3f4cf09bdc4f563db206089e9de1.jpg,train,132.86062622070312,128.8423614501953,121.33442687988281,55.93863296508789,56.95586013793945,57.388450622558594,21.732177734375,39.24650573730469,133.25051879882812,17.6328067779541,57.380043029785156,55.93029022216797,1,1,1,1,1,1,1,1,1,1
IMG_3607_png_jpg.rf.b109ef848059495f96b66f3cd227d8e5.jpg,train,133.31260681152344,132.37158203125,125.98182678222656,49.65377426147461,49.249507904052734,47.646602630615234,25.846954345703125,19.806060791015625,133.5243377685547,15.026281356811523,37.65306091308594,49.696739196777344,1,1,1,1,1,1,1,1,1,1
IMG_3593_png_jpg.rf.b0b55f6ab9f81faeff00c2d2e75c93f2.jpg,train,181.16729736328125,176.917724609375,168.6123046875,57.68193054199219,61.82027816772461,64.25846862792969,22.9044189453125,30.653076171875,181.3319549560547,11.946500778198242,50.036190032958984,57.73298263549805,1,1,1,1,1,1,1,1,1,1
IMG_3926_png_jpg.rf.b120df7824341a59179915b9b8f2626d.jpg,train,137.80450439453125,123.48574829101562,100.70359802246094,59.62445831298828,57.2952880859375,56.37079620361328,29.199920654296875,88.73455810546875,140.7891082763672,33.50068664550781,48.381866455078125,59.543888092041016,1,1,1,1,1,1,1,1,1,1
IMG_3584_png_jpg.rf.b105784b9308fb441357207a63e7a927.jpg,train,149.3148956298828,135.4423370361328,115.61784362792969,80.76238250732422,74.77230072021484,68.00033569335938,20.699493408203125,67.61750793457031,149.57496643066406,15.16867446899414,33.21029281616211,80.5967788696289,1,1,1,1,1,1,1,1,1,1
IMG_3701_png_jpg.rf.b29f94527837ed5b389bbc6f92385936.jpg,train,159.66802978515625,151.05923461914062,131.6341094970703,67.07006072998047,64.21134185791016,57.73261260986328,35.952606201171875,44.08088684082031,161.5475311279297,34.459190368652344,39.353111267089844,67.87413787841797,1,1,1,1,1,1,1,1,1,1
IMG_3785_png_jpg.rf.b21783cdc1023f8b70a22058eaeb79a3.jpg,train,77.91264343261719,76.13731384277344,69.63424682617188,69.28470611572266,68.95333099365234,70.36091613769531,43.73533630371094,116.70603942871094,87.94052124023438,44.76938247680664,81.17071533203125,73.72148895263672,1,1,1,1,1,1,1,1,1,1
28_jpg.rf.b24dda6dddf3fff5a1146272f469e7ed.jpg,train,24.413986206054688,24.328765869140625,27.722854614257812,54.994503021240234,53.08280563354492,53.86507797241211,46.720458984375,64.50994873046875,30.960479736328125,56.54309844970703,89.71991729736328,59.32918930053711,1,1,1,1,1,1,1,1,1,1
IMG_3689_png_jpg.rf.b0a7378d865e2424864f668cd8b5b67f.jpg,train,129.08184814453125,126.75141906738281,115.91416931152344,54.8327522277832,55.97251510620117,55.776248931884766,26.482666015625,42.491119384765625,129.68116760253906,14.830083847045898,56.0172233581543,54.92789840698242,1,1,1,1,1,1,1,1,1,1
IMG_3027_png_jpg.rf.b3a6e110b147d1b77cab3959771850f4.jpg,train,138.28192138671875,81.25599670410156,152.06536865234375,61.19552230834961,40.03148651123047,78.86732482910156,101.82757568359375,115.55722045898438,156.656982421875,57.89188766479492,66.23641967773438,74.9815673828125,1,1,1,1,1,1,1,1,1,1
9_jpg.rf.b3a9c76e2d8d146e5b9be849cadb4640.jpg,train,84.61936950683594,63.44410705566406,60.335296630859375,50.12575912475586,46.797607421875,47.452701568603516,30.637054443359375,86.701416015625,86.40798950195312,53.3555908203125,63.410682678222656,53.013370513916016,1,1,1,1,1,1,1,1,1,1
IMG_3881_png_jpg.rf.b36dded45fd0502a7151a613e8c029f1.jpg,train,144.2225341796875,139.15185546875,117.13662719726562,68.32242584228516,66.33307647705078,73.08592987060547,37.31103515625,75.19210815429688,148.36639404296875,31.900144577026367,63.445777893066406,68.43477630615234,1,1,1,1,1,1,1,1,1,1
IMG_3914_png_jpg.rf.b4a7d71a212db027c522d9848e419a6d.jpg,train,155.71304321289062,163.04127502441406,165.6145782470703,71.79502868652344,84.90701293945312,88.45340728759766,85.53848266601562,45.36564636230469,174.0242156982422,47.23136520385742,32.316280364990234,82.0676040649414,1,1,1,1,1,1,1,1,1,1
IMG_3841_png_jpg.rf.b32d8f26d42d970ea17303969992684b.jpg,train,98.15058898925781,93.47381591796875,84.99882507324219,59.27717208862305,57.64577865600586,55.167335510253906,22.048248291015625,48.940765380859375,98.41282653808594,19.033655166625977,55.79322052001953,59.54286575317383,1,1,1,1,1,1,1,1,1,1
IMG_3888_png_jpg.rf.b3cc2fb348f68ca0eb8660d97294583a.jpg,train,128.03421020507812,125.34172058105469,120.76167297363281,57.23250961303711,60.219810485839844,59.486228942871094,34.23551940917969,26.358810424804688,129.01589965820312,38.90679931640625,34.20001983642578,58.08892822265625,1,1,1,1,1,1,1,1,1,1
10_jpg.rf.b33ee6376781da12d990e864475c8a0b.jpg,train,181.48477172851562,173.93666076660156,173.27655029296875,68.05973052978516,75.02632141113281,73.62443542480469,32.54083251953125,20.254547119140625,181.6596221923828,55.146400451660156,46.672889709472656,68.15019989013672,1,1,1,1,1,1,1,1,1,1
33_jpg.rf.b4201f43b62570848eb37b3c7a17037c.jpg,train,145.76007080078125,142.28701782226562,136.79580688476562,58.71211242675781,55.9140739440918,54.50624465942383,24.813156127929688,13.798309326171875,146.27920532226562,39.985023498535156,27.116334915161133,58.85784149169922,1,1,1,1,1,1,1,1,1,1
IMG_3699_png_jpg.rf.b45ba52b947b2c68673df0b26483bfc1.jpg,train,102.05328369140625,94.278564453125,74.27235412597656,79.84736633300781,74.91971588134766,65.190185546875,30.605178833007812,75.941162109375,105.80429077148438,38.59492874145508,80.65599060058594,82.53290557861328,1,1,1,1,1,1,1,1,1,1
30_jpg.rf.b3d71a6b0f1720970411e0f3f897fa57.jpg,train,72.47640991210938,73.35710144042969,62.86344909667969,54.52342224121094,55.83618927001953,48.69977951049805,30.545364379882812,41.25767517089844,74.12786865234375,15.717180252075195,44.838645935058594,56.33693313598633,1,1,1,1,1,1,1,1,1,1
IMG_3929_png_jpg.rf.b46a54a415d3bc052f11a67d21a98096.jpg,train,106.16473388671875,90.09992980957031,78.07652282714844,59.281494140625,56.096580505371094,55.46210479736328,29.394927978515625,97.53916931152344,108.61968994140625,37.986446380615234,57.84953308105469,59.849525451660156,1,1,1,1,1,1,1,1,1,1
IMG_3736_png_jpg.rf.b4a8fc4a74f92681c9c9b16935d0fd40.jpg,train,189.35023498535156,185.15933227539062,172.72360229492188,63.15765380859375,65.12372589111328,65.85289001464844,22.801193237304688,33.93243408203125,189.56997680664062,9.296076774597168,39.48386764526367,63.187007904052734,1,1,1,1,1,1,1,1,1,1
IMG_3821_png_jpg.rf.b524c285c77b7f34555b19b6dca36808.jpg,train,158.500244140625,153.8347625732422,145.07431030273438,51.68252944946289,52.849822998046875,51.29990768432617,25.072372436523438,26.39599609375,159.51087951660156,18.18682289123535,24.775922775268555,52.340614318847656,1,1,1,1,1,1,1,1,1,1
IMG_3717_png_jpg.rf.b424ca16d52935d231eaed8434a35e23.jpg,train,54.5848388671875,52.334930419921875,43.82525634765625,65.42233276367188,63.66334915161133,56.23978042602539,25.895553588867188,55.25547790527344,55.32316589355469,20.915809631347656,36.543357849121094,65.63372039794922,1,1,1,1,1,1,1,1,1,1
IMG_3820_png_jpg.rf.b536ab714b6509baa7cf06267a40c422.jpg,train,170.967529296875,168.9379119873047,158.7276611328125,51.578758239746094,54.10772705078125,55.43873596191406,30.580520629882812,24.28515625,171.989013671875,16.33815574645996,25.33716583251953,52.16872024536133,1,1,1,1,1,1,1,1,1,1
IMG_3899_png_jpg.rf.b5872b5abbb81070dcdd95ae37e7e7f0.jpg,train,137.99705505371094,139.64247131347656,95.20492553710938,57.742286682128906,56.162513732910156,60.28016662597656,34.83258056640625,99.1995849609375,145.2025909423828,20.707796096801758,48.720821380615234,58.194766998291016,1,1,1,1,1,1,1,1,1,1
IMG_3878_png_jpg.rf.b49881c97e17320de668f847c4c5b761.jpg,train,111.35728454589844,82.12240600585938,47.86582946777344,27.831384658813477,44.83253479003906,57.19721603393555,22.175338745117188,170.97413635253906,115.78326416015625,24.990703582763672,57.78697204589844,38.51749801635742,1,1,1,1,1,1,1,1,1,1
IMG_3676_png_jpg.rf.b5a69538498748f51964315e0401d150.jpg,train,122.34854125976562,114.89932250976562,108.36030578613281,70.17266845703125,69.03732299804688,67.97857666015625,21.910614013671875,36.77958679199219,122.70086669921875,25.77845001220703,39.9895133972168,70.22579956054688,1,1,1,1,1,1,1,1,1,1
12_jpg.rf.b4eb7f8f084a494b0d770c434d4c21a0.jpg,train,177.26873779296875,174.56454467773438,165.58506774902344,66.70948791503906,66.99102783203125,66.06869506835938,33.96083068847656,23.57928466796875,177.74737548828125,38.084320068359375,33.76395797729492,66.72921752929688,1,1,1,1,1,1,1,1,1,1
IMG_3679_png_jpg.rf.b5c4c399a51d5d6ecd1780fe288141cb.jpg,train,62.1488037109375,116.45225524902344,145.7360076904297,60.05133056640625,43.2920036315918,35.767696380615234,94.7757568359375,162.21165466308594,147.79466247558594,21.288541793823242,53.9160041809082,39.195701599121094,1,1,1,1,1,1,1,1,1,1
IMG_3017_png_jpg.rf.b5e0f9c8698f6376fee93bba42da9dbe.jpg,train,94.4468994140625,90.18106079101562,86.95829772949219,52.29177474975586,53.736141204833984,52.27533721923828,20.642578125,26.924545288085938,94.61662292480469,32.1751594543457,19.070032119750977,52.64768981933594,1,1,1,1,1,1,1,1,1,1
IMG_3713_png_jpg.rf.b634d198ed50819cd03c757d516b2594.jpg,train,111.56741333007812,94.07991027832031,76.14949035644531,73.9056625366211,67.0445556640625,70.57430267333984,36.83464050292969,136.47943115234375,121.69154357910156,43.59999465942383,87.75825500488281,68.34052276611328,1,1,1,1,1,1,1,1,1,1
IMG_3909_png_jpg.rf.b5c5d4ef76bd61b6e03fcfc47c8d3cb5.jpg,train,161.6505889892578,144.775390625,130.94056701660156,55.56400680541992,57.502315521240234,61.716217041015625,20.747695922851562,57.58221435546875,161.89959716796875,22.001007080078125,50.41127395629883,55.724205017089844,1,1,1,1,1,1,1,1,1,1
IMG_3632_png_jpg.rf.b53e2fe9889fe2ed6c9951ea99986e32.jpg,train,93.94264221191406,115.0289306640625,108.24169921875,54.28923797607422,66.73343658447266,69.18427276611328,58.2381591796875,85.76800537109375,122.32867431640625,43.393775939941406,56.17290115356445,67.02515411376953,1,1,1,1,1,1,1,1,1,1
28_jpg.rf.b625a96e8082e36b4df038f3cfc1d2b1.jpg,train,72.67393493652344,69.715087890625,80.81005859375,62.26116180419922,61.48005294799805,62.48475646972656,121.09870910644531,52.48997497558594,83.86996459960938,25.159799575805664,23.540430068969727,66.00397491455078,1,1,1,1,1,1,1,1,1,1
IMG_3801_png_jpg.rf.b651a86881cb6ea405b884aee4809bb2.jpg,train,84.59115600585938,81.20640563964844,65.73033142089844,64.97001647949219,63.50520706176758,61.559879302978516,27.171890258789062,92.70167541503906,86.1173095703125,20.0676212310791,68.97213745117188,65.06539154052734,1,1,1,1,1,1,1,1,1,1
IMG_3922_png_jpg.rf.b3f70075031fc30d12108b35f8c62939.jpg,train,131.7687530517578,123.86259460449219,58.527069091796875,52.53415298461914,53.27894973754883,47.90512466430664,27.173263549804688,160.64999389648438,131.9619903564453,12.0177640914917,59.516353607177734,52.69399642944336,1,1,1,1,1,0,1,1,1,1
IMG_3649_png_jpg.rf.b62d14c0d7afc1e122e733b13a6f4649.jpg,train,189.81263732910156,172.8961944580078,150.64195251464844,65.60243225097656,63.286170959472656,59.57575607299805,20.03472900390625,59.209381103515625,190.20358276367188,18.038366317749023,26.194934844970703,65.52146911621094,1,1,1,1,1,1,1,1,1,1
IMG_3816_png_jpg.rf.b6745537926b99a9c6f461017ab3082a.jpg,train,186.91285705566406,182.50450134277344,177.27902221679688,63.25099563598633,67.10504913330078,71.43689727783203,50.468994140625,27.804977416992188,191.27772521972656,44.400901794433594,34.015647888183594,62.91927719116211,1,1,1,1,1,1,1,1,1,1
IMG_3021_png_jpg.rf.b68331384cf898c3cf6739f283bec916.jpg,train,36.755706787109375,34.535491943359375,32.2010498046875,45.745609283447266,45.994564056396484,43.63771438598633,23.936187744140625,68.29916381835938,37.075347900390625,42.84212875366211,85.03208923339844,46.555519104003906,1,1,1,1,1,1,1,1,1,1
IMG_3893_png_jpg.rf.b7448bc1c28f9cebb7cadb4ee62b5822.jpg,train,88.55119323730469,100.72175598144531,70.15171813964844,58.70258712768555,55.46419906616211,64.24752044677734,52.46629333496094,123.51718139648438,105.47221374511719,33.22508239746094,77.41524505615234,58.898921966552734,1,1,1,1,1,1,1,1,1,1
IMG_3844_png_jpg.rf.b6671d16d40e39e2ca9450096b59b1f8.jpg,train,94.96415710449219,90.01524353027344,81.93569946289062,58.80542755126953,59.124671936035156,57.23259353637695,20.537261962890625,58.42759704589844,95.264892578125,15.010061264038086,61.054195404052734,59.128665924072266,1,1,1,1,1,1,1,1,1,1
IMG_3666_png_jpg.rf.b6745806649e6d8cf62f1f884ddcf965.jpg,train,127.52830505371094,111.6986083984375,100.10507202148438,87.15019226074219,89.4277572631836,88.0389175415039,36.29072570800781,109.15878295898438,130.9097442626953,42.64521408081055,96.49139404296875,85.81751251220703,1,1,1,1,1,1,1,1,1,1
21_jpg.rf.b6b014252e3561d20e1fdcc3cd5b8dfc.jpg,train,50.77485656738281,49.60491943359375,59.98741149902344,64.14832305908203,68.12828063964844,70.02547454833984,134.37669372558594,140.20489501953125,64.78565979003906,36.28917694091797,67.70207214355469,74.40835571289062,1,1,1,1,1,1,1,1,1,1
IMG_3602_png_jpg.rf.b741985f721bfa6059251e596529b49e.jpg,train,156.14581298828125,149.7123565673828,140.73110961914062,53.07874298095703,53.19486999511719,53.675498962402344,25.407455444335938,28.014801025390625,156.60646057128906,19.110713958740234,32.6379508972168,53.211360931396484,1,1,1,1,1,1,1,1,1,1
IMG_3792_png_jpg.rf.b69709b1ef8e4896673cfbc16c4ccad8.jpg,train,101.73086547851562,95.23321533203125,85.27687072753906,64.22123718261719,57.66850280761719,54.57331085205078,29.170333862304688,49.44438171386719,102.53973388671875,22.640975952148438,48.206298828125,64.67729949951172,1,1,1,1,1,1,1,1,1,1
IMG_3820_png_jpg.rf.b7702afc96b817cdb3aba08184466c1a.jpg,train,148.0628662109375,141.4209442138672,132.09364318847656,56.88268280029297,60.11842727661133,59.678016662597656,22.701324462890625,38.002044677734375,148.9712677001953,17.71527862548828,40.74063491821289,57.604549407958984,1,1,1,1,1,1,1,1,1,1
IMG_3607_png_jpg.rf.b69d6a28f84b840617751a994d989f1a.jpg,train,161.63021850585938,161.951904296875,147.4490966796875,53.96027755737305,53.67179489135742,53.53316879272461,31.234832763671875,40.50787353515625,162.90093994140625,10.111581802368164,58.68025588989258,54.03178787231445,1,1,1,1,1,1,1,1,1,1
IMG_3584_png_jpg.rf.b79a406dfb4e98bda80b465c06f16f25.jpg,train,87.3037109375,75.16717529296875,60.18663024902344,72.48258209228516,63.78252029418945,53.57059860229492,16.841659545898438,82.77249145507812,87.4681396484375,20.03665542602539,66.10714721679688,72.50892639160156,1,1,1,1,1,1,1,1,1,1
IMG_3920_png_jpg.rf.b7ca9802f6f00d917b2554918a0c1d45.jpg,train,163.71029663085938,125.755126953125,68.87948608398438,50.325016021728516,52.16481018066406,47.34288024902344,22.632537841796875,161.79664611816406,163.91812133789062,26.26646614074707,52.61332702636719,50.30431365966797,1,1,1,1,1,1,1,1,1,1
IMG_3727_png_jpg.rf.b68a570c066fdc25963b5ec317cabd6f.jpg,train,164.38539123535156,167.8377685546875,156.412353515625,76.5701675415039,72.91376495361328,75.68388366699219,39.9029541015625,65.53266906738281,179.97994995117188,33.39263916015625,61.168827056884766,66.97248077392578,1,1,1,1,1,1,1,1,1,1
IMG_3806_png_jpg.rf.b6bc47dadb5bed57dfd39d02ade5db76.jpg,train,72.52212524414062,68.36524963378906,63.98948669433594,56.14439392089844,54.50180435180664,52.96827697753906,28.58258056640625,44.82972717285156,73.09469604492188,41.486122131347656,43.867698669433594,56.61280059814453,1,1,1,1,1,1,1,1,1,1
IMG_3001_png_jpg.rf.b6af23553affbb9d48902030c6440a5c.jpg,train,27.467971801757812,34.55238342285156,55.95915222167969,41.74092483520508,43.35638427734375,42.65082550048828,103.99081420898438,157.10528564453125,56.8470458984375,31.451467514038086,68.66168212890625,44.71866226196289,1,1,1,1,1,1,1,1,1,1
IMG_3788_png_jpg.rf.b76e95cc7b34b74b27132d04418b6c44.jpg,train,114.33367919921875,110.58364868164062,94.53860473632812,77.61846923828125,72.08982849121094,72.48146057128906,43.00883483886719,63.40785217285156,118.84471130371094,35.533477783203125,43.477325439453125,78.05030059814453,1,1,1,1,1,1,1,1,1,1
IMG_3634_png_jpg.rf.b7dd5215bfab8bfa60ca40eb78d80ec4.jpg,train,45.126708984375,59.6268310546875,68.52131652832031,44.154563903808594,48.64939880371094,59.350955963134766,75.298828125,122.17544555664062,76.21525573730469,44.77936553955078,78.10537719726562,59.176048278808594,1,1,1,1,1,1,1,1,1,1
IMG_3737_png_jpg.rf.b814f3d32bb8b5bd6daa404ed56312ba.jpg,train,112.95913696289062,110.85691833496094,95.45095825195312,36.89730453491211,37.698177337646484,37.70745849609375,26.95916748046875,46.35359191894531,113.60707092285156,12.607637405395508,41.4149284362793,36.94310760498047,1,1,1,1,1,1,1,1,1,1
IMG_3607_png_jpg.rf.b7fd7c1ba304e6d861403e6633606cf7.jpg,train,156.18743896484375,154.01109313964844,148.38385009765625,53.442291259765625,53.46757507324219,53.08061218261719,23.164596557617188,23.628570556640625,156.26119995117188,16.826501846313477,51.01871109008789,53.47140884399414,1,1,1,1,1,1,1,1,1,1
IMG_3799_png_jpg.rf.b83a5547647723585dad6f86a2eceeca.jpg,train,97.80882263183594,89.60250854492188,72.10775756835938,70.41413116455078,67.49897766113281,65.66124725341797,23.178558349609375,97.5408935546875,99.13803100585938,14.955245971679688,58.6661376953125,70.37092590332031,1,1,1,1,1,1,1,1,1,1
IMG_3850_png_jpg.rf.b6980edbfebfb7e92071dfd956a1c69e.jpg,train,66.01303100585938,63.881683349609375,59.204071044921875,63.99080276489258,62.50262451171875,60.012939453125,21.053680419921875,50.35588073730469,66.19119262695312,11.774168014526367,53.62955093383789,64.20294189453125,1,1,1,1,1,1,1,1,1,1
IMG_3959_png_jpg.rf.b82ea14f74ce54c9d4abbdfd07e23f31.jpg,train,153.99391174316406,144.2189178466797,134.61805725097656,76.1316909790039,68.97103881835938,55.99039077758789,49.764190673828125,61.49122619628906,160.85182189941406,47.23936080932617,32.676021575927734,68.23308563232422,1,1,1,1,1,1,1,1,1,1
IMG_3650_png_jpg.rf.b860b3ad86267038ae03f914f9d6f2f9.jpg,train,125.1163330078125,99.87156677246094,86.91087341308594,52.77729034423828,47.63074493408203,44.7863883972168,14.027389526367188,96.96580505371094,125.55096435546875,23.49907875061035,59.800018310546875,52.85905075073242,1,1,1,1,1,1,1,1,1,1
25_jpg.rf.b899820981ea5374bd8fee63509142ad.jpg,train,28.34808349609375,28.344009399414062,36.81929016113281,55.99965286254883,57.62525177001953,60.370670318603516,63.7452392578125,90.81709289550781,39.33477783203125,59.543357849121094,102.00090026855469,64.27072143554688,1,1,1,1,1,1,1,1,1,1
IMG_3599_png_jpg.rf.b86736b1c5eac1b5ef50855a7d2ad801.jpg,train,157.68359375,151.27053833007812,143.177734375,47.72254180908203,51.112281799316406,52.90452575683594,27.663681030273438,32.433807373046875,158.1466522216797,21.34638214111328,53.395179748535156,47.658935546875,1,1,1,1,1,1,1,1,1,1
25_jpg.rf.b8cc35dfeaba87b5ae0b4fe8127a9d86.jpg,train,48.14654541015625,49.757965087890625,60.405242919921875,63.523277282714844,65.36799621582031,65.94554901123047,113.53057861328125,111.85220336914062,62.82243347167969,23.706466674804688,57.76408767700195,69.65814971923828,1,1,1,1,1,1,1,1,1,1
IMG_3726_png_jpg.rf.b89fc002dd53b0457a4eb7d24fc247f2.jpg,train,169.9972686767578,167.5771026611328,155.99411010742188,77.14005279541016,74.47374725341797,76.74442291259766,32.32331848144531,62.433319091796875,181.23915100097656,35.83100128173828,58.474388122558594,68.5333480834961,1,1,1,1,1,1,1,1,1,1
IMG_3687_png_jpg.rf.b79b13dce43a195d3051b1a044cbb125.jpg,train,119.29020690917969,116.336181640625,103.51922607421875,50.743770599365234,50.48698806762695,48.706077575683594,25.925827026367188,37.87171936035156,119.51927185058594,13.152737617492676,22.169391632080078,50.97523498535156,1,1,1,1,1,1,1,1,1,1
IMG_3723_png_jpg.rf.b8e7f938d44f3f835038a0bff151ab0d.jpg,train,30.746658325195312,28.513290405273438,23.680801391601562,59.13003158569336,56.00788497924805,52.094085693359375,24.189300537109375,123.88336181640625,31.134796142578125,24.101730346679688,97.36145782470703,59.33334732055664,1,1,1,1,1,1,1,1,1,1
IMG_3693_png_jpg.rf.b8ff37d234b3731c368460bb3c8204e2.jpg,train,198.70545959472656,194.56678771972656,188.8614959716797,51.901039123535156,53.68708419799805,55.0203857421875,19.956130981445312,15.696441650390625,198.92874145507812,17.295276641845703,19.084228515625,51.82830047607422,1,1,1,1,1,1,1,1,1,1
31_jpg.rf.b8f8d2120b7663df04747ad5b4272897.jpg,train,157.07106018066406,157.4121551513672,149.64242553710938,50.814571380615234,50.838199615478516,48.94707107543945,29.7340087890625,13.644149780273438,158.50025939941406,31.35744857788086,26.49071502685547,51.16343688964844,1,1,1,1,1,1,1,1,1,1
IMG_3018_png_jpg.rf.b96ef20df8cb02ba1ad78feb8ea12ca6.jpg,train,64.72642517089844,62.19642639160156,58.916595458984375,50.14194107055664,51.41465377807617,49.523983001708984,33.96650695800781,42.05937194824219,65.05467224121094,47.82847595214844,44.72792053222656,50.789451599121094,1,1,1,1,1,1,1,1,1,1
25_jpg.rf.babe3bea4157de8432005e76d599712f.jpg,train,24.8970947265625,25.771041870117188,35.00914001464844,51.79243850708008,54.23637771606445,57.452972412109375,67.96864318847656,104.78694152832031,37.89579772949219,58.28156661987305,103.51004791259766,61.65840530395508,1,1,1,1,1,1,1,1,1,1
IMG_3598_png_jpg.rf.b92a64bc8b802cd882c85a065e8bba15.jpg,train,118.31141662597656,109.05194091796875,91.06047058105469,73.60130310058594,78.22340393066406,83.4416732788086,21.572067260742188,89.88885498046875,118.636474609375,8.805400848388672,54.696266174316406,73.98882293701172,1,1,1,1,1,1,1,1,1,1
IMG_3809_png_jpg.rf.b9d49838670da9c854167b0ecfb4cbdd.jpg,train,96.01216125488281,90.59158325195312,69.95140075683594,65.6611328125,64.02880859375,56.50583267211914,27.034408569335938,79.68463134765625,97.28704833984375,23.05036735534668,46.847503662109375,65.86751556396484,1,1,1,1,1,1,1,1,1,1
IMG_3676_png_jpg.rf.ba11714584242bd5da02f5ac5567713b.jpg,train,109.92684936523438,108.27719116210938,97.98338317871094,66.28748321533203,66.44721984863281,64.3235855102539,28.646209716796875,45.73588562011719,110.66427612304688,22.461082458496094,63.05647659301758,66.47443389892578,1,1,1,1,1,1,1,1,1,1
IMG_3859_png_jpg.rf.b9b771e4449c7b1358d6c8d5e9ad1ce3.jpg,train,153.0168914794922,140.76171875,99.93020629882812,59.019901275634766,59.04182815551758,56.84761428833008,45.34452819824219,100.12867736816406,153.58926391601562,50.559532165527344,40.832176208496094,59.275474548339844,1,1,1,1,1,1,1,1,1,1
IMG_3972_png_jpg.rf.b9d0d0ef4207dd67757140819e070ae9.jpg,train,110.17530822753906,112.802490234375,103.13116455078125,41.787654876708984,42.005985260009766,39.69164276123047,38.34344482421875,25.74249267578125,112.98588562011719,12.27271556854248,34.41238021850586,42.12777328491211,1,1,1,1,1,1,1,1,1,1
14_jpg.rf.b953d302cbf7af7a36a1e819a87cd73f.jpg,train,198.0402069091797,161.35498046875,135.2593536376953,45.09580612182617,48.162418365478516,46.946285247802734,15.397735595703125,84.27397155761719,198.4428253173828,16.035123825073242,35.951072692871094,44.41263961791992,1,1,1,1,1,1,1,1,1,1
IMG_2997_png_jpg.rf.bacac44858f821a9eddd28fc040c6102.jpg,train,130.17489624023438,133.9203338623047,138.95285034179688,49.87821960449219,50.78727340698242,52.43210983276367,101.49064636230469,20.681182861328125,140.3069610595703,23.815080642700195,19.63141441345215,52.87565612792969,1,1,1,1,1,1,1,1,1,1
IMG_3860_png_jpg.rf.ba8bb0adb780228af6c48efe736a0e8e.jpg,train,122.42742919921875,94.6739501953125,79.38116455078125,62.31349182128906,59.65385437011719,59.168087005615234,18.976898193359375,113.79878234863281,123.40719604492188,31.824682235717773,50.27362823486328,63.61251449584961,1,1,1,1,1,1,1,1,1,1
IMG_3970_png_jpg.rf.ba087a4b8681cc36db995175acd445cf.jpg,train,97.74501037597656,100.69085693359375,86.33285522460938,53.59657287597656,53.76177978515625,47.609981536865234,37.10337829589844,50.02970886230469,100.90362548828125,9.304764747619629,53.13311004638672,53.98163986206055,1,1,1,1,1,1,1,1,1,1
IMG_2988_png_jpg.rf.ba997ae3f737edad5a9fb2236468340a.jpg,train,74.181884765625,71.13359069824219,65.25872802734375,45.29607391357422,46.106468200683594,46.358604431152344,28.311065673828125,58.410675048828125,74.53091430664062,35.934173583984375,68.38082122802734,45.96302795410156,1,1,1,1,1,1,1,1,1,1
IMG_3672_png_jpg.rf.b9f45f93bb7d59eb85b5bbbc6de78a2a.jpg,train,135.1302032470703,133.1835479736328,124.38429260253906,63.10874938964844,62.40347671508789,59.07319641113281,61.09571838378906,31.518280029296875,138.31265258789062,42.47562789916992,37.25017547607422,62.964908599853516,1,1,1,1,1,1,1,1,1,1
29_jpg.rf.b9ca5146068f0cc8a96a6521b67d254a.jpg,train,106.92852783203125,108.36869812011719,109.03204345703125,73.02473449707031,73.58125305175781,73.23609924316406,69.84272766113281,13.86041259765625,110.65193176269531,49.36573028564453,24.658977508544922,74.78768157958984,1,1,1,1,1,1,1,1,1,1
23_jpg.rf.badf1d7b25398a9c54f9d61d30a6cd43.jpg,train,71.86248779296875,75.11677551269531,82.01193237304688,58.88793182373047,62.28291702270508,61.76914596557617,114.41244506835938,45.55473327636719,84.29574584960938,23.90955924987793,22.245853424072266,64.58189392089844,1,1,1,1,1,1,1,1,1,1
IMG_3736_png_jpg.rf.ba624c1ec97835bbdc07e46742b98c32.jpg,train,174.96368408203125,166.4888916015625,158.29165649414062,63.307395935058594,64.56946563720703,65.27581787109375,15.110824584960938,41.156341552734375,175.1396026611328,10.85527229309082,53.33816909790039,63.327449798583984,1,1,1,1,1,1,1,1,1,1
IMG_3617_png_jpg.rf.bb2005d14e3f7fa652aeb3fcad4a5f9e.jpg,train,137.90274047851562,129.569091796875,117.54804992675781,72.94544219970703,75.04047393798828,75.8108139038086,19.636932373046875,56.15180969238281,138.1101837158203,14.53554630279541,46.832054138183594,73.06834411621094,1,1,1,1,1,1,1,1,1,1
IMG_3570_png_jpg.rf.b8343d908b1952e5e4b197696b79f0d8.jpg,train,112.94052124023438,115.67361450195312,107.21504211425781,82.459228515625,78.51701354980469,72.41456604003906,51.62513732910156,46.64402770996094,119.85357666015625,39.59613037109375,55.94423294067383,78.4395751953125,1,1,1,1,1,1,1,1,1,1
IMG_3632_png_jpg.rf.bb510141c469078c8c0e4d35a459a367.jpg,train,108.46330261230469,124.64122009277344,119.45970153808594,54.795448303222656,61.63405990600586,65.81996154785156,60.377227783203125,73.49656677246094,131.65982055664062,42.4356689453125,56.48272705078125,63.10593795776367,1,1,1,1,1,1,1,1,1,1
IMG_3717_png_jpg.rf.bae5b6aecf4dcdcdef14d9e548bcfda1.jpg,train,61.88401794433594,58.754241943359375,51.942657470703125,63.23000717163086,60.35904312133789,54.38345718383789,24.0213623046875,38.814605712890625,62.40728759765625,22.606029510498047,28.138456344604492,63.474124908447266,1,1,1,1,1,1,1,1,1,1
IMG_3838_png_jpg.rf.b9fbfdb5337e5104e56f7f49e0ba42ea.jpg,train,158.83448791503906,146.48098754882812,115.11454772949219,68.74893951416016,66.54720306396484,63.184635162353516,37.04615783691406,74.66917419433594,161.61972045898438,42.14909744262695,60.09421157836914,68.45284271240234,1,1,1,1,1,1,1,1,1,1
30_jpg.rf.baff7edfe91b66e5bf240124c9fd1721.jpg,train,117.31053161621094,111.78770446777344,105.50138854980469,55.77505111694336,52.29006576538086,51.036197662353516,18.824066162109375,24.772415161132812,117.45639038085938,25.178007125854492,35.94218444824219,55.87628936767578,1,1,1,1,1,1,1,1,1,1
IMG_3677_png_jpg.rf.bb09ff23de2f8a6b36a05bf3f42ebfc1.jpg,train,36.939239501953125,75.46815490722656,153.36805725097656,66.60602569580078,53.26380157470703,30.913719177246094,102.845947265625,212.20361328125,157.9021453857422,24.3050537109375,62.7601432800293,35.078121185302734,1,1,1,1,1,1,1,1,1,1
IMG_3902_png_jpg.rf.bafb6c726fc335f7f5498a5bbcd8a309.jpg,train,139.62303161621094,140.1695098876953,145.61109924316406,56.21868133544922,56.80743408203125,59.95899963378906,108.04669189453125,21.737625122070312,148.21942138671875,33.23887252807617,34.34995651245117,58.46358108520508,1,1,1,1,1,1,1,1,1,1
IMG_2981_png_jpg.rf.ba86bb8d543091f7c746eff74700de18.jpg,train,61.932891845703125,55.31678771972656,37.860076904296875,33.887996673583984,44.844661712646484,46.340110778808594,29.817245483398438,144.08424377441406,66.28314208984375,31.749765396118164,59.358787536621094,45.310577392578125,1,1,1,1,1,1,1,1,1,1
IMG_3916_png_jpg.rf.ba6dade26dec4cb5aae112d7e4ae1141.jpg,train,112.00888061523438,113.55738830566406,108.94027709960938,65.30094146728516,69.47876739501953,73.89918518066406,62.915069580078125,64.8372802734375,120.34738159179688,43.99407196044922,75.462646484375,69.33079528808594,1,1,1,1,1,1,1,1,1,1
IMG_3558_png_jpg.rf.bb7cbd31389fbab1c309a61a80f8e9e5.jpg,train,65.62971496582031,62.52723693847656,53.67601013183594,70.47631072998047,66.57308959960938,60.72200012207031,29.086868286132812,35.82672119140625,66.52804565429688,35.951507568359375,52.355464935302734,70.83070373535156,1,1,1,1,1,1,1,1,1,1
IMG_2979_png_jpg.rf.bb7f00cf133fd292305515ff633b1119.jpg,train,98.01927185058594,88.59294128417969,67.28604125976562,42.56174850463867,51.852294921875,53.58650207519531,22.519882202148438,106.87857055664062,101.22270202636719,18.090471267700195,48.069820404052734,49.62369918823242,1,1,1,1,1,1,1,1,1,1
IMG_3938_png_jpg.rf.bb7f730596a621bb49b75c23a4185617.jpg,train,162.40902709960938,146.6603240966797,126.52833557128906,58.369239807128906,61.07891082763672,67.11491394042969,25.557022094726562,68.62948608398438,164.564697265625,25.8897647857666,58.42938232421875,57.571720123291016,1,1,1,1,1,1,1,1,1,1
IMG_3702_png_jpg.rf.bbaa3b16ae90b3cacefa400ba3c89afe.jpg,train,115.67630004882812,104.734619140625,87.06355285644531,78.31207275390625,73.54503631591797,68.40631866455078,34.02183532714844,83.48379516601562,118.96101379394531,34.06793975830078,68.30242156982422,80.49893951416016,1,1,1,1,1,1,1,1,1,1
IMG_2979_png_jpg.rf.bbbc74954a805952f7e759cf0148d967.jpg,train,56.72169494628906,49.304351806640625,35.79713439941406,38.123661041259766,48.15645217895508,48.01817321777344,21.764373779296875,154.77825927734375,60.60639953613281,24.875410079956055,69.89593505859375,47.85359191894531,1,1,1,1,1,1,1,1,1,1
IMG_3796_png_jpg.rf.bbc1db4d661708afa2a547ae7a01af35.jpg,train,73.74246215820312,68.38491821289062,62.08396911621094,55.51832580566406,51.53037643432617,50.45718765258789,26.584625244140625,68.35661315917969,74.44255065917969,31.247316360473633,65.39107513427734,56.03281021118164,1,1,1,1,1,1,1,1,1,1
IMG_3688_png_jpg.rf.bb99c643eeec2a12343def19c5a878d5.jpg,train,118.21220397949219,113.90780639648438,102.0775146484375,52.7336540222168,53.2599983215332,52.95942687988281,25.099517822265625,56.46702575683594,118.78170776367188,20.328330993652344,65.75028228759766,52.63748550415039,1,1,1,1,1,1,1,1,1,1
IMG_3750_png_jpg.rf.bc128a4f20294acf67e3134d3a11b14d.jpg,train,104.28324890136719,84.02934265136719,79.63255310058594,73.41728973388672,76.97014617919922,74.52432250976562,47.976806640625,112.57159423828125,104.45880126953125,70.55421447753906,81.24083709716797,73.60362243652344,1,1,1,1,1,1,1,1,1,1
9_jpg.rf.bc1cf39273b7ec35cf1d0717f88b8b56.jpg,train,97.69325256347656,80.35333251953125,73.03483581542969,48.71537399291992,45.59225082397461,46.2968635559082,27.117752075195312,68.93768310546875,99.246337890625,42.60255432128906,52.05137634277344,50.98025131225586,1,1,1,1,1,1,1,1,1,1
IMG_3659_png_jpg.rf.bc478a5b839d3068074bed471b3e3d7e.jpg,train,171.37677001953125,104.29666137695312,70.35305786132812,34.99447250366211,48.90364074707031,59.38678741455078,24.595230102539062,162.28424072265625,175.11749267578125,39.90428161621094,60.1408576965332,37.12855911254883,1,1,1,1,1,1,1,1,1,1
IMG_3809_png_jpg.rf.bc087fb17d301e10cc55f0792ae88961.jpg,train,96.85438537597656,88.28521728515625,79.96054077148438,63.610740661621094,60.87700653076172,58.39198684692383,18.996932983398438,60.771392822265625,97.61575317382812,25.849035263061523,56.480384826660156,63.53109359741211,1,1,1,1,1,1,1,1,1,1
9_jpg.rf.bd038b2b51bb42b2f80a1925cdd33e11.jpg,train,122.70895385742188,106.62704467773438,93.06089782714844,45.054298400878906,41.8888053894043,43.911476135253906,24.840377807617188,62.78132629394531,124.128662109375,30.215845108032227,48.61900329589844,46.54330062866211,1,1,1,1,1,1,1,1,1,1
IMG_3635_png_jpg.rf.bc94476b4137b0b727a28818764cddd7.jpg,train,95.02999877929688,113.44046020507812,106.06150817871094,53.060462951660156,63.25116729736328,66.04019927978516,60.612396240234375,91.826904296875,121.59429931640625,43.72026443481445,67.62519836425781,62.96812057495117,1,1,1,1,1,1,1,1,1,1
IMG_3845_png_jpg.rf.bd24768530bc4dcb68b5818f826f3024.jpg,train,64.19483947753906,60.82115173339844,50.64164733886719,67.24034118652344,64.20702362060547,55.79438018798828,24.420730590820312,85.25782775878906,64.65814208984375,14.464118957519531,75.07313537597656,67.85199737548828,1,1,1,1,1,1,1,1,1,1
32_jpg.rf.bd4755fb3003329aa5a09c4004b1eccf.jpg,train,131.04244995117188,129.1727294921875,124.86970520019531,60.35320281982422,58.62052917480469,56.92081832885742,18.880630493164062,10.383407592773438,131.29263305664062,27.160972595214844,24.33283042907715,60.43408966064453,1,1,1,1,1,1,1,1,1,1
IMG_3686_png_jpg.rf.bdb614f7535c0d049a6549d90205228a.jpg,train,103.17997741699219,101.23689270019531,94.39097595214844,44.40226745605469,44.45015335083008,43.360477447509766,24.244720458984375,24.648605346679688,103.322998046875,11.895694732666016,13.491924285888672,44.55313491821289,1,1,1,1,1,1,1,1,1,1
IMG_3932_png_jpg.rf.bcd5d4f13186b45085c218d19db08399.jpg,train,80.732666015625,69.25018310546875,58.22047424316406,60.57603073120117,58.890132904052734,56.98811340332031,27.193496704101562,107.05363464355469,82.40975952148438,33.64937973022461,84.31407928466797,61.000343322753906,1,1,1,1,1,1,1,1,1,1
IMG_3566_png_jpg.rf.bdbfffc529dc9711c664329735966858.jpg,train,119.95016479492188,119.680908203125,118.87687683105469,67.81066131591797,67.73382568359375,65.04431915283203,68.38650512695312,18.934341430664062,123.26869201660156,52.612545013427734,34.54832458496094,68.20777893066406,1,1,1,1,1,1,1,1,1,1
IMG_3829_png_jpg.rf.bd26d4782a0fd92a9283365603f3ee29.jpg,train,122.38914489746094,102.26161193847656,89.97346496582031,63.75044631958008,65.88701629638672,63.892677307128906,23.826904296875,105.49240112304688,123.68115234375,39.125247955322266,77.68898010253906,64.95909118652344,1,1,1,1,1,1,1,1,1,1
IMG_3621_png_jpg.rf.bcc77c0a7f8312d5e0032a701e49978f.jpg,train,137.7462158203125,136.02536010742188,124.52838134765625,71.59310150146484,72.47933959960938,73.02030181884766,26.731292724609375,38.91410827636719,138.26504516601562,19.456106185913086,46.038387298583984,71.7482681274414,1,1,1,1,1,1,1,1,1,1
IMG_3600_png_jpg.rf.bd3435e79d600db1cea6e16dfd62af38.jpg,train,134.12060546875,133.44874572753906,123.71353149414062,52.777610778808594,52.62111282348633,50.961708068847656,33.24971008300781,24.643173217773438,135.4169921875,12.805398941040039,29.396394729614258,52.6514892578125,1,1,1,1,1,1,1,1,1,1
IMG_2997_png_jpg.rf.bd7508be07e3ab1d17f16e6e922e3e5b.jpg,train,161.3484649658203,165.55667114257812,168.18641662597656,45.78451919555664,46.60270309448242,47.7005615234375,94.60304260253906,12.928802490234375,169.32916259765625,25.702373504638672,12.873291969299316,47.91061019897461,1,1,1,1,1,1,1,1,1,1
IMG_3658_png_jpg.rf.bd77538a1c072866b653614a9305bc77.jpg,train,189.9247589111328,169.859619140625,110.43586730957031,35.71922302246094,41.92534255981445,57.81458282470703,32.874755859375,119.31918334960938,195.22093200683594,31.691011428833008,46.961280822753906,39.004249572753906,1,1,1,1,1,1,1,1,1,1
IMG_3709_png_jpg.rf.bdb83c807e77ce6c14bca5987530627c.jpg,train,111.33345031738281,106.8643798828125,95.75814819335938,69.421142578125,59.930137634277344,51.781524658203125,71.92823791503906,72.22607421875,121.30458068847656,44.90629959106445,68.12555694580078,66.29830169677734,1,1,1,1,1,1,1,1,1,1
IMG_3792_png_jpg.rf.bdda410368755bfe9784cd5cb2b4d9b3.jpg,train,145.2724151611328,136.26548767089844,129.73934936523438,64.50790405273438,58.986820220947266,57.82780075073242,23.780105590820312,27.889892578125,145.6230010986328,28.44664764404297,23.47397232055664,64.74565887451172,1,1,1,1,1,1,1,1,1,1
29_jpg.rf.bcc77b23e925c7600b5c98ec382949ef.jpg,train,104.6473388671875,105.78457641601562,106.7249755859375,72.77037048339844,73.3463363647461,73.33422088623047,74.33544921875,11.900924682617188,108.03761291503906,51.79104995727539,29.018362045288086,74.418212890625,1,1,1,1,1,1,1,1,1,1
IMG_3756_png_jpg.rf.bbe9ab08b3fbb74c6850d44595855470.jpg,train,149.58677673339844,145.5654296875,134.3057403564453,58.40044403076172,56.387935638427734,57.31938934326172,25.380722045898438,30.39739990234375,150.24417114257812,17.86579704284668,22.664331436157227,57.93110275268555,1,1,1,1,1,1,1,1,1,1
IMG_3903_png_jpg.rf.bc97101ac018a3d452f99ab010fd88b9.jpg,train,146.66543579101562,152.67604064941406,158.39125061035156,59.80552291870117,62.38863754272461,64.17753601074219,100.67474365234375,27.472381591796875,160.65867614746094,28.479124069213867,29.283044815063477,63.20623016357422,1,1,1,1,1,1,1,1,1,1
IMG_3009_png_jpg.rf.bda001670223ee4e874330f50bfd2139.jpg,train,90.87144470214844,86.51179504394531,83.92411804199219,50.494815826416016,50.19217300415039,46.887840270996094,28.114715576171875,24.566116333007812,91.8951416015625,40.881038665771484,15.042817115783691,50.272926330566406,1,1,1,1,1,1,1,1,1,1
IMG_3754_png_jpg.rf.bcd4ad378246e7f612d2d3dc845cc1bf.jpg,train,106.36592102050781,100.94589233398438,89.76220703125,64.10496520996094,61.75580978393555,60.75138854980469,22.7236328125,57.41731262207031,106.99453735351562,17.04308319091797,48.532649993896484,64.16620635986328,1,1,1,1,1,1,1,1,1,1
IMG_3845_png_jpg.rf.bcf7384a7a17ec1779aeefc32b1daabd.jpg,train,109.73866271972656,102.68968200683594,96.19664001464844,66.15910339355469,63.273643493652344,59.90510940551758,19.062103271484375,31.012100219726562,109.99063110351562,26.195789337158203,24.73685073852539,66.49493408203125,1,1,1,1,1,1,1,1,1,1
IMG_3935_png_jpg.rf.bdcd9aa5fa32060f024956efa472a3c1.jpg,train,137.7100830078125,127.87017822265625,105.29495239257812,59.76411819458008,61.628814697265625,67.01602935791016,29.604446411132812,83.28410339355469,142.1158447265625,27.22164535522461,72.99260711669922,58.95136642456055,1,1,1,1,1,1,1,1,1,1
IMG_3687_png_jpg.rf.be33c10acf00683e971ecac5da4171b1.jpg,train,96.4117431640625,92.83714294433594,81.98818969726562,53.53801727294922,52.70552062988281,49.8949089050293,23.912628173828125,46.86016845703125,96.60343933105469,12.457345008850098,32.79662322998047,53.836421966552734,1,1,1,1,1,1,1,1,1,1
IMG_3673_png_jpg.rf.bedad41d66e5d88c229011751e608063.jpg,train,109.38960266113281,104.29216003417969,99.47164916992188,70.38028717041016,64.5372314453125,63.51491928100586,59.32270812988281,55.847900390625,115.14578247070312,42.038394927978516,59.44854736328125,70.9326171875,1,1,1,1,1,1,1,1,1,1
IMG_3781_png_jpg.rf.bf51eab5c4a2e66347d770947c20a465.jpg,train,100.30038452148438,99.57542419433594,72.15109252929688,71.82866668701172,69.99436950683594,67.06111907958984,32.97959899902344,118.83314514160156,105.93515014648438,22.06231117248535,68.88233184814453,72.03450775146484,1,1,1,1,1,1,1,1,1,1
IMG_3003_png_jpg.rf.be0fa9589fd6d4d502718c8b37c941d1.jpg,train,85.49122619628906,87.42674255371094,85.87945556640625,42.165061950683594,44.00334930419922,43.015323638916016,64.05641174316406,11.26080322265625,88.1614990234375,38.853641510009766,26.607894897460938,44.688411712646484,1,1,1,1,1,1,1,1,1,1
IMG_3679_png_jpg.rf.bec810f596a0605006057ad9e2eb3b2a.jpg,train,33.77427673339844,86.62789916992188,131.05833435058594,58.18521499633789,42.0577507019043,29.800573348999023,98.20501708984375,207.2437286376953,133.09832763671875,21.118722915649414,69.14881134033203,32.748809814453125,1,1,1,1,1,1,1,1,1,1
IMG_3806_png_jpg.rf.be6c6d33453d658d309db5471119666e.jpg,train,119.86276245117188,116.89537048339844,109.45445251464844,50.45607376098633,49.7589111328125,48.12189865112305,32.47380065917969,24.8134765625,120.56509399414062,38.85643005371094,17.162273406982422,50.72251510620117,1,1,1,1,1,1,1,1,1,1
IMG_2998_png_jpg.rf.bddb3815d2dbd9d46042bb45d448d3dc.jpg,train,38.150390625,49.5435791015625,60.313232421875,44.29170608520508,45.266666412353516,43.97202682495117,91.63168334960938,110.41047668457031,61.32421875,35.48426818847656,62.56711959838867,46.514869689941406,1,1,1,1,1,1,1,1,1,1
IMG_3816_png_jpg.rf.bfdae7299592db4424963fb3588cc5a9.jpg,train,153.27012634277344,152.9252471923828,148.29928588867188,77.64327239990234,78.37976837158203,87.0307846069336,67.94563293457031,41.80009460449219,160.4195556640625,42.76523208618164,47.805850982666016,79.80142211914062,1,1,1,1,1,1,1,1,1,1
IMG_3914_png_jpg.rf.be124f97c9380dc09ba64912df64ddd6.jpg,train,145.6610107421875,148.7186737060547,153.19345092773438,67.00155639648438,74.31336975097656,81.41841125488281,89.2054443359375,46.83290100097656,160.89627075195312,47.0164794921875,44.85683822631836,75.51033782958984,1,1,1,1,1,1,1,1,1,1
IMG_3962_png_jpg.rf.bee3d07ac2496b08ffd20adaad278ac3.jpg,train,114.22015380859375,106.96051025390625,87.51216125488281,52.76668167114258,54.067138671875,59.764404296875,32.22418212890625,83.81309509277344,115.22567749023438,32.40211486816406,54.836421966552734,54.4149169921875,1,1,1,1,1,1,1,1,1,1
IMG_3622_png_jpg.rf.bed46d7b33ab345872028214b9892b3c.jpg,train,139.83740234375,135.58534240722656,119.03884887695312,78.2891616821289,79.22785949707031,78.69744110107422,27.820953369140625,54.793914794921875,140.57952880859375,22.075767517089844,43.76028823852539,78.44268035888672,1,1,1,1,1,1,1,1,1,1
25_jpg.rf.c0d957fbcb506b3ee44c4d7c21732684.jpg,train,25.134475708007812,25.646408081054688,33.791412353515625,51.71399688720703,54.06708526611328,56.5936279296875,68.04588317871094,100.64183044433594,36.50788879394531,58.864994049072266,102.22491455078125,60.76166915893555,1,1,1,1,1,1,1,1,1,1
IMG_3691_png_jpg.rf.bf3c1ef415f0142d587edabd43680a7a.jpg,train,152.0461883544922,149.2892608642578,139.8791961669922,53.82527542114258,53.07972717285156,53.0013313293457,28.478622436523438,28.557342529296875,152.8120574951172,13.771821022033691,43.324249267578125,53.7534065246582,1,1,1,1,1,1,1,1,1,1
IMG_3642_png_jpg.rf.c0a7147ba5a07ba067f2fd871549e6f9.jpg,train,173.59754943847656,109.72348022460938,124.38006591796875,56.11628341674805,53.575565338134766,49.55577850341797,120.39164733886719,94.97074890136719,173.76455688476562,71.71453857421875,56.28445053100586,56.106788635253906,1,1,1,1,1,1,1,1,1,1
IMG_3728_png_jpg.rf.c0a411c478110b70fbdc90e3404c955e.jpg,train,172.34112548828125,167.6880645751953,163.4769287109375,76.0204086303711,75.92374420166016,76.22223663330078,23.486434936523438,17.574874877929688,172.52734375,30.012109756469727,21.3675537109375,75.98371887207031,1,1,1,1,1,1,1,1,1,1
IMG_3665_png_jpg.rf.bee0ddb92bc89fe741daba667b7e767d.jpg,train,163.73175048828125,150.12181091308594,139.01458740234375,77.98114776611328,82.9089584350586,85.39176940917969,39.73664855957031,73.25242614746094,168.01805114746094,43.722774505615234,74.04454040527344,75.76325225830078,1,1,1,1,1,1,1,1,1,1
30_jpg.rf.c03691ad162f32828fa09c49a53fd756.jpg,train,174.67282104492188,172.386474609375,167.8971710205078,52.91225051879883,51.510284423828125,50.36191940307617,21.378128051757812,9.133255004882812,174.8703155517578,20.683862686157227,14.280354499816895,52.88979721069336,1,1,1,1,1,1,1,1,1,1
IMG_3600_png_jpg.rf.bf6e33366219c28db27faabc36e31b56.jpg,train,138.72601318359375,134.20751953125,120.5303955078125,53.027549743652344,52.27870559692383,51.1113166809082,27.894607543945312,37.98524475097656,139.63986206054688,14.339609146118164,36.21551513671875,53.0740852355957,1,1,1,1,1,1,1,1,1,1
IMG_3882_png_jpg.rf.bfafc2ba508c597d1522bc9e7dac364a.jpg,train,153.828857421875,153.00209045410156,133.7480926513672,64.9552001953125,65.79225158691406,71.79649353027344,43.4664306640625,55.46284484863281,159.69094848632812,36.70395278930664,45.425785064697266,65.81028747558594,1,1,1,1,1,1,1,1,1,1
IMG_3934_png_jpg.rf.be303782ec1f35a2150ee31bc45e1d39.jpg,train,139.27151489257812,128.61996459960938,105.20936584472656,59.688232421875,61.83289337158203,66.98111724853516,27.276382446289062,85.60040283203125,143.55397033691406,24.516353607177734,73.22084045410156,58.64633560180664,1,1,1,1,1,1,1,1,1,1
IMG_3787_png_jpg.rf.c109f7c91067cbd5472dd520facd35b5.jpg,train,131.22256469726562,130.6110076904297,114.04855346679688,75.80667114257812,73.34556579589844,71.50524139404297,32.92857360839844,42.16998291015625,134.68609619140625,23.433637619018555,29.615514755249023,75.72947692871094,1,1,1,1,1,1,1,1,1,1
IMG_3888_png_jpg.rf.c0f247e403454ef9432e5632d90f08a1.jpg,train,132.05557250976562,130.6707305908203,125.65460205078125,56.243770599365234,58.880592346191406,59.42856216430664,35.392791748046875,26.152999877929688,132.9882049560547,34.432987213134766,42.86844253540039,57.051612854003906,1,1,1,1,1,1,1,1,1,1
IMG_3860_png_jpg.rf.c0a31299c42e8f2f969398bdf738117e.jpg,train,139.2262725830078,106.8409423828125,75.6131591796875,59.34305191040039,61.632049560546875,60.51131820678711,23.17706298828125,144.79998779296875,140.3668670654297,33.51173782348633,68.38703918457031,60.332645416259766,1,1,1,1,1,1,1,1,1,1
IMG_3829_png_jpg.rf.bf6f2e14fa1f9f4ebc7974ee72c15508.jpg,train,145.99241638183594,138.77944946289062,104.59405517578125,60.850521087646484,62.88358688354492,64.64012145996094,28.84161376953125,98.19131469726562,148.620361328125,19.55797576904297,63.018348693847656,62.71950149536133,1,1,1,1,1,1,1,1,1,1
IMG_3921_png_jpg.rf.c1123bfda91cc7ab9fd4d507ba747ef5.jpg,train,180.16172790527344,172.9022674560547,107.02189636230469,45.33574295043945,47.47181701660156,54.44709777832031,27.834213256835938,116.27169799804688,180.38372802734375,9.67085075378418,52.66974639892578,45.31593322753906,1,1,1,1,1,1,1,1,1,1
IMG_3872_png_jpg.rf.c10eedb4c42d36f0568a668b2feab8d7.jpg,train,99.92947387695312,92.33554077148438,59.69859313964844,34.23504638671875,45.556278228759766,62.299285888671875,33.115936279296875,140.191650390625,105.7587890625,29.444595336914062,54.594146728515625,46.968971252441406,1,1,1,1,1,1,1,1,1,1
IMG_3681_png_jpg.rf.c0e734d374145fb288c3650b7d039378.jpg,train,68.81336975097656,108.89152526855469,214.76806640625,65.56934356689453,51.70395278930664,24.473770141601562,105.45866394042969,180.73599243164062,217.3563690185547,22.36601448059082,59.96180725097656,24.167789459228516,1,1,1,1,1,1,1,1,1,1
IMG_3640_png_jpg.rf.c15bf06c7cfcd8b6af544bcc7bf0d8f3.jpg,train,136.44776916503906,131.65223693847656,118.35693359375,69.8956527709961,68.31167602539062,70.12592315673828,33.51893615722656,52.526458740234375,137.4352264404297,28.063488006591797,64.65922546386719,69.67206573486328,1,1,1,1,1,1,1,1,1,1
IMG_3732_png_jpg.rf.c164672c1c26ce2b0855d8221b9178c0.jpg,train,175.35568237304688,173.19000244140625,163.93161010742188,64.22897338867188,64.31632232666016,65.57430267333984,27.561660766601562,21.84710693359375,175.99612426757812,15.420914649963379,26.347169876098633,63.98728561401367,1,1,1,1,1,1,1,1,1,1
IMG_3010_png_jpg.rf.c0e43d8b419372631e44ce60bc18528c.jpg,train,108.31025695800781,107.88017272949219,107.77186584472656,48.533477783203125,48.245967864990234,42.41147232055664,62.70423889160156,26.609710693359375,113.35696411132812,46.967674255371094,16.76300048828125,45.4250602722168,1,1,1,1,1,1,1,1,1,1
IMG_3752_png_jpg.rf.c0a57c441fc62bf4f2586f4e0a4fcb9a.jpg,train,64.44326782226562,63.076324462890625,51.38066101074219,59.69576644897461,59.349998474121094,53.92051315307617,26.556503295898438,74.53866577148438,65.35508728027344,23.934032440185547,77.35945892333984,60.37541961669922,1,1,1,1,1,1,1,1,1,1
IMG_3626_png_jpg.rf.bf157c297ea5996851e9a67f2c1dd519.jpg,train,132.20953369140625,102.16496276855469,68.646240234375,54.34954833984375,50.50632858276367,58.36426544189453,34.44537353515625,150.63894653320312,139.9663543701172,39.42832946777344,69.22233581542969,53.38981628417969,1,1,1,1,1,1,1,1,1,1
IMG_3719_png_jpg.rf.c12b4a8dbdef090183e676fb4efa2ac6.jpg,train,70.14425659179688,61.23094177246094,54.76109313964844,76.39208984375,69.28947448730469,63.91024398803711,19.8846435546875,53.180389404296875,70.52200317382812,30.40199089050293,38.98930740356445,76.74177551269531,1,1,1,1,1,1,1,1,1,1
IMG_3860_png_jpg.rf.c144d47774870c372dd70d97478df48c.jpg,train,118.03923034667969,102.50567626953125,63.542724609375,60.61580276489258,59.85820388793945,57.07358169555664,28.032577514648438,150.36964416503906,119.24018859863281,30.11424446105957,65.91717529296875,61.98406219482422,1,1,1,1,1,1,1,1,1,1
IMG_3967_png_jpg.rf.c117f8dad508efbd1c0b8eeabc2360a7.jpg,train,114.86856079101562,113.02993774414062,98.28334045410156,45.73632049560547,46.38010787963867,46.7578239440918,35.61793518066406,49.797027587890625,116.1175537109375,28.99199867248535,45.633785247802734,45.95509719848633,1,1,1,1,1,1,1,1,1,1
IMG_3962_png_jpg.rf.c119135c6e6cf86e0bd71637283e84bf.jpg,train,74.64810180664062,70.08924865722656,50.74903869628906,52.56107711791992,52.695274353027344,56.42170333862305,34.63700866699219,125.824951171875,76.14804077148438,32.87571334838867,70.88268280029297,55.23865509033203,1,1,1,1,1,1,1,1,1,1
32_jpg.rf.c12a1b43ea633723eb02e45fb8490464.jpg,train,114.09474182128906,113.64408874511719,106.31013488769531,59.291996002197266,58.74614334106445,55.052799224853516,27.718658447265625,20.382614135742188,115.22248840332031,31.382535934448242,36.947086334228516,59.937034606933594,1,1,1,1,1,1,1,1,1,1
IMG_3856_png_jpg.rf.c17b8baaf658ca3eaa8cb85f9f7f20d5.jpg,train,80.23287963867188,77.39048767089844,70.3050537109375,68.9218978881836,66.99503326416016,63.669837951660156,24.547897338867188,62.498138427734375,80.39283752441406,9.082239151000977,60.04928970336914,69.0318374633789,1,1,1,1,1,1,1,1,1,1
21_jpg.rf.c193be71c8d414ee70772ee0d9f50eb6.jpg,train,24.39044189453125,25.830856323242188,32.873077392578125,49.964908599853516,52.1531867980957,54.643001556396484,54.912017822265625,84.55165100097656,36.89256286621094,58.561012268066406,96.78504943847656,60.469120025634766,1,1,1,1,1,1,1,1,1,1
IMG_3693_png_jpg.rf.c19b60e5faea645bd57ac45451fabc80.jpg,train,173.58819580078125,172.2801513671875,163.9291534423828,55.14398956298828,56.06798553466797,58.043128967285156,27.268814086914062,20.29302978515625,174.28958129882812,12.05883502960205,28.274669647216797,54.93489456176758,1,1,1,1,1,1,1,1,1,1
IMG_3825_png_jpg.rf.c1c8344af59932d0232e73cacf90d8c3.jpg,train,155.93533325195312,154.5384063720703,137.29661560058594,56.42820739746094,59.470977783203125,59.981101989746094,31.611068725585938,39.581146240234375,157.58648681640625,14.938464164733887,34.741493225097656,57.749359130859375,1,1,1,1,1,1,1,1,1,1
IMG_3943_png_jpg.rf.c1d45a624e1dcf95a474973e24e1e3e6.jpg,train,79.72671508789062,63.2408447265625,59.716796875,50.76395797729492,56.84825897216797,56.31485366821289,55.16119384765625,104.07484436035156,80.87835693359375,71.14718627929688,71.0538330078125,52.69013595581055,1,1,1,1,1,1,1,1,1,1
IMG_3903_png_jpg.rf.c2218e22aa613a803b815d09a2771986.jpg,train,116.96476745605469,119.84489440917969,131.71176147460938,63.0242919921875,64.94413757324219,69.03609466552734,105.88308715820312,36.70878601074219,133.84881591796875,33.14592742919922,28.22966766357422,68.86152648925781,1,1,1,1,1,1,1,1,1,1
IMG_3708_png_jpg.rf.c28f0083c39aad0f7fb87b54a769c6a1.jpg,train,111.86441040039062,105.21743774414062,97.33584594726562,70.19877624511719,58.224246978759766,52.569000244140625,68.17845153808594,63.35649108886719,119.82260131835938,43.98405838012695,59.329776763916016,67.80271911621094,1,1,1,1,1,1,1,1,1,1
IMG_3916_png_jpg.rf.c21fc8106b06d9b1049a9cf358ea840c.jpg,train,120.36820983886719,123.78656005859375,120.68446350097656,70.02383422851562,70.98210144042969,78.29037475585938,70.74676513671875,51.45808410644531,131.05702209472656,39.792877197265625,54.333457946777344,74.44246673583984,1,1,1,1,1,1,1,1,1,1
IMG_3813_png_jpg.rf.c3f98f9b622e3c27968605034a5e5ecf.jpg,train,97.60369873046875,92.03089904785156,58.02781677246094,58.852359771728516,54.51355743408203,56.810882568359375,29.103958129882812,130.9214324951172,100.92312622070312,23.344524383544922,74.3691177368164,58.82341766357422,1,1,1,1,1,1,1,1,1,1
IMG_3961_png_jpg.rf.c227da31f9caa457a28715c67d9f8bba.jpg,train,115.11581420898438,102.70663452148438,91.21456909179688,54.37128829956055,55.301025390625,58.4771614074707,26.063323974609375,68.14808654785156,115.87356567382812,35.20528793334961,35.83100891113281,55.70750045776367,1,1,1,1,1,1,1,1,1,1
IMG_3959_png_jpg.rf.c2bf6f29a2cd7e7ceb6eefab8c1b13e6.jpg,train,142.65182495117188,132.58958435058594,119.71427917480469,78.8195571899414,71.56224822998047,56.6492805480957,50.89396667480469,78.9927978515625,149.57272338867188,46.86905288696289,47.6019287109375,70.98380279541016,1,1,1,1,1,1,1,1,1,1
IMG_3029_png_jpg.rf.c3d59438379d98ab45255fc690acd0b8.jpg,train,136.62538146972656,81.90914916992188,141.5218048095703,75.22334289550781,46.640262603759766,87.03289794921875,98.26473999023438,108.45701599121094,147.00563049316406,63.110809326171875,42.45458221435547,82.66886138916016,1,1,1,1,1,1,1,1,1,1
IMG_3833_png_jpg.rf.c29fc0fadcb5669ba289f2a5b072783f.jpg,train,113.70843505859375,113.8724365234375,87.06440734863281,59.029991149902344,59.32964324951172,57.14794158935547,37.57218933105469,79.22067260742188,119.49063110351562,29.32263946533203,71.98438262939453,60.69648361206055,1,1,1,1,1,1,1,1,1,1
IMG_3870_png_jpg.rf.c2423ef27b5b7fdebf2be1c515425bf1.jpg,train,150.98104858398438,67.23725891113281,70.86677551269531,59.05341339111328,51.27663803100586,54.149505615234375,39.61567687988281,160.23843383789062,151.19509887695312,65.61161804199219,51.82543182373047,59.17961502075195,1,1,1,1,1,1,1,1,1,1
IMG_3694_png_jpg.rf.c3d21a114406d1fb44867fcda42a8ec3.jpg,train,118.17445373535156,113.34381103515625,105.37461853027344,58.719966888427734,58.154541015625,57.093238830566406,21.234542846679688,45.88690185546875,118.44810485839844,18.123048782348633,56.93760299682617,58.683326721191406,1,1,1,1,1,1,1,1,1,1
IMG_3812_png_jpg.rf.c45cbf07f9e5049460c90b68a59fdee2.jpg,train,168.41058349609375,157.94053649902344,137.3627166748047,56.14651107788086,51.91472625732422,64.52389526367188,53.63365173339844,62.0430908203125,172.0464630126953,54.22087478637695,50.55072784423828,55.410179138183594,1,1,1,1,1,1,1,1,1,1
IMG_3728_png_jpg.rf.c4386ae896f415ac7eca8262958deba1.jpg,train,166.71095275878906,164.0064697265625,153.13645935058594,83.17601776123047,82.74209594726562,82.71405029296875,25.978897094726562,28.881805419921875,167.4007110595703,15.804729461669922,31.05022621154785,82.94403839111328,1,1,1,1,1,1,1,1,1,1
IMG_3750_png_jpg.rf.c1777d53b674b4d8b9c37dd6d5d2bfd3.jpg,train,141.2923126220703,117.38490295410156,105.75192260742188,68.74964141845703,79.31671905517578,77.95726776123047,25.723388671875,94.20562744140625,141.4709930419922,43.895118713378906,69.39530944824219,68.930419921875,1,1,1,1,1,1,1,1,1,1
IMG_3638_png_jpg.rf.bdc0165001804b52f45a97a2a7702b80.jpg,train,116.37986755371094,111.34414672851562,104.50924682617188,76.80400085449219,77.20989227294922,77.79828643798828,30.443801879882812,46.41790771484375,116.95855712890625,35.89382553100586,44.24884033203125,77.27608489990234,1,1,1,1,1,1,1,1,1,1
32_jpg.rf.c3caed0b4c2cd044a5505d596d07fd0e.jpg,train,79.02880859375,77.55224609375,70.72161865234375,56.074424743652344,54.54861068725586,49.92470169067383,24.825057983398438,27.148666381835938,80.0401611328125,34.55173873901367,44.9141731262207,56.96011734008789,1,1,1,1,1,1,1,1,1,1
IMG_3581_png_jpg.rf.c452f8921a8d72facd4ccb0ce56a4df6.jpg,train,158.58673095703125,145.73361206054688,125.22892761230469,50.54703140258789,49.280033111572266,49.25307083129883,21.348297119140625,64.86968994140625,159.4834442138672,17.979726791381836,39.39457321166992,50.893009185791016,1,1,1,1,1,1,1,1,1,1
IMG_3561_png_jpg.rf.c54a06bfaa93f39b510157202c33f9f2.jpg,train,133.92105102539062,128.0027313232422,116.90296936035156,70.93804931640625,63.96538543701172,59.275978088378906,36.04400634765625,25.511672973632812,134.79916381835938,33.20408248901367,37.47685241699219,70.68755340576172,1,1,1,1,1,1,1,1,1,1
IMG_3626_png_jpg.rf.c46f42718f9413581d114af70d26de66.jpg,train,116.81205749511719,98.74151611328125,75.61386108398438,52.08366012573242,50.77042770385742,53.759456634521484,34.91448974609375,119.60353088378906,121.68589782714844,39.28567886352539,68.1222152709961,52.23543930053711,1,1,1,1,1,1,1,1,1,1
IMG_3632_png_jpg.rf.c18fc943a8d385197a3bae6e79552d39.jpg,train,94.69989013671875,125.61093139648438,120.24636840820312,57.63977813720703,68.1246109008789,80.5972671508789,65.94148254394531,108.08084106445312,140.9725341796875,42.66236114501953,64.24272918701172,74.15727996826172,1,1,1,1,1,1,1,1,1,1
IMG_3808_png_jpg.rf.c30fb5452ed0646b5b5c6a0d10f2fe5a.jpg,train,73.26701354980469,62.438201904296875,55.81269836425781,64.2043228149414,60.00944900512695,57.02666091918945,19.069976806640625,84.60621643066406,74.08940124511719,31.938268661499023,59.92534255981445,64.42428588867188,1,1,1,1,1,1,1,1,1,1
IMG_3974_png_jpg.rf.c53291a09caf524f9784eb5be4aa53ca.jpg,train,74.96769714355469,70.28532409667969,52.19384765625,64.2220458984375,50.82884216308594,34.75175857543945,37.49290466308594,61.30873107910156,77.55599975585938,15.28573989868164,60.589351654052734,63.88621520996094,1,1,1,1,1,1,1,1,1,1
IMG_3943_png_jpg.rf.c3c23cffc5e1f87129bd42e06e1e6d5d.jpg,train,103.33206176757812,80.699462890625,74.93589782714844,48.98039627075195,57.68430709838867,58.8173713684082,54.69427490234375,99.8890380859375,104.64131164550781,70.07567596435547,68.41999053955078,50.86354446411133,1,1,1,1,1,1,1,1,1,1
30_jpg.rf.c4fbc14d9d61000d84d10a05bf87a2c0.jpg,train,138.0343780517578,137.49180603027344,128.25604248046875,58.58417510986328,57.9630126953125,53.975563049316406,29.097976684570312,17.18536376953125,138.788330078125,15.964057922363281,23.099363327026367,58.78248596191406,1,1,1,1,1,1,1,1,1,1
IMG_3788_png_jpg.rf.c4d37f9a383666e1bf7f7213000aab64.jpg,train,103.90672302246094,106.6552734375,91.42619323730469,80.21709442138672,76.95793914794922,74.21519470214844,48.47840881347656,51.86473083496094,110.44442749023438,32.30245590209961,37.16923904418945,80.66445922851562,1,1,1,1,1,1,1,1,1,1
IMG_3695_png_jpg.rf.c552030987a5246c1f19da7f97960470.jpg,train,118.86695861816406,107.69340515136719,96.98880004882812,77.174560546875,72.60501098632812,70.59031677246094,34.89671325683594,70.61123657226562,122.95054626464844,40.12462615966797,62.84663009643555,79.6900405883789,1,1,1,1,1,1,1,1,1,1
IMG_3758_png_jpg.rf.c22894ecca27fe9209df24e715974955.jpg,train,50.602325439453125,48.15242004394531,40.61500549316406,68.86071014404297,66.27277374267578,59.796749114990234,24.674240112304688,74.21711730957031,51.089508056640625,33.59606170654297,85.01564025878906,69.0738754272461,1,1,1,1,1,1,1,1,1,1
IMG_3607_png_jpg.rf.c5504d6a5e2a03b784f5d2a8052da754.jpg,train,188.4187774658203,187.84225463867188,178.6460418701172,56.806793212890625,56.86296463012695,57.407432556152344,28.851531982421875,19.006698608398438,188.62547302246094,9.60010051727295,23.347087860107422,56.80113220214844,1,1,1,1,1,1,1,1,1,1
IMG_3929_png_jpg.rf.c550846c4489c04a4ef15d136d541769.jpg,train,113.8409423828125,93.59336853027344,71.68350219726562,57.66402053833008,54.87440490722656,54.63368606567383,32.618408203125,129.14596557617188,117.42413330078125,39.35395431518555,68.54291534423828,57.54743957519531,1,1,1,1,1,1,1,1,1,1
IMG_3708_png_jpg.rf.c566c1e863a1b8aadf08f8c7dc57448f.jpg,train,91.7606201171875,82.57171630859375,78.32472229003906,66.560302734375,52.84260177612305,49.809112548828125,60.517486572265625,75.65321350097656,99.02281188964844,46.17448425292969,72.98991394042969,64.24640655517578,1,1,1,1,1,1,1,1,1,1
IMG_3589_png_jpg.rf.c5ddee1a9c337107a75cb4df1a09d9b2.jpg,train,119.63377380371094,100.43116760253906,85.177978515625,40.16690444946289,47.59458541870117,49.5310173034668,17.085372924804688,84.35269165039062,119.96383666992188,17.871898651123047,49.2174072265625,40.791255950927734,1,1,1,1,1,1,1,1,1,1
IMG_3574_png_jpg.rf.c6527b34a5099f91170487c3564399e8.jpg,train,157.9296112060547,160.13307189941406,154.82742309570312,85.8201904296875,83.25013732910156,82.2744369506836,41.03828430175781,17.546768188476562,162.267578125,36.389617919921875,25.649568557739258,84.45384216308594,1,1,1,1,1,1,1,1,1,1
IMG_3653_png_jpg.rf.c64184ed790cd6f2bd6f42b7b8f7e6c4.jpg,train,161.0767364501953,149.14503479003906,130.4421844482422,63.152976989746094,62.329612731933594,60.92853546142578,24.928939819335938,65.90907287597656,162.0049285888672,25.952817916870117,58.106990814208984,62.13653564453125,1,1,1,1,1,1,1,1,1,1
IMG_3709_png_jpg.rf.c6864c7c58709db28151cffb134609d5.jpg,train,111.56179809570312,105.01730346679688,97.62959289550781,69.0605239868164,57.09443664550781,50.84031677246094,68.36459350585938,59.801605224609375,119.44990539550781,44.691097259521484,57.21416473388672,66.5489730834961,1,1,1,1,1,1,1,1,1,1
IMG_2996_png_jpg.rf.c59c41d65264dc28080dd08e3a7a835b.jpg,train,148.04029846191406,149.61065673828125,157.1320343017578,49.19832992553711,49.26017761230469,52.59859085083008,105.21318054199219,19.519195556640625,158.95065307617188,28.22027587890625,17.766809463500977,52.5284309387207,1,1,1,1,1,1,1,1,1,1
IMG_3798_png_jpg.rf.c84157b0df91c804b59f86fc2989b1fc.jpg,train,89.54763793945312,78.58065795898438,62.766632080078125,72.46197509765625,69.2535400390625,66.97692108154297,22.490081787109375,106.81922912597656,90.59268188476562,24.67294692993164,55.744293212890625,72.65403747558594,1,1,1,1,1,1,1,1,1,1
27_jpg.rf.c5f8debe0f6920da393d07d52bb383d6.jpg,train,57.40596008300781,57.368988037109375,64.34490966796875,65.98092651367188,67.77129364013672,69.07325744628906,75.21064758300781,37.420318603515625,66.94815063476562,59.52119064331055,37.66708755493164,72.93596649169922,1,1,1,1,1,1,1,1,1,1
IMG_3973_png_jpg.rf.c6eab3e9336d446c63e93f64c744941e.jpg,train,99.6131591796875,100.93376159667969,87.74909973144531,45.486724853515625,42.6915168762207,37.99353790283203,36.790985107421875,36.30888366699219,102.35423278808594,11.906573295593262,29.756162643432617,45.25331115722656,1,1,1,1,1,1,1,1,1,1
IMG_3688_png_jpg.rf.c8120f29c6c0aee91988ae3cdd09e16a.jpg,train,150.75439453125,146.21728515625,137.2408447265625,52.52983093261719,55.45744705200195,57.24085235595703,24.07830810546875,38.984130859375,151.26026916503906,19.766849517822266,59.44573974609375,52.252620697021484,1,1,1,1,1,1,1,1,1,1
IMG_3617_png_jpg.rf.c851545985c1352ddb7c1d58609c665d.jpg,train,169.31912231445312,167.06246948242188,155.41952514648438,66.82406616210938,68.00577545166016,70.255126953125,24.4117431640625,26.744949340820312,169.4987335205078,14.935497283935547,20.71684455871582,66.90587615966797,1,1,1,1,1,1,1,1,1,1
IMG_3894_png_jpg.rf.c646eb4c90adb1d2cc0088fbe0906e3a.jpg,train,134.02670288085938,138.05337524414062,79.86990356445312,60.95369338989258,54.12881851196289,60.07438278198242,34.38804626464844,126.98104858398438,146.29074096679688,17.067350387573242,49.4311408996582,58.51048278808594,1,1,1,1,1,1,1,1,1,1
IMG_3789_png_jpg.rf.c712433b7408d553f81ba3bb41cce590.jpg,train,101.33152770996094,92.38627624511719,75.153564453125,72.16740417480469,64.81206512451172,63.30024719238281,26.952743530273438,89.673828125,103.02384948730469,23.43828010559082,55.006839752197266,71.83597564697266,1,1,1,1,1,1,1,1,1,1
IMG_3584_png_jpg.rf.c6debd2854525bff06691dd43fa11a93.jpg,train,160.96287536621094,153.2402801513672,132.9097137451172,82.21800994873047,78.615966796875,70.82852172851562,24.983230590820312,47.75067138671875,161.20005798339844,14.545090675354004,20.635469436645508,82.0790786743164,1,1,1,1,1,1,1,1,1,1
16_png_jpg.rf.c64e76893c33045e9c55c0ac5f29b08c.jpg,train,83.17117309570312,65.64482116699219,55.50163269042969,51.01974105834961,47.98426055908203,46.276153564453125,16.558273315429688,106.89610290527344,84.04417419433594,28.772077560424805,65.0001449584961,52.08262634277344,1,1,1,1,1,1,1,1,1,1
IMG_3626_png_jpg.rf.c5fd98119a27419c11deeffa346c9909.jpg,train,81.30256652832031,46.88307189941406,34.37428283691406,45.384666442871094,46.64372253417969,48.494300842285156,29.385009765625,180.99024963378906,87.75834655761719,44.33883285522461,73.38826751708984,49.882511138916016,1,1,1,1,1,1,1,1,1,1
IMG_3011_png_jpg.rf.c7a0e807698e5b48fdb041fa21efb941.jpg,train,85.16813659667969,83.00831604003906,80.2843017578125,50.74420928955078,50.91471862792969,47.099613189697266,34.79829406738281,24.131103515625,86.55775451660156,40.99168395996094,16.522823333740234,50.37678909301758,1,1,1,1,1,1,1,1,1,1
IMG_3823_png_jpg.rf.c73b1117b497354c01277ad553c688ff.jpg,train,85.03529357910156,82.30781555175781,68.38749694824219,54.135562896728516,51.38495635986328,46.9511833190918,29.666946411132812,67.21824645996094,86.527099609375,17.206600189208984,58.49313735961914,54.93387985229492,1,1,1,1,1,1,1,1,1,1
IMG_3723_png_jpg.rf.c70a864b4c42f561475d0d5d999851d1.jpg,train,43.0738525390625,38.7962646484375,35.89031982421875,57.86845779418945,52.54678726196289,49.775909423828125,19.115280151367188,35.73814392089844,43.25059509277344,31.615732192993164,32.38017654418945,58.07998275756836,1,1,1,1,1,1,1,1,1,1
IMG_3887_png_jpg.rf.c6fc0146e48dc74612feeef4756c72c6.jpg,train,147.33502197265625,145.17849731445312,136.6061553955078,52.44656753540039,53.447669982910156,53.740478515625,32.68290710449219,24.951416015625,148.29600524902344,32.50896453857422,44.54674530029297,52.598533630371094,1,1,1,1,1,1,1,1,1,1
IMG_3584_png_jpg.rf.c76127b783a4d47a58eb124ddabd28bc.jpg,train,152.1278533935547,145.49293518066406,120.15312194824219,77.55526733398438,74.38001251220703,67.98756408691406,26.800125122070312,66.46022033691406,152.63421630859375,14.20058536529541,39.10893630981445,77.15302276611328,1,1,1,1,1,1,1,1,1,1
IMG_3633_png_jpg.rf.c77dad60e18072d83cd76b03968ecd81.jpg,train,67.73524475097656,81.6268310546875,78.19375610351562,53.258995056152344,58.10125732421875,63.038116455078125,53.81512451171875,100.20901489257812,91.29214477539062,44.190860748291016,69.54203033447266,63.94535827636719,1,1,1,1,1,1,1,1,1,1
IMG_3674_png_jpg.rf.c77464f0193afcf1d361428375a4f5e4.jpg,train,114.63960266113281,111.05302429199219,98.13796997070312,68.64387512207031,68.45307159423828,65.66447448730469,29.440093994140625,51.859527587890625,115.60018920898438,21.734201431274414,57.731231689453125,68.72692108154297,1,1,1,1,1,1,1,1,1,1
IMG_3821_png_jpg.rf.c68fcab6cb27cbd150bdfd775b796f33.jpg,train,149.22503662109375,145.08102416992188,135.63694763183594,50.065399169921875,51.47662353515625,50.98373031616211,26.377227783203125,34.58372497558594,150.3062744140625,16.88478660583496,46.40068817138672,50.7711296081543,1,1,1,1,1,1,1,1,1,1
29_jpg.rf.c884a7cc1f5aa2174f4f22cf3ef5bd16.jpg,train,114.61396789550781,116.3857421875,117.60525512695312,72.20719146728516,73.65135192871094,72.0674819946289,100.06256103515625,32.23736572265625,119.46713256835938,34.57606506347656,50.96285629272461,73.65888214111328,1,1,1,1,1,1,1,1,1,1
32_jpg.rf.c88d2b4f9cf109c81e2088eaefae573f.jpg,train,112.55593872070312,110.38084411621094,104.93368530273438,59.269874572753906,57.669395446777344,55.809715270996094,24.073410034179688,21.408493041992188,113.26666259765625,36.07848358154297,42.61257553100586,59.67496871948242,1,1,1,1,1,1,1,1,1,1
IMG_3800_png_jpg.rf.c89eb47d185f6151f9f7852129503ee3.jpg,train,82.11528015136719,75.84713745117188,56.59043884277344,72.5379867553711,69.78364562988281,65.51541137695312,26.682403564453125,122.84892272949219,83.92823791503906,19.95693016052246,72.89844512939453,72.47944641113281,1,1,1,1,1,1,1,1,1,1
IMG_3709_png_jpg.rf.c88faefdd37efb3a604de5ea9e5c09f7.jpg,train,69.71272277832031,62.55442810058594,53.244110107421875,65.08049011230469,53.41808319091797,44.54193878173828,67.9866943359375,88.69078063964844,76.15763854980469,47.844120025634766,79.28846740722656,63.944908142089844,1,1,1,1,1,1,1,1,1,1
IMG_3922_png_jpg.rf.cad1dab5b5c0c6490fb976777e16fbbf.jpg,train,160.3735809326172,124.980224609375,86.46015930175781,50.815486907958984,53.120182037353516,53.436946868896484,17.341903686523438,133.78094482421875,160.53164672851562,16.111745834350586,54.05139923095703,50.94063186645508,1,1,1,1,1,0,1,1,1,1
4_jpg.rf.c8ac714cd2755375f3fc855e72d10bc6.jpg,train,220.05364990234375,204.22010803222656,193.27871704101562,57.48616027832031,65.1587142944336,63.449031829833984,27.839447021484375,39.98558044433594,221.68638610839844,36.47593688964844,43.75687789916992,54.74728012084961,1,1,1,1,1,1,1,1,1,1
IMG_3847_png_jpg.rf.cb0eb7f3976dda262faf59013657a619.jpg,train,96.79264831542969,97.478759765625,92.49615478515625,57.845733642578125,57.007755279541016,54.70500183105469,34.31494140625,14.728988647460938,97.94270324707031,27.350961685180664,17.40040397644043,57.737274169921875,1,1,1,1,1,1,1,1,1,1
4_jpg.rf.c90a535a06e0f69036538b0766897040.jpg,train,197.63893127441406,177.63076782226562,164.81173706054688,61.54114532470703,67.00972747802734,64.71784210205078,25.441162109375,56.894866943359375,199.30433654785156,36.71973419189453,57.164241790771484,58.7486457824707,1,1,1,1,1,1,1,1,1,1
IMG_3640_png_jpg.rf.cb44e44040185cd987b277981885c4d0.jpg,train,103.91387939453125,95.31829833984375,87.32801818847656,70.10468292236328,67.58056640625,66.72920989990234,31.224029541015625,70.53016662597656,104.51712036132812,38.55387878417969,82.50860595703125,70.2784194946289,1,1,1,1,1,1,1,1,1,1
IMG_3950_png_jpg.rf.cba6b6d76abad0054d683d76fc44b7ef.jpg,train,147.4348907470703,123.7403564453125,117.80279541015625,48.37523651123047,58.24956512451172,59.940616607666016,32.86474609375,64.09042358398438,147.88101196289062,57.56547164916992,39.89864730834961,49.01741409301758,1,1,1,1,1,1,1,1,1,1
5_jpg.rf.cb330ed7c1f718b280ef51646b38fdf9.jpg,train,146.04544067382812,141.20176696777344,138.15090942382812,64.25785064697266,68.51744079589844,67.07242584228516,51.30842590332031,34.81291198730469,149.39122009277344,48.899330139160156,52.10985565185547,63.25542449951172,1,1,1,1,1,1,1,1,1,1
IMG_3737_png_jpg.rf.cb9cd3e2a7e44b7f697f81e28f6ed862.jpg,train,148.8255157470703,142.63525390625,128.65760803222656,38.58186340332031,40.469276428222656,41.77787399291992,21.969467163085938,41.20036315917969,149.21221923828125,12.135168075561523,45.18533706665039,38.46882629394531,1,1,1,1,1,1,1,1,1,1
IMG_3695_png_jpg.rf.c907fb94a598deb52487ff1bf03b1aff.jpg,train,100.93214416503906,91.91447448730469,81.98077392578125,77.82413482666016,72.599609375,68.69682312011719,31.805145263671875,59.72019958496094,105.15550231933594,37.87968826293945,53.584068298339844,80.85684967041016,1,1,1,1,1,1,1,1,1,1
IMG_2996_png_jpg.rf.cbadd286741bb51af7ccaa5fd1db9bbf.jpg,train,100.38935852050781,103.44966125488281,109.74436950683594,51.134063720703125,51.80067825317383,54.42096710205078,100.138671875,29.846572875976562,111.53732299804688,29.93275260925293,29.491886138916016,55.32389831542969,1,1,1,1,1,1,1,1,1,1
IMG_3014_png_jpg.rf.ca0b870cc72a333ba4a562e5f3923d50.jpg,train,41.5926513671875,41.323455810546875,40.46533203125,42.96885299682617,42.7123908996582,40.43743133544922,47.135650634765625,18.324188232421875,42.78648376464844,52.99657440185547,21.144868850708008,43.56959915161133,1,1,1,1,1,1,1,1,1,1
IMG_3014_png_jpg.rf.c992f0eb68941e5cdd28fbc3a49432d5.jpg,train,67.70622253417969,67.76666259765625,66.76600646972656,40.78717041015625,40.95201110839844,38.87478256225586,54.3953857421875,12.3016357421875,69.12590026855469,51.8134765625,14.30843448638916,41.28398513793945,1,1,1,1,1,1,1,1,1,1
IMG_3622_png_jpg.rf.cbc93d52c984c7aff7302ddc34d702a2.jpg,train,115.04049682617188,106.73652648925781,99.05998229980469,71.5231704711914,72.40290069580078,72.11717224121094,15.492752075195312,58.89202880859375,115.38807678222656,20.238216400146484,64.87006378173828,71.68965911865234,1,1,1,1,1,1,1,1,1,1
IMG_3686_png_jpg.rf.c9827f194896dee889aaa7dbf01d093b.jpg,train,102.80258178710938,102.13784790039062,95.19998168945312,43.7977409362793,43.70840072631836,42.52743148803711,27.717971801757812,20.605331420898438,102.95663452148438,11.449714660644531,10.523608207702637,43.92703628540039,1,1,1,1,1,1,1,1,1,1
IMG_3902_png_jpg.rf.cbf1b169992fc30b80ba8a5ee8a0a5fe.jpg,train,141.80221557617188,143.8842010498047,147.22023010253906,56.38360595703125,57.949951171875,59.9748420715332,100.51315307617188,20.558029174804688,149.92881774902344,32.46635818481445,34.48872375488281,58.25506591796875,1,1,1,1,1,1,1,1,1,1
IMG_3858_png_jpg.rf.ca523e9b9d4fc25a15eb761074fa361d.jpg,train,97.10676574707031,78.27442932128906,59.085357666015625,52.96306228637695,51.3148307800293,53.8671760559082,30.514419555664062,127.95918273925781,98.62416076660156,41.446189880371094,52.435752868652344,55.79863739013672,1,1,1,1,1,1,1,1,1,1
IMG_3896_png_jpg.rf.cc16a5c75abeec9795f493675f20cf6d.jpg,train,99.70527648925781,113.87989807128906,56.75529479980469,58.56576919555664,54.09590148925781,59.625816345214844,39.66874694824219,154.9308319091797,116.56132507324219,17.148143768310547,68.37106323242188,56.513267517089844,1,1,1,1,1,1,1,1,1,1
IMG_3634_png_jpg.rf.cbfce8101b4fce5e3f949ab484c774d9.jpg,train,51.45538330078125,84.7333984375,84.88397216796875,49.945167541503906,63.08616638183594,70.25588989257812,67.896484375,142.96826171875,97.26548767089844,43.38152313232422,82.64946746826172,67.5306396484375,1,1,1,1,1,1,1,1,1,1
IMG_3701_png_jpg.rf.cbf901613c7815da60d11a4977358401.jpg,train,81.56283569335938,72.13819885253906,48.45536804199219,72.11898803710938,67.46556854248047,54.929420471191406,35.557830810546875,109.37879943847656,84.89262390136719,39.09583282470703,94.58099365234375,74.56002044677734,1,1,1,1,1,1,1,1,1,1
IMG_2987_png_jpg.rf.cc13c41434dfd41948567cb8af52766a.jpg,train,86.240966796875,79.75399780273438,75.09014892578125,66.36160278320312,74.16438293457031,82.49181365966797,52.581695556640625,130.12461853027344,92.14462280273438,51.265193939208984,101.40937042236328,73.41142272949219,1,1,1,1,1,1,1,1,1,1
IMG_3681_png_jpg.rf.cc37148fc981882d7f21437183bd2ad3.jpg,train,35.12614440917969,106.7972412109375,147.3645477294922,63.989280700683594,38.20728302001953,28.455305099487305,94.34616088867188,211.52830505371094,150.35704040527344,23.07072639465332,68.30743408203125,32.07109069824219,1,1,1,1,1,1,1,1,1,1
IMG_3631_png_jpg.rf.c8a6f3be0ebaf29bb81c088d2f817959.jpg,train,156.19471740722656,182.16453552246094,173.98593139648438,50.8807258605957,55.4532585144043,61.635475158691406,65.91419982910156,63.372222900390625,191.55335998535156,41.3463249206543,42.495426177978516,56.74355697631836,1,1,1,1,1,1,1,1,1,1
10_jpg.rf.cc5874e29d1f9dd008d5b04f1aa75bf7.jpg,train,187.25228881835938,178.23828125,176.33834838867188,57.3239631652832,70.46099853515625,69.66149139404297,38.464691162109375,28.482681274414062,187.62701416015625,57.128753662109375,53.89853286743164,57.526145935058594,1,1,1,1,1,1,1,1,1,1
IMG_3665_png_jpg.rf.cc0d9f139164a3da97e7d2c1c6405a69.jpg,train,135.6962432861328,122.43289184570312,118.44166564941406,81.4680404663086,85.51905059814453,84.35832977294922,38.36497497558594,78.07948303222656,138.92626953125,49.75850296020508,79.02993774414062,80.1391830444336,1,1,1,1,1,1,1,1,1,1
IMG_3618_png_jpg.rf.cc4c21799bf4d78bf95c627f50817f1f.jpg,train,94.51722717285156,88.22996520996094,77.46214294433594,64.56608581542969,64.70327758789062,63.53020477294922,20.836883544921875,73.33528137207031,94.94723510742188,23.629545211791992,67.01786041259766,64.87039184570312,1,1,1,1,1,1,1,1,1,1
IMG_3580_png_jpg.rf.c9c87169f7d5232ec79a0ef64a0de83c.jpg,train,137.25222778320312,127.22146606445312,108.34132385253906,59.91136932373047,58.69255828857422,56.653564453125,22.176895141601562,70.54219055175781,137.57205200195312,15.700841903686523,52.18062210083008,60.05396270751953,1,1,1,1,1,1,1,1,1,1
29_jpg.rf.cc5c360903c99f0d10c84e442405ca91.jpg,train,147.51333618164062,149.01779174804688,150.75502014160156,71.36268615722656,72.56245422363281,71.92151641845703,91.01498413085938,10.986679077148438,152.31549072265625,43.954132080078125,13.942560195922852,72.80782318115234,1,1,1,1,1,1,1,1,1,1
IMG_3665_png_jpg.rf.ccc87afcf55506735ab8f045ee06f856.jpg,train,117.52764892578125,109.94282531738281,98.3863525390625,76.31705474853516,79.20808410644531,78.67144775390625,39.49565124511719,94.25100708007812,121.09950256347656,40.800621032714844,91.98475646972656,75.13546752929688,1,1,1,1,1,1,1,1,1,1
IMG_2998_png_jpg.rf.cc92db46f5753075de8ad3161fa73f3f.jpg,train,25.460159301757812,29.27972412109375,35.65937805175781,42.06515121459961,42.52881622314453,40.720787048339844,93.85755920410156,96.87326049804688,36.601806640625,38.543052673339844,54.16923522949219,43.67984390258789,1,1,1,1,1,1,1,1,1,1
IMG_3779_png_jpg.rf.c9bd8efa99f246ecfa92d4d1c0f39870.jpg,train,110.97746276855469,106.572509765625,94.77973937988281,73.47171783447266,70.55390930175781,64.39862823486328,41.08876037597656,44.51115417480469,113.31814575195312,41.0198860168457,35.198455810546875,73.36659240722656,1,1,1,1,1,1,1,1,1,1
IMG_3743_png_jpg.rf.c91317c7d7f7daf762c204accb7ca093.jpg,train,113.01025390625,111.25172424316406,121.60275268554688,78.97219848632812,70.82642364501953,57.98284149169922,74.00325012207031,89.72154235839844,137.90701293945312,47.525978088378906,66.1183853149414,66.298095703125,1,1,1,1,1,1,1,1,1,1
IMG_3705_png_jpg.rf.cc906a1f45cd440a5fb0a37cf475bdc7.jpg,train,86.07560729980469,76.57589721679688,64.83036804199219,62.13231658935547,55.08915710449219,47.044189453125,36.208038330078125,53.005889892578125,87.062744140625,42.484554290771484,53.9534912109375,62.25102615356445,1,1,1,1,1,1,1,1,1,1
IMG_3642_png_jpg.rf.cd04a7934da788ad47f6d768d716ae55.jpg,train,120.34425354003906,61.235137939453125,56.83995056152344,63.861202239990234,61.741485595703125,58.958335876464844,16.63299560546875,149.16058349609375,120.62681579589844,36.23414993286133,88.21915435791016,63.920989990234375,1,1,1,1,1,1,1,1,1,1
IMG_3676_png_jpg.rf.ca8b6d076669bb8e194280dd56af76aa.jpg,train,117.6966552734375,114.69868469238281,104.81918334960938,66.25125122070312,66.3180923461914,64.7889175415039,27.629791259765625,43.91737365722656,118.24497985839844,22.288881301879883,59.299476623535156,66.32038879394531,1,1,1,1,1,1,1,1,1,1
IMG_3907_png_jpg.rf.c99bf97d66fa4f8bceef5c8e106a61cd.jpg,train,187.56082153320312,177.12680053710938,162.38694763183594,52.1296501159668,53.45443344116211,58.14139938354492,24.659194946289062,38.8448486328125,188.34963989257812,22.65029525756836,33.30289077758789,52.342960357666016,1,1,1,1,1,1,1,1,1,1
IMG_3878_png_jpg.rf.ccd95a73bc7231b637192bf30fe3896a.jpg,train,129.242919921875,118.47854614257812,78.91545104980469,29.62618064880371,37.177825927734375,50.38413619995117,28.708023071289062,114.47640991210938,131.86148071289062,23.27684783935547,39.741546630859375,35.68498229980469,1,1,1,1,1,1,1,1,1,1
IMG_3905_png_jpg.rf.cd5f2a735d5663e2348795c37e7c5daf.jpg,train,135.89466857910156,138.76617431640625,142.4940948486328,60.6986198425293,62.441162109375,63.72420883178711,96.92607116699219,17.41021728515625,144.0927276611328,35.26020431518555,22.458332061767578,63.523136138916016,1,1,1,1,1,1,1,1,1,1
IMG_3721_png_jpg.rf.ccdddab92474a214028b89f280863bde.jpg,train,72.28028869628906,69.359130859375,62.31791687011719,69.3218994140625,68.59504699707031,62.67442321777344,20.395584106445312,37.0242919921875,72.59870910644531,19.87472915649414,26.81586456298828,69.493408203125,1,1,1,1,1,1,1,1,1,1
IMG_3649_png_jpg.rf.cd8e3f34876ef9b2d914af08d5505f86.jpg,train,167.85507202148438,152.17898559570312,132.97515869140625,57.6707649230957,56.81991195678711,57.49810028076172,19.43963623046875,71.48793029785156,168.2730712890625,18.47842025756836,60.19735336303711,57.68993377685547,1,1,1,1,1,1,1,1,1,1
IMG_3821_png_jpg.rf.cd65349523300487814159b75da54c5c.jpg,train,157.33114624023438,152.52651977539062,141.9984130859375,48.74483108520508,50.605499267578125,50.745243072509766,26.2603759765625,35.51835632324219,158.50144958496094,16.61507797241211,46.3387336730957,49.43929672241211,1,1,1,1,1,1,1,1,1,1
IMG_3669_png_jpg.rf.c9acfb0facf21acd185c0e10012db4ae.jpg,train,104.4954833984375,103.04226684570312,99.39204406738281,66.69427490234375,63.724281311035156,61.736209869384766,62.274688720703125,41.12843322753906,109.3380126953125,40.35664749145508,47.22529602050781,67.53194427490234,1,1,1,1,1,1,1,1,1,1
IMG_3967_png_jpg.rf.c8fd62c3091ac2a01a6f13eaca8e474b.jpg,train,127.191650390625,118.55287170410156,104.52415466308594,47.70336151123047,48.54957962036133,49.11697006225586,29.476348876953125,56.69554138183594,127.97274780273438,31.82695960998535,44.88805389404297,48.042179107666016,1,1,1,1,1,1,1,1,1,1
IMG_3880_png_jpg.rf.cdb2d5eccb1387e6812ab38f33ffcbc0.jpg,train,123.28288269042969,116.44320678710938,68.16883850097656,26.949851989746094,35.7222785949707,53.74070739746094,33.3487548828125,135.31878662109375,128.33871459960938,26.74077606201172,52.02479553222656,37.07630157470703,1,1,1,1,1,1,1,1,1,1
IMG_3754_png_jpg.rf.c8b5a375d7b6042f0c5d5189eaad5865.jpg,train,95.59390258789062,95.04911804199219,79.30033874511719,65.12565612792969,63.9221076965332,60.97304153442383,31.2584228515625,75.41973876953125,97.14997863769531,18.25084686279297,71.9405746459961,64.66625213623047,1,1,1,1,1,1,1,1,1,1
IMG_3679_png_jpg.rf.cdb228657923fc509ecc45879ee61018.jpg,train,70.95843505859375,124.77656555175781,203.29566955566406,60.51459503173828,44.452030181884766,29.775938034057617,102.44973754882812,173.13314819335938,205.1620635986328,20.54707145690918,56.23048782348633,30.061342239379883,1,1,1,1,1,1,1,1,1,1
IMG_3845_png_jpg.rf.cda6f66f04343fdb8f84c7b6a25528dd.jpg,train,55.27934265136719,54.128021240234375,44.307373046875,62.114376068115234,61.84469985961914,53.70732498168945,19.910980224609375,58.00640869140625,55.9232177734375,20.32084846496582,75.16169738769531,62.91783905029297,1,1,1,1,1,1,1,1,1,1
IMG_3562_png_jpg.rf.c9d4d65a9a4ed57355b3314007a1a099.jpg,train,108.81582641601562,104.75811767578125,90.55380249023438,71.4941177368164,66.33222961425781,58.84632110595703,40.83470153808594,32.107025146484375,110.44070434570312,40.999969482421875,49.57825469970703,71.56491088867188,1,1,1,1,1,1,1,1,1,1
IMG_3028_png_jpg.rf.cde7394ad57161ddafac4d29fa4bf31a.jpg,train,101.69366455078125,66.12295532226562,126.9019775390625,52.79433059692383,42.42576599121094,72.32034301757812,99.07130432128906,120.03257751464844,129.7355499267578,58.38356018066406,60.100990295410156,70.32106018066406,1,1,1,1,1,1,1,1,1,1
IMG_3584_png_jpg.rf.ca9e646c579730b33b00d6f4b67eade6.jpg,train,138.28680419921875,126.31890869140625,106.00807189941406,81.74929809570312,76.15638732910156,68.54739379882812,21.996627807617188,76.65898132324219,138.5527801513672,14.959760665893555,46.7424201965332,81.60254669189453,1,1,1,1,1,1,1,1,1,1
IMG_3716_png_jpg.rf.ce0a3b821711a907723d29672b86e75d.jpg,train,101.91053771972656,84.92106628417969,73.33216857910156,77.68589782714844,68.1097640991211,73.68435668945312,47.08805847167969,143.3477325439453,117.25672912597656,48.18156814575195,90.01412963867188,73.7841796875,1,1,1,1,1,1,1,1,1,1
IMG_3949_png_jpg.rf.ce396584b0e1f12df85105be64497f44.jpg,train,144.24510192871094,104.31272888183594,103.63584899902344,50.429832458496094,66.51275634765625,64.56895446777344,102.83192443847656,98.17677307128906,144.40615844726562,83.42044830322266,71.85273742675781,50.647098541259766,1,1,1,1,1,1,1,1,1,1
IMG_3850_png_jpg.rf.ce23fd2fec563d219f0d0683bc468638.jpg,train,111.71333312988281,109.27256774902344,102.85090637207031,59.5838737487793,59.32490539550781,57.23380661010742,22.075607299804688,22.4842529296875,111.90495300292969,10.701390266418457,15.296286582946777,59.7951774597168,1,1,1,1,1,1,1,1,1,1
IMG_3702_png_jpg.rf.c9f6426cb82d4bbd689edbe3f3785cc2.jpg,train,132.41563415527344,117.28157043457031,101.73469543457031,76.5477066040039,71.0813980102539,67.46088409423828,32.70701599121094,66.61878967285156,135.5690460205078,37.26443099975586,53.32857131958008,78.46548461914062,1,1,1,1,1,1,1,1,1,1
IMG_3761_png_jpg.rf.cab33f38f1666c78fbb7323e5fadb3b3.jpg,train,37.58673095703125,35.708709716796875,28.909423828125,59.8620491027832,58.28937911987305,53.14268112182617,22.906936645507812,83.70654296875,38.260009765625,32.48379135131836,97.19638061523438,60.26947021484375,1,1,1,1,1,1,1,1,1,1
IMG_3867_png_jpg.rf.cea6a48645d1056add89330feb7d7d2a.jpg,train,63.87031555175781,46.46632385253906,44.29032897949219,75.25347137451172,58.165077209472656,55.98223876953125,39.574676513671875,116.50595092773438,68.83714294433594,41.21385955810547,82.38154602050781,76.79566955566406,1,1,1,1,1,1,1,1,1,1
IMG_3828_png_jpg.rf.ce50043a2441abb21e52b163a187ec2f.jpg,train,143.7859344482422,138.9227752685547,127.81878662109375,59.53959655761719,60.52532196044922,62.574180603027344,34.380401611328125,48.736846923828125,145.9933624267578,34.670745849609375,49.73138427734375,60.704185485839844,1,1,1,1,1,1,1,1,1,1
IMG_3640_png_jpg.rf.ceabbb91d8f040270ff8e1e2081fa0a7.jpg,train,134.56959533691406,129.2349853515625,116.63595581054688,70.1932144165039,68.54315948486328,70.29204559326172,32.916107177734375,53.594085693359375,135.54100036621094,28.396526336669922,65.64202117919922,69.9696273803711,1,1,1,1,1,1,1,1,1,1
IMG_3803_png_jpg.rf.cea9e187a03ebe745f78ae3068c59be3.jpg,train,29.340347290039062,30.928375244140625,20.396270751953125,52.26803207397461,53.47842025756836,45.25001907348633,31.848373413085938,120.78535461425781,32.40350341796875,34.079105377197266,100.98706817626953,54.4571647644043,1,1,1,1,1,1,1,1,1,1
IMG_3686_png_jpg.rf.ce8c51b864dfea47bee4cd9925bf4de6.jpg,train,99.16047668457031,95.07777404785156,85.38040161132812,45.02199935913086,45.10772705078125,43.68544387817383,21.924575805664062,40.27061462402344,99.25830078125,12.104331970214844,21.448257446289062,45.21727752685547,1,1,1,1,1,1,1,1,1,1
IMG_3841_png_jpg.rf.ca65b6f87bce8332351e3acc47dc4b21.jpg,train,139.4151611328125,132.4743194580078,121.49769592285156,62.81798553466797,62.93559646606445,61.08192443847656,20.348922729492188,42.82551574707031,139.69186401367188,14.518587112426758,39.60577392578125,63.05470657348633,1,1,1,1,1,1,1,1,1,1
IMG_3949_png_jpg.rf.ceedf0c740157fc4035fa7594b89dd81.jpg,train,184.94810485839844,142.89144897460938,142.1649627685547,42.202022552490234,58.25888442993164,56.14097213745117,107.08316040039062,70.27365112304688,185.0941925048828,82.46401977539062,39.158241271972656,42.35297775268555,1,1,1,1,1,1,1,1,1,1
IMG_3649_png_jpg.rf.ced5765d5215529a19c9a6c23697d44c.jpg,train,172.4945068359375,156.22398376464844,129.845703125,59.72677993774414,57.86300277709961,55.664188385009766,21.521896362304688,77.64297485351562,173.003173828125,17.792465209960938,47.837833404541016,59.71401596069336,1,1,1,1,1,1,1,1,1,1
IMG_3027_png_jpg.rf.cea79136133a6c88046414a101958582.jpg,train,187.61167907714844,135.41929626464844,185.30067443847656,59.97080612182617,35.81515884399414,64.86875915527344,105.84049987792969,67.31242370605469,189.9312744140625,59.0345573425293,42.840843200683594,61.22615432739258,1,1,1,1,1,1,1,1,1,1
IMG_3961_png_jpg.rf.cf6d8e8f5461a155670e7d33708c9084.jpg,train,57.26283264160156,55.41438293457031,41.42645263671875,46.40555953979492,45.60036087036133,48.02006149291992,36.03977966308594,112.51589965820312,58.31016540527344,31.980806350708008,68.09381866455078,48.241519927978516,1,1,1,1,1,1,1,1,1,1
IMG_3563_png_jpg.rf.cfa0f6e8cda51378c66766c473640559.jpg,train,100.71397399902344,95.68162536621094,80.03544616699219,76.80182647705078,70.9206314086914,62.293460845947266,30.910614013671875,35.35797119140625,101.60699462890625,34.37852478027344,52.1434211730957,76.85537719726562,1,1,1,1,1,1,1,1,1,1
IMG_3640_png_jpg.rf.cf1f98f4bff2ac00cf6c76128d2c137a.jpg,train,118.7581787109375,109.07402038574219,102.41171264648438,71.49820709228516,69.11363983154297,69.0335464477539,28.242630004882812,53.11485290527344,119.27304077148438,36.804718017578125,62.34040451049805,71.78470611572266,1,1,1,1,1,1,1,1,1,1
IMG_3014_png_jpg.rf.cebd3ef667b5f3433e9b5635a3707829.jpg,train,32.29707336425781,32.25810241699219,31.413711547851562,44.083377838134766,44.00418472290039,41.57272720336914,35.66288757324219,16.491195678710938,32.99754333496094,48.09199905395508,25.616329193115234,44.57878875732422,1,1,1,1,1,1,1,1,1,1
IMG_3728_png_jpg.rf.d02bdbe520e50fc7fdd3a3b7e37f9ab5.jpg,train,140.46624755859375,135.03634643554688,130.73077392578125,75.55613708496094,75.59099578857422,75.84645080566406,22.29132080078125,38.92352294921875,140.62847900390625,29.074234008789062,64.61945343017578,75.5384750366211,1,1,1,1,1,1,1,1,1,1
IMG_3950_png_jpg.rf.cfbb38e19a7c2255596a1a93c6e9065e.jpg,train,158.2653045654297,137.0515899658203,131.12164306640625,47.0064811706543,55.51239776611328,57.52593994140625,25.315139770507812,52.92878723144531,158.6625213623047,48.655113220214844,31.649059295654297,47.547969818115234,1,1,1,1,1,1,1,1,1,1
IMG_3737_png_jpg.rf.cfd7ca5c2be4ed12f54e2f99272df5ac.jpg,train,133.3916778564453,131.3986053466797,112.92875671386719,35.976318359375,37.58527374267578,38.55630111694336,27.864013671875,46.182891845703125,134.22840881347656,12.584339141845703,43.410099029541016,35.89890670776367,1,1,1,1,1,1,1,1,1,1
IMG_3923_png_jpg.rf.cfe71acc9c4a24bc78985454b26771ef.jpg,train,156.4882049560547,134.25042724609375,90.87425231933594,51.629051208496094,55.33846664428711,58.38538360595703,22.38458251953125,127.24446105957031,156.9095916748047,19.22658920288086,64.21372985839844,51.65593338012695,1,1,1,1,1,1,1,1,1,1
IMG_3600_png_jpg.rf.d00214a28dae93c8b1e77eaf0ece83ee.jpg,train,182.6175079345703,179.2066650390625,171.18814086914062,41.8562126159668,42.566104888916016,43.530128479003906,27.6566162109375,17.457015991210938,183.1133270263672,17.012731552124023,22.405460357666016,41.86505889892578,1,1,1,1,1,1,1,1,1,1
IMG_2996_png_jpg.rf.cedc2b739e3ea93c0d1a5376ff65dbbf.jpg,train,84.4339599609375,85.58750915527344,90.3980712890625,48.02134704589844,48.444393157958984,49.877193450927734,100.99955749511719,23.652496337890625,91.64639282226562,35.72932052612305,25.95722770690918,50.86142349243164,1,1,1,1,1,1,1,1,1,1
IMG_3753_png_jpg.rf.cff378b0c4e041c89cdbf2d510842e73.jpg,train,56.42289733886719,52.816314697265625,46.608551025390625,56.716514587402344,54.56891632080078,50.82624053955078,20.891769409179688,66.78025817871094,56.85093688964844,22.293256759643555,70.50829315185547,57.27096939086914,1,1,1,1,1,1,1,1,1,1
IMG_3957_png_jpg.rf.ce8db86f3d782c24cfedc61269d6e333.jpg,train,111.64927673339844,99.31668090820312,88.01571655273438,70.96807098388672,63.27821731567383,54.746097564697266,42.463226318359375,84.56971740722656,115.60189819335938,47.938629150390625,65.17513275146484,67.35359191894531,1,1,1,1,1,1,1,1,1,1
IMG_3780_png_jpg.rf.cfd7cd2bd31e40eb6735d63221e0d646.jpg,train,55.47607421875,54.911590576171875,39.15843200683594,64.51104736328125,59.16358184814453,53.4660530090332,35.53446960449219,136.0419464111328,60.64952087402344,28.529464721679688,86.68440246582031,64.51179504394531,1,1,1,1,1,1,1,1,1,1
IMG_3768_png_jpg.rf.d04eccf90ffc13da437fcbe782a0ee41.jpg,train,49.68109130859375,41.4334716796875,34.864837646484375,58.17432403564453,50.38942337036133,46.10467529296875,17.277725219726562,71.26222229003906,50.123504638671875,26.230302810668945,75.99671173095703,58.77458190917969,1,1,1,1,1,1,1,1,1,1
33_jpg.rf.c8b91efb39f5c7894379a0e67a99387d.jpg,train,136.15081787109375,137.5550537109375,128.63427734375,55.4706916809082,56.3956184387207,52.754154205322266,31.984359741210938,16.77178955078125,138.34193420410156,34.26496505737305,30.446046829223633,56.60466766357422,1,1,1,1,1,1,1,1,1,1
IMG_3887_png_jpg.rf.d096db8968ab8003e2221dc3ae6faae2.jpg,train,176.13507080078125,173.60935974121094,169.3346405029297,46.75493240356445,47.42560958862305,47.88624954223633,33.30137634277344,11.129165649414062,176.6819610595703,42.539371490478516,22.477054595947266,46.82297134399414,1,1,1,1,1,1,1,1,1,1
IMG_3845_png_jpg.rf.cf6af6aa028b31124ef9b9dff4483d49.jpg,train,111.50845336914062,109.46186828613281,102.03044128417969,64.81473541259766,63.72553634643555,59.90475845336914,25.467758178710938,21.424224853515625,111.83168029785156,14.744525909423828,19.25173568725586,65.03927612304688,1,1,1,1,1,1,1,1,1,1
IMG_3587_png_jpg.rf.d08f2d87556bc0b456fcd5aff2a8caef.jpg,train,93.60946655273438,85.43775939941406,68.33555603027344,47.739749908447266,51.31171798706055,50.607913970947266,23.993133544921875,83.19554138183594,94.07254028320312,18.71904754638672,54.438899993896484,48.50137710571289,1,1,1,1,1,1,1,1,1,1
IMG_3631_png_jpg.rf.d0c87b5393cd276becdef2c47f82cb46.jpg,train,89.06428527832031,118.57075500488281,107.837890625,60.898712158203125,74.07173919677734,73.21939849853516,64.98399353027344,109.04147338867188,129.57411193847656,45.992008209228516,64.93770599365234,75.25858306884766,1,1,1,1,1,1,1,1,1,1
IMG_3916_png_jpg.rf.ceed3ff693e31699f6ac57f8e67ac1b0.jpg,train,86.39155578613281,89.33427429199219,86.79824829101562,63.18983459472656,66.8154525756836,71.50318145751953,63.23954772949219,72.36520385742188,96.10688781738281,42.80704879760742,73.20331573486328,69.18780517578125,1,1,1,1,1,1,1,1,1,1
IMG_3637_png_jpg.rf.d05e2f98153b15cf65f58831ac42ec95.jpg,train,93.421630859375,88.91287231445312,79.54281616210938,66.76937866210938,64.96659851074219,62.84156799316406,27.89630126953125,64.01454162597656,94.05308532714844,24.674781799316406,67.47112274169922,66.99179077148438,1,1,1,1,1,1,1,1,1,1
IMG_3858_png_jpg.rf.d0b8f69639a76a8e3d74f64e293d8b76.jpg,train,121.15208435058594,100.97480773925781,73.73603820800781,52.71913528442383,51.73170471191406,55.27363967895508,32.35258483886719,124.16790771484375,122.56367492675781,41.147125244140625,55.99445343017578,54.874446868896484,1,1,1,1,1,1,1,1,1,1
IMG_3609_png_jpg.rf.cf78dde364b14ebb97919408d701ca87.jpg,train,109.16658020019531,108.02996826171875,99.20826721191406,36.895687103271484,35.47372055053711,34.66178512573242,27.018356323242188,25.025070190429688,109.71749877929688,11.11002254486084,23.61713409423828,37.00440979003906,1,1,1,1,1,1,1,1,1,1
IMG_3798_png_jpg.rf.d0ff269526ff8301842e57762a9b6b80.jpg,train,60.741973876953125,58.71488952636719,42.28742980957031,64.57823944091797,63.31793975830078,58.1622314453125,27.754425048828125,122.30661010742188,63.200714111328125,24.816675186157227,87.177490234375,64.63919067382812,1,1,1,1,1,1,1,1,1,1
IMG_3689_png_jpg.rf.d101d0f3d51f9c4bcba470cf86a13e4e.jpg,train,154.152587890625,144.9453582763672,135.83416748046875,55.187644958496094,56.901790618896484,58.22529602050781,18.158004760742188,41.20880126953125,154.52676391601562,21.597238540649414,45.35020065307617,55.20936584472656,1,1,1,1,1,1,1,1,1,1
IMG_3580_png_jpg.rf.d1536e1f3727f76603aae948cc2a5280.jpg,train,120.61375427246094,118.22216796875,100.94801330566406,59.880653381347656,59.280216217041016,56.52677917480469,27.848663330078125,60.70420837402344,121.04991149902344,13.619860649108887,56.272850036621094,60.039390563964844,1,1,1,1,1,1,1,1,1,1
IMG_3028_png_jpg.rf.d0e3c961f0bbaaca043025897374e518.jpg,train,120.9921875,59.95344543457031,137.8391571044922,62.591453552246094,40.66152572631836,81.18170928955078,101.17230224609375,137.09559631347656,142.38055419921875,60.65031814575195,68.54552459716797,76.93350219726562,1,1,1,1,1,1,1,1,1,1
IMG_3868_png_jpg.rf.d104c35936cfe10eb533e32b3a705784.jpg,train,135.8194122314453,75.05223083496094,58.634002685546875,48.562416076660156,52.51028060913086,50.61433792114258,20.57171630859375,153.94200134277344,136.1802215576172,42.23876953125,56.62298583984375,48.858646392822266,1,1,1,1,1,1,1,1,1,1
IMG_3896_png_jpg.rf.d112ffefad53789176bd49438abd7040.jpg,train,130.5736541748047,143.78961181640625,103.30531311035156,53.790191650390625,50.690147399902344,54.38736343383789,40.89439392089844,80.84623718261719,144.85411071777344,14.91274642944336,35.77299118041992,51.5940055847168,1,1,1,1,1,1,1,1,1,1
IMG_3947_png_jpg.rf.d1204d5093866d0385e25e94e1e66a5a.jpg,train,82.15338134765625,58.01261901855469,56.233612060546875,54.47566604614258,60.65118408203125,58.403831481933594,66.91804504394531,130.09512329101562,82.62113952636719,80.12004089355469,90.80058288574219,54.8298454284668,1,1,1,1,1,1,1,1,1,1
IMG_3765_png_jpg.rf.d32d0e90af1b3eee73bc97fb88a2975e.jpg,train,92.63435363769531,84.358154296875,73.2442626953125,67.75487518310547,62.303504943847656,58.71582794189453,22.530868530273438,69.47238159179688,93.274658203125,18.22083282470703,61.29487609863281,68.1877670288086,1,1,1,1,1,1,1,1,1,1
25_jpg.rf.d2aaedacec828f6a6577be05ec3a1c88.jpg,train,24.705520629882812,25.210968017578125,32.14860534667969,51.49457931518555,54.08331298828125,55.53561019897461,68.86569213867188,97.23677062988281,34.815093994140625,58.86962890625,98.55675506591797,60.02626419067383,1,1,1,1,1,1,1,1,1,1
IMG_3613_png_jpg.rf.d3039791df146a84715318fd2a9f907d.jpg,train,129.30819702148438,125.05722045898438,113.41485595703125,79.0879135131836,79.51092529296875,74.6404037475586,34.470123291015625,84.04449462890625,137.66644287109375,31.54041290283203,86.38615417480469,72.65171813964844,1,1,1,1,1,1,1,1,1,1
IMG_3586_png_jpg.rf.d21e25677d5e3eea69e354f934f2ee0b.jpg,train,71.28610229492188,62.525421142578125,51.239349365234375,55.17416000366211,58.0715217590332,55.800559997558594,19.323928833007812,105.46719360351562,71.74284362792969,18.88559341430664,71.05558776855469,56.260990142822266,1,1,1,1,1,1,1,1,1,1
IMG_3694_png_jpg.rf.d1db54cad3aed240689eaa8f95d17da6.jpg,train,128.90066528320312,120.27134704589844,114.27165222167969,59.950252532958984,58.94391632080078,59.34337615966797,15.680572509765625,46.99310302734375,129.13882446289062,22.204448699951172,57.14391326904297,59.93118667602539,1,1,1,1,1,1,1,1,1,1
IMG_3821_png_jpg.rf.d38c93e0c55e3ac364dd4377e99c7722.jpg,train,99.76422119140625,95.95469665527344,86.48915100097656,53.028099060058594,52.14043426513672,48.51798629760742,26.397903442382812,49.04510498046875,101.08746337890625,18.438722610473633,53.48835754394531,54.22826385498047,1,1,1,1,1,1,1,1,1,1
IMG_3796_png_jpg.rf.d3178ca2d53d7a51803e2f46cb8e99cf.jpg,train,140.84255981445312,137.41571044921875,129.76397705078125,50.290645599365234,47.72843551635742,47.73816680908203,27.758193969726562,22.587997436523438,141.56930541992188,23.44066047668457,18.290233612060547,50.51508331298828,1,1,1,1,1,1,1,1,1,1
IMG_3592_png_jpg.rf.d29b6529a16f8789b98f500413cf09ae.jpg,train,57.529052734375,46.53753662109375,38.17881774902344,53.8392219543457,55.12690734863281,52.67051315307617,17.228378295898438,125.14068603515625,58.03477478027344,25.10102081298828,68.91364288330078,54.904239654541016,1,1,1,1,1,1,1,1,1,1
IMG_3934_png_jpg.rf.d3707435f776790e80688af695791b16.jpg,train,162.13536071777344,145.19593811035156,121.41004943847656,62.37118148803711,65.77017211914062,70.07786560058594,25.985977172851562,78.61717224121094,165.65362548828125,30.238672256469727,61.46086120605469,61.41787338256836,1,1,1,1,1,1,1,1,1,1
IMG_3559_png_jpg.rf.d13916786e385467658ff515d83d0a73.jpg,train,166.42880249023438,166.9995880126953,160.99322509765625,61.31121826171875,60.215667724609375,60.71897888183594,49.97456359863281,14.20709228515625,168.562255859375,36.81580352783203,15.459364891052246,61.237709045410156,1,1,1,1,1,1,1,1,1,1
IMG_3586_png_jpg.rf.d1dedcbb6838e7d0717db6f3fd2a2d23.jpg,train,116.57626342773438,103.18084716796875,90.84994506835938,47.710060119628906,52.420894622802734,53.16303634643555,17.275405883789062,66.24971008300781,116.79776000976562,18.854084014892578,41.396759033203125,48.0807991027832,1,1,1,1,1,1,1,1,1,1
IMG_3636_png_jpg.rf.d289da3e6810766f146bf608666fcc8d.jpg,train,128.9263916015625,122.48829650878906,117.72293090820312,76.41600799560547,76.3738021850586,76.93254852294922,29.236618041992188,39.33184814453125,129.38519287109375,36.53224182128906,47.211402893066406,76.59710693359375,1,1,1,1,1,1,1,1,1,1
33_jpg.rf.d16caa0f9c19a276740b8777cb1f3b7c.jpg,train,151.4210968017578,153.31710815429688,147.0238800048828,48.63841247558594,50.10710144042969,47.1497688293457,29.197921752929688,10.591217041015625,153.8213653564453,29.86304473876953,21.786832809448242,50.21680450439453,1,1,1,1,1,1,1,1,1,1
IMG_3808_png_jpg.rf.d1be5043fa7d172bc04fe29f3de76fd8.jpg,train,77.64250183105469,70.31217956542969,56.741485595703125,63.619224548339844,62.587074279785156,60.540260314941406,22.364486694335938,103.00973510742188,78.6588134765625,26.17580223083496,90.09864044189453,63.53303527832031,1,1,1,1,1,1,1,1,1,1
IMG_3587_png_jpg.rf.d375a7205c6ffac330ded5cf20a485bf.jpg,train,78.55328369140625,65.61209106445312,54.327728271484375,49.2606315612793,53.04694747924805,51.21409225463867,18.37060546875,103.84202575683594,78.87326049804688,21.5466251373291,74.42349243164062,49.840518951416016,1,1,1,1,1,1,1,1,1,1
IMG_3627_png_jpg.rf.d2a2c0592643d6cfbc4a6fa4909811a5.jpg,train,127.20962524414062,84.42451477050781,58.905364990234375,59.25412368774414,55.58334732055664,57.96730422973633,29.252044677734375,157.02145385742188,132.59654235839844,40.56578826904297,76.52410888671875,59.77436065673828,1,1,1,1,1,1,1,1,1,1
IMG_3638_png_jpg.rf.d2ee96d99776b19f9055477f49d9601c.jpg,train,107.19679260253906,103.42074584960938,96.62083435058594,73.65342712402344,73.91937255859375,75.03599548339844,29.8126220703125,59.48820495605469,107.73503112792969,31.42856788635254,70.90364837646484,74.02365112304688,1,1,1,1,1,1,1,1,1,1
IMG_3627_png_jpg.rf.d403393cfb18fca37e38159df53f1756.jpg,train,158.25245666503906,125.28349304199219,84.42674255371094,58.97364807128906,54.43818283081055,59.46666717529297,32.70106506347656,131.65029907226562,164.18280029296875,36.50542068481445,59.35186767578125,59.33089065551758,1,1,1,1,1,1,1,1,1,1
IMG_3674_png_jpg.rf.d24199fd7582f0a29146d39c7312e144.jpg,train,109.41622924804688,106.63984680175781,97.56401062011719,66.77945709228516,66.47177124023438,64.50232696533203,26.691574096679688,45.15376281738281,110.00291442871094,24.37555503845215,63.699676513671875,66.80896759033203,1,1,1,1,1,1,1,1,1,1
IMG_3644_png_jpg.rf.d1fb9afdaa1bcefce7a06680cdd8bbbe.jpg,train,126.4346923828125,58.70787048339844,59.0770263671875,60.672203063964844,55.6093635559082,53.382835388183594,104.14247131347656,143.67205810546875,127.37911987304688,78.37589263916016,83.75889587402344,61.02130126953125,1,1,1,1,1,1,1,1,1,1
IMG_3011_png_jpg.rf.d468b542d17d6dde363ac6ddc30dfb4c.jpg,train,104.98283386230469,101.38987731933594,99.03738403320312,48.33411407470703,48.461517333984375,44.09428405761719,37.62335205078125,26.035675048828125,107.07550048828125,45.089656829833984,16.692340850830078,47.03946304321289,1,1,1,1,1,1,1,1,1,1
33_jpg.rf.d4916b2ba01eb084518d86908d77ac70.jpg,train,101.29794311523438,104.26982116699219,95.52244567871094,51.987213134765625,55.00285720825195,49.178077697753906,28.708053588867188,20.44781494140625,104.91758728027344,28.88820457458496,39.216339111328125,55.521148681640625,1,1,1,1,1,1,1,1,1,1
IMG_3615_png_jpg.rf.d43f2a551e3fc7c993fd0c2e506492b0.jpg,train,151.72987365722656,145.97056579589844,138.7874298095703,79.0648193359375,75.62059783935547,74.67334747314453,31.7010498046875,71.95863342285156,161.964599609375,32.57173538208008,81.3290023803711,68.92186737060547,1,1,1,1,1,1,1,1,1,1
IMG_3771_png_jpg.rf.d485ea689c4aebf8402ebd28d03bafd7.jpg,train,39.96826171875,37.84930419921875,27.319488525390625,65.97531127929688,62.653221130371094,53.719573974609375,25.662155151367188,99.87969970703125,41.43196105957031,36.84144592285156,104.26367950439453,66.40606689453125,1,1,1,1,1,1,1,1,1,1
IMG_3959_png_jpg.rf.d4c112ca8e0cfd818d0bc5e7f92cbf8f.jpg,train,111.61367797851562,107.15701293945312,90.32496643066406,72.46998596191406,70.28692626953125,56.39762878417969,48.53428649902344,82.54196166992188,115.03121948242188,44.92922592163086,60.88860321044922,69.18840026855469,1,1,1,1,1,1,1,1,1,1
IMG_3813_png_jpg.rf.d4f679faa9f2fdb78a941e657b6d1e24.jpg,train,160.86868286132812,162.7721405029297,119.12315368652344,48.34036636352539,44.755401611328125,56.99225616455078,31.380935668945312,80.21662902832031,167.76841735839844,19.21866798400879,52.96833419799805,46.04865264892578,1,1,1,1,1,1,1,1,1,1
33_jpg.rf.d5df5735c447246c89db06825aa8ff56.jpg,train,128.8310546875,126.87757873535156,121.79812622070312,57.79335021972656,55.935401916503906,53.56937789916992,22.847320556640625,12.797531127929688,129.34048461914062,34.699310302734375,27.265174865722656,58.072349548339844,1,1,1,1,1,1,1,1,1,1
IMG_3612_png_jpg.rf.d50e75b12b68decf4cce60489bdc5c34.jpg,train,162.79888916015625,156.83531188964844,149.87039184570312,85.1326904296875,84.05366516113281,82.12869262695312,29.894973754882812,53.35743713378906,168.49729919433594,33.993289947509766,62.0141716003418,79.48822784423828,1,1,1,1,1,1,1,1,1,1
IMG_3809_png_jpg.rf.d49cdbd578728cdb9cd87400421ccc40.jpg,train,102.3349609375,87.58871459960938,75.96853637695312,65.2936019897461,60.526817321777344,57.231529235839844,19.691757202148438,84.59091186523438,103.50692749023438,30.15935516357422,61.35042190551758,65.10533142089844,1,1,1,1,1,1,1,1,1,1
IMG_3659_png_jpg.rf.d65d1f20a2ae77631bb8dcdf1e408372.jpg,train,128.58531188964844,83.08396911621094,63.645843505859375,38.4265022277832,49.81430435180664,54.50204086303711,23.305999755859375,148.39048767089844,131.76495361328125,39.7841796875,56.01015090942383,42.99909591674805,1,1,1,1,1,1,1,1,1,1
IMG_3842_png_jpg.rf.d45b86d73847a0c7886e09644d9b7115.jpg,train,141.7486572265625,133.6774139404297,122.546875,60.90085983276367,60.96548080444336,60.07743835449219,21.786575317382812,44.94354248046875,141.95095825195312,16.11264991760254,51.32704544067383,60.91064453125,1,1,1,1,1,1,1,1,1,1
IMG_3672_png_jpg.rf.d62f44e3a495ddeae7ef8a70a919184b.jpg,train,152.50341796875,151.2606658935547,145.16664123535156,56.60036849975586,56.40150451660156,54.32372283935547,60.707550048828125,20.697189331054688,155.07139587402344,42.49324417114258,25.952821731567383,56.35686111450195,1,1,1,1,1,1,1,1,1,1
IMG_3700_png_jpg.rf.d6360c6e66c44c751d3376ce5d05e09d.jpg,train,116.4110107421875,96.78251647949219,80.48719787597656,82.0931396484375,72.655517578125,67.98078155517578,37.70428466796875,100.38272094726562,120.89205932617188,46.109466552734375,83.82699584960938,84.84600830078125,1,1,1,1,1,1,1,1,1,1
IMG_3018_png_jpg.rf.d647bab3eb4d91f925405f049ce7a78a.jpg,train,42.87550354003906,40.24180603027344,38.424041748046875,48.87895965576172,48.92666244506836,46.7426872253418,36.303680419921875,62.12969970703125,43.23451232910156,57.87306213378906,80.55232238769531,49.55058670043945,1,1,1,1,1,1,1,1,1,1
IMG_3850_png_jpg.rf.d5f6e21d05af4414965dd29dd2c6fe04.jpg,train,72.13278198242188,70.425048828125,63.26710510253906,65.05679321289062,64.18952941894531,60.425533294677734,25.15338134765625,58.88499450683594,72.37242126464844,8.557792663574219,52.638465881347656,65.29900360107422,1,1,1,1,1,1,1,1,1,1
IMG_3831_png_jpg.rf.d599483ebaa6709e3a9bafd752c9085d.jpg,train,99.43772888183594,99.19645690917969,95.65872192382812,61.160797119140625,60.261817932128906,54.862945556640625,34.28070068359375,9.29443359375,100.55113220214844,45.80583190917969,20.620357513427734,61.558780670166016,1,1,1,1,1,1,1,1,1,1
IMG_3949_png_jpg.rf.d6a988003f276732a7001e24692b8b49.jpg,train,149.89785766601562,127.4793701171875,108.24662780761719,52.57523727416992,59.81898880004883,63.423946380615234,16.219772338867188,86.70216369628906,150.50289916992188,12.468465805053711,51.296871185302734,53.07442855834961,1,1,1,1,1,1,1,1,1,1
IMG_3583_png_jpg.rf.d49918982da987fe5bb731e24c18e13a.jpg,train,153.3957061767578,138.85894775390625,125.91255187988281,74.7182846069336,69.18099975585938,65.867919921875,19.004241943359375,58.19989013671875,154.02027893066406,19.601125717163086,39.5904541015625,74.09619903564453,1,1,1,1,1,1,1,1,1,1
IMG_3012_png_jpg.rf.d68b8d53b6eac8e74da012da5cad35bc.jpg,train,86.23773193359375,87.05337524414062,86.22796630859375,52.45155334472656,51.48186492919922,45.92636489868164,64.00009155273438,35.07014465332031,91.50495910644531,43.62129211425781,21.381074905395508,49.72714614868164,1,1,1,1,1,1,1,1,1,1
IMG_3887_png_jpg.rf.d67157cc678d427118d1af0cb80d0e67.jpg,train,163.22509765625,163.01068115234375,156.2593536376953,49.09321212768555,49.80570983886719,49.60661315917969,33.082550048828125,13.344589233398438,164.09304809570312,29.129566192626953,24.110319137573242,49.223262786865234,1,1,1,1,1,1,1,1,1,1
IMG_3757_png_jpg.rf.d60ad78ec278f8b2d95c10c79a1fdc4b.jpg,train,65.72726440429688,60.71058654785156,57.12657165527344,57.040000915527344,53.498374938964844,52.062171936035156,17.67437744140625,51.31571960449219,66.09979248046875,23.875825881958008,55.6553955078125,57.55575942993164,1,1,1,1,1,1,1,1,1,1
IMG_3884_png_jpg.rf.d64944f7460128cece51994510b9b642.jpg,train,119.37776184082031,121.28121948242188,101.88372802734375,65.83272552490234,66.41162872314453,73.3763427734375,52.0626220703125,91.92549133300781,130.2133331298828,42.20168685913086,77.36808013916016,68.03255462646484,1,1,1,1,1,1,1,1,1,1
IMG_3719_png_jpg.rf.d6b979ae4c1062382bff007e2758cbf9.jpg,train,37.55763244628906,29.549087524414062,26.296539306640625,69.9572982788086,59.3625373840332,55.129119873046875,14.237899780273438,43.212158203125,37.890838623046875,38.44466018676758,76.51776123046875,70.34635925292969,1,1,1,1,1,1,1,1,1,1
IMG_3001_png_jpg.rf.d55681c20d233a4c92599c5e6609b994.jpg,train,59.23292541503906,67.62310791015625,84.42306518554688,43.48990249633789,43.377017974853516,40.100677490234375,107.50151062011719,94.9937744140625,85.14823913574219,16.931079864501953,46.17550277709961,42.00609588623047,1,1,1,1,1,1,1,1,1,1
IMG_3658_png_jpg.rf.d737ab3e1f135b81b9c5ddb4fa0f7a52.jpg,train,153.96173095703125,131.92771911621094,78.59146118164062,38.37129592895508,47.055233001708984,64.6005859375,32.525238037109375,150.58468627929688,160.7136688232422,33.138885498046875,64.0952377319336,44.827171325683594,1,1,1,1,1,1,1,1,1,1
IMG_3707_png_jpg.rf.d73e79391af2b047ba07ea21de2f9050.jpg,train,135.28395080566406,124.07025146484375,110.58781433105469,66.10220336914062,54.54121780395508,48.77180862426758,42.62049865722656,45.33204650878906,138.1842041015625,41.24782180786133,48.960697174072266,64.76935577392578,1,1,1,1,1,1,1,1,1,1
IMG_3907_png_jpg.rf.d6fec5c1fc16536117d175f510de15d7.jpg,train,164.531005859375,157.6123046875,137.95907592773438,60.7262077331543,60.775428771972656,65.75276184082031,29.938766479492188,50.508697509765625,166.0069122314453,23.06612205505371,42.180511474609375,61.15567398071289,1,1,1,1,1,1,1,1,1,1
IMG_3014_png_jpg.rf.d6d985d4b7a944d79d75d49f3f6d3b48.jpg,train,43.99250793457031,43.79862976074219,43.24168395996094,44.876625061035156,44.44003677368164,42.77168273925781,58.15190124511719,28.261810302734375,45.621734619140625,53.778770446777344,34.60880661010742,45.31925582885742,1,1,1,1,1,1,1,1,1,1
IMG_3600_png_jpg.rf.d670ccfad7096041afb7437d4ec1045e.jpg,train,156.7701873779297,156.01425170898438,146.55584716796875,48.55882263183594,48.61894607543945,48.24161148071289,32.7750244140625,19.775680541992188,157.90823364257812,12.13571834564209,24.83121681213379,48.38728713989258,1,1,1,1,1,1,1,1,1,1
30_jpg.rf.d65e3fbf65178e2691a25ecf71a16d01.jpg,train,113.38458251953125,114.2734375,104.88330078125,55.4981803894043,56.05325698852539,51.6868782043457,31.664031982421875,21.290725708007812,114.86955261230469,15.537467002868652,31.572948455810547,56.37998580932617,1,1,1,1,1,1,1,1,1,1
IMG_3735_png_jpg.rf.d64bb33499c63e13b0c2b2e9b61b6f89.jpg,train,193.52052307128906,185.12322998046875,177.5962371826172,60.172996520996094,65.32806396484375,69.2092514038086,14.8670654296875,31.590133666992188,193.67062377929688,9.806685447692871,36.924556732177734,60.22871780395508,1,1,1,1,1,1,1,1,1,1
IMG_3816_png_jpg.rf.d74f4d8f74eb96bd7a6f41a3c30d69e8.jpg,train,163.00064086914062,160.474853515625,156.36900329589844,70.59041595458984,74.30836486816406,80.35690307617188,62.43165588378906,37.58384704589844,169.04067993164062,43.20695877075195,46.52191925048828,72.3151626586914,1,1,1,1,1,1,1,1,1,1
IMG_3633_png_jpg.rf.d77877b90c1aa29da9293da7770f7da3.jpg,train,133.3407440185547,153.28427124023438,141.89108276367188,53.89051055908203,59.62108612060547,63.38825607299805,55.28266906738281,71.12272644042969,162.59893798828125,45.691802978515625,48.27241897583008,59.054962158203125,1,1,1,1,1,1,1,1,1,1
IMG_3856_png_jpg.rf.d74005a44d242b52d9ce7205f3b37f15.jpg,train,71.48551940917969,65.18630981445312,59.9295654296875,68.1470718383789,64.09766387939453,60.54332733154297,14.219406127929688,61.398651123046875,71.60763549804688,17.494970321655273,70.7701187133789,68.34009552001953,1,1,1,1,1,1,1,1,1,1
IMG_3611_png_jpg.rf.d802798c3a4a8e52d7802d7f4421277c.jpg,train,161.1498565673828,146.97396850585938,137.89955139160156,84.30020141601562,85.41215515136719,84.44109344482422,24.606857299804688,70.62141418457031,164.85406494140625,35.0242919921875,71.18794250488281,80.33856201171875,1,1,1,1,1,1,1,1,1,1
IMG_3009_png_jpg.rf.d83a738c3fc4121bfc3b8dd25683dd1e.jpg,train,53.561981201171875,52.2188720703125,47.583892822265625,49.08854675292969,50.83577346801758,47.121517181396484,30.777023315429688,39.188568115234375,54.81086730957031,34.72039794921875,32.39729309082031,51.30973815917969,1,1,1,1,1,1,1,1,1,1
IMG_3894_png_jpg.rf.d7fbc6cfe53a4232db1c06fc485b38e0.jpg,train,113.62178039550781,117.45858764648438,66.52218627929688,60.09532165527344,53.63251495361328,60.48957061767578,35.033050537109375,139.3050994873047,124.41671752929688,18.08824920654297,61.61119079589844,58.152774810791016,1,1,1,1,1,1,1,1,1,1
IMG_3708_png_jpg.rf.d7b77d4ba6ff66ac67ceb7ea6def66c4.jpg,train,103.14836120605469,95.46592712402344,89.0653076171875,69.63842010498047,57.32674026489258,52.10952377319336,64.53692626953125,60.364013671875,109.98994445800781,45.09886169433594,56.56605529785156,67.72813415527344,1,1,1,1,1,1,1,1,1,1
IMG_3871_png_jpg.rf.d779249cc2499a5541a6b0aa9e838ae7.jpg,train,159.8324432373047,71.6881103515625,90.62800598144531,68.10990142822266,54.13348388671875,56.348018646240234,127.53939819335938,145.80722045898438,160.84193420410156,70.60452270507812,51.448509216308594,67.21111297607422,1,1,1,1,1,1,1,1,1,1
IMG_3916_png_jpg.rf.d7f0aace36a10334c17435c8e629f467.jpg,train,116.04560852050781,118.10089111328125,113.56617736816406,65.57205200195312,68.1173324584961,73.4103775024414,64.18104553222656,59.03547668457031,124.13059997558594,42.015228271484375,71.57331085205078,68.8990707397461,1,1,1,1,1,1,1,1,1,1
IMG_3568_png_jpg.rf.d8481f15b9dd44316f5ca8d6c6dcf05c.jpg,train,148.8824920654297,154.55455017089844,146.69000244140625,78.35763549804688,72.98774719238281,73.82001495361328,52.58683776855469,44.63969421386719,161.4788055419922,34.81499481201172,49.8997802734375,73.91368103027344,1,1,1,1,1,1,1,1,1,1
IMG_3634_png_jpg.rf.d8bc2f1708c10be274aa4cabd21dd69d.jpg,train,96.95468139648438,125.01541137695312,127.1558837890625,54.97218704223633,63.4786376953125,72.09847259521484,73.84849548339844,92.48175048828125,138.82839965820312,41.001705169677734,59.737892150878906,69.28971099853516,1,1,1,1,1,1,1,1,1,1
IMG_3837_png_jpg.rf.d85d56d6fc386c18a2c6e2e92ad3196b.jpg,train,150.2337188720703,144.61221313476562,118.90379333496094,60.792484283447266,58.322383880615234,60.005332946777344,37.765594482421875,65.61236572265625,153.3158721923828,37.44651794433594,66.37979125976562,60.53635025024414,1,1,1,1,1,1,1,1,1,1
32_jpg.rf.d8aaff142f1230ecfb4bbaf290e84aff.jpg,train,114.09547424316406,113.64622497558594,106.30363464355469,59.29347610473633,58.74939727783203,55.06605529785156,27.729034423828125,20.393524169921875,115.22476196289062,31.411996841430664,37.00217056274414,59.940338134765625,1,1,1,1,1,1,1,1,1,1
IMG_3958_png_jpg.rf.d8147cca4ef8d9538d5f4cf391941985.jpg,train,117.85891723632812,107.76765441894531,100.34921264648438,68.70217895507812,61.58531951904297,54.98202133178711,47.375885009765625,60.343597412109375,121.74261474609375,48.23492431640625,28.225065231323242,64.9122314453125,1,1,1,1,1,1,1,1,1,1
IMG_3737_png_jpg.rf.d887d0f7fb954e5ffde92cdbe13747be.jpg,train,158.94277954101562,155.0228271484375,140.8277587890625,39.23040008544922,40.5999870300293,41.52977752685547,24.565444946289062,32.77296447753906,159.32260131835938,13.088273048400879,30.034460067749023,39.14055252075195,1,1,1,1,1,1,1,1,1,1
IMG_3660_png_jpg.rf.d7b1d9e3bee18bffb527f6de2689ca27.jpg,train,164.1953887939453,137.3943328857422,102.80419921875,36.36214828491211,44.898765563964844,55.13994216918945,30.406051635742188,111.45420837402344,169.3661346435547,35.528717041015625,45.84280776977539,40.711570739746094,1,1,1,1,1,1,1,1,1,1
IMG_3731_png_jpg.rf.d86333da5787b3893e7feef916069720.jpg,train,142.64109802246094,140.24815368652344,132.7034912109375,54.81626892089844,54.547733306884766,53.948429107666016,27.249114990234375,22.57525634765625,143.09652709960938,15.43515682220459,27.85456085205078,54.959877014160156,1,1,1,1,1,1,1,1,1,1
IMG_3017_png_jpg.rf.d8d5ba68573ef52bbd57dbb4e2d6960d.jpg,train,85.27789306640625,79.56929016113281,76.33346557617188,53.496986389160156,54.3112907409668,52.2673454284668,20.82757568359375,34.570465087890625,85.44624328613281,37.78740310668945,22.876693725585938,53.83020782470703,1,1,1,1,1,1,1,1,1,1
IMG_3564_png_jpg.rf.d9ae6962c5a2d4496ffc48637fcf8f9e.jpg,train,111.58547973632812,105.45851135253906,99.94831848144531,69.33114624023438,69.49263763427734,71.34649658203125,36.806976318359375,38.733795166015625,113.16740417480469,40.9069938659668,60.781558990478516,70.6394271850586,1,1,1,1,1,1,1,1,1,1
IMG_3702_png_jpg.rf.d7e90005dd026d98e49b8a02251fa889.jpg,train,129.80982971191406,125.41377258300781,99.72366333007812,79.73258209228516,78.00308227539062,68.7574462890625,37.74137878417969,63.237945556640625,133.76731872558594,31.44597816467285,52.96428298950195,81.96917724609375,1,1,1,1,1,1,1,1,1,1
IMG_3661_png_jpg.rf.d9a63591f25b5cb5c97bcac541d77931.jpg,train,112.11042785644531,88.4755859375,50.466583251953125,37.24300765991211,44.24939727783203,53.78035354614258,29.007415771484375,164.5203857421875,115.10346984863281,34.115264892578125,67.44090270996094,42.238197326660156,1,1,1,1,1,1,1,1,1,1
IMG_3878_png_jpg.rf.d9c145e253b5e4c05a589babdaa4198f.jpg,train,120.796875,93.4798583984375,48.43623352050781,26.625619888305664,41.53614807128906,58.744747161865234,24.237228393554688,175.5761260986328,124.53387451171875,24.35738754272461,67.98533630371094,35.268470764160156,1,1,1,1,1,1,1,1,1,1
IMG_3637_png_jpg.rf.d8508ca2f61f3737c03a3563bfbd250f.jpg,train,132.8576202392578,129.17832946777344,118.81523132324219,69.41275024414062,68.71258544921875,68.4622573852539,28.876983642578125,39.08262634277344,133.48829650878906,19.098217010498047,47.72465896606445,69.58171844482422,1,1,1,1,1,1,1,1,1,1
IMG_3695_png_jpg.rf.d92daf0c6d58c1e7ca18b0961a049b34.jpg,train,154.86033630371094,153.5517578125,139.70506286621094,65.46305847167969,64.92820739746094,60.41426467895508,36.269134521484375,29.354278564453125,157.8383331298828,32.4765625,30.544878005981445,67.0789794921875,1,1,1,1,1,1,1,1,1,1
IMG_3726_png_jpg.rf.d8fbf724b737039bb344ce494fb23322.jpg,train,119.96066284179688,118.05345153808594,108.30552673339844,77.06739807128906,75.35005187988281,74.18364715576172,33.056243896484375,88.48162841796875,127.64631652832031,31.324851989746094,85.91421508789062,71.81784057617188,1,1,1,1,1,1,1,1,1,1
IMG_3878_png_jpg.rf.d9c85d12e750cbc018f45c31230590b6.jpg,train,155.87652587890625,119.16218566894531,87.52427673339844,23.940792083740234,39.562408447265625,50.7141227722168,20.089508056640625,123.705322265625,158.7548828125,25.38294792175293,43.560462951660156,29.421142578125,1,1,1,1,1,1,1,1,1,1
IMG_3856_png_jpg.rf.d9c7c957dfe8edc75c1d634e7b0510dd.jpg,train,68.53549194335938,65.72422790527344,58.23670959472656,66.90638732910156,65.16314697265625,60.44295883178711,17.933975219726562,46.713623046875,68.65679931640625,16.249263763427734,65.12641143798828,67.08060455322266,1,1,1,1,1,1,1,1,1,1
IMG_3651_png_jpg.rf.d9a6d4998029cdae87530b4554445077.jpg,train,193.67636108398438,169.67181396484375,147.5791015625,52.104248046875,51.78407287597656,53.795387268066406,15.880874633789062,67.925048828125,193.8413543701172,12.999248504638672,36.77479934692383,52.07496643066406,1,1,1,1,1,1,1,1,1,1
IMG_3816_png_jpg.rf.d9fd836c00952300debc4fe57de30333.jpg,train,149.2515106201172,147.4829559326172,144.2112579345703,75.85305786132812,79.0510025024414,85.05543518066406,64.00715637207031,42.93818664550781,155.4879608154297,42.77155303955078,54.29885482788086,78.29281616210938,1,1,1,1,1,1,1,1,1,1
IMG_3719_png_jpg.rf.d948fe2f666f13ec6f5565e0ee6fa0fe.jpg,train,70.82290649414062,65.52163696289062,58.53794860839844,74.9679183959961,70.2013931274414,65.07771301269531,23.694931030273438,44.717041015625,71.43128967285156,25.69596290588379,32.47861862182617,75.16128540039062,1,1,1,1,1,1,1,1,1,1
IMG_3633_png_jpg.rf.d93ba1bb21423c53d6fbe45f3138f1ac.jpg,train,123.86611938476562,142.88888549804688,133.67820739746094,55.14008331298828,61.04421615600586,65.79365539550781,57.43684387207031,71.22431945800781,151.9842529296875,44.639556884765625,47.658546447753906,62.69412612915039,1,1,1,1,1,1,1,1,1,1
31_jpg.rf.d9ef1eb4920079b1f691d4402b668983.jpg,train,118.90341186523438,118.72897338867188,110.88816833496094,58.422813415527344,57.94532775878906,55.25172805786133,29.46380615234375,23.321029663085938,120.31895446777344,31.419775009155273,42.90531539916992,58.95000076293945,1,1,1,1,1,1,1,1,1,1
IMG_3842_png_jpg.rf.d9cb784a460c9ce9dced330b97148e20.jpg,train,114.75213623046875,106.49790954589844,99.89009094238281,59.497005462646484,59.02809524536133,58.05828094482422,17.764633178710938,44.03114318847656,114.92951965332031,16.70738410949707,52.70045852661133,59.497283935546875,1,1,1,1,1,1,1,1,1,1
IMG_3743_png_jpg.rf.da102b45e515391d3067e1265783630c.jpg,train,132.5897979736328,133.6658172607422,143.94032287597656,77.9794692993164,64.10733032226562,56.48130416870117,70.3370361328125,78.33097839355469,161.10302734375,48.0677604675293,55.199432373046875,63.20601272583008,1,1,1,1,1,1,1,1,1,1
IMG_3820_png_jpg.rf.da1fb6500b53e738dca0c72385e4e8ee.jpg,train,149.14268493652344,143.16848754882812,130.1226806640625,54.20128631591797,58.28216552734375,58.67876434326172,25.756866455078125,45.99937438964844,150.36671447753906,16.629932403564453,51.51826477050781,55.13284683227539,1,1,1,1,1,1,1,1,1,1
IMG_3867_png_jpg.rf.dacff85dd2444f67c2efd5c229ab8c13.jpg,train,119.70942687988281,98.08476257324219,96.53121948242188,75.0297622680664,55.364501953125,59.409210205078125,51.12550354003906,63.87913513183594,126.09097290039062,52.766807556152344,47.57441711425781,77.07671356201172,1,1,1,1,1,1,1,1,1,1
IMG_3803_png_jpg.rf.da4e4e79fd1c99d6c78e8cf19267e7da.jpg,train,38.546630859375,36.51513671875,28.376602172851562,53.29567337036133,51.863712310791016,46.68087387084961,29.101181030273438,83.2581787109375,39.28935241699219,24.506088256835938,41.45253372192383,54.1531982421875,1,1,1,1,1,1,1,1,1,1
IMG_3885_png_jpg.rf.da68451f4b5bd50506193b322d9a182e.jpg,train,149.50735473632812,143.36956787109375,139.04855346679688,48.81622314453125,51.93632125854492,51.197898864746094,31.633712768554688,22.872055053710938,150.22286987304688,45.04841995239258,36.40623092651367,49.31528854370117,1,1,1,1,1,1,1,1,1,1
IMG_3952_png_jpg.rf.db242f8b050a1d929449f4fcfe09ffba.jpg,train,133.3202667236328,130.13209533691406,120.30364990234375,63.274295806884766,61.17705535888672,58.91301727294922,51.22837829589844,42.21101379394531,136.91348266601562,43.62950897216797,35.161155700683594,61.89377212524414,1,1,1,1,1,1,1,1,1,1
IMG_3687_png_jpg.rf.da3dc99a90343a4e538b8dbdac3db158.jpg,train,137.148681640625,135.861572265625,125.07406616210938,47.40504837036133,47.42113494873047,46.0441780090332,28.005477905273438,24.334762573242188,137.40499877929688,12.050873756408691,14.377029418945312,47.54820251464844,1,1,1,1,1,1,1,1,1,1
IMG_3921_png_jpg.rf.da6ccb04dbe38fe72186d80bbaeed301.jpg,train,131.77430725097656,111.20280456542969,33.108062744140625,54.651611328125,54.4252815246582,37.81000900268555,24.205535888671875,206.48631286621094,132.13450622558594,14.065205574035645,44.50864791870117,54.595664978027344,1,1,1,1,1,1,1,1,1,1
4_jpg.rf.dae4e1da1bd7b72419ef02f1586c2d7e.jpg,train,143.32566833496094,131.89344787597656,125.61734008789062,92.59691619873047,86.6790542602539,82.4695816040039,18.755859375,34.8885498046875,144.10992431640625,35.01109313964844,46.929691314697266,92.24690246582031,1,1,1,1,1,1,1,1,1,1
4_jpg.rf.da77a1547935676855d39ba7aa296c28.jpg,train,169.12060546875,138.59617614746094,131.2356414794922,63.27978515625,63.9602165222168,59.808834075927734,22.164093017578125,73.94818115234375,170.83351135253906,42.97694396972656,62.45901870727539,60.50503158569336,1,1,1,1,1,1,1,1,1,1
IMG_3759_png_jpg.rf.da28b83b341aa852b2826fc2dfa8a587.jpg,train,45.67742919921875,42.04896545410156,33.26060485839844,62.61027908325195,58.873268127441406,53.20499038696289,23.470474243164062,95.33058166503906,46.27513122558594,23.090160369873047,69.44587707519531,63.08869934082031,1,1,1,1,1,1,1,1,1,1
IMG_3024_png_jpg.rf.db17d58d1be319657c83261c30fb0fd8.jpg,train,51.54978942871094,51.695281982421875,70.42599487304688,51.33284378051758,50.925716400146484,40.37227249145508,104.82148742675781,111.0399169921875,73.49215698242188,34.78016662597656,54.663387298583984,44.58484649658203,1,1,1,1,1,1,1,1,1,1
IMG_3905_png_jpg.rf.db22f54fae2ea76450f88420d5f881f9.jpg,train,166.25775146484375,167.6000213623047,172.16690063476562,58.7978401184082,59.58794403076172,61.097755432128906,102.09420776367188,12.73431396484375,173.64077758789062,36.119651794433594,16.983427047729492,60.716697692871094,1,1,1,1,1,1,1,1,1,1
IMG_3789_png_jpg.rf.db923c7b4c6a23d5aa821aea948dcaba.jpg,train,94.06671142578125,90.94247436523438,72.19088745117188,74.33582305908203,68.51818084716797,61.924476623535156,30.476211547851562,64.20100402832031,97.42085266113281,21.065711975097656,40.51693344116211,74.69013977050781,1,1,1,1,1,1,1,1,1,1
IMG_3631_png_jpg.rf.db119953e63bfefb2d2eaf33a64cf27f.jpg,train,123.25642395019531,144.12225341796875,136.46995544433594,58.1600227355957,68.53901672363281,68.87149810791016,62.54774475097656,64.51457214355469,151.63232421875,46.079620361328125,40.893836975097656,69.08132934570312,1,1,1,1,1,1,1,1,1,1
IMG_3634_png_jpg.rf.dba083f089da70037e005613d2bedcdc.jpg,train,57.18061828613281,82.99342346191406,84.54782104492188,49.06369400024414,61.22721862792969,67.66405487060547,68.93605041503906,117.61601257324219,94.19070434570312,43.27004623413086,72.49882507324219,66.4952392578125,1,1,1,1,1,1,1,1,1,1
IMG_3742_png_jpg.rf.db217e6451e476a4017659d2de433842.jpg,train,166.1028289794922,164.63243103027344,169.97552490234375,55.26923751831055,54.432456970214844,48.29133605957031,74.76824951171875,34.49183654785156,179.47406005859375,47.30172348022461,24.817922592163086,49.74400329589844,1,1,1,1,1,1,1,1,1,1
21_jpg.rf.db314ceb763bcf2a3554d64634c2c8ae.jpg,train,23.249755859375,24.02117919921875,30.728057861328125,48.045692443847656,50.364219665527344,52.62130355834961,53.561859130859375,80.66584777832031,34.45814514160156,59.239044189453125,95.90919494628906,58.20589828491211,1,1,1,1,1,1,1,1,1,1
IMG_3935_png_jpg.rf.dc8b2d38b34d727b9ab96c0115b8d429.jpg,train,131.24685668945312,113.75958251953125,96.01316833496094,63.51861572265625,66.06381225585938,68.44247436523438,27.926559448242188,90.63339233398438,133.8534393310547,36.971832275390625,71.8002700805664,63.83842086791992,1,1,1,1,1,1,1,1,1,1
IMG_3687_png_jpg.rf.dcc343a11ad0b6d7ef7419c53e2ae855.jpg,train,61.15521240234375,58.84880065917969,49.181671142578125,49.855831146240234,49.11825942993164,45.20858383178711,25.118621826171875,69.0372314453125,61.42474365234375,17.21792221069336,55.28221130371094,50.21879959106445,1,1,1,1,1,1,1,1,1,1
IMG_3823_png_jpg.rf.dbcf217d73d9bf38937401a828168c87.jpg,train,90.68797302246094,87.28848266601562,71.61148071289062,54.7825927734375,51.868595123291016,47.7061767578125,29.336196899414062,71.74174499511719,92.19137573242188,17.345258712768555,61.41666793823242,55.444271087646484,1,1,1,1,1,1,1,1,1,1
IMG_3753_png_jpg.rf.dbe2ba8f9182732333ffae74e2f54ed7.jpg,train,97.89199829101562,90.08131408691406,81.04489135742188,64.22074890136719,61.2130126953125,60.2680549621582,19.814849853515625,61.10728454589844,98.52334594726562,18.911008834838867,50.746185302734375,64.59307861328125,1,1,1,1,1,1,1,1,1,1
IMG_3669_png_jpg.rf.dc0f57ae6c78fc70ac6609e6fc9ffa7e.jpg,train,86.63038635253906,85.64552307128906,81.46299743652344,60.997928619384766,58.461936950683594,56.42214584350586,60.96917724609375,59.00413513183594,91.75801086425781,42.15917205810547,68.28412628173828,61.99563217163086,1,1,1,1,1,1,1,1,1,1
IMG_3905_png_jpg.rf.dba0febf1c725d4466a944656242ff5a.jpg,train,131.50941467285156,134.24363708496094,139.98529052734375,60.795799255371094,62.52668380737305,65.07831573486328,100.99908447265625,22.00933837890625,141.95481872558594,35.0948371887207,26.4278564453125,64.80351257324219,1,1,1,1,1,1,1,1,1,1
IMG_3872_png_jpg.rf.dc985016c245899fff545f1ca6f9f757.jpg,train,71.40042114257812,64.79133605957031,43.27281188964844,32.3818473815918,43.568241119384766,57.12363815307617,32.20127868652344,154.47528076171875,77.09220886230469,30.185270309448242,64.32904815673828,46.25212860107422,1,1,1,1,1,1,1,1,1,1
21_jpg.rf.dbc6b5c320f5a284011ae47b63e994ff.jpg,train,49.27642822265625,50.57957458496094,59.06120300292969,63.52019119262695,66.48944091796875,68.31124114990234,123.70567321777344,74.82493591308594,63.598175048828125,43.678043365478516,35.686832427978516,74.00480651855469,1,1,1,1,1,1,1,1,1,1
IMG_3828_png_jpg.rf.dc79ed5fddef8cfb58f1bd25bacc5764.jpg,train,134.03970336914062,125.06315612792969,113.45726013183594,63.176239013671875,63.68730926513672,64.58524322509766,31.687606811523438,64.61470031738281,137.0248260498047,36.80888748168945,52.607059478759766,65.01318359375,1,1,1,1,1,1,1,1,1,1
IMG_3893_png_jpg.rf.db4c838c6e9f60c83c142b034a344e0f.jpg,train,111.17710876464844,123.29112243652344,85.4146728515625,59.079994201660156,56.397369384765625,65.74295806884766,50.84979248046875,107.4031982421875,130.03282165527344,33.84572982788086,54.03800582885742,60.6288948059082,1,1,1,1,1,1,1,1,1,1
IMG_3867_png_jpg.rf.db4c7658fd1ee0263cbdf18cef1efc1e.jpg,train,114.89628601074219,95.42166137695312,98.03123474121094,75.76044464111328,56.55901336669922,60.451873779296875,58.88166809082031,53.39788818359375,121.26325988769531,58.56361770629883,45.05782699584961,77.35003662109375,1,1,1,1,1,1,1,1,1,1
4_jpg.rf.dbebcdba1a21d150a9e212ed75acfee6.jpg,train,221.14369201660156,203.0611572265625,190.569091796875,53.89273452758789,61.708152770996094,60.75614547729492,27.368453979492188,44.15284729003906,222.9763946533203,36.34248352050781,45.18441390991211,50.67670822143555,1,1,1,1,1,1,1,1,1,1
IMG_3613_png_jpg.rf.dd14d83e554ff73bb65a876d7ca4b232.jpg,train,165.2225341796875,161.08834838867188,157.3389892578125,77.94721984863281,75.62972259521484,74.24598693847656,26.829010009765625,45.28324890136719,171.06468200683594,33.02695083618164,61.01985549926758,72.33113098144531,1,1,1,1,1,1,1,1,1,1
IMG_3840_png_jpg.rf.dce61bf60b971ee91b56c05ed2f397bb.jpg,train,129.2058868408203,123.10145568847656,113.04345703125,59.3028678894043,62.533897399902344,61.952056884765625,21.785354614257812,50.33372497558594,129.47702026367188,16.058273315429688,57.042396545410156,59.594120025634766,1,1,1,1,1,1,1,1,1,1
IMG_3569_png_jpg.rf.dce0ea5aee64d04001c9ac825771b0ca.jpg,train,153.48240661621094,155.58203125,150.48379516601562,81.93954467773438,78.18128967285156,75.73912048339844,44.0950927734375,27.92608642578125,158.51528930664062,35.908390045166016,46.278141021728516,78.27914428710938,1,1,1,1,1,1,1,1,1,1
IMG_3013_png_jpg.rf.ddb37bd0f8fc89ad0f3f15288e6a6ff1.jpg,train,47.46014404296875,46.9989013671875,46.187347412109375,47.225669860839844,46.65184020996094,44.460506439208984,60.1873779296875,23.825515747070312,48.82838439941406,55.12460708618164,28.18156623840332,47.743003845214844,1,1,1,1,1,1,1,1,1,1
IMG_3923_png_jpg.rf.dd2534ae93fc183e29927a17ce4d017e.jpg,train,166.23953247070312,138.1243438720703,70.84756469726562,56.884552001953125,59.036895751953125,55.968719482421875,22.40045166015625,165.06387329101562,166.86741638183594,13.048450469970703,56.985599517822266,56.93732452392578,1,1,1,1,1,1,1,1,1,1
IMG_3796_png_jpg.rf.ddce696b481ad0b9d2649c06f14f0415.jpg,train,49.42816162109375,47.39457702636719,42.396148681640625,49.99452590942383,46.982662200927734,44.30927658081055,28.276535034179688,63.9759521484375,50.07850646972656,25.13556480407715,67.74241638183594,50.58051681518555,1,1,1,1,1,1,1,1,1,1
IMG_2983_png_jpg.rf.dee107dbe3c9649fa0aa0583632d4019.jpg,train,79.60513305664062,79.82838439941406,88.45036315917969,34.897377014160156,35.601593017578125,32.59421920776367,117.405517578125,31.23095703125,88.95120239257812,15.868758201599121,13.372331619262695,34.321556091308594,1,1,1,1,1,1,1,1,1,1
IMG_3799_png_jpg.rf.de39bef4560c5b624100717d9e73ab1a.jpg,train,102.65388488769531,99.82418823242188,76.17582702636719,70.45670318603516,68.19249725341797,66.54582214355469,29.383651733398438,103.91334533691406,105.71714782714844,16.089418411254883,67.10072326660156,69.71633911132812,1,1,1,1,1,1,1,1,1,1
IMG_3732_png_jpg.rf.df4236bb56a3bb62f3f33a30b527eb59.jpg,train,166.21453857421875,164.64083862304688,152.33987426757812,66.17610168457031,66.38296508789062,67.01699829101562,30.093353271484375,28.901641845703125,167.10269165039062,13.73353385925293,32.982078552246094,65.89799499511719,1,1,1,1,1,1,1,1,1,1
IMG_3743_png_jpg.rf.dd2fc1175600f66326388f31a98b4634.jpg,train,120.11434936523438,120.06358337402344,132.6085662841797,77.97216033935547,67.71875,56.10658264160156,73.11996459960938,90.23617553710938,149.01292419433594,47.56084442138672,68.92205047607422,62.32675552368164,1,1,1,1,1,1,1,1,1,1
IMG_3666_png_jpg.rf.ddc71b620ce796da99ca43cccbaae605.jpg,train,130.0791015625,120.02873229980469,108.53028869628906,84.82408905029297,87.2652359008789,88.17802429199219,38.049285888671875,90.80747985839844,132.81619262695312,40.5933952331543,90.08554077148438,83.70021057128906,1,1,1,1,1,1,1,1,1,1
IMG_3685_png_jpg.rf.def547c31dae96d6152bb37743cf06f1.jpg,train,139.6155242919922,138.9053955078125,128.3209991455078,47.89023971557617,47.77587890625,47.59718704223633,28.7647705078125,22.875686645507812,139.92823791503906,11.251029968261719,11.551944732666016,47.916996002197266,1,1,1,1,1,1,1,1,1,1
28_jpg.rf.dd37ffce96b90a473cc4c79e8fec956c.jpg,train,70.33309936523438,71.40837097167969,81.50004577636719,61.85983657836914,61.291194915771484,62.64966583251953,112.42822265625,55.02728271484375,84.72068786621094,23.56941032409668,24.78049087524414,66.13054656982422,1,1,1,1,1,1,1,1,1,1
IMG_3592_png_jpg.rf.dec8825eece77fe7eb04b1a677589dac.jpg,train,40.74981689453125,30.193435668945312,23.655990600585938,53.38079833984375,53.132503509521484,48.5379753112793,16.392166137695312,162.62387084960938,41.504608154296875,29.660322189331055,72.20269012451172,55.0861701965332,1,1,1,1,1,1,1,1,1,1
IMG_3906_png_jpg.rf.defcd53537873acef43cab2bc594143d.jpg,train,121.93505859375,127.58677673339844,133.4146270751953,64.94688415527344,69.34929656982422,71.64822387695312,93.70724487304688,31.469558715820312,134.3560791015625,36.44202423095703,42.09883117675781,70.7828140258789,1,1,1,1,1,1,1,1,1,1
32_jpg.rf.dd5d7485793c178080334bb40ec09f69.jpg,train,83.81672668457031,80.63531494140625,75.1690673828125,57.554298400878906,53.87844467163086,50.43492126464844,20.738876342773438,21.9893798828125,84.15145874023438,31.814855575561523,37.858604431152344,57.74640655517578,1,1,1,1,1,1,1,1,1,1
21_jpg.rf.e03256a990f3beef55df85437562dd23.jpg,train,27.751678466796875,29.318344116210938,35.149139404296875,53.6090087890625,55.47992706298828,57.00896072387695,55.72023010253906,75.8662109375,38.80690002441406,58.243080139160156,89.20394134521484,62.668434143066406,1,1,1,1,1,1,1,1,1,1
IMG_3829_png_jpg.rf.dd72cb51bcb2798fdb9483aef0c99e03.jpg,train,153.2081298828125,125.5665283203125,106.97074890136719,67.73603057861328,68.35661315917969,64.94818878173828,18.523208618164062,92.01496887207031,154.46588134765625,27.583444595336914,42.4138069152832,68.56472778320312,1,1,1,1,1,1,1,1,1,1
30_jpg.rf.dfb72e6265b0fbbfdb2c37275c1cfdca.jpg,train,132.4415283203125,131.6556854248047,119.98110961914062,56.40560531616211,55.973777770996094,53.6053466796875,28.947845458984375,30.81011962890625,133.64634704589844,17.12670135498047,41.70137405395508,56.569053649902344,1,1,1,1,1,1,1,1,1,1
IMG_3027_png_jpg.rf.de8a6708c8388e622c8278938cedf46f.jpg,train,155.64735412597656,86.64778137207031,151.67274475097656,74.36612701416016,40.35311508178711,78.51048278808594,107.04971313476562,101.97250366210938,157.55165100097656,58.56878662109375,59.464378356933594,75.29061889648438,1,1,1,1,1,1,1,1,1,1
IMG_3601_png_jpg.rf.defe449097b8ba412a71372eceec9202.jpg,train,140.66981506347656,137.55706787109375,127.91140747070312,63.09601593017578,62.168365478515625,62.405765533447266,24.340179443359375,39.45988464355469,141.019775390625,12.82375431060791,49.70392990112305,63.169769287109375,1,1,1,1,1,1,1,1,1,1
IMG_3665_png_jpg.rf.deff89affcbd1739b598aea21b0ec5d0.jpg,train,127.6282958984375,112.78028869628906,107.07078552246094,75.30010986328125,80.2668685913086,80.06354522705078,38.84912109375,93.83869934082031,131.4304656982422,48.93301010131836,95.00341033935547,73.6796875,1,1,1,1,1,1,1,1,1,1
IMG_3841_png_jpg.rf.df93c255afdc0b10c813394224b542a6.jpg,train,156.5273895263672,155.63037109375,144.0843048095703,59.13358688354492,59.63066864013672,59.24707794189453,29.595245361328125,25.962799072265625,156.9892120361328,10.006850242614746,25.457237243652344,59.38864517211914,1,1,1,1,1,1,1,1,1,1
IMG_3841_png_jpg.rf.e0431e0abdf52341e08052ad227135cc.jpg,train,114.55137634277344,111.11528015136719,102.52806091308594,64.32976531982422,63.44646072387695,60.90858459472656,23.926284790039062,41.2921142578125,114.8076171875,13.888510704040527,48.619476318359375,64.54822540283203,1,1,1,1,1,1,1,1,1,1
IMG_3852_png_jpg.rf.e05b2a3364c2b0e67d75a61920509bac.jpg,train,103.8424072265625,97.59228515625,90.80929565429688,67.06729125976562,63.12676239013672,60.709930419921875,21.342498779296875,33.74778747558594,104.06036376953125,16.262540817260742,29.44101905822754,67.29735565185547,1,1,1,1,1,1,1,1,1,1
IMG_3947_png_jpg.rf.e049a286d29df8ed3d7343a623ff635e.jpg,train,63.6116943359375,52.31585693359375,42.16285705566406,52.83881378173828,55.26273727416992,51.591800689697266,20.249374389648438,139.28843688964844,64.66656494140625,25.424957275390625,84.35637664794922,53.748050689697266,1,1,1,1,1,1,1,1,1,1
IMG_3787_png_jpg.rf.e05db56a7f979b197633975371a74b92.jpg,train,93.19306945800781,94.45913696289062,74.80117797851562,76.31520080566406,74.5082015991211,71.4736557006836,31.718231201171875,89.92550659179688,97.98330688476562,27.50421142578125,82.17089080810547,76.48899841308594,1,1,1,1,1,1,1,1,1,1
IMG_2991_png_jpg.rf.e0d742526127c18c8d3f81abf5fbd1bd.jpg,train,69.76579284667969,66.53363037109375,58.83988952636719,46.355743408203125,46.97810363769531,45.24585723876953,22.10791015625,60.719207763671875,69.98406982421875,21.83342170715332,69.1317367553711,46.85201644897461,1,1,1,1,1,1,1,1,1,1
IMG_3947_png_jpg.rf.df9b142815f09d8330ca4e9b945be63a.jpg,train,82.72824096679688,60.697052001953125,53.00547790527344,54.239013671875,58.89020919799805,55.86643600463867,17.058837890625,130.97119140625,83.52796936035156,32.12771987915039,79.61682891845703,54.7757453918457,1,1,1,1,1,1,1,1,1,1
IMG_3724_png_jpg.rf.e07eb4f4e75ad9bcdfcfbbfacb8a2a9b.jpg,train,164.4243621826172,165.72557067871094,154.971923828125,88.09312438964844,85.68164825439453,84.71752166748047,34.30732727050781,61.82940673828125,174.709228515625,32.99502182006836,65.09493255615234,79.37666320800781,1,1,1,1,1,1,1,1,1,1
IMG_3972_png_jpg.rf.e047d7229b2249791d5e374cc66b6dd1.jpg,train,97.33946228027344,96.839599609375,90.31822204589844,41.88111114501953,41.28322219848633,39.222938537597656,28.35540771484375,21.904098510742188,97.7091064453125,12.116326332092285,31.96949005126953,41.98576354980469,1,1,1,1,1,1,1,1,1,1
IMG_3923_png_jpg.rf.e0d7a0146f45e4390b5bb0e042c8826c.jpg,train,197.63197326660156,196.78369140625,133.4702911376953,46.177433013916016,48.0881462097168,56.0109748840332,30.683563232421875,92.14329528808594,198.68885803222656,10.928704261779785,39.12094497680664,46.52000045776367,1,1,1,1,1,1,1,1,1,1
IMG_3674_png_jpg.rf.e1129c8be50cc23d9a838f2e47345915.jpg,train,131.4226837158203,128.97671508789062,117.39981079101562,69.79163360595703,69.98753356933594,67.87556457519531,27.321197509765625,33.02508544921875,132.0938262939453,20.405515670776367,38.360836029052734,69.8580551147461,1,1,1,1,1,1,1,1,1,1
IMG_3735_png_jpg.rf.e06146550a5bdea7040445a99ff9cbed.jpg,train,159.4423828125,153.1364288330078,139.0379638671875,67.8887939453125,71.00885009765625,74.30516815185547,21.46954345703125,63.55476379394531,159.65078735351562,8.092044830322266,79.50108337402344,67.95953369140625,1,1,1,1,1,1,1,1,1,1
IMG_3601_png_jpg.rf.e054f762600e909962059ceaa693ce63.jpg,train,140.8657684326172,138.94845581054688,129.5258331298828,62.50401306152344,62.0482063293457,62.41558837890625,26.4136962890625,38.59861755371094,141.2002716064453,11.009601593017578,55.641963958740234,62.573665618896484,1,1,1,1,1,1,1,1,1,1
IMG_3664_png_jpg.rf.e1693d9a09ad3a9fdf4f5163d0969147.jpg,train,172.23004150390625,155.2388458251953,145.3678741455078,80.87398529052734,86.03352355957031,89.12003326416016,37.32844543457031,68.10031127929688,176.07177734375,45.68498992919922,66.64472961425781,78.85784149169922,1,1,1,1,1,1,1,1,1,1
IMG_3002_png_jpg.rf.e11e899056afe9a489469480e2cd63a0.jpg,train,71.58721923828125,78.80517578125,90.65292358398438,36.56892013549805,36.9952392578125,34.438785552978516,106.14993286132812,60.99609375,91.20347595214844,16.990793228149414,21.743938446044922,36.22003173828125,1,1,1,1,1,1,1,1,1,1
IMG_3633_png_jpg.rf.e0d72b79288f44885fa52e28525e37ec.jpg,train,138.34678649902344,152.11383056640625,146.48704528808594,51.505584716796875,55.295013427734375,60.25443649291992,53.05096435546875,52.12275695800781,160.34490966796875,43.05461883544922,36.454505920410156,58.25987243652344,1,1,1,1,1,1,1,1,1,1
IMG_3006_png_jpg.rf.dfd0fbbc6b9d4dadeeb095181bbd00ea.jpg,train,94.68014526367188,94.58857727050781,91.44338989257812,40.68266677856445,41.45612335205078,40.58673095703125,40.5244140625,13.079498291015625,95.60177612304688,38.419639587402344,13.396331787109375,41.59886932373047,1,1,1,1,1,1,1,1,1,1
IMG_3017_png_jpg.rf.e19a53587e3e544d03872e5c04084cb9.jpg,train,59.13783264160156,55.86152648925781,52.246185302734375,53.937313079833984,55.04670333862305,52.9605712890625,21.060745239257812,70.13984680175781,59.44889831542969,30.141996383666992,72.26292419433594,54.687503814697266,1,1,1,1,1,1,1,1,1,1
IMG_3612_png_jpg.rf.e1b5fe856df06a2836aea11f7558708b.jpg,train,171.3498077392578,166.13233947753906,158.57264709472656,84.74767303466797,84.67569732666016,82.73653411865234,30.039321899414062,46.12767028808594,177.2215118408203,31.38385772705078,51.58506774902344,79.05879974365234,1,1,1,1,1,1,1,1,1,1
IMG_3765_png_jpg.rf.e1550b46f14b2f78963b33c194c36020.jpg,train,128.65301513671875,121.64993286132812,114.84896850585938,64.72073364257812,60.895328521728516,59.685394287109375,21.164581298828125,28.712966918945312,129.05770874023438,19.779315948486328,22.44291877746582,65.04579162597656,1,1,1,1,1,1,1,1,1,1
IMG_3915_png_jpg.rf.e209ebdb7811be7154b6ce355c019b23.jpg,train,103.50376892089844,109.49755859375,124.63310241699219,68.74226379394531,77.6579818725586,95.71697235107422,80.76380920410156,89.06568908691406,131.35467529296875,46.433109283447266,67.29615020751953,89.4204330444336,1,1,1,1,1,1,1,1,1,1
IMG_3007_png_jpg.rf.e3b011d340b51042355fcb252bb945ac.jpg,train,39.82794189453125,39.93272399902344,38.78277587890625,44.44783401489258,44.55223846435547,43.14828872680664,32.27754211425781,17.433883666992188,40.53114318847656,39.0977668762207,24.6036434173584,45.50925827026367,1,1,1,1,1,1,1,1,1,1
IMG_3800_png_jpg.rf.e2abff85a2b1882f33f89e1e584de682.jpg,train,118.531982421875,101.64019775390625,83.13409423828125,70.85031127929688,67.99283599853516,68.74740600585938,21.859817504882812,106.38002014160156,119.34007263183594,26.61916732788086,66.56047058105469,70.66118621826172,1,1,1,1,1,1,1,1,1,1
IMG_3013_png_jpg.rf.e21552f76fd9d6963b4b652416deb0cf.jpg,train,22.015457153320312,20.93145751953125,20.269363403320312,43.10204315185547,40.90447235107422,38.93943786621094,42.526397705078125,52.440948486328125,23.129196166992188,55.0432014465332,68.07405090332031,43.99404525756836,1,1,1,1,1,1,1,1,1,1
IMG_3015_png_jpg.rf.e22752e615aaa3a4bf9f5d49fa437739.jpg,train,46.44056701660156,46.123870849609375,45.41156005859375,42.784034729003906,42.35958480834961,40.732666015625,34.908660888671875,11.00946044921875,47.11955261230469,49.028194427490234,16.09276580810547,43.26253128051758,1,1,1,1,1,1,1,1,1,1
IMG_3962_png_jpg.rf.e11d9de5045fa8a54dd5cc2c61ac82a7.jpg,train,102.40592956542969,97.63002014160156,74.39535522460938,54.095977783203125,54.63334274291992,60.55299758911133,35.226470947265625,100.04928588867188,103.66519165039062,32.32048034667969,60.017574310302734,56.23971939086914,1,1,1,1,1,1,1,1,1,1
IMG_3850_png_jpg.rf.e3cfccccdc669fd98eee79fd42dc8568.jpg,train,66.01240539550781,64.31343078613281,55.90492248535156,66.0298080444336,65.46031951904297,60.42633819580078,19.187103271484375,54.444580078125,66.36050415039062,15.01149845123291,71.32936096191406,66.34024810791016,1,1,1,1,1,1,1,1,1,1
IMG_3700_png_jpg.rf.e2a9959c693fc6f5c6b2890fadf07183.jpg,train,147.65719604492188,142.4934844970703,125.76882934570312,70.2696304321289,67.74666595458984,61.22533416748047,37.058441162109375,40.0323486328125,150.8109588623047,36.00012969970703,36.64216232299805,72.4104232788086,1,1,1,1,1,1,1,1,1,1
33_jpg.rf.e2160d4c6656347fa19d8405e43ed083.jpg,train,158.3096160888672,157.3511962890625,150.9113006591797,51.454551696777344,50.92182540893555,49.161354064941406,28.217361450195312,12.54571533203125,159.24696350097656,38.25071334838867,25.068696975708008,51.676124572753906,1,1,1,1,1,1,1,1,1,1
IMG_3592_png_jpg.rf.e42fe0cc937b30a5fb50ef777284dfb3.jpg,train,67.77951049804688,60.450714111328125,51.18467712402344,56.418663024902344,56.65556335449219,53.04960632324219,19.093612670898438,74.44593811035156,68.2415771484375,18.574430465698242,31.090272903442383,57.185890197753906,1,1,1,1,1,1,1,1,1,1
IMG_3563_png_jpg.rf.e2460bc2616ef0ce492eaa14efd295c2.jpg,train,90.27903747558594,84.07456970214844,69.62947082519531,77.80252075195312,71.51018524169922,65.11669921875,29.927001953125,43.17718505859375,91.12905883789062,36.23749542236328,61.5159797668457,77.84712219238281,1,1,1,1,1,1,1,1,1,1
IMG_3558_png_jpg.rf.e4dd9fcad8d97fc25b4e0825c1d480ed.jpg,train,78.271728515625,75.10621643066406,66.28416442871094,73.07012176513672,68.98001861572266,63.362064361572266,33.49928283691406,33.77983093261719,79.22837829589844,36.01024627685547,47.33293533325195,73.29889678955078,1,1,1,1,1,1,1,1,1,1
IMG_3021_png_jpg.rf.e46b21daadac54d08a4f1d86858d6c9b.jpg,train,59.633819580078125,56.61503601074219,54.31352233886719,48.84486770629883,49.50800323486328,47.7823486328125,26.26995849609375,37.46900939941406,59.86225891113281,42.9923210144043,31.17841148376465,49.43940734863281,1,1,1,1,1,1,1,1,1,1
IMG_3808_png_jpg.rf.e44dcf22218ee06ab1f835ede47f6e0e.jpg,train,88.12409973144531,79.21139526367188,70.69369506835938,65.17437744140625,62.45673370361328,59.3791618347168,20.144821166992188,62.32405090332031,88.98405456542969,27.656423568725586,41.68056869506836,65.28785705566406,1,1,1,1,1,1,1,1,1,1
25_jpg.rf.e3d1fd05181d4fff17d7ae4c5ea22111.jpg,train,41.899871826171875,42.25920104980469,52.25758361816406,64.18424224853516,65.82714080810547,67.83708953857422,74.82708740234375,71.34049987792969,54.72441101074219,57.43102264404297,69.7953109741211,71.70784759521484,1,1,1,1,1,1,1,1,0,1
IMG_3918_png_jpg.rf.e424d44910ed5eef1f031dca72fa8d4f.jpg,train,140.34877014160156,115.18463134765625,69.31243896484375,46.781494140625,49.27577209472656,46.81691360473633,21.4365234375,146.55299377441406,140.4663848876953,18.253864288330078,54.90412521362305,46.90531921386719,1,1,1,1,1,1,1,1,1,1
IMG_3724_png_jpg.rf.e46ec66bb93c04c77d6b1971b656da09.jpg,train,162.55088806152344,164.2232666015625,152.78201293945312,78.13946533203125,74.80784606933594,74.30294036865234,38.08729553222656,67.1234130859375,174.0626678466797,29.302078247070312,73.06060028076172,67.62171936035156,1,1,1,1,1,1,1,1,1,1
IMG_3026_png_jpg.rf.e465cf5ed3092a5c9f2577aca169ec7a.jpg,train,123.46893310546875,70.76028442382812,150.16065979003906,54.39345169067383,42.930625915527344,73.29662322998047,109.65066528320312,132.21563720703125,153.76002502441406,53.47972869873047,48.6357307434082,70.01304626464844,1,1,1,1,1,1,1,1,1,1
IMG_3663_png_jpg.rf.e4f39bb8b54577d95762075269196009.jpg,train,112.48416137695312,56.30931091308594,39.23127746582031,40.583126068115234,57.01832580566406,59.71870803833008,29.815261840820312,196.11322021484375,116.75700378417969,51.830345153808594,70.06890106201172,46.7281379699707,1,1,1,1,1,1,1,1,1,1
IMG_3828_png_jpg.rf.e50dc698b08e9776e655ddd6b24ae19a.jpg,train,133.0592498779297,122.55819702148438,113.42193603515625,67.83935546875,66.86540985107422,66.98958587646484,30.593429565429688,57.65034484863281,135.56141662597656,39.245750427246094,39.55447769165039,69.21910095214844,1,1,1,1,1,1,1,1,1,1
IMG_3569_png_jpg.rf.e4ade82e7f63b9dcddfccb92607fca89.jpg,train,163.01144409179688,165.85012817382812,158.8287353515625,84.85558319091797,79.1119613647461,75.66421508789062,50.184295654296875,38.16595458984375,170.34324645996094,37.12614822387695,51.13615036010742,79.17610168457031,1,1,1,1,1,1,1,1,1,1
IMG_3599_png_jpg.rf.e4634cb91d1004fd37cb615e5989f343.jpg,train,165.00181579589844,163.32839965820312,150.60684204101562,48.06529998779297,49.49814224243164,53.18473815917969,35.239776611328125,31.794342041015625,167.02182006835938,13.606759071350098,50.76071548461914,47.672183990478516,1,1,1,1,1,1,1,1,1,1
IMG_3867_png_jpg.rf.e20fac85e825a51b2ed3564335da450c.jpg,train,79.78581237792969,57.08226013183594,54.331634521484375,81.80364990234375,59.50962829589844,61.031982421875,40.01423645019531,126.47596740722656,86.54747009277344,41.9018669128418,86.3565444946289,84.0494384765625,1,1,1,1,1,1,1,1,1,1
IMG_3695_png_jpg.rf.e52cc44df229e1f5ff48400d79e86d21.jpg,train,126.62649536132812,123.98483276367188,103.34257507324219,74.93017578125,73.24016571044922,67.8578109741211,40.4404296875,56.41448974609375,131.50442504882812,33.231956481933594,50.90319061279297,77.45426940917969,1,1,1,1,1,1,1,1,1,1
IMG_3846_png_jpg.rf.e3e78af16c2d11774af007df30c7cbf7.jpg,train,118.06303405761719,113.60702514648438,104.59832763671875,63.81220626831055,62.88602828979492,59.972225189208984,21.1724853515625,31.598373413085938,118.24143981933594,12.350011825561523,24.604915618896484,63.99489974975586,1,1,1,1,1,1,1,1,1,1
IMG_3580_png_jpg.rf.e4b7d2fc01f168284c3d321e9413eeec.jpg,train,111.31060791015625,94.32408142089844,78.39070129394531,60.18575668334961,56.20473098754883,52.227500915527344,18.091598510742188,94.09295654296875,111.59841918945312,23.46269416809082,65.23953247070312,60.372528076171875,1,1,1,1,1,1,1,1,1,1
IMG_3873_png_jpg.rf.e558a4fe9f1fdb422b04f7f563316eed.jpg,train,93.39630126953125,86.7132568359375,53.330047607421875,33.05730056762695,42.92646026611328,60.50946044921875,33.593048095703125,149.17733764648438,99.44526672363281,30.275911331176758,58.724910736083984,46.70049285888672,1,1,1,1,1,1,1,1,1,1
IMG_3669_png_jpg.rf.e562434cb365a8b59623e67d8b5f2776.jpg,train,162.67718505859375,161.516357421875,157.34901428222656,54.06593322753906,52.27985763549805,52.10483169555664,55.6058349609375,25.877716064453125,168.34396362304688,40.21742248535156,26.779569625854492,52.93184280395508,1,1,1,1,1,1,1,1,1,1
IMG_3880_png_jpg.rf.e39cc7c893351a305f0d7eef52f8b264.jpg,train,69.32752990722656,54.865570068359375,39.565277099609375,28.781522750854492,44.04088592529297,47.602596282958984,22.89227294921875,148.26358032226562,73.85162353515625,28.61321449279785,57.75474548339844,41.03581237792969,1,1,1,1,1,1,1,1,1,1
10_jpg.rf.e3f5edbf2cf99a19f02c9fbf54f22ae8.jpg,train,217.1305694580078,211.85609436035156,207.40293884277344,42.583255767822266,52.12177658081055,56.20813751220703,16.656158447265625,16.1683349609375,217.42596435546875,25.563066482543945,32.13300323486328,42.65536117553711,1,1,1,1,1,1,1,1,1,1
27_jpg.rf.e53ae81446d2b7b8768d3407efc27ff9.jpg,train,44.11962890625,45.49217224121094,49.920989990234375,62.332401275634766,64.25112915039062,63.83266067504883,77.23085021972656,45.87226867675781,52.782562255859375,55.458194732666016,42.923152923583984,68.7281494140625,1,1,1,1,1,1,1,1,1,1
IMG_3593_png_jpg.rf.e53f4e58d65d8c95c4cafc7ce438f3f0.jpg,train,143.09173583984375,135.0944366455078,128.78680419921875,63.462215423583984,64.97577667236328,64.1321029663086,15.266952514648438,44.715362548828125,143.20237731933594,17.414581298828125,55.86092758178711,63.48537826538086,1,1,1,1,1,1,1,1,1,1
30_jpg.rf.e53ea0098274847be30ef28d3b51ea11.jpg,train,174.7677764892578,174.94879150390625,168.51161193847656,53.73339080810547,53.6144905090332,51.23161315917969,29.091064453125,9.021286010742188,175.41322326660156,15.026895523071289,13.845108032226562,53.80397033691406,1,1,1,1,1,1,1,1,1,1
IMG_3882_png_jpg.rf.e5d4bbd06f592c9a19e6e96329572dfd.jpg,train,119.18464660644531,122.47517395019531,103.61231994628906,65.16333770751953,64.49455261230469,69.69874572753906,48.123687744140625,75.85403442382812,127.08369445800781,36.160240173339844,71.0602798461914,65.32902526855469,1,1,1,1,1,1,1,1,1,1
IMG_3641_png_jpg.rf.e566ff258964c9f8120509cf4e5a171d.jpg,train,106.46510314941406,100.88446044921875,93.73825073242188,71.26683044433594,73.36302185058594,74.31967163085938,32.870697021484375,73.54290771484375,106.99298095703125,42.28758239746094,89.55435943603516,71.64350128173828,1,1,1,1,1,1,1,1,1,1
IMG_3006_png_jpg.rf.e597bf75f3ce21e705cea25efba2bf47.jpg,train,100.78913879394531,100.22865295410156,98.10142517089844,39.060516357421875,40.03899002075195,39.17894744873047,43.87315368652344,10.18865966796875,101.46731567382812,47.6860466003418,9.952230453491211,39.94013214111328,1,1,1,1,1,1,1,1,1,1
IMG_3949_png_jpg.rf.e59fa6c9923d9c9b25902dffcc3bd383.jpg,train,147.32594299316406,109.85295104980469,108.04881286621094,57.909698486328125,68.49414825439453,66.19387817382812,97.4822998046875,87.4306640625,147.49522399902344,84.16400146484375,47.64272689819336,58.11331558227539,1,1,1,1,1,1,1,1,1,1
IMG_3713_png_jpg.rf.e60d9d1162a5effe8c71ef9b777dbc3b.jpg,train,95.72016906738281,77.20454406738281,69.41679382324219,70.37163543701172,66.93473815917969,66.75475311279297,37.345947265625,129.1809539794922,103.16912841796875,50.70711898803711,88.4654769897461,67.080322265625,1,1,1,1,1,1,1,1,1,1
IMG_3864_png_jpg.rf.e6672c54af50314ba54f01a2effa1d76.jpg,train,167.64425659179688,144.7620086669922,119.55809020996094,50.60627365112305,51.63689041137695,53.347686767578125,19.621673583984375,80.25189208984375,167.88609313964844,22.304073333740234,29.860679626464844,50.831485748291016,1,1,1,1,1,1,1,1,1,1
IMG_3685_png_jpg.rf.e7ff2ba98d7531c1ea6e47e77d3160fa.jpg,train,90.96444702148438,86.20628356933594,78.43368530273438,54.9549560546875,54.33708190917969,53.25044631958008,20.36297607421875,43.533233642578125,91.07730102539062,14.620845794677734,24.21845817565918,55.158626556396484,1,1,1,1,1,1,1,1,1,1
27_jpg.rf.e7098780dcb6e423e4985fa200bdad25.jpg,train,47.69697570800781,48.33111572265625,54.99174499511719,65.05656433105469,67.10053253173828,67.99312591552734,74.43601989746094,48.40771484375,57.845245361328125,58.43075180053711,50.91270065307617,72.3951416015625,1,1,1,1,1,1,1,1,1,1
IMG_3872_png_jpg.rf.e5af4b6905e99c64a506602c2a519bb5.jpg,train,81.81138610839844,62.58738708496094,33.47398376464844,27.46919059753418,46.935298919677734,62.06932067871094,28.240249633789062,202.50753784179688,89.44218444824219,31.725276947021484,73.55584716796875,44.05009460449219,1,1,1,1,1,1,1,1,1,1
IMG_3846_png_jpg.rf.e5b20334dca03b22fe03159b7af9a2c5.jpg,train,91.13552856445312,88.20309448242188,81.787841796875,68.04835510253906,66.48690795898438,63.13996887207031,22.118789672851562,31.216598510742188,91.30038452148438,13.149428367614746,22.479421615600586,68.279541015625,1,1,1,1,1,1,1,1,1,1
IMG_2997_png_jpg.rf.e6dfb78cd1c126f58deb6ab1eb52fc5e.jpg,train,145.4221649169922,149.98085021972656,154.822021484375,49.55467224121094,50.4145622253418,52.098514556884766,99.36735534667969,19.098037719726562,156.2132568359375,23.83563232421875,16.155872344970703,52.34822082519531,1,1,1,1,1,1,1,1,1,1
IMG_3752_png_jpg.rf.e6a55361caef4a6ecfe20a07a69cb283.jpg,train,50.25547790527344,48.35577392578125,42.32820129394531,54.1226921081543,53.067264556884766,49.101898193359375,21.343490600585938,55.371002197265625,50.690887451171875,24.130355834960938,67.56986236572266,54.69508743286133,1,1,1,1,1,1,1,1,1,1
IMG_3848_png_jpg.rf.e6e947c5f96a2f06cff1aa83e8823863.jpg,train,60.18922424316406,59.68975830078125,55.45545959472656,62.173919677734375,60.992610931396484,57.51297378540039,30.231781005859375,46.70404052734375,60.60365295410156,25.554292678833008,62.17123794555664,62.403907775878906,1,1,1,1,1,1,1,1,1,1
IMG_3962_png_jpg.rf.e70be4d5a4f497307d1763fdc5bc4fa6.jpg,train,152.8911590576172,138.0633087158203,121.20974731445312,47.218441009521484,50.79121398925781,56.372379302978516,25.590255737304688,62.887908935546875,153.71978759765625,32.73988342285156,33.656524658203125,48.411251068115234,1,1,1,1,1,1,1,1,1,1
IMG_3669_png_jpg.rf.e6cb5185231c81bec2966c8ba032fb95.jpg,train,139.62428283691406,138.94473266601562,134.81924438476562,62.79509353637695,61.19330978393555,59.21791458129883,60.00614929199219,27.434280395507812,144.5918731689453,41.238826751708984,29.129369735717773,62.40016555786133,1,1,1,1,1,1,1,1,1,1
IMG_3733_png_jpg.rf.e6af41e2125e41138e42945ddef06636.jpg,train,149.45518493652344,148.9598388671875,136.1660614013672,70.2308120727539,70.2545394897461,69.13716125488281,30.491989135742188,32.748382568359375,150.61660766601562,11.744534492492676,33.51020050048828,70.26570129394531,1,1,1,1,1,1,1,1,1,1
IMG_3660_png_jpg.rf.e791cd582b2a57ba44ca69ec07384d06.jpg,train,162.54759216308594,113.98469543457031,91.45703125,38.10319519042969,51.347930908203125,58.40408706665039,25.947158813476562,129.68865966796875,168.78076171875,40.033634185791016,51.18022155761719,42.33898162841797,1,1,1,1,1,1,1,1,1,1
IMG_3898_png_jpg.rf.e622b3af452371af8fb6b5d03cfb4490.jpg,train,80.92178344726562,92.02284240722656,55.54948425292969,61.14006805419922,59.12241744995117,58.35603713989258,42.851959228515625,137.84017944335938,94.5404052734375,20.83136558532715,68.55450439453125,61.63273239135742,1,1,1,1,1,1,1,1,1,1
IMG_3721_png_jpg.rf.e83a1090b684e7d9f921358a24bbcf5a.jpg,train,74.66317749023438,71.33134460449219,65.64375305175781,69.25953674316406,67.2386474609375,62.134281158447266,18.971176147460938,29.0845947265625,74.90969848632812,20.51862335205078,22.76673698425293,69.44773864746094,1,1,1,1,1,1,1,1,1,1
IMG_3664_png_jpg.rf.e8ffc098c6cc4446a60e76fb7966f448.jpg,train,166.8109130859375,150.98512268066406,147.71136474609375,85.88361358642578,91.24219512939453,92.03784942626953,35.83305358886719,57.887420654296875,169.97520446777344,50.061279296875,58.99787902832031,84.41590118408203,1,1,1,1,1,1,1,1,1,1
IMG_3974_png_jpg.rf.e71a5ce958753258320f4ce6f45ea292.jpg,train,81.56947326660156,72.38282775878906,64.07185363769531,62.27845001220703,44.8905029296875,37.49252700805664,30.157363891601562,35.61705017089844,82.18240356445312,17.87172508239746,44.15621566772461,62.35966873168945,1,1,1,1,1,1,1,1,1,1
IMG_3705_png_jpg.rf.e7b5cb2ad18fea243d03b9d10001d6aa.jpg,train,95.81446838378906,85.59912109375,78.45613098144531,59.337398529052734,51.9521484375,47.14181137084961,31.995834350585938,39.28288269042969,96.64028930664062,42.71213912963867,44.598358154296875,59.38103485107422,1,1,1,1,1,1,1,1,1,1
IMG_3701_png_jpg.rf.dde12228ecbb3a5942c144add54816a2.jpg,train,114.47306823730469,100.40176391601562,81.47770690917969,77.98345184326172,71.82592010498047,64.2059097290039,35.17054748535156,86.29545593261719,116.94474792480469,35.6561393737793,68.65441131591797,79.54542541503906,1,1,1,1,1,1,1,1,1,1
IMG_3952_png_jpg.rf.e6ef56ecc9913c4788ddc70697b72e01.jpg,train,78.46601867675781,74.6627197265625,65.65020751953125,56.33262634277344,54.956302642822266,54.348411560058594,40.73167419433594,62.33067321777344,80.82637023925781,42.483821868896484,53.91679763793945,56.646522521972656,1,1,1,1,1,1,1,1,1,1
IMG_3782_png_jpg.rf.e900225c58704790a533ee71e4d8d456.jpg,train,84.52182006835938,80.37684631347656,59.7518310546875,72.03778076171875,70.26900482177734,65.02318572998047,32.979156494140625,128.16281127929688,87.57765197753906,32.06450271606445,85.6228256225586,72.37560272216797,1,1,1,1,1,1,1,1,1,1
IMG_3618_png_jpg.rf.e843bf9bf3e9fd1a0fcd32d807a9fc87.jpg,train,95.17103576660156,84.81550598144531,77.08253479003906,63.74828338623047,63.793331146240234,63.06600570678711,16.347610473632812,75.94119262695312,95.58271789550781,25.751623153686523,70.53913116455078,64.04605102539062,1,1,1,1,1,1,1,1,1,1
IMG_3885_png_jpg.rf.e6f4979611b2cc92aaf89ee569d62448.jpg,train,169.5760498046875,162.03097534179688,158.09027099609375,43.37211227416992,48.374534606933594,47.96879196166992,31.376922607421875,21.822769165039062,170.23814392089844,48.06817626953125,34.270286560058594,43.80286407470703,1,1,1,1,1,1,1,1,1,1
IMG_3972_png_jpg.rf.e84aa0fb4fe033ead427882c0e268041.jpg,train,133.62783813476562,132.5183563232422,124.53877258300781,38.94402313232422,38.25660705566406,36.354427337646484,27.592041015625,17.950057983398438,134.10263061523438,11.801730155944824,15.46497631072998,39.00192642211914,1,1,1,1,1,1,1,1,1,1
IMG_3922_png_jpg.rf.e99196afb53dc7b5ff430dbb069bfe97.jpg,train,180.8983917236328,155.81077575683594,93.57931518554688,44.47294616699219,49.43811798095703,57.67328643798828,22.712051391601562,136.8415069580078,181.05003356933594,14.151188850402832,60.16880416870117,44.56499481201172,1,1,1,1,1,0,1,1,1,1
IMG_3598_png_jpg.rf.e8aa397a236c4d993c2effabee7a8d2a.jpg,train,113.26878356933594,104.818115234375,64.05831909179688,67.94259643554688,73.77021789550781,88.74467468261719,26.82666015625,167.7594757080078,113.9635009765625,12.975614547729492,100.03672790527344,68.80846405029297,1,1,1,1,1,1,1,1,1,1
IMG_3935_png_jpg.rf.e8919f761ce31bf21460c5cf291b806b.jpg,train,169.41883850097656,160.81239318847656,139.71730041503906,51.95736312866211,54.57434844970703,61.370235443115234,29.301712036132812,56.75372314453125,173.20205688476562,25.486799240112305,50.4228401184082,50.83744812011719,1,1,1,1,1,1,1,1,1,1
IMG_3022_png_jpg.rf.e98491a169ad29d31cdbdeec7f0fd29c.jpg,train,34.17730712890625,35.96687316894531,45.828826904296875,48.931461334228516,49.841651916503906,47.164634704589844,106.05276489257812,133.13690185546875,48.27348327636719,30.084348678588867,70.24031829833984,50.611366271972656,1,1,1,1,1,1,1,1,1,1
IMG_3853_png_jpg.rf.e974ed25ca43295c4eeffc07d1821707.jpg,train,59.16107177734375,53.063018798828125,47.697357177734375,67.47390747070312,58.713417053222656,54.77568054199219,24.756866455078125,67.13130187988281,59.453887939453125,31.8918514251709,78.30047607421875,67.7370834350586,1,1,1,1,1,1,1,1,1,1
33_jpg.rf.3ef43cd8a52bdd98127f9e7af2e691ca.jpg,train,112.63154602050781,114.9395751953125,107.333740234375,50.432044982910156,52.19701385498047,48.8155517578125,29.19549560546875,19.689743041992188,115.53378295898438,29.539928436279297,40.40699768066406,52.454864501953125,1,1,1,1,1,1,1,1,1,1
IMG_3771_png_jpg.rf.3f382f6b1b230c21e271d48f5277801c.jpg,train,92.14430236816406,87.51817321777344,77.51078796386719,68.81053924560547,67.65384674072266,63.854736328125,24.480606079101562,46.675872802734375,93.05874633789062,29.61341094970703,32.22978591918945,68.99794006347656,1,1,1,1,1,1,1,1,1,1
IMG_3922_png_jpg.rf.3f6a4a4b344e4c50d38f47c9748e78b2.jpg,train,215.71498107910156,211.1190948486328,146.35345458984375,37.1838493347168,39.95945739746094,47.86726379394531,28.47735595703125,86.45176696777344,215.8554229736328,8.411894798278809,31.628278732299805,37.27446746826172,1,1,1,1,1,0,1,1,1,1
IMG_3906_png_jpg.rf.438931822338bf16e9c8653a5525a880.jpg,train,137.61572265625,141.1429901123047,144.5742950439453,66.53181457519531,69.41881561279297,70.61366271972656,93.22154235839844,21.077529907226562,145.4176483154297,36.714725494384766,38.5861930847168,69.71379852294922,1,1,1,1,1,1,1,1,1,1
IMG_3754_png_jpg.rf.3fcf45976fa5708c9d70feb0d4a45454.jpg,train,145.91949462890625,145.41610717773438,130.25039672851562,56.642921447753906,55.13908386230469,55.28004455566406,30.929611206054688,33.72572326660156,147.41162109375,16.335350036621094,24.635568618774414,55.58472442626953,1,1,1,1,1,1,1,1,1,1
9_jpg.rf.439d893512867672a7dd6d96c068f1af.jpg,train,48.7469482421875,38.02313232421875,29.801239013671875,51.470130920410156,45.464508056640625,46.18189239501953,26.153594970703125,125.53590393066406,50.76594543457031,32.303466796875,76.20565032958984,55.480587005615234,1,1,1,1,1,1,1,1,1,1
21_jpg.rf.40ddcac64e91ec17742f64e312e5486c.jpg,train,27.47406005859375,30.0594482421875,34.432586669921875,53.404052734375,54.80608367919922,56.107269287109375,52.78358459472656,73.51469421386719,38.17015075683594,56.285926818847656,87.97163391113281,61.97349548339844,1,1,1,1,1,1,1,1,1,1
IMG_3674_png_jpg.rf.43a479e36ac0e5c96ad10bb7412ae10e.jpg,train,125.77900695800781,120.98638916015625,110.92131042480469,67.58697509765625,67.26079559326172,65.87097930908203,26.456344604492188,41.996368408203125,126.3739013671875,20.74009132385254,50.935821533203125,67.54696655273438,1,1,1,1,1,1,1,1,1,1
IMG_3626_png_jpg.rf.43ca9c7885528a47e6586dc212a3f7c5.jpg,train,146.53021240234375,114.97065734863281,90.31465148925781,52.929725646972656,50.0359001159668,55.65481948852539,32.40142822265625,121.05354309082031,153.5784149169922,39.8402214050293,57.41804885864258,52.218135833740234,1,1,1,1,1,1,1,1,1,1
IMG_3880_png_jpg.rf.43ad98878f24dd4d3893b1a60c9d3501.jpg,train,99.34944152832031,86.54035949707031,56.84765625,28.137792587280273,42.090660095214844,52.980220794677734,28.0753173828125,139.07846069335938,104.66909790039062,27.597944259643555,52.37636184692383,40.818756103515625,1,1,1,1,1,1,1,1,1,1
IMG_3864_png_jpg.rf.43f1aa3e5ece32468e56f36a90dfb83b.jpg,train,127.62092590332031,107.57904052734375,72.1978759765625,58.8480339050293,60.42535400390625,63.809974670410156,24.2379150390625,142.03421020507812,128.28173828125,24.18242645263672,71.68762969970703,59.786529541015625,1,1,1,1,1,1,1,1,1,1
IMG_3685_png_jpg.rf.43ca91642d52ac907b1ff34090a7e702.jpg,train,145.39503479003906,142.1615447998047,136.2584686279297,46.63176345825195,46.583045959472656,46.571754455566406,20.312057495117188,17.32073974609375,145.4398956298828,12.761333465576172,8.881331443786621,46.67271041870117,1,1,1,1,1,1,1,1,1,1
IMG_3879_png_jpg.rf.440108d087c1c2692ec3c063c222a1c2.jpg,train,105.00883483886719,86.28884887695312,49.27532958984375,32.17781066894531,44.94646072387695,59.026039123535156,26.515838623046875,167.09555053710938,109.74765014648438,26.33712387084961,62.57106018066406,42.643157958984375,1,1,1,1,1,1,1,1,1,1
IMG_3768_png_jpg.rf.43d794eece5d7b4385a0810dbc9ee5fc.jpg,train,88.05140686035156,81.77943420410156,72.57342529296875,67.53196716308594,61.91188049316406,58.85923767089844,26.113723754882812,63.670501708984375,88.66108703613281,20.26503562927246,61.75148010253906,67.76212310791016,1,1,1,1,1,1,1,1,1,1
IMG_3627_png_jpg.rf.44544b091289b71af0cda6f57b498ead.jpg,train,140.0832977294922,116.77131652832031,83.74522399902344,57.245216369628906,55.349796295166016,57.29220199584961,32.60722351074219,121.96006774902344,145.15968322753906,34.77175521850586,57.49447250366211,59.09235382080078,1,1,1,1,1,1,1,1,1,1
IMG_3921_png_jpg.rf.440a83e804a111803009eace246071a1.jpg,train,176.46661376953125,155.1553497314453,86.68339538574219,51.033226013183594,52.9413948059082,52.874393463134766,23.76025390625,143.62664794921875,176.72848510742188,10.245290756225586,50.10826110839844,50.96112060546875,1,1,1,1,1,1,1,1,1,1
IMG_2984_png_jpg.rf.4409abfee5ec8378d67334a0da28ab61.jpg,train,37.59889221191406,38.715545654296875,42.49330139160156,42.629249572753906,43.30381393432617,39.411338806152344,111.9332275390625,66.23013305664062,43.45954895019531,19.20856285095215,63.595550537109375,42.808021545410156,1,1,1,1,1,1,1,1,1,1
IMG_3658_png_jpg.rf.445e78a0daef999abb964ad3fcb7ee9a.jpg,train,139.2392578125,97.13043212890625,73.15525817871094,40.19573211669922,54.90415954589844,61.376243591308594,25.5172119140625,150.0470733642578,145.88412475585938,38.98172378540039,62.882850646972656,47.28831481933594,1,1,1,1,1,1,1,1,1,1
IMG_3816_png_jpg.rf.3fcdd4d11ec06b25eaeb45603055ab7c.jpg,train,130.4872283935547,128.20416259765625,126.48529052734375,74.8685302734375,78.48301696777344,82.33912658691406,62.79490661621094,48.16816711425781,135.61976623535156,45.97285461425781,64.0816650390625,77.21717071533203,1,1,1,1,1,1,1,1,1,1
IMG_3749_png_jpg.rf.4456ba2726ad0b189143ab59d2259627.jpg,train,185.152099609375,164.73373413085938,149.4044647216797,52.26875305175781,66.01757049560547,68.81600189208984,20.236740112304688,59.6873779296875,185.33653259277344,27.27231788635254,42.726898193359375,52.43295669555664,1,1,1,1,1,1,1,1,1,1
IMG_3740_png_jpg.rf.3f39ed1c822738f0faacebdda26450b1.jpg,train,164.0824737548828,162.0351104736328,153.69752502441406,61.682586669921875,63.37418746948242,63.61779022216797,26.651947021484375,39.046295166015625,164.4306182861328,17.658681869506836,69.03291320800781,61.816341400146484,1,1,1,1,1,1,1,1,1,1
IMG_3785_png_jpg.rf.4495de5db1d98b50f5561487f7b2b3db.jpg,train,110.16117858886719,107.34086608886719,100.47587585449219,61.543617248535156,61.28504180908203,63.368438720703125,51.08082580566406,64.82635498046875,121.22322082519531,53.160945892333984,35.051422119140625,66.60220336914062,1,1,1,1,1,1,1,1,1,1
IMG_3642_png_jpg.rf.412bc0cafbd7ae7f44ae4d5992caaab5.jpg,train,117.34915161132812,48.404052734375,36.91481018066406,70.63896942138672,58.41233825683594,53.57088851928711,16.563034057617188,176.06454467773438,117.86009216308594,31.817325592041016,88.98411560058594,70.7483901977539,1,1,1,1,1,1,1,1,1,1
IMG_3680_png_jpg.rf.40c0e092b8cac01aaf9c655edc1f249e.jpg,train,53.51469421386719,107.14137268066406,173.58602905273438,60.828651428222656,43.93779754638672,29.07084083557129,102.067138671875,187.71266174316406,175.59242248535156,19.039226531982422,60.12793731689453,30.796236038208008,1,1,1,1,1,1,1,1,1,1
32_jpg.rf.44b0c7cf664b91d0a3005d3f73cf8939.jpg,train,155.1842041015625,154.10415649414062,148.27154541015625,52.22771072387695,51.39018249511719,49.90789031982422,28.48553466796875,12.366241455078125,156.06822204589844,36.59846115112305,22.919126510620117,52.29133605957031,1,1,1,1,1,1,1,1,1,1
IMG_3677_png_jpg.rf.44bad2dc483236dd138b3645d8554f3a.jpg,train,34.48747253417969,86.06922912597656,127.97663879394531,65.87589263916016,45.52360153198242,33.784584045410156,96.04421997070312,211.87454223632812,132.6487274169922,24.731969833374023,61.82462692260742,40.50990295410156,1,1,1,1,1,1,1,1,1,1
IMG_3020_png_jpg.rf.4519288e4ea3910ccf08661bac351170.jpg,train,65.08702087402344,61.32383728027344,57.51695251464844,48.95348358154297,50.86017608642578,48.89752197265625,28.592361450195312,53.002899169921875,65.49095153808594,43.252567291259766,51.34046936035156,49.910423278808594,1,1,1,1,1,1,1,1,1,1
IMG_3921_png_jpg.rf.450ed1f31fd97a052dc6ad50d4b5b24c.jpg,train,150.2827606201172,142.07308959960938,59.43824768066406,53.113121032714844,54.70714569091797,48.081886291503906,27.865615844726562,171.3453369140625,150.64007568359375,10.951569557189941,52.27910232543945,53.15648651123047,1,1,1,1,1,1,1,1,1,1
IMG_3812_png_jpg.rf.450581d3b570b6341690042b34d6ed1e.jpg,train,130.29823303222656,127.750732421875,108.69718933105469,68.26458740234375,61.95163345336914,67.75141143798828,45.665557861328125,67.15187072753906,136.37921142578125,40.3253288269043,53.852752685546875,66.57193756103516,1,1,1,1,1,1,1,1,1,1
IMG_3685_png_jpg.rf.401824b8821a2fb1e2eeb6a41dda71ab.jpg,train,67.09739685058594,60.348052978515625,52.34437561035156,52.984737396240234,51.86214828491211,49.96895980834961,19.367630004882812,83.24253845214844,67.27415466308594,23.031661987304688,59.84611129760742,53.376224517822266,1,1,1,1,1,1,1,1,1,1
IMG_3801_png_jpg.rf.4537275a4e8475df62ec872bf16270d1.jpg,train,85.83436584472656,74.77774047851562,60.121246337890625,65.09416961669922,62.41543960571289,60.994659423828125,22.646804809570312,116.67617797851562,86.82984924316406,27.169099807739258,77.227294921875,65.41861724853516,1,1,1,1,1,1,1,1,1,1
IMG_3021_png_jpg.rf.449afdec7f14e9697060a9c4ae2fb0ab.jpg,train,66.811279296875,62.42884826660156,58.808013916015625,48.93004608154297,49.81953430175781,47.503623962402344,26.085861206054688,42.584320068359375,67.07278442382812,42.01493453979492,28.541969299316406,49.46884536743164,1,1,1,1,1,1,1,1,1,1
14_jpg.rf.455e38c88a0e1432ea648462be703954.jpg,train,168.0216827392578,124.36338806152344,107.74922180175781,57.63516616821289,54.50006103515625,50.285919189453125,14.893814086914062,101.14094543457031,168.41380310058594,28.497711181640625,45.337677001953125,57.06675720214844,1,1,1,1,1,1,1,1,1,1
IMG_3699_png_jpg.rf.417c593ca663e00be86978d2cc6f742b.jpg,train,110.79376220703125,92.97817993164062,79.5955810546875,82.87349700927734,73.42059326171875,67.0701904296875,31.399002075195312,85.40910339355469,114.22006225585938,45.77605438232422,82.93275451660156,85.1679458618164,1,1,1,1,1,1,1,1,1,1
IMG_3026_png_jpg.rf.45273a2ccc4a79c80ff5d99cb3e243b2.jpg,train,194.7598114013672,103.88847351074219,188.40879821777344,68.84695434570312,40.04387283325195,75.20185089111328,118.82504272460938,114.27262878417969,195.78424072265625,55.76750564575195,47.161739349365234,69.22865295410156,1,1,1,1,1,1,1,1,1,1
IMG_3936_png_jpg.rf.458b4cafed55fda2bddbdcb535d7cbe7.jpg,train,160.31295776367188,150.12472534179688,131.54786682128906,64.3665542602539,66.84120178222656,70.44813537597656,28.470184326171875,59.535186767578125,163.5484619140625,28.66698455810547,51.871620178222656,63.80719757080078,1,1,1,1,1,1,1,1,1,1
IMG_3672_png_jpg.rf.45a447d0810d67776e6d49cfb5895dfe.jpg,train,120.34516906738281,116.14216613769531,108.37991333007812,64.19123077392578,60.712127685546875,58.26593780517578,58.59791564941406,42.4456787109375,124.05928039550781,40.76140594482422,50.74296569824219,64.17943572998047,1,1,1,1,1,1,1,1,1,1
IMG_3918_png_jpg.rf.45638bd0e4378f1176dd6e232fd21044.jpg,train,170.49786376953125,165.1280517578125,67.73153686523438,45.09540939331055,49.01632308959961,48.245460510253906,29.0245361328125,166.4617462158203,170.77835083007812,11.111001014709473,50.89152908325195,45.35893630981445,1,1,1,1,1,1,1,1,1,1
IMG_3644_png_jpg.rf.457d199d730e02025073c72eb5e6b8a5.jpg,train,96.49188232421875,41.98487854003906,38.71195983886719,57.10142135620117,53.0074577331543,51.21418762207031,25.151580810546875,157.3766632080078,97.16070556640625,50.020957946777344,100.16455078125,57.527565002441406,1,1,1,1,1,1,1,1,1,1
IMG_3779_png_jpg.rf.45beaf8def460d7efbb9d7375c3a7c46.jpg,train,118.10276794433594,104.63446044921875,97.39834594726562,74.64988708496094,66.7134017944336,63.200809478759766,45.273590087890625,49.859527587890625,120.33050537109375,54.896331787109375,38.115631103515625,74.38683319091797,1,1,1,1,1,1,1,1,1,1
IMG_3829_png_jpg.rf.456664d2e2858fa73e2a13bc6cee2a16.jpg,train,136.9432830810547,123.50692749023438,100.6417236328125,64.0248031616211,65.38507080078125,63.97909164428711,23.1243896484375,92.76997375488281,138.98226928710938,20.45125389099121,56.938926696777344,65.9493179321289,1,1,1,1,1,1,1,1,1,1
IMG_3562_png_jpg.rf.4613a464b272f4fd313260d6602afe0e.jpg,train,63.93351745605469,59.170135498046875,41.16026306152344,69.60057830810547,63.500633239746094,55.032169342041016,38.01899719238281,69.79299926757812,66.23783874511719,41.684593200683594,81.2616195678711,70.10691833496094,1,1,1,1,1,1,1,1,1,1
4_jpg.rf.460fc783d67962345f177b604e27c685.jpg,train,222.49774169921875,210.7749481201172,193.67686462402344,55.916690826416016,63.508750915527344,63.860408782958984,32.42860412597656,42.026641845703125,224.12222290039062,34.747169494628906,45.940425872802734,53.377315521240234,1,1,1,1,1,1,1,1,1,1
29_jpg.rf.4616a5e6e300e28e8b7cae0edccf20ca.jpg,train,139.12899780273438,140.565673828125,141.41424560546875,74.4427490234375,75.2873306274414,75.10951232910156,70.43063354492188,7.614898681640625,142.56556701660156,49.81709289550781,10.75735855102539,75.97763061523438,1,1,1,1,1,1,1,1,1,1
IMG_3853_png_jpg.rf.4641177af407bd27ee427f5c37e59ca0.jpg,train,65.47843933105469,63.14604187011719,59.19581604003906,66.97631072998047,63.759098052978516,60.867855072021484,19.63140869140625,30.37640380859375,65.74557495117188,21.966663360595703,54.846771240234375,67.16796875,1,1,1,1,1,1,1,1,1,1
14_jpg.rf.4641eac76541b16e05c7ff15554b978c.jpg,train,168.4942169189453,141.7165985107422,121.94197082519531,53.4090690612793,52.956512451171875,50.39503860473633,15.583847045898438,79.31141662597656,168.8037872314453,17.122974395751953,45.62847137451172,53.012657165527344,1,1,1,1,1,1,1,1,1,1
IMG_3587_png_jpg.rf.470106ee031494f80837ec6260874cdb.jpg,train,80.51728820800781,70.83958435058594,53.28257751464844,47.50113296508789,52.400821685791016,54.191612243652344,24.166763305664062,121.21295166015625,80.96070861816406,22.19760513305664,90.86775970458984,48.33176040649414,1,1,1,1,1,1,1,1,1,1
IMG_3914_png_jpg.rf.4607a378a55f884b5d4857cbc328b750.jpg,train,176.47137451171875,179.20079040527344,181.1971435546875,64.39030456542969,71.55657196044922,75.77354431152344,84.20462036132812,29.441940307617188,188.70144653320312,48.58262252807617,23.874963760375977,70.12469482421875,1,1,1,1,1,1,1,1,1,1
4_jpg.rf.4642edd94decbd45d40056a92ea56d10.jpg,train,156.40907287597656,147.06642150878906,136.8076171875,98.13194274902344,93.5558090209961,87.52444458007812,21.56573486328125,34.984619140625,157.28646850585938,34.03755569458008,47.470577239990234,97.86126708984375,1,1,1,1,1,1,1,1,1,1
IMG_3679_png_jpg.rf.470b41c4f80fe8e106ac977f101f96a9.jpg,train,46.634857177734375,116.95469665527344,192.78172302246094,66.42962646484375,42.846031188964844,27.418399810791016,99.79353332519531,203.16372680664062,195.78433227539062,21.030719757080078,64.83980560302734,28.27494239807129,1,1,1,1,1,1,1,1,1,1
IMG_3929_png_jpg.rf.473768d9b37213891aa99c8455321fd5.jpg,train,152.48292541503906,123.59503173828125,107.73623657226562,57.5653076171875,55.094974517822266,56.764259338378906,27.474319458007812,94.82914733886719,156.08319091796875,38.211910247802734,48.81552505493164,56.19164276123047,1,1,1,1,1,1,1,1,1,1
IMG_3636_png_jpg.rf.4713cca3b5ca11313651434a2f247191.jpg,train,139.47193908691406,137.5821990966797,124.47029113769531,71.28825378417969,71.28495788574219,75.26590728759766,35.308380126953125,51.672943115234375,140.6198272705078,26.372474670410156,69.41548919677734,71.16201782226562,1,1,1,1,1,1,1,1,1,1
IMG_3800_png_jpg.rf.415488160bb322b316497cf50fad10ea.jpg,train,80.57461547851562,71.42831420898438,60.55888366699219,70.53501892089844,67.88749694824219,65.78556060791016,21.83416748046875,109.00386047363281,81.22361755371094,26.304943084716797,80.84413146972656,70.59734344482422,1,1,1,1,1,1,1,1,1,1
IMG_3798_png_jpg.rf.40fac35c9dde4d7a2a794963502a8ae1.jpg,train,100.80337524414062,94.43467712402344,74.92910766601562,69.98883819580078,68.09197235107422,66.71163940429688,24.806411743164062,95.88786315917969,102.58137512207031,15.55978775024414,57.671749114990234,69.90167999267578,1,1,1,1,1,1,1,1,1,1
IMG_3593_png_jpg.rf.476937c2f6853038284b1cf4b4471aec.jpg,train,133.57147216796875,131.20980834960938,113.99897766113281,60.4233283996582,62.64468002319336,62.4934196472168,27.316635131835938,65.50811767578125,134.28819274902344,14.306689262390137,77.1871337890625,60.71540451049805,1,1,1,1,1,1,1,1,1,1
IMG_3661_png_jpg.rf.473b487e6d0209df1627381afceda030.jpg,train,155.11924743652344,99.25418090820312,60.71287536621094,39.646507263183594,50.60391616821289,60.41112518310547,23.971817016601562,169.77879333496094,159.11582946777344,35.884124755859375,56.677696228027344,44.0975341796875,1,1,1,1,1,1,1,1,1,1
IMG_3938_png_jpg.rf.47bb03bfd64afcb4e3e7345c97ef9ae0.jpg,train,164.1754150390625,152.49778747558594,129.32859802246094,58.49034881591797,59.8144416809082,66.75003814697266,27.857330322265625,66.7901611328125,167.2006072998047,23.29701042175293,56.483154296875,57.038665771484375,1,1,1,1,1,1,1,1,1,1
IMG_3846_png_jpg.rf.47cd650fce974581beee3297eb1017e5.jpg,train,83.79087829589844,80.40849304199219,71.76608276367188,68.87776184082031,67.01506805419922,62.69071578979492,23.528915405273438,65.48585510253906,84.00251770019531,8.966227531433105,59.95607376098633,69.12278747558594,1,1,1,1,1,1,1,1,1,1
33_jpg.rf.3f18546520d96ea98c38671285045429.jpg,train,107.3258056640625,107.31625366210938,101.27699279785156,58.874385833740234,58.88684844970703,55.90009307861328,25.610443115234375,17.877822875976562,108.30926513671875,32.38046646118164,39.09046173095703,59.5776252746582,1,1,1,1,1,1,1,1,1,1
IMG_3562_png_jpg.rf.46899922a957c719f936c6bc279721cd.jpg,train,83.83039855957031,76.32945251464844,62.589874267578125,73.791259765625,65.34825897216797,60.26739501953125,41.24140930175781,50.738311767578125,85.71025085449219,41.36660385131836,65.06180572509766,73.83016967773438,1,1,1,1,1,1,1,1,1,1
IMG_3666_png_jpg.rf.40e563cb6af827e2908c435b063d836f.jpg,train,152.52667236328125,140.33566284179688,130.54232788085938,87.71082305908203,90.79742431640625,92.18720245361328,37.93467712402344,71.10893249511719,155.2628173828125,41.69511795043945,70.5398941040039,86.4342269897461,1,1,1,1,1,1,1,1,1,1
IMG_3756_png_jpg.rf.477ef723f4cdadefc3d9703ce30caea2.jpg,train,96.84794616699219,93.01068115234375,78.67424011230469,69.16570281982422,65.69745635986328,61.88100814819336,28.370193481445312,64.17561340332031,97.74478149414062,17.315479278564453,45.161895751953125,68.9332275390625,1,1,1,1,1,1,1,1,1,1
IMG_3882_png_jpg.rf.480a118370db4d5d65ec6b777e292d52.jpg,train,141.05224609375,139.07774353027344,118.85781860351562,65.45159149169922,67.11856079101562,73.05781555175781,43.61358642578125,71.85444641113281,147.08880615234375,38.489402770996094,62.42599868774414,67.15292358398438,1,1,1,1,1,1,1,1,1,1
IMG_2981_png_jpg.rf.48df30507933ce7028096cbf386151f0.jpg,train,98.49626159667969,76.93783569335938,58.335205078125,34.825626373291016,46.174644470214844,46.60403060913086,24.540451049804688,130.12049865722656,102.87074279785156,34.3355598449707,49.70944595336914,41.33685302734375,1,1,1,1,1,1,1,1,1,1
IMG_3887_png_jpg.rf.48a2b75fd05f926a9a296d5370f3c42f.jpg,train,112.35206604003906,108.76896667480469,100.51991271972656,56.625553131103516,56.16829299926758,53.88276290893555,31.718414306640625,33.947021484375,113.45225524902344,38.37607955932617,48.17135238647461,56.93536376953125,1,1,1,1,1,1,1,1,1,1
IMG_3833_png_jpg.rf.48668e0618d0378544e51661eb19a05b.jpg,train,114.47088623046875,98.64385986328125,72.62092590332031,61.12031936645508,58.412715911865234,56.990177154541016,33.01025390625,104.6046142578125,116.44288635253906,38.5988655090332,81.69534301757812,62.204811096191406,1,1,1,1,1,1,1,1,1,1
IMG_3734_png_jpg.rf.48d781a0c8344f030a6bbac6ae96d203.jpg,train,167.3357391357422,161.17782592773438,150.43614196777344,41.6673583984375,46.124664306640625,48.29729080200195,22.269058227539062,34.01934814453125,167.559326171875,13.247854232788086,49.331077575683594,41.66023254394531,1,1,1,1,1,1,1,1,1,1
IMG_3916_png_jpg.rf.489669f9a8f814bff97cf7976a92a61a.jpg,train,120.95906066894531,122.87208557128906,118.59674072265625,65.44697570800781,67.99037170410156,72.86933135986328,64.54924011230469,52.96458435058594,128.42745971679688,41.7689094543457,66.64771270751953,68.53685760498047,1,1,1,1,1,1,1,1,1,1
IMG_3731_png_jpg.rf.48a6f2b6c468476ebe4154a71d5326e5.jpg,train,135.87034606933594,131.41732788085938,124.78971862792969,53.83259582519531,52.88866424560547,52.89995574951172,22.212173461914062,28.121475219726562,136.14198303222656,16.005752563476562,43.537193298339844,53.9964485168457,1,1,1,1,1,1,1,1,1,1
IMG_3935_png_jpg.rf.48b3aeb20e1d1608765c7450d9a7e0f7.jpg,train,139.24566650390625,137.14013671875,110.91548156738281,57.2952766418457,56.4072265625,66.19911193847656,34.67430114746094,78.97416687011719,146.1572265625,25.51430320739746,77.03916931152344,54.02495193481445,1,1,1,1,1,1,1,1,1,1
IMG_3707_png_jpg.rf.426e943975bf0edc8913b92ec54f8945.jpg,train,112.6397705078125,102.45167541503906,89.48780822753906,68.71165466308594,57.6768684387207,49.83479690551758,42.34075927734375,49.91546630859375,114.98518371582031,40.15239334106445,54.7564582824707,67.83953857421875,1,1,1,1,1,1,1,1,1,1
IMG_3839_png_jpg.rf.41f95e9f9f83f7b60e78a6fedd699d3a.jpg,train,162.9038543701172,153.15097045898438,130.0625762939453,58.96622848510742,55.87364196777344,59.156227111816406,41.79856872558594,58.56874084472656,164.82656860351562,46.536781311035156,53.87233352661133,58.634971618652344,1,1,1,1,0,1,1,1,1,1
IMG_2988_png_jpg.rf.4942191d49d1e7923fbbf174680dc15a.jpg,train,34.836273193359375,35.00518798828125,31.498214721679688,41.987571716308594,42.5469856262207,40.218482971191406,30.744827270507812,53.31706237792969,35.49858093261719,26.29291343688965,61.8151741027832,43.16108703613281,1,1,1,1,1,1,1,1,1,1
IMG_3589_png_jpg.rf.493ef31a3dd9ac59a3cb01112169ed58.jpg,train,53.97453308105469,37.30561828613281,31.722091674804688,46.539451599121094,49.19762420654297,46.1523551940918,20.854080200195312,152.57041931152344,54.509429931640625,42.874229431152344,82.2734603881836,47.83045959472656,1,1,1,1,1,1,1,1,1,1
IMG_3013_png_jpg.rf.4356174f3e628a1ef2066b35d2dffcfd.jpg,train,80.45918273925781,80.14056396484375,79.11131286621094,43.37876892089844,43.35877990722656,41.3184700012207,64.69012451171875,12.630599975585938,81.94578552246094,54.77986526489258,13.686516761779785,43.84760665893555,1,1,1,1,1,1,1,1,1,1
IMG_3942_png_jpg.rf.493a96917cd1a52b05072b35a9b0d4b6.jpg,train,146.05984497070312,142.48133850097656,132.80397033691406,66.26773071289062,62.862281799316406,68.6969223022461,42.94512939453125,45.96797180175781,149.21990966796875,39.69573211669922,62.16459655761719,65.84508514404297,1,1,1,1,1,1,1,1,1,1
IMG_3823_png_jpg.rf.48df5aee0946b2c4453c86b0a3907464.jpg,train,145.69296264648438,143.2856903076172,129.0009002685547,51.861934661865234,51.98407745361328,52.27291488647461,30.203994750976562,40.42430114746094,146.89463806152344,15.104266166687012,49.48851013183594,52.28380584716797,1,1,1,1,1,1,1,1,1,1
25_jpg.rf.495b833a1f9f731ea0d974a20e8476c5.jpg,train,21.97174072265625,22.368942260742188,28.8359375,49.52766799926758,52.02836990356445,54.441097259521484,53.86915588378906,80.75537109375,31.564788818359375,59.03350067138672,99.61737060546875,58.88731002807617,1,1,1,1,1,1,1,1,0,1
IMG_3710_png_jpg.rf.496cbba42cbaeb5592e03ba02b2a6e93.jpg,train,105.30807495117188,93.94522094726562,79.42449951171875,72.26502990722656,65.84290313720703,67.24678802490234,42.11549377441406,128.01307678222656,115.82443237304688,44.11821746826172,84.69302368164062,66.25010681152344,1,1,1,1,1,1,1,1,1,1
IMG_3668_png_jpg.rf.4202c4e4686d30980bab715b8fbf7a1e.jpg,train,142.616455078125,133.40664672851562,114.66474914550781,81.3738784790039,84.40109252929688,88.67095184326172,32.815673828125,91.8984375,146.8917236328125,31.71118927001953,87.1007080078125,79.15913391113281,1,1,1,1,1,1,1,1,1,1
IMG_3842_png_jpg.rf.49704627d82f9218e5293807d82f6d0a.jpg,train,185.881591796875,178.2313995361328,173.1189727783203,49.15831756591797,50.504249572753906,50.68164825439453,18.391860961914062,19.087265014648438,186.01414489746094,20.64352798461914,21.676803588867188,49.16017532348633,1,1,1,1,1,1,1,1,1,1
23_jpg.rf.43116420361c261aded2b351479f2852.jpg,train,38.13969421386719,38.5159912109375,45.96533203125,61.59614944458008,63.220672607421875,65.01963806152344,68.27494812011719,70.610107421875,47.970001220703125,59.27587127685547,84.13705444335938,67.90174102783203,1,1,1,1,1,1,1,1,1,1
IMG_3721_png_jpg.rf.49734f4a2b498d3ae6f557925b98359e.jpg,train,28.819976806640625,25.398849487304688,22.297271728515625,60.825050354003906,55.60245895385742,50.500186920166016,7.461669921875,27.323593139648438,29.027938842773438,23.684711456298828,63.38119125366211,61.13334274291992,1,1,1,1,1,1,1,1,1,1
IMG_3676_png_jpg.rf.4900417ccabf2e6e1b5e760839cac44d.jpg,train,92.68980407714844,86.966064453125,81.07615661621094,64.66719818115234,63.34696578979492,61.564659118652344,20.234298706054688,48.12261962890625,93.03981018066406,24.32740020751953,64.88961791992188,64.76264190673828,1,1,1,1,1,1,1,1,1,1
IMG_3672_png_jpg.rf.4979535d91f6e1167d640349397cf0de.jpg,train,134.21792602539062,128.6321563720703,122.87261962890625,62.053924560546875,58.881675720214844,57.537742614746094,54.851470947265625,36.553314208984375,138.317138671875,42.286746978759766,40.8123664855957,61.64856719970703,1,1,1,1,1,1,1,1,1,1
IMG_3879_png_jpg.rf.49c614c9a7c6c810b57f4fb9a05b701c.jpg,train,41.253631591796875,27.3797607421875,18.910324096679688,26.613540649414062,41.62971115112305,44.911170959472656,19.985549926757812,210.2205047607422,46.61529541015625,33.46919250488281,68.72355651855469,41.02398681640625,1,1,1,1,1,1,1,1,1,1
IMG_3765_png_jpg.rf.42bebacc397d6e3a4a933abc2a4f9c8e.jpg,train,131.3366241455078,123.60108947753906,114.64938354492188,63.95177459716797,59.591861724853516,58.00517654418945,22.822052001953125,33.52452087402344,131.82986450195312,20.12541961669922,27.04671287536621,64.2877197265625,1,1,1,1,1,1,1,1,1,1
IMG_3831_png_jpg.rf.42f83ccc960b4ae5a7f3ee632dfa8ff5.jpg,train,87.77494812011719,87.36759948730469,83.96163940429688,56.91798782348633,56.004554748535156,51.17564010620117,33.498199462890625,11.015487670898438,88.97908020019531,46.04231643676758,27.402183532714844,57.7043342590332,1,1,1,1,1,1,1,1,1,1
IMG_3771_png_jpg.rf.4a86cfb08ad7f65754627ac680980f46.jpg,train,59.55613708496094,51.855682373046875,43.49913024902344,73.67694854736328,69.87751007080078,65.88663482666016,27.206314086914062,117.21711730957031,60.134979248046875,44.70989990234375,101.55565643310547,73.8673095703125,1,1,1,1,1,1,1,1,1,1
IMG_2995_png_jpg.rf.4a1167eafa8b9fcb0b7fd6e7cffcbedc.jpg,train,128.56846618652344,131.7762908935547,136.93572998046875,50.15657043457031,51.02035903930664,52.90305709838867,101.47576904296875,19.751708984375,138.2414093017578,26.214649200439453,19.297386169433594,53.354637145996094,1,1,1,1,1,1,1,1,1,1
IMG_3903_png_jpg.rf.4a961984d2526f5e0314aa12ee3e6a76.jpg,train,161.24130249023438,166.01248168945312,170.3614044189453,57.04887008666992,59.02669143676758,60.2653923034668,100.28860473632812,18.874710083007812,172.2491912841797,28.476577758789062,19.972930908203125,59.41061782836914,1,1,1,1,1,1,1,1,1,1
IMG_3906_png_jpg.rf.4a64b415f71cfeb2cf078a9349bb5006.jpg,train,146.57769775390625,150.00845336914062,156.20236206054688,67.3124008178711,70.96109008789062,73.93502044677734,100.32760620117188,23.982254028320312,157.35931396484375,36.25281524658203,35.98565673828125,72.55653381347656,1,1,1,1,1,1,1,1,1,1
IMG_3754_png_jpg.rf.498d944f7ed1e9a7f0ecfab6e6694219.jpg,train,99.048095703125,98.742431640625,87.10612487792969,65.5087661743164,64.732421875,63.09368896484375,30.7353515625,60.17555236816406,100.21348571777344,18.50393295288086,70.61865234375,65.07264709472656,1,1,1,1,1,1,1,1,1,1
IMG_3674_png_jpg.rf.4a3e56fa1a8f05b073d180dc503c2976.jpg,train,122.15585327148438,117.0889892578125,106.14266967773438,67.16728973388672,66.7413330078125,65.31942749023438,28.345703125,49.55271911621094,122.90130615234375,22.666513442993164,58.59105682373047,67.07911682128906,1,1,1,1,1,1,1,1,1,1
IMG_3644_png_jpg.rf.4a949442622e7ce0ecf9c4fffd4dac7b.jpg,train,108.69847106933594,27.143936157226562,40.240966796875,64.2276382446289,50.4181022644043,46.746280670166016,101.49551391601562,181.6363525390625,109.82606506347656,78.24136352539062,103.26091766357422,64.50936889648438,1,1,1,1,1,1,1,1,1,1
IMG_3620_png_jpg.rf.3f9faad63551237be7243dd9733dbd45.jpg,train,121.33145141601562,109.26235961914062,97.21522521972656,72.03826904296875,71.30024719238281,70.84074401855469,21.4456787109375,63.06596374511719,122.01258850097656,26.179208755493164,53.37075424194336,72.46409606933594,1,1,1,1,1,1,1,1,1,1
IMG_3896_png_jpg.rf.4ad8cee90ff4348a816e7b097732fe90.jpg,train,137.33016967773438,156.78054809570312,98.09141540527344,53.69731521606445,49.55013656616211,55.415462493896484,40.95283508300781,103.90036010742188,158.07542419433594,14.896543502807617,43.37285614013672,50.47565841674805,1,1,1,1,1,1,1,1,1,1
IMG_3847_png_jpg.rf.4a90c605b6afa10eb6820cb1ff831d73.jpg,train,33.031707763671875,33.06195068359375,30.007064819335938,52.995399475097656,52.781612396240234,47.79753494262695,14.784561157226562,23.930130004882812,33.48588562011719,22.359071731567383,54.265743255615234,53.6628303527832,1,1,1,1,1,1,1,1,1,1
IMG_3972_png_jpg.rf.4ad0ba8122453a5330f4d3aff8af4eae.jpg,train,102.70596313476562,102.66055297851562,94.34147644042969,42.16653060913086,41.670448303222656,38.57746505737305,30.980072021484375,24.550933837890625,103.35545349121094,10.282837867736816,29.579790115356445,42.24725341796875,1,1,1,1,1,1,1,1,1,1
IMG_3846_png_jpg.rf.4ae8aa561e50f41b53386221e57a6ff6.jpg,train,96.13088989257812,92.79072570800781,81.09873962402344,67.85726165771484,66.52674865722656,61.33233642578125,25.345947265625,47.34173583984375,96.44853210449219,10.799979209899902,33.915584564208984,68.12727355957031,1,1,1,1,1,1,1,1,1,1
IMG_3846_png_jpg.rf.4adfcde9601d4ffbba70b9953f347090.jpg,train,87.12614440917969,84.04351806640625,76.64552307128906,68.07633972167969,66.41748809814453,62.61796188354492,22.377334594726562,40.846160888671875,87.30976867675781,11.230562210083008,31.51555633544922,68.31099700927734,1,1,1,1,1,1,1,1,1,1
IMG_3867_png_jpg.rf.41dc2e5d66d45a6a9eeedf40af34b818.jpg,train,113.3486328125,99.61763000488281,96.8265380859375,71.04117584228516,57.53853225708008,57.478843688964844,39.363525390625,45.71308898925781,117.38287353515625,38.869239807128906,37.62699890136719,72.19519805908203,1,1,1,1,1,1,1,1,1,1
IMG_3893_png_jpg.rf.421303804505d6de7b4037fb299d8c37.jpg,train,116.60505676269531,121.5947265625,95.67909240722656,56.345176696777344,55.665225982666016,62.36776351928711,50.58876037597656,78.71548461914062,126.80619812011719,37.71928024291992,43.16657638549805,58.58406448364258,1,1,1,1,1,1,1,1,1,1
25_jpg.rf.4ae8ab1dab4c850081291a8a3169a683.jpg,train,57.94287109375,57.79917907714844,72.04701232910156,61.98853302001953,63.259769439697266,66.66484832763672,114.94252014160156,71.94078063964844,74.70745849609375,28.564226150512695,28.878314971923828,69.7135238647461,1,1,1,1,1,1,1,1,1,1
IMG_3860_png_jpg.rf.4b7ac44a135b7473e02d22eba9f2ca70.jpg,train,159.22561645507812,143.05982971191406,105.09812927246094,57.278255462646484,57.096256256103516,57.623836517333984,26.761566162109375,98.70347595214844,159.95034790039062,26.323808670043945,40.72492980957031,57.90746307373047,1,1,1,1,1,1,1,1,1,1
IMG_3694_png_jpg.rf.4b07a42ec84f7c099124747d451266a5.jpg,train,182.4747772216797,179.4901123046875,163.8523406982422,64.75617218017578,65.32884216308594,66.7642822265625,27.27685546875,34.64094543457031,183.5389404296875,12.837166786193848,37.348411560058594,64.04827880859375,1,1,1,1,1,1,1,1,1,1
IMG_3029_png_jpg.rf.4b6a452fefd432800e33c9cf15727042.jpg,train,141.966064453125,80.03321838378906,156.7391357421875,70.01519012451172,48.290626525878906,97.02136993408203,103.35017395019531,145.1731719970703,166.4460906982422,62.46064376831055,61.62397766113281,86.93767547607422,1,1,1,1,1,1,1,1,1,1
IMG_3825_png_jpg.rf.4b2374b28a5032bcd06a0c9aad5389b0.jpg,train,129.46875,123.89945983886719,117.47433471679688,56.77955627441406,59.15735626220703,58.0243034362793,20.443801879882812,36.64122009277344,129.80535888671875,17.830677032470703,48.002601623535156,57.14338684082031,1,1,1,1,1,1,1,1,1,1
IMG_3709_png_jpg.rf.4ba2a3401e8ab81a1f25ee0688307184.jpg,train,110.71641540527344,105.6226806640625,99.430908203125,66.7113037109375,57.04719543457031,51.25566482543945,65.87149047851562,58.58287048339844,118.32603454589844,45.10719299316406,60.17601776123047,64.13890075683594,1,1,1,1,1,1,1,1,1,1
IMG_3559_png_jpg.rf.4bcad0bdaef3721e08b06f809dab51cc.jpg,train,112.11695861816406,112.11741638183594,106.34469604492188,71.97606658935547,71.41132354736328,69.99552917480469,43.68217468261719,27.8514404296875,113.9368896484375,38.6298713684082,48.9296989440918,72.5199203491211,1,1,1,1,1,1,1,1,1,1
IMG_2981_png_jpg.rf.4b28294d6bcf7ef4b7f288af33400862.jpg,train,138.6469268798828,114.4281005859375,106.14447021484375,32.96076202392578,40.1561164855957,40.29161071777344,23.222259521484375,71.29116821289062,141.13902282714844,41.66248321533203,28.48725128173828,34.62277603149414,1,1,1,1,1,1,1,1,1,1
IMG_3012_png_jpg.rf.4c3a94c677d966982b60acdc85987545.jpg,train,68.23846435546875,70.03614807128906,69.13754272460938,54.40265655517578,52.761478424072266,47.01539993286133,61.667022705078125,69.14762878417969,74.72807312011719,41.74814987182617,61.98979187011719,51.3806266784668,1,1,1,1,1,1,1,1,1,1
29_jpg.rf.4bef098b08ee3c60235ffcfe7ac97ede.jpg,train,103.42507934570312,104.85694885253906,106.49874877929688,75.2119140625,76.13080596923828,76.02958679199219,80.27066040039062,19.170883178710938,108.537109375,51.54035186767578,34.776912689208984,77.8183822631836,1,1,1,1,1,1,1,1,1,1
IMG_3664_png_jpg.rf.4c0e4b21d8d0fd29af3f084f3911efe9.jpg,train,138.49501037597656,128.068115234375,115.35844421386719,80.75955963134766,83.85408782958984,86.09529113769531,39.74076843261719,87.49334716796875,141.6319580078125,42.190799713134766,86.61802673339844,79.29096221923828,1,1,1,1,1,1,1,1,1,1
IMG_3893_png_jpg.rf.4c696a51a3c60fe2855623675313899c.jpg,train,153.62904357910156,159.1112518310547,134.8888397216797,48.17014694213867,46.707157135009766,53.36023712158203,49.478912353515625,50.15419006347656,162.82737731933594,35.32756423950195,28.330326080322266,48.27526092529297,1,1,1,1,1,1,1,1,1,1
IMG_3864_png_jpg.rf.4c306ebcbbe54bb88ec0fd58dabc369d.jpg,train,119.70986938476562,97.8475341796875,62.93418884277344,61.97889709472656,61.584232330322266,60.55702209472656,23.562774658203125,151.74903869628906,120.53654479980469,24.381216049194336,62.803192138671875,63.19301986694336,1,1,1,1,1,1,1,1,1,1
IMG_3593_png_jpg.rf.4c7b01d14783e3c200f613d370ea09ab.jpg,train,169.5204620361328,163.1927490234375,150.49876403808594,62.45274353027344,65.85978698730469,66.58668518066406,21.77728271484375,45.61109924316406,169.66854858398438,12.697269439697266,54.79279327392578,62.48032760620117,1,1,1,1,1,1,1,1,1,1
IMG_3747_png_jpg.rf.4cfbefe3c71f5c2d5f2ca539f6eecbc0.jpg,train,149.39874267578125,136.4427032470703,122.04649353027344,66.37728118896484,73.74700164794922,74.944580078125,20.860198974609375,66.99502563476562,149.70277404785156,19.611528396606445,54.022186279296875,66.6396255493164,1,1,1,1,1,1,1,1,1,1
IMG_3009_png_jpg.rf.4bd16519e8eee5175b3b91e4353fbba8.jpg,train,57.12318420410156,51.806396484375,46.761444091796875,47.62574005126953,48.46751403808594,44.94469451904297,21.356536865234375,62.92594909667969,58.48866271972656,31.339540481567383,59.09575271606445,48.54966354370117,1,1,1,1,1,1,1,1,1,1
IMG_3961_png_jpg.rf.4becbf73cda1d66dddd5fc6a29dc88bb.jpg,train,111.99351501464844,101.87559509277344,87.69209289550781,52.08092498779297,52.88467788696289,56.99592208862305,28.669052124023438,73.25442504882812,112.87332153320312,33.50484848022461,42.02489471435547,53.67460250854492,1,1,1,1,1,1,1,1,1,1
IMG_3947_png_jpg.rf.4bbd797c0ce88a604796690c8b305264.jpg,train,46.20997619628906,35.2645263671875,30.225234985351562,49.23902893066406,48.88801956176758,44.370216369628906,23.429977416992188,150.52005004882812,46.93876647949219,45.031436920166016,91.41307067871094,49.8512077331543,1,1,1,1,1,1,1,1,1,1
IMG_3027_png_jpg.rf.4cff549f62355dbc92319d21068e9794.jpg,train,132.74778747558594,72.50721740722656,131.66455078125,67.25037384033203,40.82903289794922,74.96113586425781,104.67202758789062,119.17645263671875,137.34385681152344,59.18891525268555,69.24542999267578,70.32311248779297,1,1,1,1,1,1,1,1,1,1
IMG_3727_png_jpg.rf.4b0bbbd149a62c63b34f55bc92b7124e.jpg,train,131.52101135253906,132.39056396484375,125.08781433105469,81.40000915527344,78.92332458496094,77.48057556152344,37.04884338378906,72.6171875,141.2198944091797,34.966678619384766,72.44415283203125,75.50415802001953,1,1,1,1,1,1,1,1,1,1
IMG_3730_png_jpg.rf.4d2d56c00200e2f421c32f2ee865b3ce.jpg,train,189.20387268066406,183.48138427734375,176.37078857421875,45.51183319091797,47.19276428222656,47.545345306396484,19.829193115234375,19.422500610351562,189.36221313476562,19.627405166625977,19.066028594970703,45.59663009643555,1,1,1,1,1,1,1,1,1,1
IMG_3652_png_jpg.rf.4ccbc7aba911a1378f60fc115e28b5e4.jpg,train,170.35626220703125,153.1446533203125,127.21366882324219,65.92752075195312,62.842864990234375,58.02937698364258,24.479568481445312,75.70767211914062,171.0347442626953,25.575824737548828,42.62485122680664,65.14028930664062,1,1,1,1,1,1,1,1,1,1
IMG_3743_png_jpg.rf.4d121e943ae4b59df0ad5b84be04f63d.jpg,train,100.11741638183594,98.09492492675781,111.71089172363281,78.0650863647461,73.27305603027344,57.668190002441406,76.32902526855469,105.50686645507812,126.36625671386719,47.71971130371094,84.01434326171875,64.34962463378906,1,1,1,1,1,1,1,1,1,1
IMG_3656_png_jpg.rf.4d338fd488067940797ab110dd723cfe.jpg,train,166.7935333251953,150.00669860839844,126.02079772949219,63.255027770996094,61.25367736816406,56.035579681396484,24.239898681640625,75.68544006347656,167.58807373046875,25.924894332885742,46.07959747314453,62.52991485595703,1,1,1,1,1,1,1,1,1,1
IMG_3822_png_jpg.rf.4d73b79f35e78cfa12e6d800ef4aff02.jpg,train,89.00337219238281,87.46856689453125,80.39739990234375,58.192813873291016,61.258548736572266,59.03221893310547,28.213043212890625,48.321441650390625,91.6866455078125,23.93503761291504,47.546470642089844,61.24684524536133,1,1,1,1,1,1,1,1,1,1
IMG_3829_png_jpg.rf.4d65e7e3b520c813d1e0f91953f59035.jpg,train,129.7506866455078,105.99337768554688,91.68455505371094,63.664276123046875,65.15922546386719,63.05562210083008,18.75390625,104.71896362304688,131.5015411376953,29.767580032348633,65.22645568847656,65.51165008544922,1,1,1,1,1,1,1,1,1,1
IMG_3961_png_jpg.rf.4d84ba7ee5c16d68e4142d397fd10812.jpg,train,96.40866088867188,91.95042419433594,65.23486328125,53.48645782470703,52.45195007324219,58.77452087402344,36.45709228515625,112.82931518554688,97.73361206054688,32.30177307128906,59.42441177368164,55.6363639831543,1,1,1,1,1,1,1,1,1,1
IMG_3812_png_jpg.rf.4d437766e6e9d73ce7419f10dead6578.jpg,train,161.1611328125,164.8442840576172,137.5753173828125,62.011329650878906,54.141387939453125,64.11468505859375,47.62007141113281,59.073089599609375,171.40147399902344,37.41705322265625,47.621150970458984,56.756649017333984,1,1,1,1,1,1,1,1,1,1
IMG_3014_png_jpg.rf.4e17742720fccdfff22c8e302b966e99.jpg,train,53.74615478515625,53.81608581542969,52.8499755859375,42.246089935302734,42.45607376098633,40.259578704833984,51.38829040527344,13.9815673828125,54.973114013671875,51.873050689697266,15.852362632751465,42.74734115600586,1,1,1,1,1,1,1,1,1,1
IMG_3763_png_jpg.rf.4db41e0fb944baaea3f489f9ac1dacec.jpg,train,63.31158447265625,56.03782653808594,34.36590576171875,53.567291259765625,50.16047668457031,46.133399963378906,24.984970092773438,146.98223876953125,63.90495300292969,26.925447463989258,69.83349609375,54.336788177490234,1,1,1,1,1,1,1,1,1,1
IMG_3884_png_jpg.rf.4d589980fff8ecd125635024c832a7be.jpg,train,140.53955078125,139.90695190429688,123.7384033203125,65.76384735107422,67.64139556884766,74.11520385742188,50.20924377441406,65.99073791503906,147.92581176757812,43.28178405761719,62.1497688293457,68.09774780273438,1,1,1,1,1,1,1,1,1,1
IMG_3721_png_jpg.rf.4e0da855f8ee42d27f75f8438670645b.jpg,train,46.24372863769531,41.27723693847656,34.763275146484375,73.17938995361328,70.1552963256836,63.26180648803711,19.330368041992188,109.42366027832031,46.5389404296875,25.752771377563477,79.16248321533203,73.44039916992188,1,1,1,1,1,1,1,1,1,1
IMG_3787_png_jpg.rf.4dd2b9c4bb180b3368fccef6f804e434.jpg,train,87.29556274414062,81.34716796875,68.80168151855469,74.16722869873047,71.47898864746094,69.71688079833984,26.448883056640625,91.16691589355469,88.57052612304688,35.57438659667969,87.82192993164062,74.4112548828125,1,1,1,1,1,1,1,1,1,1
IMG_3947_png_jpg.rf.4e22fa170873260544e7a1f7a159761f.jpg,train,136.00245666503906,99.57015991210938,94.55079650878906,47.216896057128906,60.30820846557617,57.817962646484375,35.00297546386719,93.20817565917969,136.68569946289062,61.77764892578125,56.95027160644531,47.46155548095703,1,1,1,1,1,1,1,1,1,1
IMG_3919_png_jpg.rf.4e2a05f5e24bc527c9cd21ac2c2a82b1.jpg,train,191.48609924316406,173.508056640625,97.5076904296875,44.699886322021484,49.254764556884766,46.62192153930664,26.623336791992188,133.8820343017578,191.657958984375,19.73773765563965,41.29884719848633,44.67115783691406,1,1,1,1,1,1,1,1,1,1
IMG_3732_png_jpg.rf.4d54b464d9521d923dd11eae0593328c.jpg,train,178.39292907714844,174.6615753173828,165.5913848876953,61.51021957397461,62.25794219970703,63.78485870361328,25.132278442382812,23.127792358398438,178.62838745117188,15.97270393371582,27.89042091369629,61.44989013671875,1,1,1,1,1,1,1,1,1,1
IMG_3817_png_jpg.rf.4dd789a6e2eff5a04d9a8429b4c5d156.jpg,train,145.99330139160156,148.55416870117188,148.3375244140625,75.18521118164062,77.9261703491211,81.61830139160156,69.50604248046875,27.429183959960938,155.3705291748047,46.762062072753906,30.16912841796875,80.3274154663086,1,1,1,1,1,1,1,1,1,1
IMG_3686_png_jpg.rf.4e32defa6bcc868da298e585f74275d7.jpg,train,50.417755126953125,44.97355651855469,39.5867919921875,45.85863494873047,45.280948638916016,43.59012222290039,17.072021484375,86.25469970703125,50.52976989746094,23.05351448059082,72.83901977539062,46.075927734375,1,1,1,1,1,1,1,1,1,1
IMG_3681_png_jpg.rf.4f4fd8b5e3e3da7f86a08ebcd2d3bc23.jpg,train,53.98905944824219,95.56243896484375,168.03656005859375,67.44129180908203,53.44622039794922,31.920330047607422,102.8135986328125,188.23707580566406,170.76914978027344,22.323436737060547,62.325103759765625,35.28048324584961,1,1,1,1,1,1,1,1,1,1
IMG_3003_png_jpg.rf.4ebd08b566cca9bbdfbf6ed3172ec0a6.jpg,train,144.53968811035156,145.2707061767578,144.41824340820312,40.35807418823242,41.27387237548828,40.58280563354492,30.32086181640625,2.9987640380859375,145.6204071044922,44.958927154541016,12.218464851379395,41.5012321472168,1,1,1,1,1,1,1,1,1,1
IMG_3772_png_jpg.rf.4eef1fbc4de4537924c5627965576565.jpg,train,143.03782653808594,139.74722290039062,120.51481628417969,62.70811462402344,64.2011947631836,59.6772346496582,26.884109497070312,46.105072021484375,144.1705780029297,15.773533821105957,32.778236389160156,63.571407318115234,1,1,1,1,1,1,1,1,1,1
IMG_3658_png_jpg.rf.4e416164332ad2cde9e9f03c960e038e.jpg,train,154.5157928466797,131.3270263671875,91.44903564453125,41.605777740478516,49.45309066772461,60.031532287597656,30.041839599609375,124.8687744140625,160.69412231445312,32.75946044921875,46.80356979370117,48.05329132080078,1,1,1,1,1,1,1,1,1,1
IMG_3740_png_jpg.rf.4fa0765b72c63895d522fae213f46d4b.jpg,train,131.2269287109375,123.75106811523438,112.64314270019531,58.13401794433594,58.040863037109375,55.54948043823242,19.590347290039062,45.76753234863281,131.47802734375,18.799787521362305,51.352447509765625,58.16744613647461,1,1,1,1,1,1,1,1,1,1
IMG_2978_png_jpg.rf.4d9b5fb49987bc9a3a26a33637426ef0.jpg,train,11.518630981445312,11.8970947265625,12.131942749023438,45.55356979370117,47.17144012451172,45.33970260620117,32.15501403808594,59.11857604980469,13.143234252929688,52.385581970214844,103.92809295654297,48.59715270996094,1,1,1,1,1,1,1,1,1,1
IMG_3761_png_jpg.rf.4f9afc0d01e20dbdd7c147eb489da02c.jpg,train,53.24430847167969,53.46928405761719,45.044769287109375,62.43992233276367,62.35404968261719,56.906734466552734,29.34002685546875,49.27738952636719,54.33256530761719,21.626497268676758,41.71461486816406,62.87797927856445,1,1,1,1,1,1,1,1,1,1
14_jpg.rf.503b4da64aa0f09ac5d6423b575f5aa7.jpg,train,186.02308654785156,151.7421417236328,128.39710998535156,57.62556076049805,55.93053436279297,51.71376419067383,16.298629760742188,82.1435546875,186.39263916015625,20.18705177307129,33.54750442504883,57.170833587646484,1,1,1,1,1,1,1,1,1,1
IMG_3029_png_jpg.rf.4f60fe02f1fa7130d158c91edf1d515a.jpg,train,95.98796081542969,54.48797607421875,122.97251892089844,60.44742965698242,42.851715087890625,86.7514419555664,93.14634704589844,136.64181518554688,127.2838134765625,62.5234260559082,66.72859191894531,83.67113494873047,1,1,1,1,1,1,1,1,1,1
IMG_3957_png_jpg.rf.4f5b26313eb7d92d7a98754cf3e97e7e.jpg,train,86.34115600585938,66.66152954101562,53.491607666015625,64.44292449951172,52.29676818847656,44.64501953125,36.86048889160156,112.7982177734375,89.00459289550781,47.6274299621582,64.87824249267578,62.16437530517578,1,1,1,1,1,1,1,1,1,1
IMG_3950_png_jpg.rf.4fe3ade7335c339481bcc67a405bdf02.jpg,train,97.25350952148438,72.300537109375,72.35569763183594,55.612491607666016,64.37925720214844,62.90425109863281,103.01799011230469,116.05216979980469,97.74627685546875,82.0110855102539,85.91858673095703,56.40895080566406,1,1,1,1,1,1,1,1,1,1
IMG_3684_png_jpg.rf.5007fb8fb5c709baf1fc732e3a8b02eb.jpg,train,75.580078125,71.57196044921875,65.6790771484375,51.79731750488281,50.64350128173828,48.68152618408203,19.216751098632812,41.04949951171875,75.71234130859375,15.429091453552246,25.095638275146484,52.104393005371094,1,1,1,1,1,1,1,1,0,1
IMG_3618_png_jpg.rf.4f3db3b146365fc4b8a7e06728ee695d.jpg,train,143.77394104003906,137.07530212402344,126.19308471679688,68.16178894042969,69.24337005615234,69.63774108886719,20.986480712890625,42.02217102050781,144.13595581054688,20.074256896972656,37.258609771728516,68.3270034790039,1,1,1,1,1,1,1,1,1,1
28_jpg.rf.50ec1cc0d311fb6f47dbeff2fe3f5da9.jpg,train,55.80731201171875,53.68415832519531,63.70625305175781,63.50588607788086,63.50440979003906,63.07393264770508,120.3150634765625,83.95933532714844,66.83120727539062,23.748056411743164,35.81698226928711,67.27238464355469,1,1,1,1,1,1,1,1,1,1
IMG_3757_png_jpg.rf.4fcffa481028fcf895237c737c307707.jpg,train,87.22467041015625,84.87394714355469,76.45137023925781,58.853614807128906,57.312782287597656,54.2945556640625,26.7806396484375,40.70945739746094,87.91007995605469,19.71462059020996,31.511001586914062,59.05904769897461,1,1,1,1,1,1,1,1,1,1
IMG_3561_png_jpg.rf.506f22069aedda9cf4ba56d442808f23.jpg,train,108.86386108398438,96.36454772949219,86.42127990722656,81.96113586425781,69.16468048095703,65.88609313964844,26.1259765625,34.30523681640625,109.49836730957031,36.736209869384766,51.49199295043945,82.03350830078125,1,1,1,1,1,1,1,1,1,1
16_png_jpg.rf.507835afe6c6234d87295e291d3632e3.jpg,train,132.74346923828125,110.00001525878906,100.05255126953125,54.056480407714844,55.98812484741211,55.60966873168945,17.219345092773438,85.6802978515625,133.5429229736328,32.520103454589844,61.69815444946289,54.86177062988281,1,1,1,1,1,1,1,1,1,1
IMG_3896_png_jpg.rf.4f6efd3f801ea0988662278899a11743.jpg,train,62.93507385253906,69.53402709960938,26.582672119140625,58.5884895324707,54.57228469848633,50.15080642700195,38.785736083984375,201.73997497558594,74.93255615234375,20.09066390991211,66.59500885009766,59.39748001098633,1,1,1,1,1,1,1,1,1,1
IMG_3934_png_jpg.rf.5019cf5a83edd303e6302545623cf729.jpg,train,144.2300567626953,141.18075561523438,119.58468627929688,61.814476013183594,61.76569747924805,65.74980926513672,31.719070434570312,63.04222106933594,149.75369262695312,22.825231552124023,52.72315979003906,60.28514862060547,1,1,1,1,1,1,1,1,1,1
IMG_3952_png_jpg.rf.4f78955bf707ad8bd1e19250c5b69782.jpg,train,72.95014953613281,70.01835632324219,61.17071533203125,54.68846893310547,53.79323196411133,52.89054489135742,39.57966613769531,59.30455017089844,74.99945068359375,42.06939697265625,53.75684356689453,55.110809326171875,1,1,1,1,1,1,1,1,1,1
IMG_3615_png_jpg.rf.512a868984f1af982dea5967323de5c9.jpg,train,181.97471618652344,177.3167266845703,168.45770263671875,80.07718658447266,79.2772445678711,78.24781799316406,33.4639892578125,53.59541320800781,192.29393005371094,30.743635177612305,58.81378936767578,70.79167938232422,1,1,1,1,1,1,1,1,1,1
IMG_3782_png_jpg.rf.510af8f974ba548ad37deb0dda7541ab.jpg,train,62.721527099609375,69.93464660644531,42.540802001953125,67.48014068603516,67.81861877441406,56.666603088378906,41.99822998046875,154.8818817138672,73.73385620117188,29.990324020385742,85.84778594970703,69.57671356201172,1,1,1,1,1,1,1,1,1,1
21_jpg.rf.511f8cc991c964c3ef07fde4e756617c.jpg,train,44.66648864746094,48.85272216796875,55.65483093261719,65.65984344482422,68.59904479980469,70.45035552978516,64.83651733398438,72.89836120605469,59.77815246582031,56.366180419921875,78.64444732666016,75.9924545288086,1,1,1,1,1,1,1,1,1,1
IMG_3668_png_jpg.rf.516c92d0174e807260c55c1da5620873.jpg,train,171.22352600097656,165.19427490234375,141.91551208496094,74.6993179321289,77.2677001953125,86.97637176513672,35.302459716796875,72.77606201171875,175.834228515625,27.796417236328125,74.37547302246094,72.21954345703125,1,1,1,1,1,1,1,1,1,1
IMG_3812_png_jpg.rf.51f425a3b8e270916389ffb0732356f9.jpg,train,120.43780517578125,116.96771240234375,95.69856262207031,63.94892501831055,56.96262741088867,65.38972473144531,47.14015197753906,85.8551025390625,126.97480773925781,42.10829162597656,73.10515594482422,62.2795524597168,1,1,1,1,1,1,1,1,1,1
IMG_3742_png_jpg.rf.514f7f7250b9dbcc49c9c10e2e5bb7e1.jpg,train,91.264404296875,90.41595458984375,96.29795837402344,66.5712661743164,55.96425247192383,53.260353088378906,63.88948059082031,97.23289489746094,112.10562133789062,48.90471649169922,71.53629302978516,58.2033805847168,1,1,1,1,1,1,1,1,1,1
IMG_3840_png_jpg.rf.52a763a326a625c5ea7c38cec9aba7fa.jpg,train,94.261962890625,89.98869323730469,83.94557189941406,58.5257453918457,59.46241760253906,58.05363464355469,20.692916870117188,56.561065673828125,94.4833984375,20.89473533630371,70.51519775390625,58.773590087890625,1,1,1,1,1,1,1,1,1,1
IMG_3868_png_jpg.rf.512dd60f9a51035ea3766fc958b82552.jpg,train,188.0672149658203,106.01100158691406,97.26919555664062,46.0884895324707,49.82353973388672,48.84211730957031,21.251205444335938,126.40145874023438,188.32359313964844,47.310054779052734,46.89314270019531,46.123043060302734,1,1,1,1,1,1,1,1,1,1
IMG_3723_png_jpg.rf.52aa093a4c905ff6470ff0c8ae2d70d9.jpg,train,40.24725341796875,37.929046630859375,34.75396728515625,57.24454879760742,54.230743408203125,51.38567352294922,20.636459350585938,33.53874206542969,40.429901123046875,26.831056594848633,30.6373348236084,57.44133758544922,1,1,1,1,1,1,1,1,1,1
IMG_3611_png_jpg.rf.520c2e9d6a49ac39984543f7e244b5e7.jpg,train,199.98269653320312,190.62127685546875,182.021728515625,68.3107681274414,70.55532836914062,73.5882568359375,23.5052490234375,39.650970458984375,204.36119079589844,32.614376068115234,45.696231842041016,63.68294143676758,1,1,1,1,1,1,1,1,1,1
IMG_3822_png_jpg.rf.4f6cb088a32b621966351be78a210359.jpg,train,99.50601196289062,95.66363525390625,89.18060302734375,58.477996826171875,62.12635040283203,59.298683166503906,23.070175170898438,46.77479553222656,102.21141052246094,24.571170806884766,45.7985725402832,61.48023223876953,1,1,1,1,1,1,1,1,1,1
10_jpg.rf.520a99fea29cd241c81b4f2f1ea650e1.jpg,train,150.68890380859375,146.62644958496094,140.9949188232422,66.97335052490234,72.17028045654297,74.39850616455078,21.659744262695312,29.99609375,151.29159545898438,28.24195098876953,62.415985107421875,67.29380798339844,1,1,1,1,1,1,1,1,1,1
IMG_3660_png_jpg.rf.5330b3ad91c11c835404e8541497718e.jpg,train,134.86033630371094,104.44876098632812,66.81442260742188,39.26974105834961,49.72771072387695,61.52918243408203,30.345947265625,156.0714569091797,142.15774536132812,36.07124328613281,60.54316329956055,46.54961395263672,1,1,1,1,1,1,1,1,1,1
IMG_3803_png_jpg.rf.52b5987e13ca6321c1d0476d21c5a2bf.jpg,train,43.217376708984375,41.989593505859375,29.69244384765625,54.90988540649414,54.1704216003418,48.12333679199219,31.009033203125,125.05709838867188,44.71514892578125,19.905309677124023,62.54591369628906,56.06492614746094,1,1,1,1,1,1,1,1,1,1
IMG_3659_png_jpg.rf.52fa54d12e16fee27fcbb10e4f8704c6.jpg,train,160.5912628173828,98.2581787109375,56.95402526855469,37.33262252807617,48.58918380737305,59.84794235229492,25.415420532226562,178.33824157714844,164.9176788330078,38.31256866455078,59.48213577270508,40.29118347167969,1,1,1,1,1,1,1,1,1,1
IMG_3009_png_jpg.rf.52b94f038091aaeb071d077832fd50e0.jpg,train,99.92399597167969,95.98806762695312,93.025146484375,49.40098190307617,49.382442474365234,46.119178771972656,28.789215087890625,22.49041748046875,100.97821044921875,39.85407257080078,13.672045707702637,49.02323913574219,1,1,1,1,1,1,1,1,1,1
IMG_3568_png_jpg.rf.5354e67b167554025d21fa34646b54b1.jpg,train,151.67518615722656,158.42723083496094,149.4707489013672,78.01564025878906,71.68347930908203,73.24805450439453,54.074615478515625,47.80613708496094,166.31930541992188,34.96882629394531,53.82661437988281,72.7431411743164,1,1,1,1,1,1,1,1,1,1
IMG_3568_png_jpg.rf.53035fe1139ea4e0eb1a5448cf9b217d.jpg,train,136.3060760498047,141.44671630859375,134.36146545410156,80.50584411621094,76.44519805908203,75.47791290283203,58.090057373046875,49.53565979003906,148.20774841308594,35.58026123046875,57.70222473144531,77.02540588378906,1,1,1,1,1,1,1,1,1,1
10_jpg.rf.5305be324fdbf34a4cd7a3015186a3d9.jpg,train,171.94215393066406,164.54620361328125,160.92645263671875,69.4723129272461,77.08171844482422,77.64031982421875,24.191085815429688,26.639450073242188,172.34632873535156,39.15573501586914,55.38351821899414,69.69999694824219,1,1,1,1,1,1,1,1,1,1
IMG_3684_png_jpg.rf.54681131b16b09981089480702b81bee.jpg,train,61.00846862792969,55.20481872558594,48.09291076660156,48.685543060302734,47.44266891479492,45.00563430786133,17.98480224609375,75.52900695800781,61.16246032714844,19.83588218688965,55.51261901855469,48.99203872680664,1,1,1,1,1,1,1,1,0,1
IMG_3909_png_jpg.rf.5350880b6512e79ccaff1c3fc7981fdd.jpg,train,141.89361572265625,131.37559509277344,101.62454223632812,66.14805603027344,64.30926513671875,67.38265991210938,27.972747802734375,85.31585693359375,142.97434997558594,16.445894241333008,64.73734283447266,66.31800079345703,1,1,1,1,1,1,1,1,1,1
IMG_3903_png_jpg.rf.5333e51996ec0d85cfe067773cba0a0e.jpg,train,82.46806335449219,88.60052490234375,94.84278869628906,54.20833969116211,57.4618034362793,59.417179107666016,95.49989318847656,46.88957214355469,96.68174743652344,33.45631408691406,38.95610809326172,59.637725830078125,1,1,1,1,1,1,1,1,1,1
IMG_3572_png_jpg.rf.5337ebdcfd96ee5be71f5196c5b706f8.jpg,train,103.26185607910156,106.881591796875,97.35635375976562,80.15265655517578,79.27903747558594,72.32112884521484,51.77290344238281,43.3665771484375,109.29765319824219,33.77049255371094,53.589420318603516,80.05079650878906,1,1,1,1,1,1,1,1,1,1
IMG_3880_png_jpg.rf.538c07418fd850558a8f8483bf3e1423.jpg,train,71.20133972167969,53.502685546875,34.814422607421875,28.368741989135742,43.3809814453125,48.405845642089844,23.225860595703125,170.0092010498047,75.52926635742188,29.202442169189453,67.85983276367188,39.44277572631836,1,1,1,1,1,1,1,1,1,1
IMG_3916_png_jpg.rf.5320151db49cef3468e8e35bc03e3af9.jpg,train,131.5961151123047,134.92623901367188,129.7037353515625,66.90650177001953,69.60257720947266,76.92548370361328,66.1962890625,52.342132568359375,142.0830841064453,39.76534652709961,57.12925720214844,71.33250427246094,1,1,1,1,1,1,1,1,1,1
IMG_3646_png_jpg.rf.5418186dadc5616464901007b7379b8d.jpg,train,125.03427124023438,43.17012023925781,42.396453857421875,76.27777099609375,59.5892219543457,52.51740264892578,100.82583618164062,182.8761444091797,125.92343139648438,79.05799865722656,87.65797424316406,76.43135070800781,1,1,1,1,1,1,1,1,1,1
IMG_3663_png_jpg.rf.53597eadb99d90a948803551c4a7cbbf.jpg,train,158.1404266357422,114.20632934570312,96.52262878417969,37.266868591308594,50.73458480834961,55.27629470825195,25.083480834960938,112.79743957519531,160.95315551757812,42.65830612182617,44.11677169799805,41.35393524169922,1,1,1,1,1,1,1,1,1,1
IMG_3775_png_jpg.rf.541358d31d792a1ac5d0a865fca61f68.jpg,train,94.88606262207031,92.04861450195312,77.29483032226562,66.82341003417969,66.42455291748047,59.20473861694336,26.183547973632812,65.41387939453125,95.72775268554688,20.709653854370117,54.34989929199219,67.74881744384766,1,1,1,1,1,1,1,1,1,1
IMG_3680_png_jpg.rf.554ae3def897db0be34a0938cd47b0a9.jpg,train,31.859970092773438,91.46107482910156,139.75779724121094,56.21098327636719,39.16529083251953,28.989439010620117,99.19528198242188,211.2715301513672,141.54190063476562,18.937660217285156,66.34711456298828,30.785755157470703,1,1,1,1,1,1,1,1,1,1
IMG_3724_png_jpg.rf.5377469e368fa9183bf94ad0df66807c.jpg,train,194.20327758789062,193.94830322265625,188.56192016601562,66.09053802490234,63.38804626464844,64.63591766357422,28.112991333007812,33.4857177734375,202.38070678710938,35.412811279296875,39.02336502075195,58.34195327758789,1,1,1,1,1,1,1,1,1,1
IMG_3592_png_jpg.rf.54e07519d52c9a60b1184938c4917c58.jpg,train,46.541015625,38.61387634277344,32.70921325683594,54.36197280883789,54.792362213134766,51.39468002319336,16.074478149414062,113.65943908691406,47.09550476074219,23.94890785217285,56.55183029174805,55.64665603637695,1,1,1,1,1,1,1,1,1,1
IMG_3781_png_jpg.rf.54ba20cae025f3a5322835b29132f69e.jpg,train,83.55387878417969,84.48579406738281,64.56163024902344,71.65804290771484,70.31925201416016,65.36534118652344,35.2611083984375,111.88577270507812,88.84857177734375,22.537187576293945,67.86978149414062,72.39385986328125,1,1,1,1,1,1,1,1,1,1
IMG_3848_png_jpg.rf.5336ac20c3edaca43957a20b9df71395.jpg,train,38.12950134277344,36.70899963378906,33.59736633300781,55.601016998291016,53.116085052490234,49.201351165771484,18.7783203125,38.53973388671875,38.42112731933594,31.08652687072754,67.55474853515625,56.016597747802734,1,1,1,1,1,1,1,1,1,1
IMG_3894_png_jpg.rf.54791d818fd2b8cb549a3dda8b8cd311.jpg,train,152.03627014160156,161.56105041503906,106.88063049316406,50.6512336730957,43.730831146240234,54.87888717651367,36.56956481933594,98.1641845703125,166.06967163085938,15.75320053100586,43.130374908447266,46.530052185058594,1,1,1,1,1,1,1,1,1,1
IMG_3679_png_jpg.rf.55549338adc5e47235b81eed2648c852.jpg,train,54.553863525390625,106.5543212890625,166.46832275390625,63.22081756591797,45.65708923339844,29.700298309326172,100.23640441894531,185.0513458251953,168.99400329589844,21.2145938873291,61.68766784667969,32.82991409301758,1,1,1,1,1,1,1,1,1,1
IMG_3822_png_jpg.rf.54f9f53e61f6af9b4483ffef98692af8.jpg,train,86.95899963378906,87.4600830078125,76.805908203125,56.5872802734375,60.181251525878906,59.09475326538086,33.92143249511719,60.99824523925781,90.27442932128906,22.76569175720215,53.37566375732422,60.11738586425781,1,1,1,1,1,1,1,1,1,1
IMG_3800_png_jpg.rf.55743ab03ce2fe1d63d282cbde530fff.jpg,train,99.90132141113281,90.06864929199219,73.19351196289062,72.62252044677734,69.54454803466797,67.77442169189453,22.170425415039062,96.91716003417969,100.93240356445312,14.00373363494873,57.76933288574219,72.56627655029297,1,1,1,1,1,1,1,1,1,1
IMG_3801_png_jpg.rf.540d32b2d78a27cbf03f2452fb6aa2eb.jpg,train,92.47636413574219,85.85833740234375,74.60118103027344,64.40774536132812,62.580326080322266,61.83285903930664,21.8173828125,74.13255310058594,93.24636840820312,18.241195678710938,54.25679397583008,64.6014404296875,1,1,1,1,1,1,1,1,1,1
IMG_3796_png_jpg.rf.54a5f2096406715a781fe6dbd6214351.jpg,train,100.84553527832031,93.50727844238281,88.32841491699219,58.6939582824707,53.52370071411133,53.149436950683594,24.5899658203125,38.23854064941406,101.53683471679688,32.55519104003906,30.79830551147461,59.26170349121094,1,1,1,1,1,1,1,1,1,1
IMG_3700_png_jpg.rf.55bf97a9c5bd8a554535d1bd32ebe418.jpg,train,76.03892517089844,68.81498718261719,53.49134826660156,69.87825012207031,64.71229553222656,56.33895492553711,33.06587219238281,79.17329406738281,79.97441101074219,41.7216682434082,84.5912857055664,73.03717803955078,1,1,1,1,1,1,1,1,1,1
IMG_2981_png_jpg.rf.55b67f224c78949fed4f9420559bd4f9.jpg,train,47.02430725097656,34.73744201660156,25.815322875976562,35.265010833740234,44.36143493652344,41.16766357421875,25.546417236328125,172.53500366210938,50.07940673828125,41.59906005859375,67.90670776367188,42.943241119384766,1,1,1,1,1,1,1,1,1,1
IMG_3017_png_jpg.rf.568d2423e3e4fe5cb77e4873c4f3e51b.jpg,train,134.13232421875,127.86245727539062,123.5992431640625,45.206787109375,47.70619583129883,46.47898483276367,17.5965576171875,23.101043701171875,134.26544189453125,26.716625213623047,14.681498527526855,45.426063537597656,1,1,1,1,1,1,1,1,1,1
IMG_3691_png_jpg.rf.57111a147c7cf788b7227a8f621496ae.jpg,train,122.22503662109375,115.179443359375,107.5423583984375,54.1992073059082,51.366092681884766,51.354549407958984,23.199111938476562,45.40644836425781,122.61424255371094,22.8310546875,63.080482482910156,54.20220184326172,1,1,1,1,1,1,1,1,1,1
IMG_3693_png_jpg.rf.56028104049b8b22bdc7588b21e9bd66.jpg,train,159.95071411132812,155.50802612304688,145.97776794433594,57.2619743347168,58.63279342651367,60.30788803100586,21.601028442382812,32.35121154785156,160.43359375,12.21501350402832,44.267024993896484,57.18895721435547,1,1,1,1,1,1,1,1,1,1
IMG_3734_png_jpg.rf.569df5774a2bed74297cf35c3b5befb2.jpg,train,174.38844299316406,170.35772705078125,160.70562744140625,43.80799102783203,47.000030517578125,48.327335357666016,24.158889770507812,24.8658447265625,174.69537353515625,13.552837371826172,32.57609939575195,43.81222152709961,1,1,1,1,1,1,1,1,1,1
IMG_2998_png_jpg.rf.56d24ce124063b495bfd0161ed63c452.jpg,train,87.20848083496094,88.89723205566406,101.04592895507812,40.70796203613281,41.455421447753906,39.83591842651367,114.43792724609375,39.139617919921875,101.56251525878906,18.1674861907959,9.314340591430664,41.272125244140625,1,1,1,1,1,1,1,1,1,1
IMG_3598_png_jpg.rf.5783d2ace811ab073f3b4e2b92bc99d8.jpg,train,107.822265625,97.18128967285156,76.87924194335938,75.57066345214844,80.70268249511719,85.94841766357422,21.57208251953125,120.65402221679688,108.19607543945312,10.129016876220703,74.3383560180664,75.98599243164062,1,1,1,1,1,1,1,1,1,1
IMG_3613_png_jpg.rf.57fad25842e09ea466809bd8a3278c61.jpg,train,177.27395629882812,173.7657928466797,167.16278076171875,78.2448959350586,76.66075897216797,74.32371520996094,31.008010864257812,41.85639953613281,184.0444793701172,29.628448486328125,48.99604415893555,71.7127456665039,1,1,1,1,1,1,1,1,1,1
IMG_3775_png_jpg.rf.56bfa8fe395ad1b8c1aa9c9b241ef72d.jpg,train,127.16590881347656,119.51979064941406,108.65116882324219,69.54830169677734,68.35814666748047,64.56917572021484,20.39849853515625,50.261627197265625,127.65484619140625,22.250625610351562,45.48899459838867,69.98969268798828,1,1,1,1,1,1,1,1,1,1
IMG_3010_png_jpg.rf.578c65499492110b083016ecb1284905.jpg,train,88.21183776855469,87.26028442382812,86.44239807128906,50.20613479614258,50.00880432128906,44.610721588134766,60.96083068847656,32.699981689453125,92.48904418945312,48.20748519897461,20.18317222595215,47.95168685913086,1,1,1,1,1,1,1,1,1,1
IMG_3606_png_jpg.rf.56cc910a6e8b57e1c70b4dc0b3ba15b6.jpg,train,135.7162322998047,134.22991943359375,122.15821838378906,45.76132583618164,45.02162170410156,44.555389404296875,27.386520385742188,32.42536926269531,136.24044799804688,11.94131088256836,33.58341598510742,45.805355072021484,1,1,1,1,1,1,1,1,1,1
IMG_3009_png_jpg.rf.56e8e43b54fe08dd5c475f92475bc62d.jpg,train,79.53684997558594,75.50277709960938,71.74247741699219,52.163021087646484,52.385765075683594,48.19503402709961,39.43565368652344,50.41691589355469,81.2628173828125,44.374237060546875,52.537864685058594,52.47060012817383,1,1,1,1,1,1,1,1,1,1
IMG_3558_png_jpg.rf.5826a538cafb024a8c8643c9eef476e4.jpg,train,82.09928894042969,77.6990966796875,67.07766723632812,75.9910888671875,70.07542419433594,65.03825378417969,36.02252197265625,43.11650085449219,83.51924133300781,38.32260513305664,59.07552719116211,75.92574310302734,1,1,1,1,1,1,1,1,1,1
21_jpg.rf.56b80d41184142f036cac1d875f31350.jpg,train,105.39979553222656,101.00050354003906,112.71577453613281,56.19076156616211,59.894683837890625,64.13910675048828,90.97366333007812,41.20060729980469,117.60368347167969,61.933841705322266,22.77762794494629,65.51087188720703,1,1,1,1,1,1,1,1,1,1
IMG_3934_png_jpg.rf.58d76b352425edff57889ada65bda1ed.jpg,train,170.63230895996094,149.6411895751953,126.05758666992188,58.60383987426758,63.86758804321289,68.68331146240234,26.068038940429688,78.77767944335938,173.44863891601562,33.843345642089844,61.113765716552734,57.80828094482422,1,1,1,1,1,1,1,1,1,1
IMG_3879_png_jpg.rf.58cd1cfcc40ceb4c2bc8ef4857ebfad4.jpg,train,44.24150085449219,40.093475341796875,19.514175415039062,26.354373931884766,34.72829055786133,46.863346099853516,30.390426635742188,211.66929626464844,49.84332275390625,27.26191520690918,66.27386474609375,41.34686279296875,1,1,1,1,1,1,1,1,1,1
IMG_3584_png_jpg.rf.57c9c98e54ee710874cf42e92430b984.jpg,train,147.20196533203125,133.26004028320312,104.13546752929688,86.50999450683594,79.45848083496094,66.47631072998047,23.643096923828125,83.54879760742188,147.5443572998047,15.357288360595703,35.33509063720703,86.28744506835938,1,1,1,1,1,1,1,1,1,1
IMG_3879_png_jpg.rf.5881d4719a921570077d401270fb4f43.jpg,train,112.75001525878906,91.00985717773438,42.5911865234375,31.85576820373535,43.538169860839844,61.885597229003906,27.60003662109375,187.78302001953125,116.77523803710938,27.184614181518555,76.95352172851562,39.693050384521484,1,1,1,1,1,1,1,1,1,1
IMG_3787_png_jpg.rf.57673c246283d8b3e77bac542ba31532.jpg,train,106.95040893554688,104.15773010253906,84.15728759765625,77.46646118164062,73.48450469970703,71.95608520507812,34.87872314453125,81.79508972167969,110.51577758789062,29.22235870361328,57.002532958984375,77.37264251708984,1,1,1,1,1,1,1,1,1,1
IMG_3574_png_jpg.rf.57b33a419d6edd29c661436e530d53b5.jpg,train,149.89332580566406,153.15126037597656,147.84762573242188,87.31118774414062,86.66051483154297,83.14728546142578,56.936004638671875,19.981643676757812,154.9676971435547,35.80609130859375,24.889577865600586,86.3080062866211,1,1,1,1,1,1,1,1,1,1
IMG_3797_png_jpg.rf.592fb841ab962c33879c9d70a8807236.jpg,train,103.7254638671875,99.29905700683594,88.25486755371094,52.26986312866211,51.04732131958008,50.206634521484375,24.720550537109375,51.48823547363281,104.37274169921875,15.494513511657715,44.60850143432617,52.818294525146484,1,1,1,1,1,1,1,1,1,1
27_jpg.rf.58c16bcd0b3893b11cbd322097487cae.jpg,train,102.00152587890625,103.91644287109375,110.30516052246094,57.915687561035156,59.84443664550781,59.90019226074219,112.08293151855469,26.676589965820312,112.27853393554688,27.284120559692383,16.454994201660156,62.249359130859375,1,1,1,1,1,1,1,1,1,1
IMG_3595_png_jpg.rf.583e61dba7ce94dcf20040b1864e07ba.jpg,train,140.6348876953125,137.66116333007812,127.8663330078125,68.81282806396484,69.33595275878906,67.82258605957031,23.684432983398438,42.125335693359375,140.9176788330078,21.98162269592285,70.84420776367188,68.84303283691406,1,1,1,1,1,1,1,1,1,1
IMG_3787_png_jpg.rf.591c2be9e1d51759edfbd55ef0acd44b.jpg,train,116.72314453125,110.91200256347656,96.44233703613281,78.2293701171875,74.1771240234375,72.87029266357422,28.898101806640625,53.59014892578125,118.49285888671875,29.227603912353516,36.32851791381836,78.30840301513672,1,1,1,1,1,1,1,1,1,1
IMG_3030_png_jpg.rf.59cc1d19814a01751b95db4f879cfe6a.jpg,train,151.628662109375,195.57412719726562,193.61312866210938,44.11843490600586,53.426509857177734,53.41892623901367,87.89299011230469,59.059234619140625,196.79612731933594,18.384117126464844,15.388307571411133,52.69144058227539,1,1,1,1,1,1,1,1,1,1
IMG_3870_png_jpg.rf.563d3f0bfb3181bad13c1b5715c45656.jpg,train,120.31387329101562,50.09173583984375,67.6436767578125,54.31956481933594,47.76716232299805,50.46214294433594,137.63929748535156,152.93634033203125,120.49810791015625,65.8625717163086,66.152099609375,54.46739959716797,1,1,1,1,1,1,1,1,1,1
IMG_3922_png_jpg.rf.5950c932d3eeabef5e25df3b4329a609.jpg,train,173.52667236328125,153.0640106201172,88.25669860839844,51.46430587768555,53.46019744873047,54.037803649902344,23.620925903320312,139.85452270507812,173.69192504882812,10.625109672546387,51.49583435058594,51.56772994995117,1,1,1,1,1,0,1,1,1,1
IMG_3864_png_jpg.rf.5968c3f42ac1c1f72aa6aabfd74d33f7.jpg,train,134.1079864501953,109.94607543945312,75.09812927246094,60.239620208740234,60.0850830078125,59.828311920166016,22.801925659179688,132.69541931152344,134.7154998779297,24.694238662719727,51.418277740478516,61.00072479248047,1,1,1,1,1,1,1,1,1,1
IMG_3848_png_jpg.rf.59c459de8601d4fba74aefbd2c97973e.jpg,train,51.91993713378906,51.764556884765625,46.52030944824219,60.53536605834961,60.11067199707031,54.362422943115234,27.3848876953125,37.20613098144531,52.510101318359375,22.531702041625977,41.34963607788086,61.079471588134766,1,1,1,1,1,1,1,1,1,1
IMG_3768_png_jpg.rf.59efd04789a6628b4a11d383f191b525.jpg,train,59.74320983886719,53.8055419921875,42.669281005859375,64.13645935058594,57.966339111328125,50.77213668823242,24.660751342773438,76.71759033203125,60.49391174316406,22.93642234802246,71.56754302978516,64.7885513305664,1,1,1,1,1,1,1,1,1,1
IMG_3710_png_jpg.rf.5969c55ba670f0c74db910758aa23d36.jpg,train,141.62109375,128.54515075683594,110.98922729492188,75.607177734375,67.21742248535156,70.55810546875,40.60591125488281,93.10304260253906,152.9280548095703,42.44378662109375,62.0305061340332,69.07770538330078,1,1,1,1,1,1,1,1,1,1
21_jpg.rf.5a05bcfdc172c10adc6faeb2730c80c0.jpg,train,50.85917663574219,48.705902099609375,59.550872802734375,66.39750671386719,68.5968017578125,71.7125473022461,75.73033142089844,75.74649047851562,62.71240234375,62.87867736816406,81.31185150146484,75.57075500488281,1,1,1,1,1,1,1,1,1,1
IMG_3030_png_jpg.rf.593f150edc8dc46665b73198e0343a0c.jpg,train,138.2385711669922,187.6107635498047,202.27601623535156,42.16246032714844,50.453678131103516,54.85008239746094,95.98533630371094,82.57403564453125,203.91136169433594,17.845190048217773,21.744600296020508,53.96538543701172,1,1,1,1,1,1,1,1,1,1
IMG_3754_png_jpg.rf.5a4d14ce025f91f0f54229add7fde3e8.jpg,train,105.05023193359375,102.13957214355469,90.99440002441406,64.13928985595703,62.807769775390625,61.9635124206543,25.873611450195312,57.410064697265625,105.63348388671875,15.693527221679688,61.22422409057617,64.13613891601562,1,1,1,1,1,1,1,1,1,1
4_jpg.rf.5a22dfa45582b410e88ccd7d70568db8.jpg,train,179.11558532714844,167.28846740722656,155.87164306640625,57.9489860534668,63.47693634033203,62.602622985839844,28.038009643554688,48.34197998046875,180.48023986816406,36.205543518066406,62.76432418823242,55.650699615478516,1,1,1,1,1,1,1,1,1,1
IMG_3714_png_jpg.rf.5a167ff06d17a4b1a3e7663d90b9ea57.jpg,train,120.93022155761719,115.3846435546875,98.78073120117188,68.15664672851562,65.3006591796875,66.98849487304688,38.84590148925781,81.00059509277344,127.1990966796875,35.765995025634766,57.159568786621094,65.12313079833984,1,1,1,1,1,1,1,1,1,1
IMG_3868_png_jpg.rf.5ad57fe76736d83524c9c73722bbe158.jpg,train,158.3474578857422,71.56866455078125,71.06605529785156,49.54422378540039,55.657005310058594,52.45708084106445,31.018218994140625,151.7630157470703,158.5939483642578,62.00768280029297,52.92567825317383,49.65716552734375,1,1,1,1,1,1,1,1,1,1
IMG_3595_png_jpg.rf.5bc5f5465691044fe36cf66323310337.jpg,train,160.47296142578125,157.56069946289062,145.38462829589844,71.05010986328125,71.7912826538086,71.60066986083984,24.666946411132812,44.99317932128906,160.77391052246094,9.550217628479004,53.471092224121094,71.09622192382812,1,1,1,1,1,1,1,1,1,1
IMG_3684_png_jpg.rf.5b1b23c2c84f758709c87d82ad785e9a.jpg,train,93.94633483886719,91.82197570800781,81.88334655761719,51.29145431518555,51.07152557373047,49.31318664550781,25.288986206054688,42.336517333984375,94.12496948242188,10.737305641174316,31.841995239257812,51.49246597290039,1,1,1,1,1,1,1,1,0,1
IMG_3583_png_jpg.rf.5b5edb66a96598cfa17277ccb7b86750.jpg,train,169.84693908691406,154.3295135498047,141.42141723632812,70.02032470703125,65.00601959228516,62.206722259521484,18.208251953125,49.93023681640625,170.59117126464844,19.28963851928711,26.851709365844727,69.13924407958984,1,1,1,1,1,1,1,1,1,1
IMG_3781_png_jpg.rf.5afaf97ffc839b895df1780145ae7e96.jpg,train,155.539306640625,154.9008026123047,129.46566772460938,59.218994140625,58.52766036987305,58.533565521240234,32.489990234375,54.037689208984375,160.46148681640625,21.60712432861328,26.094898223876953,58.62806701660156,1,1,1,1,1,1,1,1,1,1
IMG_3884_png_jpg.rf.5a263e0b3305b1df467fc7a57441915d.jpg,train,170.66709899902344,171.56129455566406,157.6280517578125,61.29506301879883,61.27329635620117,67.52244567871094,49.9405517578125,36.96992492675781,176.58326721191406,40.89262771606445,33.93412780761719,61.24730682373047,1,1,1,1,1,1,1,1,1,1
IMG_3590_png_jpg.rf.5ad3bb60e3d12786673dab352b0a1bfd.jpg,train,61.30596923828125,44.39727783203125,28.52838134765625,54.13045883178711,53.56438446044922,47.23748016357422,15.683700561523438,161.63259887695312,61.61625671386719,16.247821807861328,43.00791549682617,54.83376693725586,1,1,1,1,1,1,1,1,1,1
IMG_2987_png_jpg.rf.5a7e8de588080c70d61a449d471e24ef.jpg,train,142.27169799804688,138.06710815429688,130.93756103515625,54.397605895996094,60.1257438659668,69.1119384765625,47.43019104003906,41.87684631347656,145.9520263671875,43.110931396484375,32.103797912597656,58.82437515258789,1,1,1,1,1,1,1,1,1,1
IMG_3797_png_jpg.rf.5a630c74d2209a8be38361c4e1f2defd.jpg,train,110.85365295410156,108.66831970214844,96.59368896484375,51.233455657958984,50.64662551879883,50.36558151245117,28.454742431640625,46.60545349121094,111.68751525878906,14.674358367919922,46.02402114868164,51.76626968383789,1,1,1,1,1,1,1,1,1,1
IMG_3733_png_jpg.rf.5ac4eef25497d2f1ba451a6d4b70c4f3.jpg,train,119.76895141601562,117.45570373535156,109.55516052246094,66.53556060791016,65.81230926513672,64.61308288574219,25.676864624023438,34.237335205078125,120.07756042480469,14.462986946105957,41.694252014160156,66.70116424560547,1,1,1,1,1,1,1,1,1,1
IMG_3754_png_jpg.rf.5b92041ab47165b7f61d36bc30ef3b63.jpg,train,131.9979248046875,130.4510498046875,120.81614685058594,60.333011627197266,59.51731491088867,58.40316390991211,27.44677734375,26.28839111328125,132.62904357910156,15.875981330871582,18.979204177856445,60.153770446777344,1,1,1,1,1,1,1,1,1,1
IMG_3756_png_jpg.rf.5c1cee31c54af01f80b663f2fcfe6571.jpg,train,90.50840759277344,88.94523620605469,79.67103576660156,67.75819396972656,66.75318145751953,65.08162689208984,28.0606689453125,62.45933532714844,91.31462097167969,22.41474723815918,79.17546844482422,67.4830093383789,1,1,1,1,1,1,1,1,1,1
30_jpg.rf.5ae7986f0ed32025c109b96bacbdfceb.jpg,train,141.0493621826172,137.12245178222656,129.4400177001953,59.778255462646484,56.99734115600586,54.70216369628906,22.122161865234375,18.894912719726562,141.33001708984375,21.849817276000977,27.54275131225586,59.838504791259766,1,1,1,1,1,1,1,1,1,1
IMG_2998_png_jpg.rf.5c31d51c8aeb162b3af36a616963ae50.jpg,train,50.86189270019531,55.31721496582031,66.63726806640625,45.19015121459961,46.32957458496094,43.76165008544922,111.39540100097656,87.614013671875,67.53726196289062,12.177396774291992,47.782737731933594,46.27566909790039,1,1,1,1,1,1,1,1,1,1
IMG_2991_png_jpg.rf.5ada908d2fcd92bd0d3cfa78ac5f3114.jpg,train,67.54718017578125,65.34648132324219,55.15130615234375,42.19966125488281,43.321868896484375,41.237892150878906,26.09759521484375,65.13108825683594,67.89730834960938,15.341231346130371,46.83150100708008,43.10580062866211,1,1,1,1,1,1,1,1,1,1
IMG_2995_png_jpg.rf.5b7f7bbecf65e337e4dcebc224e1096b.jpg,train,168.2832489013672,172.50697326660156,176.00164794921875,45.25481414794922,46.15726089477539,47.62534713745117,96.56346130371094,13.530364990234375,177.1269989013672,26.483707427978516,12.983014106750488,47.61298370361328,1,1,1,1,1,1,1,1,1,1
IMG_3758_png_jpg.rf.5bfaa01664f98cfb90bbcf3a80af8640.jpg,train,99.03547668457031,91.840087890625,87.43122863769531,80.33290100097656,76.89967346191406,76.86758422851562,23.5220947265625,42.19538879394531,99.25572204589844,37.6348991394043,27.57720184326172,80.44258117675781,1,1,1,1,1,1,1,1,1,1
IMG_3825_png_jpg.rf.5b1868d439cc3a4d13fa1f249b89052b.jpg,train,159.34547424316406,151.23049926757812,137.59890747070312,59.86878967285156,63.93168640136719,62.68412399291992,22.8887939453125,42.99110412597656,159.93614196777344,17.888769149780273,34.90061569213867,60.325923919677734,1,1,1,1,1,1,1,1,1,1
IMG_3809_png_jpg.rf.5af623bc75fe5ca6997002b397cefc4e.jpg,train,78.87251281738281,68.79725646972656,56.27104187011719,65.5472412109375,61.1068115234375,55.15169143676758,20.8619384765625,91.13972473144531,79.82492065429688,25.446184158325195,59.81702423095703,65.9195785522461,1,1,1,1,1,1,1,1,1,1
IMG_3799_png_jpg.rf.5c1433c43d6440e243c63977ed799ae6.jpg,train,74.16806030273438,67.21502685546875,49.05296325683594,69.08036804199219,65.68423461914062,60.734615325927734,25.400283813476562,133.82981872558594,76.00483703613281,21.850793838500977,80.02447509765625,69.09846496582031,1,1,1,1,1,1,1,1,1,1
IMG_3899_png_jpg.rf.5c361a3970a9da74a3d6ac06fb812f7a.jpg,train,156.14537048339844,167.34165954589844,110.177001953125,51.503597259521484,49.049156188964844,57.5928955078125,38.60150146484375,97.306396484375,170.79412841796875,18.84299087524414,46.492305755615234,50.12871170043945,1,1,1,1,1,1,1,1,1,1
IMG_3613_png_jpg.rf.5baeeb04ca699605ab0d007a7e490160.jpg,train,170.25112915039062,166.79193115234375,157.19622802734375,87.97907257080078,87.98931884765625,84.55724334716797,32.88560485839844,52.756744384765625,177.67349243164062,30.72687339782715,57.298912048339844,81.07653045654297,1,1,1,1,1,1,1,1,1,1
IMG_3882_png_jpg.rf.5c45864b97780fdb6d83d106b2cca10a.jpg,train,156.78977966308594,151.463623046875,131.98765563964844,60.035884857177734,63.35257339477539,71.0956802368164,44.57594299316406,65.959228515625,161.22105407714844,43.79045104980469,62.88825988769531,61.42181396484375,1,1,1,1,1,1,1,1,1,1
IMG_3827_png_jpg.rf.5b9b6808a033132043093071bf174a50.jpg,train,149.39373779296875,137.8798370361328,126.29359436035156,61.36076736450195,62.43666458129883,63.619354248046875,26.224136352539062,57.58827209472656,152.36822509765625,32.88405990600586,40.565242767333984,63.0401496887207,1,1,1,1,1,1,1,1,1,1
23_jpg.rf.5c4a9ca926fae00a05065a4c19078fa0.jpg,train,61.02095031738281,61.76564025878906,67.91122436523438,60.268455505371094,62.03021240234375,62.172794342041016,113.79693603515625,37.544525146484375,69.60455322265625,27.93549346923828,20.398483276367188,64.98615264892578,1,1,1,1,1,1,1,1,1,1
IMG_3602_png_jpg.rf.5a872f3552109959e1c8f42bcdcd74da.jpg,train,101.68623352050781,97.61300659179688,85.35325622558594,52.039527893066406,50.49604415893555,48.992652893066406,30.731338500976562,53.35877990722656,103.04869079589844,16.589553833007812,58.70146942138672,52.03935623168945,1,1,1,1,1,1,1,1,1,1
IMG_3817_png_jpg.rf.5cd7df62fbda276372478ea10aa55c5b.jpg,train,159.050537109375,161.35780334472656,162.20501708984375,67.5459976196289,66.79027557373047,74.51966094970703,77.76242065429688,30.265243530273438,170.9175262451172,43.80018615722656,32.448909759521484,72.00186157226562,1,1,1,1,1,1,1,1,1,1
IMG_3570_png_jpg.rf.5c28632e546f637023b6c5404f5d4daf.jpg,train,133.67784118652344,135.96835327148438,129.54234313964844,82.11874389648438,76.7046127319336,74.50653839111328,46.31504821777344,33.60243225097656,139.7926483154297,38.5623664855957,44.79216766357422,78.5026626586914,1,1,1,1,1,1,1,1,1,1
IMG_2987_png_jpg.rf.5ca92bbc11bdd66fcfba6b37297c0005.jpg,train,88.97502136230469,84.32804870605469,80.86077880859375,64.53491973876953,73.81427001953125,81.07206726074219,43.89234924316406,100.48583984375,96.57087707519531,44.29559326171875,74.22376251220703,73.42410278320312,1,1,1,1,1,1,1,1,1,1
IMG_3871_png_jpg.rf.5d51664e289cd22f1c93cce83b218ab2.jpg,train,111.9468994140625,34.12982177734375,48.99717712402344,60.53083801269531,49.76487731933594,48.893733978271484,126.07359313964844,181.30593872070312,112.85447692871094,72.8646240234375,77.61431121826172,59.83115768432617,1,1,1,1,1,1,1,1,1,1
IMG_3872_png_jpg.rf.5d6d2f54ff29c01b94e1fcfdaa4f58df.jpg,train,126.50694274902344,98.8876953125,71.65998840332031,29.223997116088867,49.06240463256836,62.252716064453125,25.195846557617188,137.66970825195312,132.18701171875,31.11719512939453,56.218257904052734,40.26676940917969,1,1,1,1,1,1,1,1,1,1
IMG_3681_png_jpg.rf.5d9dd7f349c0d4e081b83ba3d7213dd8.jpg,train,59.830108642578125,99.17570495605469,160.73741149902344,64.9914321899414,50.58783721923828,30.199398040771484,101.93974304199219,175.59683227539062,163.09982299804688,22.55074691772461,61.313568115234375,33.901161193847656,1,1,1,1,1,1,1,1,1,1
IMG_3701_png_jpg.rf.5cf6815e020d0a7f4ba846ac847292b4.jpg,train,68.28553771972656,57.88771057128906,36.90223693847656,67.562744140625,61.19914627075195,48.89113998413086,32.651458740234375,113.08647155761719,71.53361511230469,39.69036865234375,98.70689392089844,70.07610321044922,1,1,1,1,1,1,1,1,1,1
IMG_3703_png_jpg.rf.5fbdc0ae5b4395159c54b06f9f8ba873.jpg,train,90.2310791015625,71.82460021972656,59.92808532714844,69.83226776123047,65.34288787841797,61.83631896972656,32.30302429199219,105.72901916503906,91.40467834472656,44.62458038330078,91.6657943725586,70.6224594116211,1,1,1,1,1,1,1,1,1,1
IMG_3693_png_jpg.rf.5ebb0a63aaffea222b7d6bead2c88d07.jpg,train,159.94383239746094,157.87220764160156,148.81761169433594,56.1214485168457,57.37103271484375,59.348506927490234,25.998550415039062,27.67828369140625,160.61843872070312,11.930675506591797,42.787742614746094,55.98797607421875,1,1,1,1,1,1,1,1,1,1
IMG_3918_png_jpg.rf.5ec482c6d7c68d3030847d25a182ec20.jpg,train,165.26654052734375,152.8284912109375,76.21078491210938,54.19837188720703,56.632694244384766,47.52597427368164,26.366592407226562,149.98057556152344,165.40872192382812,11.41428279876709,41.73379135131836,54.311527252197266,1,1,1,1,1,1,1,1,1,1
IMG_2998_png_jpg.rf.5f2fc6f52f2382878aaae3bd6ddc6915.jpg,train,64.38009643554688,68.14047241210938,84.40496826171875,43.79764938354492,44.696197509765625,42.03926086425781,112.92948913574219,71.5006103515625,85.39544677734375,16.07016944885254,17.068374633789062,44.405338287353516,1,1,1,1,1,1,1,1,1,1
IMG_3970_png_jpg.rf.5e1cfff3e451af7b2a58b9306b3626f8.jpg,train,129.43544006347656,127.57066345214844,118.91842651367188,53.684326171875,52.22653579711914,50.32585144042969,25.967971801757812,22.780410766601562,129.6878662109375,10.214879035949707,17.052915573120117,53.86528396606445,1,1,1,1,1,1,1,1,1,1
25_jpg.rf.5da54908b57c148e3af8fa474b67da68.jpg,train,30.115982055664062,31.561279296875,37.96772766113281,58.64368438720703,60.145591735839844,60.94142150878906,65.9986572265625,84.16831970214844,40.31541442871094,57.05656814575195,89.58773803710938,65.097412109375,1,1,1,1,1,1,1,1,0,1
IMG_3915_png_jpg.rf.5e7811ed14ca1fd33e9e1017a396799f.jpg,train,182.33653259277344,183.64036560058594,183.84414672851562,70.00212860107422,74.10301208496094,79.3655014038086,69.40402221679688,23.362640380859375,190.5934295654297,47.255615234375,24.126909255981445,73.12061309814453,1,1,1,1,1,1,1,1,1,1
IMG_3015_png_jpg.rf.5dda51fae408d8a05511eae39aec0b6c.jpg,train,40.44805908203125,40.19483947753906,39.3131103515625,44.37174987792969,43.95124435424805,42.00093078613281,49.70208740234375,22.805587768554688,41.54290771484375,52.50612258911133,28.390121459960938,44.79970169067383,1,1,1,1,1,1,1,1,1,1
IMG_3665_png_jpg.rf.5e9f49de100e12b75c6cee6d631566e0.jpg,train,127.84197998046875,114.53041076660156,109.42384338378906,80.61327362060547,84.08351135253906,82.72737884521484,37.34162902832031,87.67782592773438,131.18789672851562,48.09615707397461,85.88020324707031,79.20024871826172,1,1,1,1,1,1,1,1,1,1
IMG_3878_png_jpg.rf.5ee5cff36ecc7efc471f8f55961f094d.jpg,train,142.75579833984375,127.72036743164062,90.52064514160156,26.740732192993164,35.50135040283203,48.37272262573242,26.629913330078125,105.72187805175781,145.21444702148438,23.08002471923828,37.75965881347656,32.36677551269531,1,1,1,1,1,1,1,1,1,1
IMG_3680_png_jpg.rf.5f96dd66579a81c552a51ec162d60408.jpg,train,60.8818359375,123.56474304199219,177.81777954101562,59.53630065917969,40.5158576965332,29.67256736755371,99.225830078125,178.03697204589844,179.67672729492188,19.450735092163086,56.69574737548828,31.272302627563477,1,1,1,1,1,1,1,1,1,1
IMG_3592_png_jpg.rf.5e5506248213dadcd02e4be67f5b1cfa.jpg,train,49.03167724609375,43.01890563964844,30.706069946289062,53.68717575073242,54.95288848876953,52.45782470703125,23.859954833984375,141.86141967773438,49.71287536621094,27.54400062561035,83.76175689697266,55.072265625,1,1,1,1,1,1,1,1,1,1
IMG_3902_png_jpg.rf.5d1b13cf0ba219948a589d21e84f26f6.jpg,train,150.1695098876953,152.58583068847656,157.99790954589844,57.70682907104492,59.474910736083984,62.78736114501953,104.09489440917969,25.07684326171875,161.21617126464844,31.701091766357422,36.481544494628906,60.79849624633789,1,1,1,1,1,1,1,1,1,1
IMG_3584_png_jpg.rf.5fd5b7efdfb8a2eaf936953d3eb44493.jpg,train,170.18838500976562,161.65818786621094,133.45545959472656,76.51396942138672,73.2119369506836,64.06812286376953,26.08685302734375,58.796295166015625,170.60174560546875,14.675078392028809,24.05171775817871,76.17172241210938,1,1,1,1,1,1,1,1,1,1
25_jpg.rf.5da081ac81fb9c57192fb40c9ba98791.jpg,train,71.29216003417969,68.56660461425781,82.30242919921875,62.04142761230469,62.4713020324707,66.78759765625,78.17967224121094,46.221527099609375,84.73602294921875,60.2585563659668,41.71817398071289,69.56539154052734,1,1,1,1,1,1,1,1,0,1
IMG_3705_png_jpg.rf.5fc56382efe6d3065fceb9a0c3044963.jpg,train,105.23223876953125,98.85762023925781,85.31468200683594,59.477561950683594,55.25162887573242,47.59620666503906,37.83894348144531,48.19331359863281,106.45793151855469,39.34378433227539,55.39752197265625,59.5560188293457,1,1,1,1,1,1,1,1,1,1
IMG_3765_png_jpg.rf.5fc116ecdf423f7b8eb1c14fa2601e25.jpg,train,59.05781555175781,51.192626953125,47.14170837402344,58.71036911010742,53.28440856933594,51.39495849609375,17.721694946289062,67.12442016601562,59.4278564453125,29.4611759185791,69.14405059814453,59.19184875488281,1,1,1,1,1,1,1,1,1,1
IMG_3936_png_jpg.rf.5fef4d19263a3d142e53bbc052665383.jpg,train,164.93031311035156,150.16290283203125,135.48394775390625,60.76819610595703,65.52462768554688,68.05706024169922,31.312057495117188,56.651947021484375,166.62855529785156,40.722381591796875,49.472877502441406,60.86444854736328,1,1,1,1,1,1,1,1,1,1
IMG_3731_png_jpg.rf.5ef1651c7df68f9969e1fabd170ff8fa.jpg,train,155.17391967773438,154.17942810058594,146.13153076171875,53.79925537109375,53.66551208496094,52.978187561035156,30.121673583984375,18.0758056640625,155.84991455078125,13.524714469909668,21.49892234802246,53.81254959106445,1,1,1,1,1,1,1,1,1,1
IMG_3840_png_jpg.rf.6036dd1ae7e18a722e3e2cce8e150a2e.jpg,train,152.57388305664062,148.2350311279297,135.7904510498047,55.150638580322266,59.13070297241211,59.87489318847656,25.182907104492188,37.569580078125,152.8937530517578,14.946409225463867,37.250022888183594,55.43049621582031,1,1,1,1,1,1,1,1,1,1
IMG_3686_png_jpg.rf.60585c7cc16163a90c101cc7a08b0e7f.jpg,train,52.388336181640625,51.775299072265625,41.246337890625,44.62388610839844,45.31831741333008,41.78647232055664,28.3173828125,72.76402282714844,52.78656005859375,13.660099029541016,45.45038604736328,45.648101806640625,1,1,1,1,1,1,1,1,1,1
IMG_3003_png_jpg.rf.6062870e3d3574e49613d8e718bb13a3.jpg,train,106.12477111816406,107.78146362304688,106.21115112304688,43.50273513793945,44.6641731262207,44.15720748901367,63.913665771484375,9.880035400390625,108.60572814941406,38.64080810546875,26.471643447875977,45.40486145019531,1,1,1,1,1,1,1,1,1,1
IMG_3632_png_jpg.rf.6091ca728ddd6c795ffc4ed681cbb852.jpg,train,63.15333557128906,93.660400390625,87.97776794433594,53.394981384277344,65.81085205078125,75.10630798339844,62.22406005859375,140.0858917236328,106.94430541992188,43.08020782470703,81.16967010498047,70.43546295166016,1,1,1,1,1,1,1,1,1,1
IMG_3571_png_jpg.rf.6072d253865ec0839aabfad74f8db935.jpg,train,179.78054809570312,184.9433135986328,180.73817443847656,70.65680694580078,67.8192367553711,65.55266571044922,60.55189514160156,21.33056640625,188.5250244140625,37.13014221191406,30.53919219970703,66.49199676513672,1,1,1,1,1,1,1,1,1,1
IMG_3798_png_jpg.rf.60678afae2d8249cb34b1c383f9f2b1e.jpg,train,90.88984680175781,86.50987243652344,69.3345947265625,70.0688247680664,68.46259307861328,66.31942749023438,26.29742431640625,94.75949096679688,92.83251953125,17.004261016845703,60.892059326171875,70.02373504638672,1,1,1,1,1,1,1,1,1,1
IMG_3756_png_jpg.rf.60c73047f49e72919e2979e71304bc52.jpg,train,100.88601684570312,96.91268920898438,85.14007568359375,66.43605041503906,63.69377517700195,62.62564468383789,25.891983032226562,64.44406127929688,101.54985046386719,15.7991361618042,61.44817352294922,66.2520523071289,1,1,1,1,1,1,1,1,1,1
IMG_3775_png_jpg.rf.5cad505d05edee5f5b5493cdbb088fcc.jpg,train,166.9474639892578,161.60946655273438,147.0631866455078,62.74704360961914,62.95858383178711,60.2564811706543,24.7919921875,33.433837890625,167.39488220214844,20.88256072998047,20.59995460510254,63.006683349609375,1,1,1,1,1,1,1,1,1,1
IMG_3915_png_jpg.rf.60af8dea9b0696fb2e7c41bc123f24de.jpg,train,141.66485595703125,146.5186309814453,150.00979614257812,74.70157623291016,83.59876251220703,89.80854797363281,78.27691650390625,44.88287353515625,156.04531860351562,45.0945930480957,45.6983528137207,84.12469482421875,1,1,1,1,1,1,1,1,1,1
21_jpg.rf.60f5de66477fd91506b0eb93abc43a64.jpg,train,66.87008666992188,65.98793029785156,75.263427734375,64.53962707519531,67.43622589111328,70.61991882324219,105.49708557128906,49.878387451171875,79.21365356445312,58.38033676147461,31.49237060546875,74.39611053466797,1,1,1,1,1,1,1,1,1,1
IMG_3828_png_jpg.rf.6113b953c66168bae6b127b9749fa139.jpg,train,126.64544677734375,113.84310913085938,102.04261779785156,64.19295501708984,64.15481567382812,64.78779602050781,30.426910400390625,81.04888916015625,130.28274536132812,38.948883056640625,59.73070526123047,66.38799285888672,1,1,1,1,1,1,1,1,1,1
IMG_3714_png_jpg.rf.60f7a0d226784d45b4db53b6edcda1d7.jpg,train,160.70095825195312,144.1466064453125,131.5756072998047,61.16529846191406,57.362056732177734,61.1927375793457,34.67588806152344,70.00071716308594,168.857421875,43.728153228759766,50.11289978027344,56.19422912597656,1,1,1,1,1,1,1,1,1,1
IMG_3884_png_jpg.rf.60e140239c1ffc46980b4c0c3eb7a938.jpg,train,115.52604675292969,117.57606506347656,102.46025085449219,66.65592956542969,67.28546142578125,72.05249786376953,51.97032165527344,77.925537109375,124.23066711425781,41.386474609375,71.32479858398438,69.11197662353516,1,1,1,1,1,1,1,1,1,1
IMG_3581_png_jpg.rf.60e0e64aec3c054f0b8c731aa898e600.jpg,train,185.3330078125,171.6548614501953,151.32386779785156,47.143619537353516,46.22144317626953,46.98789596557617,20.842300415039062,52.24742126464844,186.1453857421875,18.68267059326172,24.066280364990234,47.31620407104492,1,1,1,1,1,1,1,1,1,1
IMG_3676_png_jpg.rf.60dae0591a919d847a99084669777291.jpg,train,142.86647033691406,136.80392456054688,127.734130859375,63.14015197753906,63.41310119628906,63.574859619140625,24.614089965820312,34.29737854003906,143.3430938720703,23.048545837402344,39.41227340698242,63.113197326660156,1,1,1,1,1,1,1,1,1,1
IMG_3938_png_jpg.rf.610a9e5f6a5cb294770a1dddf0ad6fda.jpg,train,102.78446960449219,83.83676147460938,68.98472595214844,64.06616973876953,63.36857986450195,63.96995544433594,26.059188842773438,116.69285583496094,104.5804443359375,32.359458923339844,86.42899322509766,64.29912567138672,1,1,1,1,1,1,1,1,1,1
IMG_3606_png_jpg.rf.61b9dff290ff02515319f9c7968a81c9.jpg,train,176.85086059570312,177.63421630859375,163.7292022705078,40.33070755004883,39.7944221496582,40.09953689575195,32.162384033203125,21.653366088867188,178.07154846191406,10.259528160095215,13.414835929870605,39.994285583496094,1,1,1,1,1,1,1,1,1,1
IMG_3812_png_jpg.rf.61446f33edf8ad39a7590447fc8e8c65.jpg,train,157.2176055908203,151.7690887451172,128.12991333007812,58.41825866699219,52.24198913574219,65.34455108642578,48.07102966308594,67.42123413085938,163.1235809326172,45.717533111572266,57.718345642089844,56.10890197753906,1,1,1,1,1,1,1,1,1,1
IMG_3705_png_jpg.rf.6135b63adc2e6df91cc4bd298e86804a.jpg,train,95.50849914550781,85.67045593261719,76.25424194335938,60.255165100097656,52.99601364135742,47.105838775634766,36.2607421875,49.14561462402344,96.50508117675781,42.832763671875,54.76724624633789,60.21626281738281,1,1,1,1,1,1,1,1,1,1
25_jpg.rf.61afe8b3789327abf3ca7458d07a2901.jpg,train,34.54432678222656,37.98594665527344,45.174163818359375,60.76641082763672,62.61022186279297,63.916141510009766,64.27314758300781,87.82435607910156,47.38163757324219,55.28303527832031,96.35417175292969,67.32713317871094,1,1,1,1,1,1,1,1,1,1
IMG_3663_png_jpg.rf.614748308efdc1bced34a1d3b425ac3a.jpg,train,69.01271057128906,44.48332214355469,24.6136474609375,37.585453033447266,45.33979415893555,52.44354248046875,27.4332275390625,211.8253173828125,74.6253662109375,40.77738952636719,61.657684326171875,48.132843017578125,1,1,1,1,1,1,1,1,1,1
14_jpg.rf.618aa1b661f190393f3a7d4566e041f8.jpg,train,173.5478057861328,119.9471435546875,88.62835693359375,65.74037170410156,58.987640380859375,50.22951889038086,15.307998657226562,130.38470458984375,174.01312255859375,21.22931480407715,42.04643630981445,65.16695404052734,1,1,1,1,1,1,1,1,1,1
IMG_3934_png_jpg.rf.6145bf25966b4b58b299eff7477f4c63.jpg,train,144.31204223632812,142.57276916503906,117.47943115234375,58.82265853881836,58.03892517089844,64.78651428222656,32.71751403808594,70.54429626464844,150.9979705810547,21.939851760864258,62.40058135986328,56.283233642578125,1,1,1,1,1,1,1,1,1,1
IMG_3749_png_jpg.rf.61924fa4a9fb4fd0958c09322be692eb.jpg,train,126.66667175292969,106.05497741699219,94.48690795898438,66.70567321777344,78.893798828125,79.61030578613281,21.98114013671875,109.59529113769531,126.88481140136719,34.67703628540039,92.45433807373047,66.91597747802734,1,1,1,1,1,1,1,1,1,1
IMG_3012_png_jpg.rf.60e79d442db63832a1fc5ac50c9ed4d1.jpg,train,73.60501098632812,75.309326171875,73.61866760253906,53.066993713378906,52.24943161010742,45.08706283569336,65.34576416015625,56.799407958984375,80.80007934570312,41.81536865234375,34.673179626464844,50.05198669433594,1,1,1,1,1,1,1,1,1,1
IMG_3707_png_jpg.rf.6156e1ff5d575fed2c067156902eeb27.jpg,train,117.39933776855469,108.37355041503906,88.49777221679688,72.25457763671875,61.44737243652344,49.95254135131836,45.5572509765625,53.710601806640625,120.24200439453125,40.05867004394531,57.41251754760742,71.28360748291016,1,1,1,1,1,1,1,1,1,1
IMG_3599_png_jpg.rf.60b5e994d00f1be027ac128ec57a7470.jpg,train,197.20053100585938,189.8533172607422,181.8610382080078,42.067562103271484,46.16823959350586,47.62836456298828,27.2420654296875,21.861282348632812,197.48545837402344,24.366783142089844,31.003143310546875,42.00568771362305,1,1,1,1,1,1,1,1,1,1
IMG_3002_png_jpg.rf.61372ff0316eb52c9e407913b0d97d73.jpg,train,78.019287109375,79.76332092285156,103.753173828125,36.55412292480469,37.627132415771484,34.32162094116211,115.20466613769531,73.08189392089844,104.37112426757812,17.52873992919922,36.67211151123047,36.009498596191406,1,1,1,1,1,1,1,1,1,1
IMG_3028_png_jpg.rf.5f102cee0bbb7f2af8653c69db56f1e4.jpg,train,177.83033752441406,88.9552001953125,173.52761840820312,77.18950653076172,41.63993835449219,87.09051513671875,107.53834533691406,127.35563659667969,181.35067749023438,60.56949996948242,54.79010772705078,79.40945434570312,1,1,1,1,1,1,1,1,1,1
14_jpg.rf.105a6ed09b6dbf41ffbf5c12f774501c.jpg,valid,163.3164825439453,127.08078002929688,97.18864440917969,54.542667388916016,54.422088623046875,50.205997467041016,15.953109741210938,112.77516174316406,163.66175842285156,14.912705421447754,46.73303985595703,54.051734924316406,1,1,1,1,1,1,1,1,1,1
5_jpg.rf.04f24f22b191914f970e7f4fbd212613.jpg,valid,145.56370544433594,144.60215759277344,140.74745178222656,102.1849594116211,103.00897216796875,100.46569061279297,38.90867614746094,14.775787353515625,147.1221923828125,44.26611328125,33.343719482421875,102.68952941894531,1,1,1,1,1,1,1,1,1,1
IMG_3023_png_jpg.rf.09d69533cac5813076233261f0127cf2.jpg,valid,59.36198425292969,63.48731994628906,84.15913391113281,53.21512222290039,53.39761734008789,48.59950637817383,103.90699768066406,111.88876342773438,86.65618896484375,30.874183654785156,57.84382247924805,51.219764709472656,1,1,1,1,1,1,1,1,1,1
19_jpg.rf.0416a88746e3a5dd059f58e25cc6530f.jpg,valid,146.86566162109375,142.48594665527344,139.14926147460938,69.5011978149414,74.47126770019531,72.50548553466797,55.85563659667969,39.469818115234375,150.03964233398438,48.54121017456055,56.89449691772461,68.52108764648438,1,1,1,1,1,1,1,1,1,1
IMG_3767_png_jpg.rf.11762cc69e6187b2f85495b9045e3d33.jpg,valid,101.59523010253906,95.62442016601562,84.36141967773438,64.40650177001953,60.78276062011719,58.61094665527344,23.307403564453125,63.07060241699219,102.10530090332031,13.406486511230469,59.70731735229492,64.51580047607422,1,1,1,1,1,0,1,1,1,1
12_jpg.rf.16db57d7e35de1d8f7d219ed7b487193.jpg,valid,184.01551818847656,181.75405883789062,175.78567504882812,60.823265075683594,61.52194595336914,62.010498046875,33.22383117675781,19.416732788085938,184.28558349609375,36.647029876708984,40.739227294921875,60.822200775146484,1,1,1,1,1,1,1,1,1,1
IMG_3582_png_jpg.rf.15f4b5206fe4cfe97f078641b1ac3414.jpg,valid,126.48202514648438,120.655029296875,103.74813842773438,64.72282409667969,62.66315841674805,57.75273513793945,27.876022338867188,68.43084716796875,130.7804718017578,23.941608428955078,40.477256774902344,65.8425064086914,1,1,1,1,1,1,1,1,1,1
IMG_3579_png_jpg.rf.0b06612aeec501a760580d807476c129.jpg,valid,138.94619750976562,129.27919006347656,113.1290283203125,48.33906936645508,48.88780975341797,49.75839614868164,23.2652587890625,57.54290771484375,139.3055877685547,20.65100860595703,40.80460739135742,48.676231384277344,1,1,1,1,1,1,1,1,1,1
IMG_3596_png_jpg.rf.1ff9b641868ba79b8a552ad31018e9e5.jpg,valid,180.77655029296875,174.51084899902344,162.93357849121094,47.95846176147461,52.50419616699219,53.64365768432617,21.13421630859375,36.8624267578125,180.89468383789062,11.217422485351562,53.8669548034668,47.92926025390625,1,1,1,1,1,1,1,1,1,1
IMG_2990_png_jpg.rf.21f7f184da075666869acf1b0bdcebd9.jpg,valid,80.03553771972656,74.26559448242188,65.48699951171875,41.96220397949219,43.57659912109375,42.71409225463867,19.167236328125,67.19917297363281,80.26791381835938,13.085787773132324,60.86261749267578,42.67324447631836,1,1,1,1,1,1,1,1,1,1
IMG_3692_png_jpg.rf.261e23a1f7dc3afbb4d56894234fe633.jpg,valid,155.47116088867188,150.7587432861328,141.08575439453125,55.74917984008789,57.530643463134766,59.29888916015625,22.132431030273438,34.7095947265625,155.82110595703125,12.853388786315918,47.70237350463867,55.62043380737305,1,1,1,1,1,1,1,1,1,1
IMG_3648_png_jpg.rf.29199a6b82c66803ed3c7e2786520dbf.jpg,valid,162.18580627441406,141.29116821289062,110.8958740234375,63.24418258666992,61.035282135009766,59.04139709472656,19.111297607421875,101.212158203125,162.40675354003906,12.150556564331055,59.78087615966797,63.33580017089844,1,1,1,1,1,1,1,1,1,1
IMG_3931_png_jpg.rf.24a4a020bdd386862142f79f149a6049.jpg,valid,134.69154357910156,123.88371276855469,97.16421508789062,63.99772262573242,64.70087432861328,66.91708374023438,29.322250366210938,93.79927062988281,138.9781036376953,24.772869110107422,71.65044403076172,63.27114486694336,1,1,1,1,1,1,1,1,1,1
IMG_3008_png_jpg.rf.2cef59619ee4389d4b779192ec34a743.jpg,valid,73.92581176757812,59.70817565917969,38.866668701171875,37.56565856933594,43.7736701965332,46.39330291748047,21.125411987304688,144.19766235351562,75.54296875,19.543148040771484,41.81510543823242,42.28740310668945,1,1,1,1,1,1,1,1,1,1
IMG_3770_png_jpg.rf.32d9b01b1712fdb1b88264f16c8521cf.jpg,valid,62.76995849609375,52.66712951660156,42.53785705566406,65.254150390625,65.7748031616211,61.93082809448242,25.264862060546875,125.84988403320312,63.57603454589844,36.843231201171875,85.2891616821289,65.60311889648438,1,1,1,1,1,1,1,1,1,1
IMG_3795_png_jpg.rf.311e8998fcb3c6f303fc6803e8b7a7a3.jpg,valid,109.34449768066406,104.56790161132812,93.62734985351562,52.71752166748047,51.59674835205078,49.41151809692383,22.855010986328125,45.42376708984375,109.62873840332031,14.754124641418457,35.64582061767578,53.16047668457031,1,1,1,1,1,1,1,1,1,1
IMG_3966_png_jpg.rf.296d6b31aa1c92d1e40e16c818d34a6e.jpg,valid,108.75657653808594,102.14295959472656,85.20709228515625,46.7904167175293,47.551082611083984,50.80788040161133,28.92803955078125,72.267822265625,109.68695068359375,27.171184539794922,42.85212707519531,47.67299270629883,1,1,1,1,1,1,1,1,1,1
IMG_3773_png_jpg.rf.2ac0b5748583214f4e3d6721334bec62.jpg,valid,129.15802001953125,122.4595947265625,111.29660034179688,67.773681640625,66.84835815429688,63.193424224853516,18.983047485351562,48.42076110839844,130.0355224609375,15.464018821716309,45.77975082397461,68.64498901367188,1,1,1,1,1,1,1,1,1,1
27_jpg.rf.333bc16dd5ebe5299fcc52b22a28de79.jpg,valid,54.87208557128906,56.825439453125,61.72175598144531,65.84120178222656,67.34163665771484,66.87393188476562,101.93846130371094,52.69349670410156,64.50233459472656,38.856937408447266,34.58823776245117,71.16860961914062,1,1,1,1,1,1,1,1,1,1
21_jpg.rf.4b6e6296c2a2ba14b422d38cde8a0e4a.jpg,valid,49.59580993652344,49.50634765625,59.17646789550781,64.67772674560547,68.30204772949219,70.47907257080078,124.66017150878906,130.56155395507812,63.87696838378906,46.41157150268555,72.8570785522461,75.12157440185547,1,1,1,1,1,1,1,1,1,1
IMG_3836_png_jpg.rf.4c4cc0f4a960f3835e7c3b190ad7c59c.jpg,valid,136.8724365234375,129.64512634277344,105.02543640136719,67.63111877441406,64.63919067382812,61.71456527709961,39.82228088378906,75.15061950683594,140.90093994140625,38.18799591064453,67.61898803710938,67.7139663696289,1,1,1,1,1,1,1,1,1,1
IMG_3895_png_jpg.rf.4f3832a1f2fcf311413dcef9006d5d05.jpg,valid,114.36163330078125,123.94976806640625,65.8426513671875,58.29380798339844,55.700138092041016,59.837223052978516,36.297607421875,141.7494354248047,127.38453674316406,14.297921180725098,61.29460144042969,58.13949203491211,1,1,1,1,1,1,1,1,1,1
IMG_3745_png_jpg.rf.440169f28b3157a255f34da10dd9799e.jpg,valid,128.0397491455078,128.24734497070312,133.38406372070312,69.96232604980469,67.60464477539062,62.233028411865234,71.6651611328125,66.64556884765625,145.96365356445312,47.39064407348633,53.62697982788086,64.18024444580078,1,1,1,1,1,1,1,1,1,1
IMG_3843_png_jpg.rf.354be9329fa54e6ce49508b44bbea263.jpg,valid,133.2941436767578,126.40373229980469,112.00535583496094,63.3629264831543,66.08735656738281,64.88978576660156,21.30999755859375,61.87348937988281,133.5546112060547,10.874332427978516,60.08089828491211,63.58401870727539,1,1,1,1,1,1,1,1,1,1
IMG_3892_png_jpg.rf.4caa2ff6839a9df0161362561d3322cf.jpg,valid,104.36273193359375,116.43585205078125,68.10929870605469,57.305850982666016,55.666954040527344,60.87969970703125,40.52735900878906,131.09165954589844,119.33326721191406,20.02306365966797,64.32303619384766,57.63740921020508,1,1,1,1,1,1,1,1,1,1
11_jpg.rf.3fee52eeff85cd9392fc663248e56413.jpg,valid,194.88162231445312,174.6709442138672,152.033447265625,60.702720642089844,58.40671920776367,59.11200714111328,16.387374877929688,64.5552978515625,195.07139587402344,10.95657730102539,41.099727630615234,60.184417724609375,1,1,1,1,1,1,1,1,1,1
IMG_3722_png_jpg.rf.53dc1747a7062d5e86afb0223491365a.jpg,valid,32.026275634765625,29.729171752929688,24.63006591796875,60.83888626098633,57.99019241333008,53.54376220703125,24.667205810546875,136.92361450195312,32.39649963378906,24.850055694580078,99.40264129638672,61.29848098754883,1,1,1,1,1,1,1,1,1,1
IMG_3643_png_jpg.rf.44b2617db524a23059f32ce65a0e8bf2.jpg,valid,135.47911071777344,76.16966247558594,70.4019775390625,68.68611145019531,68.0674057006836,64.27398681640625,27.1416015625,130.314697265625,135.87832641601562,47.7415885925293,84.48770904541016,68.71577453613281,1,1,1,1,1,1,1,1,1,1
IMG_3667_png_jpg.rf.556161cb0a7658ec271e9b0964ffbe0d.jpg,valid,159.5791778564453,146.44821166992188,131.27401733398438,73.28980255126953,77.1671371459961,81.4080810546875,31.098159790039062,75.8580322265625,162.80259704589844,34.713050842285156,75.54267120361328,70.68399810791016,1,1,1,1,1,1,1,1,1,1
IMG_3824_png_jpg.rf.4ff2485896d5e9fbbea2d058a2b6535c.jpg,valid,150.4603729248047,145.66998291015625,135.3082733154297,55.58762741088867,57.631832122802734,57.32524490356445,23.327316284179688,36.9537353515625,151.18649291992188,14.566346168518066,45.059837341308594,55.61228942871094,1,1,1,1,1,1,1,1,1,1
IMG_3655_png_jpg.rf.489cd6298479daed300b90a2c5d3fe73.jpg,valid,177.99496459960938,159.06130981445312,134.51239013671875,63.7532844543457,63.40485382080078,58.52737808227539,25.774078369140625,74.74795532226562,178.73252868652344,31.336009979248047,46.30391311645508,63.21611404418945,1,1,1,1,1,1,1,1,1,1
IMG_3683_png_jpg.rf.5664410e78e088166af60ec37dd4138c.jpg,valid,95.17027282714844,92.35726928710938,81.9505615234375,54.9608268737793,54.636661529541016,52.86311721801758,24.923294067382812,48.78099060058594,95.35086059570312,12.789076805114746,36.8669548034668,55.17875671386719,1,1,1,1,1,1,1,1,1,1
10_jpg.rf.32a77f16633487c9987b3596fc6a113f.jpg,valid,147.84120178222656,146.45013427734375,142.1653594970703,95.46436309814453,96.0733871459961,95.6051254272461,20.605941772460938,11.59405517578125,148.36289978027344,30.907922744750977,34.325439453125,95.79084777832031,1,1,1,1,1,1,1,1,1,1
IMG_3890_png_jpg.rf.549ad5cf9fd0abc3e100edb08ecf9138.jpg,valid,131.96896362304688,128.4559783935547,118.03471374511719,68.81129455566406,72.57328033447266,72.90505981445312,27.437530517578125,47.39067077636719,132.92991638183594,17.436431884765625,55.496307373046875,69.59181213378906,1,1,1,1,1,1,1,1,1,1
IMG_3917_png_jpg.rf.5639d862b01d585be75b465a7cc043bc.jpg,valid,133.74276733398438,135.72018432617188,130.31967163085938,67.7613525390625,69.47675323486328,76.89810180664062,64.04658508300781,50.24467468261719,142.7661895751953,40.844451904296875,57.004478454589844,71.28865051269531,1,1,1,1,1,1,1,1,1,1
IMG_3639_png_jpg.rf.5cd36f223063a879cad290f279a0223b.jpg,valid,133.02359008789062,130.531494140625,121.19769287109375,74.62369537353516,74.98590087890625,75.68316650390625,29.656494140625,45.80967712402344,133.6047821044922,21.62142562866211,61.3991813659668,74.84029388427734,1,1,1,1,1,1,1,1,1,1
10_jpg.rf.25297f9858b9cc45a0f696389957c01a.jpg,valid,176.8743438720703,168.1240997314453,163.74168395996094,51.99279022216797,65.98532104492188,67.80172729492188,29.586105346679688,34.567779541015625,177.4005584716797,41.29004669189453,66.46772003173828,52.320457458496094,0,1,1,1,1,1,1,1,1,1
IMG_3560_png_jpg.rf.532d373f3216003168c52076bcee3c18.jpg,valid,128.4987335205078,127.92219543457031,122.12586975097656,75.48783111572266,74.54261016845703,73.97969055175781,46.37907409667969,26.107620239257812,130.1966094970703,36.1378059387207,36.304927825927734,76.26679229736328,1,1,1,1,1,1,1,1,1,1
IMG_3793_png_jpg.rf.68cc112f3de60d5616b9745f927c86a6.jpg,valid,110.80464172363281,117.48361206054688,110.29096984863281,57.94938659667969,53.76387023925781,49.742977142333984,67.82514953613281,33.1336669921875,119.93426513671875,21.702672958374023,30.22821044921875,57.838890075683594,1,1,1,1,1,1,1,1,1,1
IMG_3762_png_jpg.rf.4adcfe71a59d57dc1155e35453db3d8c.jpg,valid,68.83232116699219,69.43576049804688,43.9437255859375,54.10105514526367,53.11993408203125,48.74290466308594,29.18353271484375,122.56582641601562,72.17947387695312,15.44550609588623,62.057559967041016,54.975826263427734,1,1,1,1,1,1,1,1,1,1
IMG_3965_png_jpg.rf.6a87a7ba1b7cd383d46d554f71467c57.jpg,valid,109.69291687011719,102.09591674804688,83.92617797851562,50.713600158691406,51.179481506347656,55.74016189575195,28.127975463867188,78.37861633300781,110.68356323242188,27.26395034790039,46.346195220947266,52.11846923828125,1,1,1,1,1,1,1,1,1,1
IMG_3819_png_jpg.rf.59a965815ed09b238c8a8cf95f1c99fb.jpg,valid,134.4798583984375,130.2313995361328,119.84048461914062,55.298133850097656,55.96345901489258,54.48372268676758,27.4857177734375,40.85565185546875,136.60821533203125,21.534563064575195,46.38106155395508,56.81914138793945,1,1,1,1,1,1,1,1,1,1
IMG_3588_png_jpg.rf.7271b325fe58e0bc7dbea3c7884acb92.jpg,valid,85.60569763183594,75.87879943847656,60.91648864746094,48.185333251953125,51.93355178833008,51.148704528808594,22.783294677734375,96.78129577636719,86.58267211914062,16.55563735961914,56.77582931518555,49.87080383300781,1,1,1,1,1,1,1,1,1,1
IMG_3851_png_jpg.rf.7a8f0fd7e98509bd110cd465fb16dbcb.jpg,valid,80.36624145507812,77.76345825195312,70.68171691894531,63.960758209228516,62.5135498046875,59.319793701171875,24.585845947265625,47.434417724609375,80.60501098632812,10.282342910766602,43.203834533691406,64.14986419677734,1,1,1,1,1,1,1,1,1,1
IMG_3794_png_jpg.rf.74b9c8ce8f48c4235cb4057981bda137.jpg,valid,117.58056640625,114.20443725585938,106.497802734375,47.23907470703125,46.39295196533203,45.18169021606445,24.75933837890625,28.728851318359375,117.9766845703125,20.293609619140625,29.364084243774414,47.76966094970703,1,1,1,1,1,1,1,1,1,1
IMG_3900_png_jpg.rf.984eecedf91c6fd3ce6488bc2ff013ed.jpg,valid,146.82968139648438,150.56007385253906,156.28521728515625,50.5120849609375,52.373085021972656,56.57732391357422,103.04141235351562,28.850814819335938,160.44122314453125,28.2634334564209,35.8309326171875,53.90734100341797,1,1,1,1,1,1,1,1,1,1
IMG_3869_png_jpg.rf.72b509ef30e1b5b343e091fda86413ff.jpg,valid,160.46803283691406,71.31837463378906,74.72248840332031,51.37824249267578,54.307254791259766,53.78571319580078,40.810455322265625,151.08966064453125,160.6709747314453,69.1364517211914,53.262420654296875,51.45714569091797,1,1,1,1,1,1,1,1,1,1
IMG_3863_png_jpg.rf.860b7a23de41b28a9c354ebc15e04bc4.jpg,valid,130.625732421875,109.19459533691406,74.32452392578125,61.751277923583984,62.07480239868164,63.03450393676758,27.647293090820312,139.93057250976562,131.95755004882812,33.74839401245117,65.25086975097656,63.515132904052734,1,1,1,1,1,1,1,1,1,1
IMG_3810_png_jpg.rf.8c83bded9b438419472ca6a187318d78.jpg,valid,133.0008087158203,133.77920532226562,94.33575439453125,59.987548828125,54.21114730834961,66.88829803466797,37.66688537597656,101.4761962890625,141.01895141601562,29.3228759765625,73.0070571899414,58.08203125,1,1,1,1,1,1,1,1,1,1
IMG_3968_png_jpg.rf.8c8f44989d0926cd079cbc2debc83e39.jpg,valid,142.51974487304688,132.21868896484375,118.65841674804688,53.83250045776367,57.988502502441406,58.634613037109375,27.0111083984375,63.69078063964844,143.3329620361328,29.568613052368164,62.99224090576172,53.893123626708984,1,1,1,1,1,1,0,1,1,1
IMG_3711_png_jpg.rf.8f94dea0be1a117eb34a6e9ae75d567e.jpg,valid,116.60671997070312,101.88523864746094,86.44267272949219,73.50823211669922,68.11148071289062,70.29688262939453,36.485260009765625,108.19062805175781,123.81846618652344,40.20771789550781,75.48986053466797,69.57134246826172,1,1,1,1,1,1,1,1,1,1
IMG_3912_png_jpg.rf.719896d925f06f7c0fec25a410c330f6.jpg,valid,143.0846710205078,130.81329345703125,113.50956726074219,65.72297668457031,66.08802795410156,68.93360137939453,24.201705932617188,69.68440246582031,143.49249267578125,16.976015090942383,64.38591003417969,65.77869415283203,1,1,1,1,1,1,1,1,1,1
IMG_3610_png_jpg.rf.7e6e9edca5e296f50b82160d137eb73d.jpg,valid,179.27000427246094,167.41427612304688,153.8997344970703,76.5369644165039,80.84859466552734,82.68185424804688,23.176177978515625,54.79681396484375,180.0277557373047,24.72870635986328,58.38570022583008,75.76714324951172,1,1,1,1,1,1,1,1,1,1
IMG_3940_png_jpg.rf.7c7d3730e592f5565dab97a2bdc8d93f.jpg,valid,139.56381225585938,130.6747283935547,116.88063049316406,62.87925720214844,62.17823791503906,63.93247604370117,29.027969360351562,63.508544921875,143.15130615234375,27.5158634185791,58.54477310180664,63.24961471557617,1,1,1,1,1,1,1,1,1,1
IMG_3035_png_jpg.rf.90c76dcbb599c21d83774d326930ae02.jpg,valid,90.64399719238281,130.8867950439453,134.53529357910156,59.401466369628906,85.72026824951172,84.74710845947266,98.38201904296875,94.70407104492188,136.50157165527344,22.00297737121582,34.62677001953125,85.15532684326172,1,1,1,1,1,1,1,1,1,1
IMG_3939_png_jpg.rf.ad49bfc94d01a91a8c3eee58a2aee827.jpg,valid,149.71612548828125,145.61158752441406,142.12533569335938,53.62705612182617,58.955467224121094,59.79267883300781,50.60899353027344,26.837570190429688,151.1122283935547,56.67961120605469,56.22786331176758,54.61738967895508,1,1,1,1,1,1,1,1,1,1
IMG_3739_png_jpg.rf.a0a774d7e359f1601013a38e389bd87a.jpg,valid,187.8076629638672,183.06358337402344,171.9008026123047,62.0780143737793,64.5048599243164,65.53397369384766,22.272262573242188,37.50865173339844,188.108154296875,9.555597305297852,57.73921203613281,61.95890808105469,1,1,1,1,1,1,1,1,1,1
IMG_3675_png_jpg.rf.9255757bb130d6f517c6d88d70fcedad.jpg,valid,123.70457458496094,118.97659301757812,110.27082824707031,68.55538177490234,68.46123504638672,67.21234893798828,24.3521728515625,39.99708557128906,124.22232055664062,22.858694076538086,50.8240852355957,68.61015319824219,1,1,1,1,1,1,1,1,1,1
IMG_3818_png_jpg.rf.9092f134fe7572211858a4f199cd13dc.jpg,valid,128.06556701660156,122.56689453125,114.12614440917969,78.18277740478516,79.2646713256836,82.51710510253906,31.150177001953125,46.6876220703125,129.2976837158203,29.861766815185547,52.55097198486328,78.24563598632812,1,1,1,1,1,1,1,1,1,1
IMG_3883_png_jpg.rf.9c1d9db05d015f174d5242e4f7f886c7.jpg,valid,142.3257293701172,141.90240478515625,124.28620910644531,63.300621032714844,65.07572937011719,72.38275146484375,49.81806945800781,65.92303466796875,149.96466064453125,43.65360641479492,58.17084503173828,65.84574127197266,1,1,1,1,1,1,1,1,1,1
IMG_3682_png_jpg.rf.78ea73762f45df39ef7686b12569f6cd.jpg,valid,85.51664733886719,82.59574890136719,73.90602111816406,54.802696228027344,54.244415283203125,51.479156494140625,24.4954833984375,45.28123474121094,85.74276733398438,15.032450675964355,32.019615173339844,55.06675720214844,1,1,1,1,1,1,1,1,1,1
IMG_3016_png_jpg.rf.8c95eb52f69c4fa8f3bec950905ba591.jpg,valid,38.020294189453125,38.06407165527344,37.10832214355469,40.57726287841797,40.697967529296875,38.514400482177734,49.425933837890625,24.57208251953125,39.2352294921875,51.15497970581055,32.330806732177734,41.11104965209961,1,1,1,1,1,1,1,1,1,1
IMG_3604_png_jpg.rf.a670933ee7050d23590192bbd65355cf.jpg,valid,163.48739624023438,162.95193481445312,153.74813842773438,53.22968673706055,53.02092361450195,53.54109573364258,28.590347290039062,25.659210205078125,163.87521362304688,8.985794067382812,44.67039108276367,53.210060119628906,1,1,1,1,1,1,1,1,1,1
IMG_3930_png_jpg.rf.a69e88d0a303e6b36d5dd5871037c520.jpg,valid,135.10528564453125,117.44139099121094,94.31234741210938,61.416419982910156,57.70890426635742,55.73851776123047,26.407440185546875,99.21994018554688,138.0846710205078,29.629512786865234,54.16595458984375,59.633758544921875,1,1,1,1,1,1,1,1,1,1
IMG_3835_png_jpg.rf.a406cfb2e5fbe63518dd11dcc83de2a6.jpg,valid,134.5682373046875,130.91995239257812,100.06689453125,62.55044174194336,62.14442825317383,59.94805908203125,35.396881103515625,79.37406921386719,138.98460388183594,29.673625946044922,67.79218292236328,63.34452819824219,1,1,1,1,1,1,1,1,1,1
IMG_3964_png_jpg.rf.afd03160abaac651aeb695f3ce9a8b84.jpg,valid,110.05836486816406,98.79037475585938,82.33534240722656,51.24107360839844,44.661659240722656,47.20988082885742,27.797744750976562,73.79634094238281,110.62118530273438,29.33297348022461,44.901710510253906,52.03608322143555,1,1,1,1,1,1,1,1,1,1
IMG_3005_png_jpg.rf.97d278e7943a5d61dca07b521a59fbbb.jpg,valid,61.93446350097656,61.526123046875,60.58915710449219,40.630794525146484,40.607879638671875,39.10295486450195,45.903900146484375,12.532318115234375,62.74879455566406,57.366458892822266,26.574386596679688,41.87065505981445,1,1,1,1,1,1,1,1,1,1
IMG_3706_png_jpg.rf.7733c210c34243817dc3efbc84442a67.jpg,valid,96.41671752929688,85.9827880859375,76.91709899902344,61.29242706298828,52.06810760498047,45.675621032714844,45.17948913574219,47.458984375,98.24076843261719,49.623619079589844,53.0547981262207,60.797088623046875,1,1,1,1,1,1,1,1,1,1
IMG_3720_png_jpg.rf.b2dcc2ab16fc6f8600b92710f203facf.jpg,valid,53.495330810546875,44.30035400390625,37.93434143066406,71.19230651855469,70.21395111083984,63.83159255981445,19.9984130859375,127.86279296875,53.84901428222656,34.48957443237305,80.13699340820312,71.5220718383789,1,1,1,1,1,1,1,1,1,1
IMG_3886_png_jpg.rf.ad9452ba2a0b5ffe27e8e6afc0110ead.jpg,valid,136.88377380371094,131.74171447753906,124.40675354003906,47.813072204589844,49.34853744506836,48.37740707397461,25.917343139648438,29.331069946289062,137.57135009765625,29.4157657623291,48.228355407714844,47.999691009521484,1,1,1,1,1,1,1,1,1,1
IMG_3738_png_jpg.rf.f8a07aa86080e6ebada6a3202fb7900c.jpg,valid,142.59063720703125,136.3875274658203,124.45260620117188,76.90982055664062,79.67466735839844,81.01239013671875,21.037490844726562,67.57431030273438,142.7992401123047,12.122601509094238,75.2256851196289,77.06951141357422,1,1,1,1,1,1,1,1,1,1
IMG_3815_png_jpg.rf.bffacf87c3ea68e9b846bf75237b64cc.jpg,valid,143.78219604492188,145.38491821289062,148.71527099609375,71.19585418701172,74.98870849609375,82.45799255371094,83.20494079589844,49.458099365234375,158.1406707763672,45.172664642333984,51.20642852783203,77.59915924072266,1,1,1,1,1,1,1,1,1,1
IMG_3834_png_jpg.rf.c0dcf78a2cb9c4f4cf7875a183fa2f4f.jpg,valid,134.78530883789062,132.683837890625,105.11607360839844,62.99722671508789,63.897621154785156,60.45122528076172,36.457794189453125,68.79151916503906,138.55149841308594,29.89293670654297,65.43292236328125,64.10591888427734,1,1,1,1,1,1,1,1,1,1
IMG_3670_png_jpg.rf.e175ba15c72afcd55453beb03b8d4792.jpg,valid,124.73252868652344,119.77728271484375,109.6724853515625,60.857906341552734,61.1063117980957,60.59309387207031,27.564056396484375,40.557373046875,125.28717041015625,24.258258819580078,49.84000778198242,61.03146743774414,1,1,1,1,1,1,1,1,1,1
IMG_3790_png_jpg.rf.c0737f963c8fbb622f753bf126dbe6db.jpg,valid,101.25654602050781,99.55325317382812,79.60165405273438,79.51651763916016,75.74214172363281,73.63530731201172,35.39912414550781,88.95112609863281,104.90469360351562,25.082786560058594,61.254276275634766,79.40068054199219,1,1,1,1,1,1,1,1,1,1
11_jpg.rf.b6c950554ef88e6d9279d296e97fb93f.jpg,valid,194.87677001953125,174.6713104248047,152.03768920898438,60.699825286865234,58.40534591674805,59.10097885131836,16.377105712890625,64.54521179199219,195.06654357910156,10.892315864562988,41.06557846069336,60.181514739990234,1,1,1,1,1,1,1,1,1,1
IMG_3594_png_jpg.rf.bff40a4752e07c0284eee933ed30526d.jpg,valid,173.4806671142578,166.48635864257812,153.8775177001953,65.39466094970703,68.76461029052734,70.39098358154297,22.345779418945312,51.12599182128906,173.70242309570312,13.815521240234375,65.58625030517578,65.42842102050781,1,1,1,1,1,1,1,1,1,1
IMG_3690_png_jpg.rf.b3882c1dc0a4786268b7d9f7418de50b.jpg,valid,144.49078369140625,138.61007690429688,128.7433624267578,53.664039611816406,53.63691711425781,54.743133544921875,24.33489990234375,39.82624816894531,144.93231201171875,16.427730560302734,53.288856506347656,53.597965240478516,1,1,1,1,1,1,1,1,1,1
IMG_3603_png_jpg.rf.d80798a687772a63639f093a9f3092dd.jpg,valid,144.940673828125,142.9229736328125,133.4453125,57.12165451049805,56.778446197509766,57.13125991821289,28.62713623046875,33.1383056640625,145.48939514160156,14.609234809875488,49.78340148925781,57.081295013427734,1,1,1,1,1,1,1,1,1,1
IMG_3628_png_jpg.rf.dfe9a717bbbd8b41ea968482bbe9e7b4.jpg,valid,140.73426818847656,113.82218933105469,84.77857971191406,54.93389892578125,52.81122589111328,57.46986389160156,35.24815368652344,121.43765258789062,145.83245849609375,40.65454864501953,58.98174285888672,56.213836669921875,1,1,1,1,1,1,1,1,1,1
IMG_3866_png_jpg.rf.cacd5baa626375aae7636f55951bd52b.jpg,valid,85.76162719726562,73.67381286621094,69.14073181152344,81.86031341552734,64.5612564086914,65.70645904541016,47.62406921386719,94.59982299804688,94.459716796875,33.83037567138672,64.94986724853516,84.354248046875,1,1,1,1,1,1,1,1,1,1
IMG_3805_png_jpg.rf.cf911fc4e2ea1400c2bcc89965ab05cf.jpg,valid,66.57022094726562,64.39146423339844,46.9598388671875,65.42696380615234,64.09439849853516,56.62999725341797,36.43870544433594,117.72911071777344,70.16279602050781,33.771724700927734,68.80397033691406,68.07593536376953,1,1,1,1,1,1,1,1,1,1
IMG_3963_png_jpg.rf.ebd5d2c2eea030e0154de611924d769f.jpg,valid,111.22343444824219,100.21014404296875,82.5306396484375,56.114891052246094,56.09455490112305,62.61298370361328,33.93727111816406,91.21005249023438,112.42970275878906,36.427433013916016,61.955406188964844,57.859092712402344,1,1,1,1,1,1,1,1,1,1
IMG_3678_png_jpg.rf.ca862473d38f93619d112fde8920e940.jpg,valid,57.48431396484375,111.62469482421875,171.7679901123047,68.29471588134766,47.132423400878906,25.987045288085938,98.4962158203125,184.27694702148438,174.57859802246094,23.80066680908203,63.94524002075195,30.010034561157227,1,1,1,1,1,1,1,1,1,1
IMG_3741_png_jpg.rf.e8b25cd7ff54e969f56a5e9c5ae37aa1.jpg,valid,123.86149597167969,123.67994689941406,127.19978332519531,66.55640411376953,63.88026428222656,57.64423751831055,67.99819946289062,68.25228881835938,140.68695068359375,46.83379364013672,54.523441314697266,59.16648864746094,1,1,1,1,1,1,1,1,1,1
IMG_3774_png_jpg.rf.d57400c83e27f5c7f37f49284a5a53aa.jpg,valid,125.5751953125,116.28433227539062,105.02452087402344,60.897926330566406,61.96364212036133,58.46010971069336,15.934600830078125,54.974945068359375,126.56398010253906,14.396405220031738,51.67588806152344,62.08985137939453,1,1,1,1,1,1,1,1,1,1
IMG_3019_png_jpg.rf.e5938f95a198216a9acdff90ffd08e29.jpg,valid,65.76974487304688,61.79182434082031,57.76591491699219,49.12955093383789,51.000606536865234,48.96519470214844,26.219329833984375,53.71641540527344,66.15101623535156,39.928733825683594,51.23943328857422,50.074832916259766,1,1,1,1,1,1,1,1,1,1
IMG_3854_png_jpg.rf.f86303319f8810dc25160c4078c95981.jpg,valid,78.20318603515625,76.29644775390625,69.09532165527344,67.52490997314453,66.7055892944336,63.8212776184082,24.13690185546875,63.36759948730469,78.41105651855469,7.963014602661133,60.24571990966797,67.7151870727539,1,1,1,1,1,1,1,1,1,1
IMG_3565_png_jpg.rf.ed4b24ea1fc5bc10a8dda89ace96b4c3.jpg,valid,125.98515319824219,123.91392517089844,114.97828674316406,70.27539825439453,70.19236755371094,73.1718521118164,47.50958251953125,39.40025329589844,127.80281066894531,37.22555160522461,62.338478088378906,71.12354278564453,1,1,1,1,1,1,1,1,1,1
IMG_3960_png_jpg.rf.e9b8e8c3501a99f761eff0ea8e9ac326.jpg,valid,112.621337890625,104.67727661132812,94.62825012207031,67.17626953125,61.69983673095703,48.79378890991211,54.32957458496094,85.03678894042969,118.97434997558594,48.074405670166016,51.81038284301758,60.93459701538086,1,1,1,1,1,1,1,1,1,1
IMG_3807_png_jpg.rf.e2de4fda218075286d082187c7e41ecc.jpg,valid,95.92214965820312,88.15614318847656,76.74615478515625,63.49745178222656,59.1733512878418,56.10078811645508,24.2646484375,70.38316345214844,97.08229064941406,27.044750213623047,54.01911544799805,63.21939468383789,1,1,1,1,1,1,1,1,1,1
IMG_3969_png_jpg.rf.c1c45e82fdec88e17b06fa3254d643e5.jpg,valid,102.65789794921875,100.29069519042969,91.79443359375,46.223731994628906,42.48031234741211,39.541282653808594,30.536331176757812,33.415008544921875,103.42445373535156,11.42940902709961,53.90861129760742,46.35955047607422,1,1,1,1,1,1,1,1,1,1
28_jpg.rf.f9141ce02cba583af4f116d6869c5e20.jpg,valid,57.519195556640625,58.288848876953125,66.36778259277344,67.41405487060547,67.05269622802734,67.5050048828125,103.53793334960938,72.09915161132812,69.02000427246094,37.853397369384766,44.665557861328125,71.25912475585938,1,1,1,1,1,1,1,1,1,1
27_jpg.rf.ec7f9cd1a75a1b6a4eed1d8cac3e9cf4.jpg,valid,55.10896301269531,56.8709716796875,62.41831970214844,65.01634979248047,66.9770278930664,66.25636291503906,115.0435791015625,75.04649353027344,65.23348999023438,27.85796546936035,44.5311279296875,70.52934265136719,1,1,1,1,1,1,1,1,1,1
IMG_3712_png_jpg.rf.d7aafa330d17b201e710a090b9ade050.jpg,valid,119.8759765625,105.62028503417969,91.795166015625,76.19425201416016,68.35357666015625,70.6802749633789,40.394500732421875,108.61595153808594,129.46600341796875,43.451133728027344,73.42903900146484,70.56562042236328,1,1,1,1,1,1,1,1,1,1
IMG_3946_png_jpg.rf.fe7c0ae99a9eaeb025f39e331c59146e.jpg,valid,102.57521057128906,64.67208862304688,53.26069641113281,45.84787368774414,50.11804962158203,47.30547332763672,8.458724975585938,142.0308380126953,102.71067810058594,12.5294828414917,53.51311492919922,46.15439987182617,1,1,1,1,1,1,1,1,1,1
23_jpg.rf.fbe00d7ae1e681b6883e0b0768dedb4c.jpg,valid,46.64453125,49.06745910644531,54.480255126953125,61.702659606933594,64.06109619140625,64.00141143798828,102.48957824707031,59.373321533203125,56.85661315917969,37.560523986816406,37.26775360107422,67.7755355834961,1,1,1,1,1,1,1,1,1,1
IMG_3696_png_jpg.rf.c7304093ba2c2e951526bf34eb64b22d.jpg,valid,102.77589416503906,99.13369750976562,89.20265197753906,75.7959976196289,73.58489990234375,70.6944808959961,46.68890380859375,62.11390686035156,108.17195129394531,42.724815368652344,58.3503303527832,79.06767272949219,1,1,1,1,1,1,1,1,1,1
IMG_3925_png_jpg.rf.015c806b7e1cfaad4d23398d8b19370b.jpg,test,140.71487426757812,113.21269226074219,69.27110290527344,53.38865661621094,50.410240173339844,48.153690338134766,19.393173217773438,144.39927673339844,141.17648315429688,10.883943557739258,46.004127502441406,53.51184844970703,1,1,1,1,1,1,1,1,1,1
IMG_3033_png_jpg.rf.099fe0a974710a24c2a413bb33a289fb.jpg,test,88.47244262695312,133.1203155517578,141.6393585205078,63.695037841796875,96.11784362792969,95.96595764160156,101.81568908691406,111.39785766601562,142.7001953125,19.35740852355957,39.606910705566406,96.29110717773438,1,1,1,1,1,1,1,1,1,1
IMG_3857_png_jpg.rf.98bbdce9784b93777411b340a54f6a95.jpg,test,116.18743896484375,91.05595397949219,54.9007568359375,48.22567367553711,47.40245056152344,45.9101676940918,20.582412719726562,152.75726318359375,116.76040649414062,18.802907943725586,50.903133392333984,49.41169357299805,1,1,1,1,1,1,1,1,1,1
IMG_3704_png_jpg.rf.968927a7ebb18c1c3eb3894154a23ce3.jpg,test,99.37771606445312,93.6981201171875,84.2296142578125,60.55535125732422,53.79622268676758,46.04160690307617,43.857330322265625,38.809356689453125,100.99267578125,40.67180633544922,45.146278381347656,60.437496185302734,1,1,1,1,1,1,1,1,1,1
IMG_3791_png_jpg.rf.265d918a9d013f6f45dc06a483e9680e.jpg,test,97.14903259277344,94.4390869140625,75.97366333007812,78.07355499267578,73.89808654785156,71.6707763671875,36.727508544921875,88.45449829101562,100.31788635253906,31.957229614257812,60.59637451171875,78.07720184326172,1,1,1,1,1,1,1,1,1,1
IMG_3776_png_jpg.rf.1f377835f560798072c74da629057f88.jpg,test,151.6483612060547,140.69297790527344,128.30953979492188,74.40495300292969,73.39071655273438,70.485107421875,20.920242309570312,51.719512939453125,151.89044189453125,27.3692684173584,41.26467514038086,74.4110336303711,1,1,1,1,1,1,1,1,1,1
IMG_3004_png_jpg.rf.a1882a6f1181042d505a2f36081a18e4.jpg,test,43.646484375,43.008544921875,40.31977844238281,44.97890853881836,44.96632766723633,42.63798522949219,35.25404357910156,27.996612548828125,44.07185363769531,42.47627639770508,33.16349792480469,46.32988357543945,1,1,1,1,1,1,1,1,1,1
IMG_3647_png_jpg.rf.1a5afc0d1c8a045a7c530803dc0115ee.jpg,test,130.1876678466797,69.14503479003906,63.50994873046875,67.69762420654297,69.82862854003906,64.59557342529297,46.35040283203125,146.95106506347656,130.69491577148438,68.25958251953125,90.00420379638672,67.8808364868164,1,1,1,1,1,1,1,1,1,1
IMG_3751_png_jpg.rf.a2caa5a8eb9c033ed04e234cf40b01ac.jpg,test,139.5426025390625,122.13528442382812,110.98219299316406,72.18247985839844,83.38099670410156,82.55879211425781,29.815414428710938,84.98114013671875,140.07252502441406,43.830745697021484,72.54989624023438,72.58277893066406,1,1,1,1,1,1,1,1,1,1
IMG_3630_png_jpg.rf.0c6f8901cea5fe8cc51c502df03124cb.jpg,test,122.43417358398438,95.501708984375,62.06413269042969,52.55638885498047,52.878238677978516,59.81412124633789,35.84429931640625,150.1332550048828,128.80734252929688,37.34316635131836,68.76252746582031,53.01689529418945,1,1,1,1,1,1,1,1,1,1
IMG_3904_png_jpg.rf.65eed7d7fea6327b12ee359d9f2d408e.jpg,test,150.54783630371094,150.79185485839844,152.3577880859375,56.513248443603516,56.787376403808594,58.29045104980469,89.70388793945312,15.15911865234375,155.48507690429688,46.274505615234375,34.03361129760742,57.763675689697266,1,1,1,1,1,1,1,1,1,1
IMG_3910_png_jpg.rf.a3be19a996542621b05034fef8f47e61.jpg,test,141.72984313964844,129.43603515625,111.73683166503906,64.7563705444336,64.82173156738281,68.40428161621094,25.138336181640625,71.85690307617188,142.32223510742188,18.413816452026367,65.28070068359375,65.04386901855469,1,1,1,1,1,1,1,1,1,1
IMG_3941_png_jpg.rf.129d11259e954ba0e504eb61d85c60d9.jpg,test,135.4943084716797,134.014892578125,96.70747375488281,59.33055877685547,53.12174606323242,65.74931335449219,34.97712707519531,99.35389709472656,141.75682067871094,25.84819221496582,70.6462173461914,56.81993103027344,1,1,1,1,1,1,1,1,1,1
IMG_3567_png_jpg.rf.aa2f76f66a16a353ec40c14154fbe81c.jpg,test,131.37290954589844,135.09942626953125,127.87106323242188,75.5495376586914,74.20199584960938,75.12137603759766,58.023773193359375,55.79777526855469,143.7468719482422,37.63372039794922,60.57884979248047,74.20315551757812,1,1,1,1,1,1,1,1,1,1
IMG_3891_png_jpg.rf.b3b6f7fad789a5b9770e263a5adb243e.jpg,test,108.58148193359375,120.83375549316406,66.73786926269531,57.27151870727539,55.53322219848633,59.566307067871094,38.30256652832031,136.8380889892578,123.53654479980469,15.70911979675293,62.26398468017578,57.243770599365234,1,1,1,1,1,1,1,1,1,1
IMG_3927_png_jpg.rf.5bd2c106cbf4c96482462373422f8497.jpg,test,145.2953643798828,118.41880798339844,76.727294921875,55.192169189453125,52.06757736206055,49.65816116333008,19.271820068359375,134.54234313964844,145.57997131347656,9.388324737548828,49.00859451293945,55.380859375,1,1,1,1,1,1,1,1,1,1
IMG_3832_png_jpg.rf.acf9ffac8c6821a74e7db8a4134b11c7.jpg,test,102.22492980957031,100.49468994140625,98.74787902832031,61.821205139160156,58.95195007324219,51.38062286376953,82.15638732910156,28.02813720703125,106.98257446289062,50.1296272277832,25.425018310546875,60.850860595703125,1,1,1,1,1,1,1,1,1,1
IMG_3802_png_jpg.rf.bdf1b078f1bb4433fcba41b7463ccb97.jpg,test,100.31246948242188,92.63047790527344,74.73382568359375,70.70474243164062,68.56751251220703,66.97078704833984,23.1666259765625,92.71337890625,101.49822998046875,13.881260871887207,55.86268997192383,70.64788818359375,1,1,1,1,1,1,1,1,1,1
IMG_3614_png_jpg.rf.b5ab08d0319ce7c79ee137dedcf5927b.jpg,test,166.78570556640625,161.91769409179688,156.27566528320312,82.69059753417969,80.80864715576172,78.49200439453125,32.53913879394531,51.9605712890625,174.2014923095703,36.53190231323242,62.85044860839844,75.72112274169922,1,1,1,1,1,1,1,1,1,1
IMG_3784_png_jpg.rf.c5c2f7713bc47eda1936b1b421f52581.jpg,test,68.93820190429688,65.69699096679688,56.66923522949219,58.317352294921875,65.15213012695312,71.0567626953125,44.06398010253906,150.3190460205078,81.36639404296875,47.58887481689453,72.15821838378906,70.64363861083984,1,1,1,1,1,1,1,1,1,1
IMG_3616_png_jpg.rf.72754a97f6cba5b75f68fb8a9dbd6a4c.jpg,test,134.71109008789062,124.77824401855469,111.14128112792969,70.78486633300781,75.08993530273438,75.99395751953125,18.985153198242188,75.44223022460938,134.87159729003906,10.16052532196045,70.36650085449219,70.93915557861328,1,1,1,1,1,1,1,1,1,1
IMG_3937_png_jpg.rf.bf2367b20b2fa2f050f4b4d781ba17da.jpg,test,138.24330139160156,128.62066650390625,108.92887878417969,61.48465347290039,63.52721405029297,70.08055114746094,29.625686645507812,79.31257629394531,142.4110107421875,27.578521728515625,73.63572692871094,61.0178337097168,1,1,1,1,1,1,1,1,1,1
5_jpg.rf.6b7f18096175cf8d593b6515d6ec39ef.jpg,test,146.86563110351562,142.48582458496094,139.14962768554688,69.50121307373047,74.4714126586914,72.50518035888672,55.85585021972656,39.46940612792969,150.0396270751953,48.541290283203125,56.89447784423828,68.5210952758789,1,1,1,1,1,1,1,1,1,1
IMG_3585_png_jpg.rf.cd01f4ef1d014ae981b61c0725793353.jpg,test,86.25489807128906,75.44337463378906,61.25566101074219,48.914520263671875,54.454017639160156,54.176727294921875,20.778427124023438,107.34103393554688,86.81288146972656,15.974634170532227,76.13090515136719,49.99311828613281,1,1,1,1,1,1,1,1,1,1
IMG_3671_png_jpg.rf.d26504af0153a16b173674a8f1f262cb.jpg,test,120.48625183105469,114.89779663085938,104.36810302734375,62.4661865234375,62.23511505126953,60.657684326171875,28.263961791992188,41.49644470214844,121.15681457519531,23.295818328857422,51.31435012817383,62.699790954589844,1,1,1,1,1,1,1,1,1,1
IMG_3657_png_jpg.rf.dc7bf788170bbf6f06523b51521b7e12.jpg,test,152.43170166015625,113.43521118164062,73.91691589355469,44.563297271728516,49.98957443237305,59.514652252197266,26.818511962890625,152.63365173339844,157.3673553466797,34.62125778198242,55.84457015991211,48.91265869140625,1,1,1,1,1,1,1,1,1,1
23_jpg.rf.bfb3a582db9234141a2009ba9fda482c.jpg,test,44.64665222167969,46.57286071777344,52.73741149902344,61.71218490600586,64.4979019165039,63.85674285888672,118.94361877441406,100.89753723144531,55.14411926269531,23.767284393310547,55.37982940673828,67.69461822509766,1,1,1,1,1,1,1,1,1,1
IMG_3725_png_jpg.rf.d127bf989f75c42250cddb6809d71ad6.jpg,test,155.37417602539062,155.22947692871094,145.0006561279297,80.13140869140625,76.24745178222656,75.56680297851562,35.19834899902344,68.02323913574219,166.82601928710938,33.780029296875,65.81766510009766,71.50814056396484,1,1,1,1,1,1,1,1,1,1
IMG_3855_png_jpg.rf.c9f1f5f7a1e1ecba0ebf90d383956e21.jpg,test,78.598388671875,76.65983581542969,69.15727233886719,67.54620361328125,66.34497833251953,63.53322219848633,25.511672973632812,65.01185607910156,78.88063049316406,9.318406105041504,59.73746109008789,67.57894134521484,1,1,1,1,1,1,1,1,1,1
IMG_3748_png_jpg.rf.430b35b6b89df0108dee4df541b3094a.jpg,test,136.91647338867188,115.8851318359375,105.38345336914062,67.20357513427734,76.3774642944336,74.23567199707031,25.767547607421875,88.36245727539062,137.20947265625,43.02796936035156,69.4005126953125,67.44670867919922,1,1,1,1,1,1,1,1,1,1
IMG_3933_png_jpg.rf.dbeb140b6d3524ffa346a6d4d86a783e.jpg,test,143.74755859375,128.24746704101562,105.46931457519531,65.01040649414062,60.46607208251953,64.47972106933594,26.242752075195312,86.95547485351562,146.8385467529297,24.386287689208984,71.09454345703125,63.55043411254883,1,1,1,1,1,1,1,1,1,1
28_jpg.rf.818bd42619955a1af386e2bef9d91e1b.jpg,test,52.97796630859375,52.83741760253906,61.14466857910156,64.40396118164062,63.78895568847656,62.87925720214844,114.91110229492188,98.8065185546875,63.951416015625,22.2110652923584,59.62831115722656,67.07823944091797,1,1,1,1,1,1,1,1,1,1
IMG_3715_png_jpg.rf.eadd4de2b298cf5a60c3c825403f44bb.jpg,test,117.07722473144531,100.65390014648438,84.01469421386719,72.4242935180664,64.91234588623047,67.42518615722656,36.93342590332031,115.01458740234375,125.21066284179688,41.388641357421875,73.19566345214844,67.74292755126953,1,1,1,1,1,1,1,1,1,1
IMG_3944_png_jpg.rf.e3854ee55feb52832afaa5e545e5ede4.jpg,test,106.89750671386719,78.08465576171875,66.24156188964844,47.07861328125,54.23605728149414,54.46686553955078,12.834686279296875,119.92927551269531,107.34326171875,19.23265838623047,67.40450286865234,47.603919982910156,1,1,1,1,1,1,1,1,1,1
IMG_3034_png_jpg.rf.dc8df7c86d7f41a6ebfb5063249ac83a.jpg,test,99.49456787109375,149.92498779296875,153.49212646484375,58.05622482299805,85.39217376708984,83.67247772216797,96.04721069335938,99.8543701171875,156.31307983398438,19.565969467163086,34.496761322021484,84.25535583496094,1,1,1,1,1,1,1,1,1,1
12_jpg.rf.f02b3fcd70c1453de7a0c08214ceaea6.jpg,test,158.7519073486328,158.7893524169922,153.98988342285156,97.92826080322266,98.0315170288086,95.87189483642578,23.155303955078125,8.075180053710938,159.3589324951172,22.047157287597656,21.44806671142578,98.26829528808594,1,1,1,1,1,1,1,1,1,1
IMG_3865_png_jpg.rf.e7d6131f5e26033a2be4d6d4445dd467.jpg,test,93.42854309082031,70.71470642089844,68.12849426269531,75.52234649658203,56.36325454711914,58.2565803527832,39.555938720703125,87.54092407226562,98.30740356445312,43.0078125,62.0451774597168,77.05166625976562,1,1,1,1,1,1,1,1,1,1
IMG_3746_png_jpg.rf.32e8c1baa6917cfc640312dfec6d1a9f.jpg,test,138.2517852783203,117.97422790527344,106.80377197265625,69.06245422363281,79.98013305664062,79.06607818603516,29.409683227539062,89.40141296386719,138.5995330810547,45.46540451049805,71.3143310546875,69.35936737060547,1,1,1,1,1,1,1,1,1,1
IMG_3697_png_jpg.rf.6d6a510c694ed0db6ee93d52a9801b93.jpg,test,106.01394653320312,100.40914916992188,85.86480712890625,80.81616973876953,76.78003692626953,70.9405746459961,42.9183349609375,71.55677795410156,113.07789611816406,42.713592529296875,64.011474609375,85.10910034179688,1,1,1,1,1,1,1,1,1,1
IMG_3814_png_jpg.rf.7ca180cc29a81973689d443cda87a76d.jpg,test,128.95004272460938,131.17449951171875,98.99903869628906,59.1932258605957,54.97905731201172,66.39397430419922,43.73002624511719,89.12554931640625,136.5375518798828,36.13153839111328,71.8000259399414,57.80400085449219,1,1,1,1,1,1,1,1,1,1
IMG_3591_png_jpg.rf.95ef64528a94a48feedba0b199773a79.jpg,test,64.68367004394531,49.10546875,42.722198486328125,50.51164627075195,52.835792541503906,50.85232925415039,17.09326171875,115.51765441894531,65.31007385253906,35.20473861694336,54.61539077758789,51.97726821899414,1,1,1,1,1,1,1,1,1,1
IMG_3877_png_jpg.rf.62429274e3deedde625db135900b2f93.jpg,test,119.6236572265625,96.97340393066406,52.897216796875,30.311498641967773,44.66523742675781,63.74708938598633,26.236480712890625,172.6383056640625,124.51414489746094,26.00853157043457,68.30780029296875,39.808380126953125,1,1,1,1,1,1,1,1,1,1
IMG_3629_png_jpg.rf.8221eda4dcd31531a135c57a0b28592a.jpg,test,139.9845733642578,115.29464721679688,78.31982421875,55.65922927856445,53.558650970458984,55.2886848449707,31.752685546875,129.27239990234375,144.7458953857422,32.571754455566406,59.05646514892578,57.49763870239258,1,1,1,1,1,1,1,1,1,1
IMG_3623_png_jpg.rf.391e5d0dff2fba71845a4443901eb283.jpg,test,144.60215759277344,137.37757873535156,126.34632873535156,72.82567596435547,72.30005645751953,72.08769989013672,25.397506713867188,41.923797607421875,145.15762329101562,24.798643112182617,40.075599670410156,72.9218978881836,1,1,1,1,1,1,1,1,1,1
IMG_3778_png_jpg.rf.6706e865006793769ba20aad26a8953c.jpg,test,77.64486694335938,69.89497375488281,60.17671203613281,75.63967895507812,70.58447265625,59.49082565307617,51.6787109375,102.97651672363281,80.78019714355469,50.17702865600586,69.23078155517578,74.82923889160156,1,1,1,1,1,1,1,1,1,1
IMG_3755_png_jpg.rf.407d9b22b5dee5bde4436302748de3fd.jpg,test,92.87440490722656,89.9698486328125,78.93609619140625,61.220802307128906,59.538970947265625,58.62873458862305,26.125442504882812,63.65141296386719,93.58992004394531,15.879005432128906,61.62882614135742,61.18972396850586,1,1,1,1,1,1,1,1,1,1
IMG_3718_png_jpg.rf.2e385daa04d6a8111251a9686fe1f158.jpg,test,62.744110107421875,53.69981384277344,47.256072998046875,81.14958953857422,78.06535339355469,71.87158966064453,21.836746215820312,115.48623657226562,63.15422058105469,37.537269592285156,80.9241943359375,81.44998168945312,1,1,1,1,1,1,1,1,1,1
IMG_3025_png_jpg.rf.2f2ad5e77b5820d5c932d0d1869b9483.jpg,test,51.20921325683594,52.913909912109375,69.22706604003906,52.20035934448242,51.28163146972656,42.15445327758789,103.04464721679688,113.71791076660156,72.20556640625,33.680213928222656,61.41910171508789,46.266448974609375,1,1,1,1,1,1,1,1,1,1
32_jpg.rf.4d9a22436027e03daf59c002a85342bc.jpg,test,139.360595703125,138.46197509765625,132.87123107910156,52.27665328979492,51.480735778808594,48.77240753173828,25.191177368164062,13.47149658203125,140.1674041748047,31.749588012695312,30.15492057800293,52.696414947509766,1,1,1,1,1,1,1,1,1,1
