parameter,target_level,value,unit,R,G,B,H,S,V,L,A,B_lab,is_synthetic
Glucose,Negative,0,mg/dL,144,208,182,78,78,208,201,102,134,0
Glucose,Negative,0,mg/dL,146,207,185,79,75,207,201,104,133,1
Glucose,Negative,0,mg/dL,150,207,181,76,70,207,201,104,135,1
Glucose,Negative,0,mg/dL,150,211,180,75,74,211,204,102,137,1
Glucose,Negative,0,mg/dL,146,206,180,77,74,206,200,103,135,1
Glucose,Negative,0,mg/dL,145,200,175,76,70,200,195,105,135,1
Glucose,Negative,0,mg/dL,142,204,183,80,78,204,198,104,132,1
Glucose,Negative,0,mg/dL,140,202,188,83,78,202,196,105,129,1
Glucose,Negative,0,mg/dL,143,208,176,75,80,208,200,101,137,1
Glucose,Negative,0,mg/dL,142,208,177,76,81,208,200,100,137,1
Glucose,Negative,0,mg/dL,146,206,181,78,74,206,200,104,134,1
Glucose,Negative,0,mg/dL,142,215,182,76,87,215,206,98,137,1
Glucose,Negative,0,mg/dL,140,211,177,76,86,211,202,98,138,1
Glucose,Negative,0,mg/dL,145,200,177,77,70,200,195,105,134,1
Glucose,Negative,0,mg/dL,145,211,183,77,80,211,203,101,135,1
Glucose,Negative,0,mg/dL,144,207,176,75,78,207,200,101,137,1
Glucose,Negative,0,mg/dL,141,206,186,81,80,206,199,103,131,1
Glucose,Negative,0,mg/dL,145,201,183,80,71,201,196,106,131,1
Glucose,Negative,0,mg/dL,142,205,184,80,78,205,199,104,132,1
Glucose,Negative,0,mg/dL,148,212,179,75,77,212,204,101,138,1
Glucose,Negative,0,mg/dL,143,209,186,80,81,209,202,102,133,1
Glucose,Negative,0,mg/dL,142,207,178,77,80,207,200,101,136,1
Glucose,Negative,0,mg/dL,139,211,187,80,87,211,203,100,133,1
Glucose,Negative,0,mg/dL,144,212,183,77,82,212,204,100,136,1
Glucose,Negative,0,mg/dL,141,209,188,81,83,209,202,102,132,1
Glucose,Negative,0,mg/dL,144,214,172,72,83,214,205,97,142,1
Glucose,Negative,0,mg/dL,147,208,181,77,75,208,201,103,135,1
Glucose,Negative,0,mg/dL,144,200,181,80,71,200,195,106,132,1
Glucose,Negative,0,mg/dL,145,214,180,75,82,214,205,99,138,1
Glucose,Negative,0,mg/dL,141,206,186,81,80,206,199,103,131,1
Glucose,Negative,0,mg/dL,145,206,184,79,76,206,200,104,133,1
Glucose,Negative,0,mg/dL,144,212,179,75,82,212,204,100,138,1
Glucose,Negative,0,mg/dL,143,206,176,76,78,206,199,102,137,1
Glucose,Negative,0,mg/dL,145,209,182,77,78,209,202,102,135,1
Glucose,Negative,0,mg/dL,143,202,180,79,74,202,196,104,133,1
Glucose,Negative,0,mg/dL,143,205,181,78,77,205,199,103,134,1
Glucose,Negative,0,mg/dL,146,216,183,76,83,216,207,99,137,1
Glucose,Negative,0,mg/dL,145,208,174,74,77,208,201,101,139,1
Glucose,Negative,0,mg/dL,144,208,192,83,78,208,202,104,129,1
Glucose,Negative,0,mg/dL,143,209,182,78,81,209,201,101,135,1
Glucose,Negative,0,mg/dL,139,213,185,79,89,213,204,99,135,1
Glucose,Negative,0,mg/dL,147,204,188,82,71,204,199,106,130,1
Glucose,Negative,0,mg/dL,138,210,191,82,87,210,202,101,130,1
Glucose,Negative,0,mg/dL,140,206,182,79,82,206,199,102,133,1
Glucose,Negative,0,mg/dL,142,202,182,80,76,202,196,104,132,1
Glucose,Negative,0,mg/dL,140,210,178,76,85,210,202,99,137,1
Glucose,Negative,0,mg/dL,150,205,181,77,68,205,199,105,134,1
Glucose,Negative,0,mg/dL,147,203,183,79,70,203,198,106,132,1
Glucose,Negative,0,mg/dL,149,202,183,79,67,202,197,107,132,1
Glucose,Negative,0,mg/dL,145,211,177,75,80,211,203,100,138,1
Glucose,Negative,0,mg/dL,139,210,183,79,86,210,202,100,134,1
Glucose,Negative,0,mg/dL,145,209,179,76,78,209,202,101,136,1
Glucose,Negative,0,mg/dL,145,209,179,76,78,209,202,101,136,1
Glucose,Negative,0,mg/dL,151,210,177,73,72,210,203,102,138,1
Glucose,Negative,0,mg/dL,147,204,185,80,71,204,199,106,132,1
Glucose,Negative,0,mg/dL,149,205,186,80,70,205,200,106,132,1
Glucose,Negative,0,mg/dL,146,211,190,80,79,211,204,103,132,1
Glucose,Negative,0,mg/dL,143,205,178,77,77,205,198,103,135,1
Glucose,Negative,0,mg/dL,141,208,183,79,82,208,201,101,134,1
Glucose,Negative,0,mg/dL,145,211,182,77,80,211,203,101,136,1
Glucose,Negative,0,mg/dL,150,207,193,83,70,207,202,107,129,1
Glucose,Negative,0,mg/dL,147,205,178,76,72,205,199,104,135,1
Glucose,Negative,0,mg/dL,146,207,185,79,75,207,201,104,133,1
Glucose,Negative,0,mg/dL,146,208,179,76,76,208,201,102,136,1
Glucose,Negative,0,mg/dL,138,206,185,81,84,206,199,102,132,1
Glucose,Negative,0,mg/dL,145,203,183,80,73,203,197,105,132,1
Glucose,Negative,0,mg/dL,146,204,183,79,73,204,198,105,132,1
Glucose,Negative,0,mg/dL,144,203,183,80,74,203,197,105,132,1
Glucose,Negative,0,mg/dL,146,212,186,78,79,212,204,102,134,1
Glucose,Negative,0,mg/dL,138,204,184,81,83,204,197,103,131,1
Glucose,Negative,0,mg/dL,146,210,197,84,78,210,204,105,128,1
Glucose,Negative,0,mg/dL,146,213,186,78,80,213,205,101,135,1
Glucose,Negative,0,mg/dL,147,207,185,79,74,207,201,104,133,1
Glucose,Negative,0,mg/dL,141,207,180,78,81,207,200,101,135,1
Glucose,Negative,0,mg/dL,144,217,175,73,86,217,207,96,142,1
Glucose,Negative,0,mg/dL,147,202,180,78,69,202,197,106,133,1
Glucose,Negative,0,mg/dL,148,208,178,75,74,208,201,103,137,1
Glucose,Negative,0,mg/dL,141,211,179,76,85,211,202,99,137,1
Glucose,Negative,0,mg/dL,145,208,179,76,77,208,201,102,136,1
Glucose,Negative,0,mg/dL,153,211,174,71,70,211,204,102,140,1
Glucose,Negative,0,mg/dL,145,205,185,80,75,205,199,105,132,1
Glucose,Negative,0,mg/dL,141,208,184,79,82,208,201,102,133,1
Glucose,Negative,0,mg/dL,147,203,181,78,70,203,198,105,133,1
Glucose,Negative,0,mg/dL,142,205,189,82,78,205,199,104,130,1
Glucose,Negative,0,mg/dL,146,203,186,81,72,203,198,106,131,1
Glucose,Negative,0,mg/dL,152,212,176,72,72,212,204,101,140,1
Glucose,Negative,0,mg/dL,142,213,179,76,85,213,204,99,138,1
Glucose,Negative,0,mg/dL,146,211,178,75,79,211,203,100,138,1
Glucose,Negative,0,mg/dL,144,195,178,80,67,195,191,108,131,1
Glucose,Negative,0,mg/dL,143,203,189,83,75,203,198,106,129,1
Glucose,Negative,0,mg/dL,138,206,183,80,84,206,199,102,133,1
Glucose,Negative,0,mg/dL,150,202,187,81,66,202,198,108,130,1
Glucose,Negative,0,mg/dL,144,204,184,80,75,204,198,104,132,1
Glucose,Negative,0,mg/dL,145,206,182,78,76,206,200,104,134,1
Glucose,Negative,0,mg/dL,142,208,185,80,81,208,201,102,133,1
Glucose,Negative,0,mg/dL,150,203,191,83,67,203,199,108,128,1
Glucose,Negative,0,mg/dL,136,207,184,80,87,207,199,101,132,1
Glucose,Negative,0,mg/dL,145,206,181,78,76,206,199,103,134,1
Glucose,Negative,0,mg/dL,142,206,185,80,79,206,199,103,132,1
Glucose,Negative,0,mg/dL,145,205,186,81,75,205,199,105,131,1
Glucose,Negative,0,mg/dL,145,211,185,78,80,211,203,102,134,1
Glucose,Negative,0,mg/dL,141,206,185,80,80,206,199,103,132,1
Glucose,Negative,0,mg/dL,146,208,182,77,76,208,201,103,135,1
Glucose,Negative,0,mg/dL,149,206,184,78,71,206,200,105,133,1
Glucose,Negative,0,mg/dL,143,207,186,80,79,207,200,103,132,1
Glucose,Negative,0,mg/dL,147,211,187,79,77,211,204,103,133,1
Glucose,Negative,0,mg/dL,144,211,181,77,81,211,203,101,136,1
Glucose,Negative,0,mg/dL,145,207,182,78,76,207,200,103,134,1
Glucose,Negative,0,mg/dL,146,205,190,82,73,205,199,106,129,1
Glucose,Negative,0,mg/dL,140,203,187,82,79,203,197,105,130,1
Glucose,Negative,0,mg/dL,147,210,185,78,77,210,203,103,134,1
Glucose,Negative,0,mg/dL,144,204,182,79,75,204,198,104,133,1
Glucose,Negative,0,mg/dL,141,212,181,77,85,212,203,99,136,1
Glucose,Negative,0,mg/dL,141,207,184,80,81,207,200,102,133,1
Glucose,Negative,0,mg/dL,142,205,183,80,78,205,198,103,133,1
Glucose,Negative,0,mg/dL,145,206,180,77,76,206,199,103,135,1
Glucose,Negative,0,mg/dL,145,202,176,76,72,202,196,104,135,1
Glucose,Negative,0,mg/dL,141,207,183,79,81,207,200,102,133,1
Glucose,Negative,0,mg/dL,150,211,181,75,74,211,204,102,137,1
Glucose,Negative,0,mg/dL,144,204,182,79,75,204,198,104,133,1
Glucose,Negative,0,mg/dL,143,209,179,76,81,209,201,101,136,1
Glucose,Negative,0,mg/dL,146,214,182,76,81,214,205,100,137,1
Glucose,Negative,0,mg/dL,146,211,180,76,79,211,203,101,137,1
Glucose,Negative,0,mg/dL,145,208,182,78,77,208,201,102,135,1
Glucose,Negative,0,mg/dL,141,208,184,79,82,208,201,102,133,1
Glucose,Negative,0,mg/dL,150,212,191,80,75,212,205,104,132,1
Glucose,Negative,0,mg/dL,141,211,183,78,85,211,203,100,135,1
Glucose,Negative,0,mg/dL,153,205,179,75,65,205,200,106,135,1
Glucose,Negative,0,mg/dL,142,200,180,80,74,200,195,105,132,1
Glucose,Negative,0,mg/dL,141,209,183,79,83,209,201,101,134,1
Glucose,Negative,0,mg/dL,152,212,180,74,72,212,205,102,138,1
Glucose,Negative,0,mg/dL,140,210,177,76,85,210,202,99,137,1
Glucose,Negative,0,mg/dL,151,213,180,74,74,213,205,101,138,1
Glucose,Negative,0,mg/dL,137,213,182,78,91,213,204,98,136,1
Glucose,Negative,0,mg/dL,149,202,180,78,67,202,197,106,133,1
Glucose,Negative,0,mg/dL,144,208,180,77,78,208,201,102,136,1
Glucose,Negative,0,mg/dL,146,204,181,78,73,204,198,104,133,1
Glucose,Negative,0,mg/dL,144,210,185,79,80,210,203,102,134,1
Glucose,Negative,0,mg/dL,140,202,187,83,78,202,196,105,129,1
Glucose,Negative,0,mg/dL,145,205,188,82,75,205,199,105,130,1
Glucose,Negative,0,mg/dL,144,213,182,77,83,213,204,100,136,1
Glucose,Negative,0,mg/dL,152,215,181,74,75,215,207,101,138,1
Glucose,Negative,0,mg/dL,148,211,187,79,76,211,204,103,133,1
Glucose,Negative,0,mg/dL,140,211,186,79,86,211,203,100,133,1
Glucose,Negative,0,mg/dL,137,203,174,77,83,203,196,101,136,1
Glucose,Negative,0,mg/dL,143,211,188,80,82,211,203,102,133,1
Glucose,Negative,0,mg/dL,144,215,176,74,84,215,206,98,140,1
Glucose,Negative,0,mg/dL,137,208,184,80,87,208,200,101,133,1
Glucose,Negative,0,mg/dL,144,200,182,80,71,200,195,106,131,1
Glucose,Negative,0,mg/dL,139,211,183,78,87,211,202,99,135,1
Glucose,1/10 (tr.),100,mg/dL,140,196,134,57,81,196,189,98,153,0
Glucose,1/10 (tr.),100,mg/dL,136,194,130,57,84,194,187,97,154,1
Glucose,1/10 (tr.),100,mg/dL,140,200,130,56,89,200,192,95,157,1
Glucose,1/10 (tr.),100,mg/dL,142,194,131,55,83,194,188,99,154,1
Glucose,1/10 (tr.),100,mg/dL,140,192,132,56,80,192,186,99,153,1
Glucose,1/10 (tr.),100,mg/dL,135,204,134,60,88,204,194,92,156,1
Glucose,1/10 (tr.),100,mg/dL,137,197,134,59,82,197,189,96,154,1
Glucose,1/10 (tr.),100,mg/dL,139,198,137,59,79,198,190,97,153,1
Glucose,1/10 (tr.),100,mg/dL,138,194,133,58,80,194,187,98,153,1
Glucose,1/10 (tr.),100,mg/dL,131,190,139,64,79,190,183,99,148,1
Glucose,1/10 (tr.),100,mg/dL,147,195,136,54,77,195,189,101,153,1
Glucose,1/10 (tr.),100,mg/dL,141,208,138,59,86,208,198,93,156,1
Glucose,1/10 (tr.),100,mg/dL,139,192,128,55,85,192,186,98,155,1
Glucose,1/10 (tr.),100,mg/dL,141,193,128,54,86,193,187,99,155,1
Glucose,1/10 (tr.),100,mg/dL,137,192,141,62,73,192,186,100,148,1
Glucose,1/10 (tr.),100,mg/dL,144,196,140,58,73,196,190,100,151,1
Glucose,1/10 (tr.),100,mg/dL,140,193,140,60,70,193,187,100,149,1
Glucose,1/10 (tr.),100,mg/dL,142,192,133,55,78,192,186,100,153,1
Glucose,1/10 (tr.),100,mg/dL,136,190,138,61,72,190,184,100,149,1
Glucose,1/10 (tr.),100,mg/dL,148,190,136,53,72,190,186,104,151,1
Glucose,1/10 (tr.),100,mg/dL,137,194,132,58,81,194,187,97,153,1
Glucose,1/10 (tr.),100,mg/dL,137,196,131,57,85,196,188,96,155,1
Glucose,1/10 (tr.),100,mg/dL,141,196,133,56,82,196,189,98,154,1
Glucose,1/10 (tr.),100,mg/dL,136,194,137,61,76,194,187,98,151,1
Glucose,1/10 (tr.),100,mg/dL,142,192,134,56,77,192,186,100,152,1
Glucose,1/10 (tr.),100,mg/dL,143,189,136,56,72,189,184,102,150,1
Glucose,1/10 (tr.),100,mg/dL,137,198,131,57,86,198,190,95,156,1
Glucose,1/10 (tr.),100,mg/dL,133,189,134,61,76,189,183,99,150,1
Glucose,1/10 (tr.),100,mg/dL,141,192,137,58,73,192,186,101,151,1
Glucose,1/10 (tr.),100,mg/dL,133,196,129,58,87,196,188,95,155,1
Glucose,1/10 (tr.),100,mg/dL,137,196,131,57,85,196,188,96,155,1
Glucose,1/10 (tr.),100,mg/dL,138,200,132,57,87,200,192,95,156,1
Glucose,1/10 (tr.),100,mg/dL,143,191,136,56,73,191,186,102,151,1
Glucose,1/10 (tr.),100,mg/dL,146,186,131,52,75,186,182,104,152,1
Glucose,1/10 (tr.),100,mg/dL,142,195,135,57,78,195,189,99,153,1
Glucose,1/10 (tr.),100,mg/dL,138,196,133,58,82,196,189,97,154,1
Glucose,1/10 (tr.),100,mg/dL,145,197,135,55,80,197,190,99,154,1
Glucose,1/10 (tr.),100,mg/dL,138,194,132,57,81,194,187,98,153,1
Glucose,1/10 (tr.),100,mg/dL,142,194,135,56,78,194,188,100,152,1
Glucose,1/10 (tr.),100,mg/dL,148,199,133,53,85,199,192,99,156,1
Glucose,1/10 (tr.),100,mg/dL,145,194,126,52,89,194,188,99,157,1
Glucose,1/10 (tr.),100,mg/dL,136,189,133,58,76,189,183,100,151,1
Glucose,1/10 (tr.),100,mg/dL,140,203,135,58,85,203,194,95,156,1
Glucose,1/10 (tr.),100,mg/dL,139,199,125,54,95,199,191,95,159,1
Glucose,1/10 (tr.),100,mg/dL,141,199,128,55,91,199,191,96,158,1
Glucose,1/10 (tr.),100,mg/dL,145,197,132,54,84,197,190,99,155,1
Glucose,1/10 (tr.),100,mg/dL,143,205,135,57,87,205,196,95,157,1
Glucose,1/10 (tr.),100,mg/dL,141,194,131,55,83,194,187,99,154,1
Glucose,1/10 (tr.),100,mg/dL,143,193,134,55,78,193,187,100,153,1
Glucose,1/10 (tr.),100,mg/dL,138,198,135,59,81,198,190,96,154,1
Glucose,1/10 (tr.),100,mg/dL,144,194,133,55,80,194,188,100,154,1
Glucose,1/10 (tr.),100,mg/dL,136,194,136,60,76,194,187,98,151,1
Glucose,1/10 (tr.),100,mg/dL,143,192,137,57,73,192,187,101,151,1
Glucose,1/10 (tr.),100,mg/dL,145,198,142,58,72,198,192,100,151,1
Glucose,1/10 (tr.),100,mg/dL,137,191,127,55,85,191,185,98,155,1
Glucose,1/10 (tr.),100,mg/dL,146,199,134,54,83,199,192,98,155,1
Glucose,1/10 (tr.),100,mg/dL,141,191,144,62,67,191,186,102,147,1
Glucose,1/10 (tr.),100,mg/dL,141,196,137,58,77,196,189,99,152,1
Glucose,1/10 (tr.),100,mg/dL,142,197,131,55,85,197,190,98,155,1
Glucose,1/10 (tr.),100,mg/dL,142,204,139,59,81,204,195,96,154,1
Glucose,1/10 (tr.),100,mg/dL,146,194,130,53,84,194,188,100,155,1
Glucose,1/10 (tr.),100,mg/dL,139,196,138,59,75,196,189,98,151,1
Glucose,1/10 (tr.),100,mg/dL,133,202,133,60,87,202,192,93,156,1
Glucose,1/10 (tr.),100,mg/dL,138,192,127,55,86,192,185,98,155,1
Glucose,1/10 (tr.),100,mg/dL,143,196,129,54,87,196,189,98,156,1
Glucose,1/10 (tr.),100,mg/dL,135,195,141,63,78,195,188,98,149,1
Glucose,1/10 (tr.),100,mg/dL,139,190,133,57,77,190,184,100,152,1
Glucose,1/10 (tr.),100,mg/dL,139,185,134,57,70,185,181,103,149,1
Glucose,1/10 (tr.),100,mg/dL,139,199,141,61,77,199,191,97,151,1
Glucose,1/10 (tr.),100,mg/dL,145,195,130,53,85,195,189,99,156,1
Glucose,1/10 (tr.),100,mg/dL,150,196,134,52,81,196,190,101,154,1
Glucose,1/10 (tr.),100,mg/dL,140,197,133,57,83,197,190,97,154,1
Glucose,1/10 (tr.),100,mg/dL,138,194,134,58,79,194,187,98,153,1
Glucose,1/10 (tr.),100,mg/dL,138,193,134,58,78,193,186,98,152,1
Glucose,1/10 (tr.),100,mg/dL,139,202,123,54,100,202,193,93,161,1
Glucose,1/10 (tr.),100,mg/dL,144,201,126,53,95,201,193,96,160,1
Glucose,1/10 (tr.),100,mg/dL,139,195,128,55,88,195,188,97,156,1
Glucose,1/10 (tr.),100,mg/dL,137,192,141,62,73,192,186,100,148,1
Glucose,1/10 (tr.),100,mg/dL,144,201,137,57,81,201,193,97,154,1
Glucose,1/10 (tr.),100,mg/dL,135,194,136,61,78,194,187,97,151,1
Glucose,1/10 (tr.),100,mg/dL,135,199,133,59,85,199,190,94,155,1
Glucose,1/10 (tr.),100,mg/dL,139,199,136,59,81,199,191,96,154,1
Glucose,1/10 (tr.),100,mg/dL,139,201,130,56,90,201,192,95,157,1
Glucose,1/10 (tr.),100,mg/dL,142,198,133,56,84,198,191,97,155,1
Glucose,1/10 (tr.),100,mg/dL,141,191,138,58,71,191,186,101,150,1
Glucose,1/10 (tr.),100,mg/dL,139,194,138,59,74,194,188,99,151,1
Glucose,1/10 (tr.),100,mg/dL,137,190,128,56,83,190,184,99,154,1
Glucose,1/10 (tr.),100,mg/dL,142,191,141,59,67,191,186,102,148,1
Glucose,1/10 (tr.),100,mg/dL,132,203,135,61,89,203,193,92,155,1
Glucose,1/10 (tr.),100,mg/dL,140,194,136,58,76,194,188,99,152,1
Glucose,1/10 (tr.),100,mg/dL,140,200,134,57,84,200,192,96,155,1
Glucose,1/10 (tr.),100,mg/dL,141,195,134,57,80,195,188,99,153,1
Glucose,1/10 (tr.),100,mg/dL,141,189,129,54,81,189,184,101,153,1
Glucose,1/10 (tr.),100,mg/dL,143,197,133,55,83,197,190,98,155,1
Glucose,1/10 (tr.),100,mg/dL,140,197,132,56,84,197,190,97,155,1
Glucose,1/10 (tr.),100,mg/dL,137,197,130,57,87,197,189,96,156,1
Glucose,1/10 (tr.),100,mg/dL,142,189,138,58,69,189,184,102,149,1
Glucose,1/10 (tr.),100,mg/dL,142,197,138,58,76,197,190,99,152,1
Glucose,1/10 (tr.),100,mg/dL,147,200,127,52,93,200,193,97,159,1
Glucose,1/10 (tr.),100,mg/dL,135,194,134,60,79,194,187,97,152,1
Glucose,1/10 (tr.),100,mg/dL,142,193,135,56,77,193,187,100,152,1
Glucose,1/10 (tr.),100,mg/dL,137,194,128,56,87,194,187,97,155,1
Glucose,1/10 (tr.),100,mg/dL,136,191,130,57,81,191,185,98,153,1
Glucose,1/10 (tr.),100,mg/dL,144,192,145,61,64,192,187,103,147,1
Glucose,1/10 (tr.),100,mg/dL,142,197,131,55,85,197,190,98,155,1
Glucose,1/10 (tr.),100,mg/dL,143,194,134,56,79,194,188,100,153,1
Glucose,1/10 (tr.),100,mg/dL,150,196,139,54,74,196,191,102,152,1
Glucose,1/10 (tr.),100,mg/dL,137,196,141,62,77,196,189,98,150,1
Glucose,1/10 (tr.),100,mg/dL,137,203,137,60,83,203,194,94,154,1
Glucose,1/10 (tr.),100,mg/dL,138,199,138,60,78,199,191,96,152,1
Glucose,1/10 (tr.),100,mg/dL,142,190,131,54,79,190,185,101,153,1
Glucose,1/10 (tr.),100,mg/dL,139,196,136,59,78,196,189,98,152,1
Glucose,1/10 (tr.),100,mg/dL,141,191,136,57,73,191,186,101,151,1
Glucose,1/10 (tr.),100,mg/dL,142,198,138,58,77,198,191,98,152,1
Glucose,1/10 (tr.),100,mg/dL,143,198,134,56,82,198,191,98,155,1
Glucose,1/10 (tr.),100,mg/dL,133,198,135,61,84,198,190,95,153,1
Glucose,1/10 (tr.),100,mg/dL,141,191,130,55,81,191,185,100,154,1
Glucose,1/10 (tr.),100,mg/dL,144,196,137,56,77,196,190,100,152,1
Glucose,1/10 (tr.),100,mg/dL,140,196,138,59,75,196,189,98,151,1
Glucose,1/10 (tr.),100,mg/dL,138,196,132,57,83,196,189,97,154,1
Glucose,1/10 (tr.),100,mg/dL,138,195,135,59,78,195,188,98,152,1
Glucose,1/10 (tr.),100,mg/dL,138,201,130,57,90,201,192,94,157,1
Glucose,1/10 (tr.),100,mg/dL,139,194,140,61,72,194,188,99,150,1
Glucose,1/10 (tr.),100,mg/dL,141,200,128,55,92,200,192,95,158,1
Glucose,1/10 (tr.),100,mg/dL,141,200,134,57,84,200,192,96,155,1
Glucose,1/10 (tr.),100,mg/dL,144,194,140,58,71,194,188,101,150,1
Glucose,1/10 (tr.),100,mg/dL,149,195,132,52,82,195,189,101,155,1
Glucose,1/10 (tr.),100,mg/dL,146,202,132,54,88,202,194,97,157,1
Glucose,1/10 (tr.),100,mg/dL,138,195,129,56,86,195,188,97,155,1
Glucose,1/10 (tr.),100,mg/dL,136,192,131,58,81,192,185,98,153,1
Glucose,1/10 (tr.),100,mg/dL,140,197,140,60,74,197,190,98,151,1
Glucose,1/10 (tr.),100,mg/dL,136,200,133,59,85,200,191,94,155,1
Glucose,1/10 (tr.),100,mg/dL,140,199,130,56,88,199,191,96,157,1
Glucose,1/10 (tr.),100,mg/dL,142,197,136,57,79,197,190,98,153,1
Glucose,1/10 (tr.),100,mg/dL,141,206,131,56,93,206,196,93,159,1
Glucose,1/10 (tr.),100,mg/dL,138,194,132,57,81,194,187,98,153,1
Glucose,1/10 (tr.),100,mg/dL,137,201,140,61,81,201,193,95,152,1
Glucose,1/10 (tr.),100,mg/dL,138,193,136,59,75,193,187,99,151,1
Glucose,1/10 (tr.),100,mg/dL,138,199,135,59,82,199,191,96,154,1
Glucose,1/10 (tr.),100,mg/dL,134,202,141,63,86,202,193,94,152,1
Glucose,1/10 (tr.),100,mg/dL,138,194,135,58,78,194,187,98,152,1
Glucose,1/10 (tr.),100,mg/dL,141,199,142,61,74,199,192,98,151,1
Glucose,1/10 (tr.),100,mg/dL,139,193,128,55,86,193,186,98,155,1
Glucose,1/10 (tr.),100,mg/dL,137,196,141,62,77,196,189,98,150,1
Glucose,1/10 (tr.),100,mg/dL,138,197,134,58,82,197,189,97,154,1
Glucose,1/10 (tr.),100,mg/dL,145,206,132,55,92,206,197,95,159,1
Glucose,1/10 (tr.),100,mg/dL,138,200,137,60,80,200,192,96,153,1
Glucose,1/10 (tr.),100,mg/dL,147,198,133,54,84,198,191,99,155,1
Glucose,1/10 (tr.),100,mg/dL,142,200,137,58,80,200,192,97,154,1
Glucose,1/10 (tr.),100,mg/dL,142,200,139,59,78,200,192,97,153,1
Glucose,1/4 (+),250,mg/dL,123,176,86,48,130,176,170,95,168,0
Glucose,1/4 (+),250,mg/dL,129,179,85,46,134,179,173,95,170,1
Glucose,1/4 (+),250,mg/dL,124,181,83,47,138,181,173,92,172,1
Glucose,1/4 (+),250,mg/dL,124,174,86,47,129,174,168,96,168,1
Glucose,1/4 (+),250,mg/dL,128,177,86,46,131,177,171,96,169,1
Glucose,1/4 (+),250,mg/dL,118,179,89,50,128,179,171,92,168,1
Glucose,1/4 (+),250,mg/dL,132,175,87,45,128,175,170,98,168,1
Glucose,1/4 (+),250,mg/dL,124,182,86,48,135,182,174,92,170,1
Glucose,1/4 (+),250,mg/dL,124,178,87,48,130,178,171,94,169,1
Glucose,1/4 (+),250,mg/dL,121,177,90,49,125,177,170,94,167,1
Glucose,1/4 (+),250,mg/dL,119,177,83,49,135,177,170,92,170,1
Glucose,1/4 (+),250,mg/dL,128,170,84,45,129,170,166,99,167,1
Glucose,1/4 (+),250,mg/dL,125,182,86,48,135,182,174,92,171,1
Glucose,1/4 (+),250,mg/dL,121,184,80,48,144,184,175,89,174,1
Glucose,1/4 (+),250,mg/dL,114,178,84,50,135,178,170,90,169,1
Glucose,1/4 (+),250,mg/dL,119,179,87,50,131,179,171,92,169,1
Glucose,1/4 (+),250,mg/dL,121,171,89,48,122,171,166,97,165,1
Glucose,1/4 (+),250,mg/dL,126,176,93,48,120,176,170,97,165,1
Glucose,1/4 (+),250,mg/dL,119,170,83,48,131,170,164,95,167,1
Glucose,1/4 (+),250,mg/dL,123,177,85,48,133,177,170,94,169,1
Glucose,1/4 (+),250,mg/dL,124,171,92,48,118,171,166,98,164,1
Glucose,1/4 (+),250,mg/dL,123,180,87,48,132,180,173,93,169,1
Glucose,1/4 (+),250,mg/dL,125,178,88,48,129,178,172,94,168,1
Glucose,1/4 (+),250,mg/dL,126,181,87,48,132,181,174,93,170,1
Glucose,1/4 (+),250,mg/dL,126,176,92,48,122,176,170,96,166,1
Glucose,1/4 (+),250,mg/dL,120,183,86,49,135,183,175,90,171,1
Glucose,1/4 (+),250,mg/dL,117,177,83,49,135,177,169,92,170,1
Glucose,1/4 (+),250,mg/dL,126,173,84,46,131,173,168,97,168,1
Glucose,1/4 (+),250,mg/dL,115,174,76,48,144,174,167,91,172,1
Glucose,1/4 (+),250,mg/dL,117,179,89,51,128,179,171,91,167,1
Glucose,1/4 (+),250,mg/dL,125,172,86,46,128,172,167,97,167,1
Glucose,1/4 (+),250,mg/dL,123,171,92,48,118,171,166,97,164,1
Glucose,1/4 (+),250,mg/dL,127,175,86,46,130,175,170,96,168,1
Glucose,1/4 (+),250,mg/dL,124,168,85,46,126,168,164,98,166,1
Glucose,1/4 (+),250,mg/dL,120,172,85,48,129,172,166,95,167,1
Glucose,1/4 (+),250,mg/dL,130,179,84,45,135,179,173,95,171,1
Glucose,1/4 (+),250,mg/dL,125,182,90,49,129,182,175,93,169,1
Glucose,1/4 (+),250,mg/dL,123,173,89,48,124,173,167,96,166,1
Glucose,1/4 (+),250,mg/dL,125,180,89,48,129,180,173,94,168,1
Glucose,1/4 (+),250,mg/dL,127,174,91,47,122,174,169,97,166,1
Glucose,1/4 (+),250,mg/dL,124,184,83,48,140,184,176,91,173,1
Glucose,1/4 (+),250,mg/dL,130,177,83,45,135,177,171,96,171,1
Glucose,1/4 (+),250,mg/dL,121,175,88,49,127,175,169,94,167,1
Glucose,1/4 (+),250,mg/dL,125,174,86,47,129,174,168,96,168,1
Glucose,1/4 (+),250,mg/dL,132,183,88,46,132,183,176,95,171,1
Glucose,1/4 (+),250,mg/dL,123,176,88,48,128,176,170,95,167,1
Glucose,1/4 (+),250,mg/dL,119,175,79,48,140,175,168,93,171,1
Glucose,1/4 (+),250,mg/dL,125,179,84,47,135,179,172,94,170,1
Glucose,1/4 (+),250,mg/dL,129,171,80,44,136,171,167,98,170,1
Glucose,1/4 (+),250,mg/dL,124,180,93,49,123,180,173,94,166,1
Glucose,1/4 (+),250,mg/dL,121,180,86,49,133,180,172,92,169,1
Glucose,1/4 (+),250,mg/dL,122,180,89,49,129,180,173,93,168,1
Glucose,1/4 (+),250,mg/dL,117,182,92,52,126,182,174,90,167,1
Glucose,1/4 (+),250,mg/dL,120,178,88,49,129,178,171,93,168,1
Glucose,1/4 (+),250,mg/dL,124,174,83,46,133,174,168,95,169,1
Glucose,1/4 (+),250,mg/dL,123,181,88,49,131,181,174,92,169,1
Glucose,1/4 (+),250,mg/dL,122,179,75,46,148,179,172,92,174,1
Glucose,1/4 (+),250,mg/dL,128,169,85,45,127,169,165,100,167,1
Glucose,1/4 (+),250,mg/dL,119,171,91,50,119,171,165,96,164,1
Glucose,1/4 (+),250,mg/dL,121,177,86,48,131,177,170,93,168,1
Glucose,1/4 (+),250,mg/dL,125,176,81,46,138,176,170,95,171,1
Glucose,1/4 (+),250,mg/dL,127,174,80,45,138,174,168,96,171,1
Glucose,1/4 (+),250,mg/dL,121,182,89,50,130,182,174,91,169,1
Glucose,1/4 (+),250,mg/dL,122,175,85,48,131,175,169,95,168,1
Glucose,1/4 (+),250,mg/dL,131,178,88,46,129,178,172,97,169,1
Glucose,1/4 (+),250,mg/dL,127,177,85,46,133,177,171,95,170,1
Glucose,1/4 (+),250,mg/dL,122,176,86,48,130,176,170,94,168,1
Glucose,1/4 (+),250,mg/dL,126,176,89,47,126,176,170,96,167,1
Glucose,1/4 (+),250,mg/dL,123,176,78,46,142,176,169,94,172,1
Glucose,1/4 (+),250,mg/dL,127,177,90,47,125,177,171,96,167,1
Glucose,1/4 (+),250,mg/dL,111,184,85,52,137,184,174,87,171,1
Glucose,1/4 (+),250,mg/dL,127,172,88,46,125,172,167,98,166,1
Glucose,1/4 (+),250,mg/dL,119,174,94,51,117,174,168,95,163,1
Glucose,1/4 (+),250,mg/dL,122,177,89,49,127,177,170,94,167,1
Glucose,1/4 (+),250,mg/dL,125,177,87,47,130,177,171,95,168,1
Glucose,1/4 (+),250,mg/dL,133,176,87,45,129,176,171,98,169,1
Glucose,1/4 (+),250,mg/dL,127,180,91,48,126,180,173,95,168,1
Glucose,1/4 (+),250,mg/dL,126,171,93,47,116,171,167,99,163,1
Glucose,1/4 (+),250,mg/dL,118,177,83,49,135,177,170,92,170,1
Glucose,1/4 (+),250,mg/dL,123,177,87,48,130,177,170,94,168,1
Glucose,1/4 (+),250,mg/dL,125,182,88,48,132,182,174,93,170,1
Glucose,1/4 (+),250,mg/dL,122,180,91,50,126,180,173,93,167,1
Glucose,1/4 (+),250,mg/dL,118,178,89,50,128,178,171,92,167,1
Glucose,1/4 (+),250,mg/dL,122,182,85,49,136,182,174,91,171,1
Glucose,1/4 (+),250,mg/dL,124,175,86,47,130,175,169,95,168,1
Glucose,1/4 (+),250,mg/dL,119,170,92,50,117,170,165,97,163,1
Glucose,1/4 (+),250,mg/dL,120,172,77,46,141,172,166,94,171,1
Glucose,1/4 (+),250,mg/dL,120,171,93,50,116,171,166,97,163,1
Glucose,1/4 (+),250,mg/dL,127,173,95,48,115,173,168,99,163,1
Glucose,1/4 (+),250,mg/dL,127,175,76,45,144,175,169,95,173,1
Glucose,1/4 (+),250,mg/dL,132,170,79,43,137,170,166,100,170,1
Glucose,1/4 (+),250,mg/dL,127,186,92,49,129,186,178,92,169,1
Glucose,1/4 (+),250,mg/dL,125,178,89,48,128,178,172,95,168,1
Glucose,1/4 (+),250,mg/dL,126,177,86,47,131,177,171,95,169,1
Glucose,1/4 (+),250,mg/dL,123,173,85,47,130,173,167,96,168,1
Glucose,1/4 (+),250,mg/dL,116,176,82,49,136,176,169,91,170,1
Glucose,1/4 (+),250,mg/dL,119,177,92,50,122,177,170,93,165,1
Glucose,1/4 (+),250,mg/dL,127,170,82,45,132,170,166,98,168,1
Glucose,1/4 (+),250,mg/dL,127,172,85,46,129,172,167,98,168,1
Glucose,1/4 (+),250,mg/dL,125,172,86,46,128,172,167,97,167,1
Glucose,1/4 (+),250,mg/dL,118,174,87,49,128,174,167,94,167,1
Glucose,1/4 (+),250,mg/dL,117,178,86,50,132,178,170,91,168,1
Glucose,1/4 (+),250,mg/dL,125,177,91,48,124,177,171,95,167,1
Glucose,1/4 (+),250,mg/dL,124,174,86,47,129,174,168,96,168,1
Glucose,1/4 (+),250,mg/dL,125,176,86,47,130,176,170,95,168,1
Glucose,1/4 (+),250,mg/dL,120,173,80,47,137,173,167,94,170,1
Glucose,1/4 (+),250,mg/dL,130,171,83,44,131,171,167,99,169,1
Glucose,1/4 (+),250,mg/dL,120,180,85,49,135,180,172,91,170,1
Glucose,1/4 (+),250,mg/dL,128,173,87,46,127,173,168,98,167,1
Glucose,1/4 (+),250,mg/dL,120,185,81,49,143,185,176,89,174,1
Glucose,1/4 (+),250,mg/dL,124,179,88,48,130,179,172,94,168,1
Glucose,1/4 (+),250,mg/dL,122,175,86,48,130,175,169,95,168,1
Glucose,1/4 (+),250,mg/dL,122,180,95,50,120,180,173,93,165,1
Glucose,1/4 (+),250,mg/dL,121,171,86,48,127,171,166,96,166,1
Glucose,1/4 (+),250,mg/dL,133,173,93,45,118,173,169,100,165,1
Glucose,1/4 (+),250,mg/dL,130,174,88,45,126,174,169,98,167,1
Glucose,1/4 (+),250,mg/dL,130,174,85,45,130,174,169,98,169,1
Glucose,1/4 (+),250,mg/dL,121,172,83,47,132,172,166,95,168,1
Glucose,1/4 (+),250,mg/dL,118,176,83,49,135,176,169,92,169,1
Glucose,1/4 (+),250,mg/dL,124,170,87,47,125,170,165,98,166,1
Glucose,1/4 (+),250,mg/dL,126,168,87,46,123,168,164,99,165,1
Glucose,1/4 (+),250,mg/dL,128,171,93,47,116,171,167,100,164,1
Glucose,1/4 (+),250,mg/dL,125,173,86,47,128,173,168,97,167,1
Glucose,1/4 (+),250,mg/dL,125,176,88,47,128,176,170,95,168,1
Glucose,1/4 (+),250,mg/dL,119,177,80,48,140,177,170,92,171,1
Glucose,1/4 (+),250,mg/dL,123,172,83,47,132,172,167,96,168,1
Glucose,1/4 (+),250,mg/dL,128,180,88,47,130,180,173,95,169,1
Glucose,1/4 (+),250,mg/dL,119,175,91,50,122,175,168,94,165,1
Glucose,1/4 (+),250,mg/dL,124,185,88,49,134,185,177,91,171,1
Glucose,1/4 (+),250,mg/dL,124,175,87,47,128,175,169,95,168,1
Glucose,1/4 (+),250,mg/dL,122,179,90,49,127,179,172,93,167,1
Glucose,1/4 (+),250,mg/dL,120,171,79,47,137,171,165,95,170,1
Glucose,1/4 (+),250,mg/dL,125,172,77,45,141,172,167,96,171,1
Glucose,1/4 (+),250,mg/dL,125,186,86,48,137,186,178,91,172,1
Glucose,1/4 (+),250,mg/dL,126,176,86,47,130,176,170,96,169,1
Glucose,1/4 (+),250,mg/dL,127,175,87,46,128,175,170,96,168,1
Glucose,1/4 (+),250,mg/dL,124,173,90,48,122,173,168,97,165,1
Glucose,1/4 (+),250,mg/dL,122,173,88,48,125,173,167,96,166,1
Glucose,1/4 (+),250,mg/dL,119,176,86,49,130,176,169,93,168,1
Glucose,1/4 (+),250,mg/dL,127,178,86,47,132,178,172,95,169,1
Glucose,1/4 (+),250,mg/dL,126,182,88,48,132,182,175,93,170,1
Glucose,1/4 (+),250,mg/dL,123,171,82,46,133,171,166,96,168,1
Glucose,1/4 (+),250,mg/dL,122,174,85,48,130,174,168,95,168,1
Glucose,1/4 (+),250,mg/dL,123,178,86,48,132,178,171,94,169,1
Glucose,1/4 (+),250,mg/dL,125,176,78,46,142,176,170,94,172,1
Glucose,1/4 (+),250,mg/dL,119,175,81,48,137,175,168,93,170,1
Glucose,1/4 (+),250,mg/dL,125,182,91,49,128,182,175,93,168,1
Glucose,1/4 (+),250,mg/dL,122,182,87,49,133,182,174,91,170,1
Glucose,1/4 (+),250,mg/dL,122,174,85,48,130,174,168,95,168,1
Glucose,1/4 (+),250,mg/dL,121,177,87,49,130,177,170,94,168,1
Glucose,1/2 (++),500,mg/dL,140,144,66,32,138,144,148,115,168,0
Glucose,1/2 (++),500,mg/dL,140,146,71,32,131,146,149,115,167,1
Glucose,1/2 (++),500,mg/dL,144,138,56,28,156,144,144,119,172,1
Glucose,1/2 (++),500,mg/dL,144,139,65,28,140,144,145,120,168,1
Glucose,1/2 (++),500,mg/dL,135,137,68,31,128,137,142,117,164,1
Glucose,1/2 (++),500,mg/dL,143,142,56,30,155,143,147,117,173,1
Glucose,1/2 (++),500,mg/dL,138,146,60,33,150,146,149,113,172,1
Glucose,1/2 (++),500,mg/dL,141,144,68,31,135,144,148,116,167,1
Glucose,1/2 (++),500,mg/dL,140,140,71,30,126,140,145,118,164,1
Glucose,1/2 (++),500,mg/dL,139,144,62,32,145,144,148,114,170,1
Glucose,1/2 (++),500,mg/dL,138,140,65,31,137,140,145,116,167,1
Glucose,1/2 (++),500,mg/dL,147,139,60,27,151,147,146,120,170,1
Glucose,1/2 (++),500,mg/dL,146,143,63,29,145,146,148,118,170,1
Glucose,1/2 (++),500,mg/dL,144,142,73,29,126,144,148,118,165,1
Glucose,1/2 (++),500,mg/dL,143,142,75,30,121,143,147,118,164,1
Glucose,1/2 (++),500,mg/dL,138,147,67,33,139,147,150,113,169,1
Glucose,1/2 (++),500,mg/dL,145,150,66,32,143,150,153,114,171,1
Glucose,1/2 (++),500,mg/dL,137,146,63,33,145,146,149,113,170,1
Glucose,1/2 (++),500,mg/dL,148,145,65,29,143,148,150,118,170,1
Glucose,1/2 (++),500,mg/dL,141,139,62,29,143,141,144,118,169,1
Glucose,1/2 (++),500,mg/dL,145,141,62,29,146,145,147,119,170,1
Glucose,1/2 (++),500,mg/dL,142,149,69,33,137,149,152,114,169,1
Glucose,1/2 (++),500,mg/dL,144,141,60,29,149,144,146,118,171,1
Glucose,1/2 (++),500,mg/dL,146,143,65,29,141,146,148,118,169,1
Glucose,1/2 (++),500,mg/dL,145,146,68,30,136,146,150,117,169,1
Glucose,1/2 (++),500,mg/dL,149,141,70,27,135,149,148,121,167,1
Glucose,1/2 (++),500,mg/dL,140,145,72,32,128,145,149,115,166,1
Glucose,1/2 (++),500,mg/dL,142,146,70,32,133,146,150,116,167,1
Glucose,1/2 (++),500,mg/dL,139,141,62,31,143,141,145,116,169,1
Glucose,1/2 (++),500,mg/dL,132,152,62,37,151,152,152,107,172,1
Glucose,1/2 (++),500,mg/dL,139,143,67,32,136,143,147,115,167,1
Glucose,1/2 (++),500,mg/dL,143,147,64,31,144,147,151,115,171,1
Glucose,1/2 (++),500,mg/dL,139,145,65,32,141,145,148,114,169,1
Glucose,1/2 (++),500,mg/dL,146,146,69,30,134,146,151,117,168,1
Glucose,1/2 (++),500,mg/dL,143,149,67,32,140,149,152,114,170,1
Glucose,1/2 (++),500,mg/dL,135,146,63,34,145,146,148,112,170,1
Glucose,1/2 (++),500,mg/dL,138,146,71,33,131,146,149,114,166,1
Glucose,1/2 (++),500,mg/dL,140,145,73,32,127,145,149,115,165,1
Glucose,1/2 (++),500,mg/dL,141,154,68,35,142,154,156,111,171,1
Glucose,1/2 (++),500,mg/dL,133,147,68,35,137,147,149,111,168,1
Glucose,1/2 (++),500,mg/dL,145,147,65,31,142,147,151,116,170,1
Glucose,1/2 (++),500,mg/dL,135,143,63,33,143,143,146,113,169,1
Glucose,1/2 (++),500,mg/dL,138,146,73,33,128,146,149,114,165,1
Glucose,1/2 (++),500,mg/dL,142,139,68,29,133,142,145,119,166,1
Glucose,1/2 (++),500,mg/dL,145,142,65,29,141,145,147,118,169,1
Glucose,1/2 (++),500,mg/dL,140,141,69,30,130,141,146,117,166,1
Glucose,1/2 (++),500,mg/dL,140,146,62,32,147,146,149,114,171,1
Glucose,1/2 (++),500,mg/dL,138,147,65,33,142,147,150,113,169,1
Glucose,1/2 (++),500,mg/dL,147,142,67,28,139,147,148,119,168,1
Glucose,1/2 (++),500,mg/dL,144,138,59,28,151,144,144,120,170,1
Glucose,1/2 (++),500,mg/dL,134,149,64,35,145,149,150,110,170,1
Glucose,1/2 (++),500,mg/dL,150,142,67,27,141,150,149,121,168,1
Glucose,1/2 (++),500,mg/dL,146,152,74,32,131,152,155,114,168,1
Glucose,1/2 (++),500,mg/dL,145,148,68,31,138,148,152,115,169,1
Glucose,1/2 (++),500,mg/dL,143,142,63,30,143,143,147,117,169,1
Glucose,1/2 (++),500,mg/dL,140,143,64,31,141,143,147,116,169,1
Glucose,1/2 (++),500,mg/dL,143,148,66,32,141,148,151,114,170,1
Glucose,1/2 (++),500,mg/dL,146,139,65,27,141,146,146,120,168,1
Glucose,1/2 (++),500,mg/dL,137,137,66,30,132,137,142,118,166,1
Glucose,1/2 (++),500,mg/dL,140,150,69,34,138,150,152,112,169,1
Glucose,1/2 (++),500,mg/dL,136,151,71,36,135,151,152,110,168,1
Glucose,1/2 (++),500,mg/dL,142,143,62,30,144,143,147,116,170,1
Glucose,1/2 (++),500,mg/dL,139,148,74,34,128,148,151,113,166,1
Glucose,1/2 (++),500,mg/dL,146,142,62,29,147,146,148,119,170,1
Glucose,1/2 (++),500,mg/dL,141,137,67,28,134,141,143,120,165,1
Glucose,1/2 (++),500,mg/dL,139,142,60,31,147,142,146,115,170,1
Glucose,1/2 (++),500,mg/dL,142,142,61,30,145,142,147,117,170,1
Glucose,1/2 (++),500,mg/dL,129,144,73,36,126,144,146,111,164,1
Glucose,1/2 (++),500,mg/dL,147,142,64,28,144,147,148,119,169,1
Glucose,1/2 (++),500,mg/dL,142,140,67,29,135,142,145,118,167,1
Glucose,1/2 (++),500,mg/dL,143,149,66,32,142,149,152,114,170,1
Glucose,1/2 (++),500,mg/dL,139,140,63,30,140,140,145,117,168,1
Glucose,1/2 (++),500,mg/dL,139,145,70,32,132,145,149,115,167,1
Glucose,1/2 (++),500,mg/dL,137,150,65,35,145,150,152,111,171,1
Glucose,1/2 (++),500,mg/dL,140,141,56,30,154,141,145,116,172,1
Glucose,1/2 (++),500,mg/dL,144,147,65,31,142,147,151,115,170,1
Glucose,1/2 (++),500,mg/dL,140,146,60,32,150,146,149,114,172,1
Glucose,1/2 (++),500,mg/dL,138,147,61,33,149,147,149,112,172,1
Glucose,1/2 (++),500,mg/dL,141,139,68,29,132,141,145,118,166,1
Glucose,1/2 (++),500,mg/dL,140,138,71,29,126,140,144,119,164,1
Glucose,1/2 (++),500,mg/dL,137,141,67,32,134,141,145,115,166,1
Glucose,1/2 (++),500,mg/dL,145,140,66,28,139,145,146,119,168,1
Glucose,1/2 (++),500,mg/dL,142,147,67,32,139,147,151,115,169,1
Glucose,1/2 (++),500,mg/dL,139,141,66,31,136,141,145,116,167,1
Glucose,1/2 (++),500,mg/dL,136,132,68,28,128,136,138,120,163,1
Glucose,1/2 (++),500,mg/dL,144,135,62,27,145,144,142,121,168,1
Glucose,1/2 (++),500,mg/dL,142,152,66,33,144,152,154,112,171,1
Glucose,1/2 (++),500,mg/dL,137,143,71,33,128,143,147,115,165,1
Glucose,1/2 (++),500,mg/dL,137,141,64,32,139,141,145,115,168,1
Glucose,1/2 (++),500,mg/dL,136,144,72,33,128,144,147,114,165,1
Glucose,1/2 (++),500,mg/dL,141,143,65,31,139,143,147,116,169,1
Glucose,1/2 (++),500,mg/dL,134,148,66,35,141,148,150,110,169,1
Glucose,1/2 (++),500,mg/dL,139,157,67,36,146,157,157,108,172,1
Glucose,1/2 (++),500,mg/dL,137,142,71,32,128,142,146,115,165,1
Glucose,1/2 (++),500,mg/dL,140,138,70,29,128,140,144,119,164,1
Glucose,1/2 (++),500,mg/dL,137,151,70,35,137,151,153,110,168,1
Glucose,1/2 (++),500,mg/dL,138,149,66,34,142,149,151,111,170,1
Glucose,1/2 (++),500,mg/dL,143,146,63,31,145,146,150,115,171,1
Glucose,1/2 (++),500,mg/dL,137,148,65,34,143,148,150,112,170,1
Glucose,1/2 (++),500,mg/dL,138,140,68,31,131,140,145,117,166,1
Glucose,1/2 (++),500,mg/dL,148,140,66,27,141,148,147,121,168,1
Glucose,1/2 (++),500,mg/dL,146,144,68,29,136,146,149,118,168,1
Glucose,1/2 (++),500,mg/dL,136,146,65,34,141,146,149,112,169,1
Glucose,1/2 (++),500,mg/dL,144,149,76,32,125,149,153,115,166,1
Glucose,1/2 (++),500,mg/dL,142,145,67,31,137,145,149,116,168,1
Glucose,1/2 (++),500,mg/dL,139,145,65,32,141,145,148,114,169,1
Glucose,1/2 (++),500,mg/dL,141,149,62,33,149,149,152,113,172,1
Glucose,1/2 (++),500,mg/dL,145,149,66,31,142,149,153,115,171,1
Glucose,1/2 (++),500,mg/dL,132,142,71,34,128,142,145,113,164,1
Glucose,1/2 (++),500,mg/dL,140,140,64,30,138,140,145,117,168,1
Glucose,1/2 (++),500,mg/dL,143,146,65,31,141,146,150,115,170,1
Glucose,1/2 (++),500,mg/dL,139,142,62,31,144,142,146,115,170,1
Glucose,1/2 (++),500,mg/dL,146,143,71,29,131,146,149,119,166,1
Glucose,1/2 (++),500,mg/dL,146,148,64,31,145,148,152,115,171,1
Glucose,1/2 (++),500,mg/dL,142,144,62,31,145,144,148,116,170,1
Glucose,1/2 (++),500,mg/dL,141,139,71,29,127,141,145,119,164,1
Glucose,1/2 (++),500,mg/dL,138,145,67,33,137,145,148,114,168,1
Glucose,1/2 (++),500,mg/dL,139,146,64,33,143,146,149,113,170,1
Glucose,1/2 (++),500,mg/dL,143,139,67,28,136,143,145,119,166,1
Glucose,1/2 (++),500,mg/dL,148,140,63,27,146,148,147,121,170,1
Glucose,1/2 (++),500,mg/dL,142,145,67,31,137,145,149,116,168,1
Glucose,1/2 (++),500,mg/dL,142,147,70,32,134,147,151,115,168,1
Glucose,1/2 (++),500,mg/dL,142,143,69,30,132,143,148,117,167,1
Glucose,1/2 (++),500,mg/dL,148,143,62,28,148,148,149,119,171,1
Glucose,1/2 (++),500,mg/dL,144,144,57,30,154,144,149,116,173,1
Glucose,1/2 (++),500,mg/dL,143,142,66,30,137,143,147,118,168,1
Glucose,1/2 (++),500,mg/dL,141,145,69,32,134,145,149,115,167,1
Glucose,1/2 (++),500,mg/dL,138,146,65,33,141,146,149,113,169,1
Glucose,1/2 (++),500,mg/dL,143,146,62,31,147,146,150,115,171,1
Glucose,1/2 (++),500,mg/dL,144,142,69,29,133,144,147,118,167,1
Glucose,1/2 (++),500,mg/dL,141,151,65,33,145,151,153,112,171,1
Glucose,1/2 (++),500,mg/dL,139,144,65,32,140,144,148,115,169,1
Glucose,1/2 (++),500,mg/dL,143,138,62,28,144,143,144,119,169,1
Glucose,1/2 (++),500,mg/dL,136,148,73,35,129,148,150,112,166,1
Glucose,1/2 (++),500,mg/dL,140,143,66,31,137,143,147,116,168,1
Glucose,1/2 (++),500,mg/dL,145,140,67,28,137,145,146,120,167,1
Glucose,1/2 (++),500,mg/dL,144,146,67,31,138,146,150,116,169,1
Glucose,1/2 (++),500,mg/dL,144,133,69,26,133,144,141,123,164,1
Glucose,1/2 (++),500,mg/dL,137,137,68,30,128,137,142,118,165,1
Glucose,1/2 (++),500,mg/dL,145,143,70,29,132,145,148,118,167,1
Glucose,1/2 (++),500,mg/dL,146,149,73,31,130,149,153,116,167,1
Glucose,1/2 (++),500,mg/dL,143,144,60,30,149,144,148,116,172,1
Glucose,1/2 (++),500,mg/dL,139,141,75,31,119,141,146,117,163,1
Glucose,1/2 (++),500,mg/dL,139,144,68,32,135,144,148,115,167,1
Glucose,1/2 (++),500,mg/dL,140,151,64,34,147,151,153,111,172,1
Glucose,1/2 (++),500,mg/dL,141,141,61,30,145,141,146,117,170,1
Glucose,1/2 (++),500,mg/dL,138,144,64,32,142,144,147,114,169,1
Glucose,1/2 (++),500,mg/dL,137,138,66,30,133,138,143,117,166,1
Glucose,1/2 (++),500,mg/dL,134,147,66,35,141,147,149,111,169,1
Glucose,1/2 (++),500,mg/dL,134,143,63,33,143,143,146,113,169,1
Glucose,1 (+++),1000,mg/dL,129,118,53,26,150,129,126,123,165,0
Glucose,1 (+++),1000,mg/dL,130,123,45,28,167,130,130,120,170,1
Glucose,1 (+++),1000,mg/dL,129,117,56,25,144,129,125,124,163,1
Glucose,1 (+++),1000,mg/dL,130,115,52,24,153,130,124,125,164,1
Glucose,1 (+++),1000,mg/dL,126,122,53,28,148,126,128,120,166,1
Glucose,1 (+++),1000,mg/dL,137,118,50,23,162,137,128,127,167,1
Glucose,1 (+++),1000,mg/dL,123,111,47,25,158,123,119,124,165,1
Glucose,1 (+++),1000,mg/dL,130,120,47,26,163,130,128,122,168,1
Glucose,1 (+++),1000,mg/dL,133,116,54,24,151,133,126,126,164,1
Glucose,1 (+++),1000,mg/dL,135,122,52,25,157,135,130,124,167,1
Glucose,1 (+++),1000,mg/dL,125,109,50,24,153,125,118,126,163,1
Glucose,1 (+++),1000,mg/dL,128,114,52,24,151,128,123,125,164,1
Glucose,1 (+++),1000,mg/dL,129,117,50,25,156,129,125,124,166,1
Glucose,1 (+++),1000,mg/dL,130,120,49,26,159,130,128,122,167,1
Glucose,1 (+++),1000,mg/dL,135,118,53,24,155,135,128,126,165,1
Glucose,1 (+++),1000,mg/dL,132,119,57,25,145,132,128,125,164,1
Glucose,1 (+++),1000,mg/dL,130,116,54,24,149,130,125,125,164,1
Glucose,1 (+++),1000,mg/dL,124,118,53,27,146,124,125,121,164,1
Glucose,1 (+++),1000,mg/dL,128,117,45,26,165,128,125,123,168,1
Glucose,1 (+++),1000,mg/dL,127,118,54,26,147,127,126,122,164,1
Glucose,1 (+++),1000,mg/dL,125,123,50,29,153,125,129,119,167,1
Glucose,1 (+++),1000,mg/dL,133,120,50,25,159,133,128,124,167,1
Glucose,1 (+++),1000,mg/dL,136,113,57,21,148,136,124,130,162,1
Glucose,1 (+++),1000,mg/dL,133,115,59,23,142,133,125,127,161,1
Glucose,1 (+++),1000,mg/dL,128,119,54,26,147,128,126,123,165,1
Glucose,1 (+++),1000,mg/dL,128,121,56,27,143,128,128,122,164,1
Glucose,1 (+++),1000,mg/dL,122,123,46,30,160,123,128,117,169,1
Glucose,1 (+++),1000,mg/dL,133,123,49,26,161,133,130,122,169,1
Glucose,1 (+++),1000,mg/dL,127,114,52,25,151,127,122,125,164,1
Glucose,1 (+++),1000,mg/dL,128,121,58,27,139,128,128,122,163,1
Glucose,1 (+++),1000,mg/dL,135,116,52,23,157,135,126,127,165,1
Glucose,1 (+++),1000,mg/dL,122,115,57,27,136,122,122,122,161,1
Glucose,1 (+++),1000,mg/dL,135,113,51,22,159,135,124,129,165,1
Glucose,1 (+++),1000,mg/dL,129,119,50,26,156,129,127,123,166,1
Glucose,1 (+++),1000,mg/dL,131,116,53,24,152,131,125,126,164,1
Glucose,1 (+++),1000,mg/dL,131,118,51,25,156,131,126,124,166,1
Glucose,1 (+++),1000,mg/dL,129,118,52,26,152,129,126,123,165,1
Glucose,1 (+++),1000,mg/dL,128,124,55,28,145,128,130,120,166,1
Glucose,1 (+++),1000,mg/dL,128,121,52,27,151,128,128,121,166,1
Glucose,1 (+++),1000,mg/dL,134,119,53,24,154,134,128,125,165,1
Glucose,1 (+++),1000,mg/dL,131,112,48,23,162,131,122,127,166,1
Glucose,1 (+++),1000,mg/dL,124,119,60,28,132,124,126,121,161,1
Glucose,1 (+++),1000,mg/dL,138,121,55,24,153,138,130,126,166,1
Glucose,1 (+++),1000,mg/dL,122,116,50,28,150,122,123,121,165,1
Glucose,1 (+++),1000,mg/dL,127,117,51,26,153,127,125,123,165,1
Glucose,1 (+++),1000,mg/dL,121,121,49,30,152,121,126,118,166,1
Glucose,1 (+++),1000,mg/dL,130,126,49,29,159,130,132,119,169,1
Glucose,1 (+++),1000,mg/dL,119,117,57,29,133,119,123,119,161,1
Glucose,1 (+++),1000,mg/dL,137,113,55,21,153,137,124,130,163,1
Glucose,1 (+++),1000,mg/dL,127,118,64,26,126,127,126,124,159,1
Glucose,1 (+++),1000,mg/dL,123,119,55,28,141,123,125,121,163,1
Glucose,1 (+++),1000,mg/dL,133,118,54,24,151,133,127,125,165,1
Glucose,1 (+++),1000,mg/dL,127,119,52,27,151,127,126,122,165,1
Glucose,1 (+++),1000,mg/dL,131,117,55,24,148,131,126,125,164,1
Glucose,1 (+++),1000,mg/dL,129,123,53,28,150,129,130,121,166,1
Glucose,1 (+++),1000,mg/dL,122,123,49,30,153,123,128,117,167,1
Glucose,1 (+++),1000,mg/dL,126,116,58,26,138,126,124,124,161,1
Glucose,1 (+++),1000,mg/dL,120,131,57,34,144,131,134,112,166,1
Glucose,1 (+++),1000,mg/dL,130,118,54,25,149,130,126,124,164,1
Glucose,1 (+++),1000,mg/dL,131,121,55,26,148,131,129,123,165,1
Glucose,1 (+++),1000,mg/dL,129,117,52,25,152,129,125,124,165,1
Glucose,1 (+++),1000,mg/dL,128,123,55,28,145,128,129,120,165,1
Glucose,1 (+++),1000,mg/dL,117,121,54,32,141,121,125,116,164,1
Glucose,1 (+++),1000,mg/dL,129,116,57,25,142,129,125,125,162,1
Glucose,1 (+++),1000,mg/dL,133,115,55,23,150,133,125,127,163,1
Glucose,1 (+++),1000,mg/dL,125,112,50,25,153,125,120,125,164,1
Glucose,1 (+++),1000,mg/dL,132,122,55,26,149,132,130,123,165,1
Glucose,1 (+++),1000,mg/dL,132,120,50,26,158,132,128,123,167,1
Glucose,1 (+++),1000,mg/dL,131,121,56,26,146,131,129,123,164,1
Glucose,1 (+++),1000,mg/dL,134,121,54,25,152,134,129,124,166,1
Glucose,1 (+++),1000,mg/dL,133,118,49,25,161,133,127,125,167,1
Glucose,1 (+++),1000,mg/dL,128,115,50,25,155,128,124,124,165,1
Glucose,1 (+++),1000,mg/dL,128,115,52,25,151,128,124,125,164,1
Glucose,1 (+++),1000,mg/dL,121,119,53,29,143,121,125,119,164,1
Glucose,1 (+++),1000,mg/dL,126,121,57,28,140,126,128,121,163,1
Glucose,1 (+++),1000,mg/dL,123,115,50,27,151,123,122,122,164,1
Glucose,1 (+++),1000,mg/dL,125,121,52,28,149,125,127,120,166,1
Glucose,1 (+++),1000,mg/dL,128,110,56,23,143,128,120,128,160,1
Glucose,1 (+++),1000,mg/dL,124,118,54,27,144,124,125,121,164,1
Glucose,1 (+++),1000,mg/dL,134,113,41,23,177,134,123,127,170,1
Glucose,1 (+++),1000,mg/dL,130,125,58,28,141,130,131,120,165,1
Glucose,1 (+++),1000,mg/dL,130,116,56,24,145,130,125,125,163,1
Glucose,1 (+++),1000,mg/dL,125,120,55,28,143,125,126,121,164,1
Glucose,1 (+++),1000,mg/dL,133,129,55,28,150,133,135,119,168,1
Glucose,1 (+++),1000,mg/dL,127,118,46,27,163,127,125,122,168,1
Glucose,1 (+++),1000,mg/dL,126,116,51,26,152,126,124,123,164,1
Glucose,1 (+++),1000,mg/dL,130,115,57,24,143,130,124,126,162,1
Glucose,1 (+++),1000,mg/dL,129,118,52,26,152,129,126,123,165,1
Glucose,1 (+++),1000,mg/dL,130,121,50,27,157,130,128,122,167,1
Glucose,1 (+++),1000,mg/dL,126,117,48,27,158,126,124,122,166,1
Glucose,1 (+++),1000,mg/dL,126,116,56,26,142,126,124,123,162,1
Glucose,1 (+++),1000,mg/dL,130,119,56,26,145,130,127,124,164,1
Glucose,1 (+++),1000,mg/dL,128,120,53,27,149,128,127,122,165,1
Glucose,1 (+++),1000,mg/dL,130,116,43,25,171,130,124,124,169,1
Glucose,1 (+++),1000,mg/dL,128,124,57,28,141,128,130,120,165,1
Glucose,1 (+++),1000,mg/dL,133,123,53,26,153,133,131,122,167,1
Glucose,1 (+++),1000,mg/dL,130,116,52,25,153,130,125,125,165,1
Glucose,1 (+++),1000,mg/dL,131,123,52,27,154,131,130,121,167,1
Glucose,1 (+++),1000,mg/dL,127,118,55,26,145,127,126,123,163,1
Glucose,1 (+++),1000,mg/dL,123,109,51,24,149,123,118,126,162,1
Glucose,1 (+++),1000,mg/dL,124,116,52,27,148,124,123,122,164,1
Glucose,1 (+++),1000,mg/dL,127,124,54,29,147,127,130,119,166,1
Glucose,1 (+++),1000,mg/dL,130,120,48,26,161,130,128,122,168,1
Glucose,1 (+++),1000,mg/dL,133,118,56,24,148,133,127,125,164,1
Glucose,1 (+++),1000,mg/dL,125,112,56,24,141,125,121,125,161,1
Glucose,1 (+++),1000,mg/dL,131,114,50,24,158,131,123,126,165,1
Glucose,1 (+++),1000,mg/dL,134,113,60,21,141,134,124,129,160,1
Glucose,1 (+++),1000,mg/dL,125,121,52,28,149,125,127,120,166,1
Glucose,1 (+++),1000,mg/dL,131,116,52,24,154,131,125,125,165,1
Glucose,1 (+++),1000,mg/dL,129,114,56,24,144,129,123,126,162,1
Glucose,1 (+++),1000,mg/dL,127,117,49,26,157,127,125,123,166,1
Glucose,1 (+++),1000,mg/dL,119,117,63,29,120,119,123,120,158,1
Glucose,1 (+++),1000,mg/dL,132,118,52,25,155,132,127,125,166,1
Glucose,1 (+++),1000,mg/dL,129,120,48,27,160,129,127,122,168,1
Glucose,1 (+++),1000,mg/dL,133,121,56,25,148,133,129,124,165,1
Glucose,1 (+++),1000,mg/dL,131,118,56,25,146,131,127,124,164,1
Glucose,1 (+++),1000,mg/dL,131,117,51,25,156,131,126,125,166,1
Glucose,1 (+++),1000,mg/dL,129,124,48,28,160,129,130,119,169,1
Glucose,1 (+++),1000,mg/dL,123,119,53,28,145,123,125,120,164,1
Glucose,1 (+++),1000,mg/dL,130,119,52,26,153,130,127,123,166,1
Glucose,1 (+++),1000,mg/dL,135,112,50,22,161,135,123,129,165,1
Glucose,1 (+++),1000,mg/dL,129,111,52,23,152,129,121,127,163,1
Glucose,1 (+++),1000,mg/dL,136,118,54,23,154,136,128,126,165,1
Glucose,1 (+++),1000,mg/dL,124,116,51,27,150,124,123,122,164,1
Glucose,1 (+++),1000,mg/dL,128,123,55,28,145,128,129,120,165,1
Glucose,1 (+++),1000,mg/dL,125,119,55,27,143,125,126,121,163,1
Glucose,1 (+++),1000,mg/dL,134,124,49,26,162,134,131,122,169,1
Glucose,1 (+++),1000,mg/dL,126,113,52,25,150,126,122,125,163,1
Glucose,1 (+++),1000,mg/dL,131,122,53,27,152,131,129,122,166,1
Glucose,1 (+++),1000,mg/dL,128,119,50,27,155,128,126,122,166,1
Glucose,1 (+++),1000,mg/dL,137,112,54,21,154,137,124,130,163,1
Glucose,1 (+++),1000,mg/dL,137,118,52,23,158,137,128,127,166,1
Glucose,1 (+++),1000,mg/dL,128,117,58,25,139,128,125,124,162,1
Glucose,1 (+++),1000,mg/dL,120,124,47,32,158,124,128,115,169,1
Glucose,1 (+++),1000,mg/dL,128,116,55,25,145,128,124,124,163,1
Glucose,1 (+++),1000,mg/dL,123,120,61,29,129,123,126,120,161,1
Glucose,1 (+++),1000,mg/dL,124,119,50,28,152,124,125,120,166,1
Glucose,1 (+++),1000,mg/dL,131,118,50,25,158,131,126,124,167,1
Glucose,1 (+++),1000,mg/dL,131,125,52,28,154,131,131,120,168,1
Glucose,1 (+++),1000,mg/dL,132,113,49,23,160,132,123,127,166,1
Glucose,1 (+++),1000,mg/dL,131,124,54,27,150,131,131,121,166,1
Glucose,1 (+++),1000,mg/dL,128,118,48,26,159,128,126,122,167,1
Glucose,1 (+++),1000,mg/dL,131,122,51,27,156,131,129,122,167,1
Glucose,1 (+++),1000,mg/dL,127,119,51,27,153,127,126,122,166,1
Glucose,1 (+++),1000,mg/dL,129,126,52,29,152,129,132,119,168,1
Glucose,1 (+++),1000,mg/dL,128,115,56,25,143,128,124,125,162,1
Glucose,1 (+++),1000,mg/dL,128,115,58,24,139,128,124,125,161,1
Glucose,1 (+++),1000,mg/dL,135,116,46,24,168,135,126,127,168,1
Glucose,1 (+++),1000,mg/dL,133,115,56,23,148,133,125,127,163,1
Glucose,1 (+++),1000,mg/dL,121,122,48,30,155,122,127,117,167,1
Glucose,2 or more (++++),2000 or more,mg/dL,119,85,58,13,131,119,100,139,149,0
Glucose,2 or more (++++),2000 or more,mg/dL,122,85,54,14,142,122,101,140,152,1
Glucose,2 or more (++++),2000 or more,mg/dL,117,88,58,15,129,117,101,136,150,1
Glucose,2 or more (++++),2000 or more,mg/dL,121,93,52,18,145,121,106,134,156,1
Glucose,2 or more (++++),2000 or more,mg/dL,125,85,54,13,145,125,102,141,153,1
Glucose,2 or more (++++),2000 or more,mg/dL,114,84,62,13,116,114,98,138,146,1
Glucose,2 or more (++++),2000 or more,mg/dL,118,91,52,18,143,118,103,134,155,1
Glucose,2 or more (++++),2000 or more,mg/dL,119,80,59,11,129,119,97,142,147,1
Glucose,2 or more (++++),2000 or more,mg/dL,123,83,48,14,155,123,99,141,155,1
Glucose,2 or more (++++),2000 or more,mg/dL,120,87,60,14,128,120,102,138,149,1
Glucose,2 or more (++++),2000 or more,mg/dL,124,81,61,10,130,124,99,144,147,1
Glucose,2 or more (++++),2000 or more,mg/dL,124,78,59,9,134,124,97,145,147,1
Glucose,2 or more (++++),2000 or more,mg/dL,117,85,59,13,126,117,99,138,148,1
Glucose,2 or more (++++),2000 or more,mg/dL,117,82,58,12,129,117,97,140,148,1
Glucose,2 or more (++++),2000 or more,mg/dL,115,81,61,11,120,115,96,140,145,1
Glucose,2 or more (++++),2000 or more,mg/dL,114,88,60,16,121,114,101,135,148,1
Glucose,2 or more (++++),2000 or more,mg/dL,112,82,63,12,112,112,96,138,144,1
Glucose,2 or more (++++),2000 or more,mg/dL,115,83,60,13,122,115,97,138,147,1
Glucose,2 or more (++++),2000 or more,mg/dL,122,84,56,13,138,122,100,140,150,1
Glucose,2 or more (++++),2000 or more,mg/dL,125,92,62,14,129,125,107,138,150,1
Glucose,2 or more (++++),2000 or more,mg/dL,119,82,55,13,137,119,98,140,150,1
Glucose,2 or more (++++),2000 or more,mg/dL,121,87,64,12,120,121,102,139,147,1
Glucose,2 or more (++++),2000 or more,mg/dL,122,79,62,9,125,122,97,144,146,1
Glucose,2 or more (++++),2000 or more,mg/dL,115,83,59,13,124,115,97,138,147,1
Glucose,2 or more (++++),2000 or more,mg/dL,127,97,60,17,135,127,111,135,154,1
Glucose,2 or more (++++),2000 or more,mg/dL,118,87,62,13,121,118,101,138,148,1
Glucose,2 or more (++++),2000 or more,mg/dL,118,92,59,17,128,118,104,134,151,1
Glucose,2 or more (++++),2000 or more,mg/dL,121,88,60,14,129,121,103,138,150,1
Glucose,2 or more (++++),2000 or more,mg/dL,122,83,56,12,138,122,99,141,150,1
Glucose,2 or more (++++),2000 or more,mg/dL,115,87,61,14,120,115,100,136,148,1
Glucose,2 or more (++++),2000 or more,mg/dL,121,92,58,16,133,121,105,135,152,1
Glucose,2 or more (++++),2000 or more,mg/dL,122,81,56,11,138,122,98,142,150,1
Glucose,2 or more (++++),2000 or more,mg/dL,122,88,57,14,136,122,103,138,152,1
Glucose,2 or more (++++),2000 or more,mg/dL,119,79,57,11,133,119,96,142,148,1
Glucose,2 or more (++++),2000 or more,mg/dL,123,87,60,13,131,123,102,140,149,1
Glucose,2 or more (++++),2000 or more,mg/dL,119,85,55,14,137,119,100,138,151,1
Glucose,2 or more (++++),2000 or more,mg/dL,122,87,60,13,130,122,102,139,149,1
Glucose,2 or more (++++),2000 or more,mg/dL,117,76,62,8,120,117,93,144,143,1
Glucose,2 or more (++++),2000 or more,mg/dL,117,82,61,11,122,117,97,140,146,1
Glucose,2 or more (++++),2000 or more,mg/dL,117,89,60,15,124,117,102,135,149,1
Glucose,2 or more (++++),2000 or more,mg/dL,122,80,63,9,123,122,98,143,145,1
Glucose,2 or more (++++),2000 or more,mg/dL,120,84,59,12,130,120,99,140,149,1
Glucose,2 or more (++++),2000 or more,mg/dL,112,87,54,17,132,112,99,134,151,1
Glucose,2 or more (++++),2000 or more,mg/dL,114,79,62,10,116,114,94,141,144,1
Glucose,2 or more (++++),2000 or more,mg/dL,116,91,56,18,132,116,103,133,152,1
Glucose,2 or more (++++),2000 or more,mg/dL,112,81,63,11,112,112,95,138,144,1
Glucose,2 or more (++++),2000 or more,mg/dL,118,83,59,12,128,118,98,140,148,1
Glucose,2 or more (++++),2000 or more,mg/dL,121,89,64,13,120,121,103,138,147,1
Glucose,2 or more (++++),2000 or more,mg/dL,118,80,56,12,134,118,96,141,149,1
Glucose,2 or more (++++),2000 or more,mg/dL,120,81,54,12,140,120,97,141,150,1
Glucose,2 or more (++++),2000 or more,mg/dL,120,85,58,13,132,120,100,139,150,1
Glucose,2 or more (++++),2000 or more,mg/dL,116,84,54,15,136,116,98,137,151,1
Glucose,2 or more (++++),2000 or more,mg/dL,123,89,51,16,149,123,104,137,155,1
Glucose,2 or more (++++),2000 or more,mg/dL,115,79,55,12,133,115,94,140,148,1
Glucose,2 or more (++++),2000 or more,mg/dL,119,79,54,12,139,119,96,142,150,1
Glucose,2 or more (++++),2000 or more,mg/dL,115,86,58,15,126,115,99,136,149,1
Glucose,2 or more (++++),2000 or more,mg/dL,116,86,56,15,132,116,99,136,150,1
Glucose,2 or more (++++),2000 or more,mg/dL,118,92,63,16,119,118,105,135,149,1
Glucose,2 or more (++++),2000 or more,mg/dL,114,88,61,15,119,114,101,135,148,1
Glucose,2 or more (++++),2000 or more,mg/dL,114,88,64,14,112,114,101,135,146,1
Glucose,2 or more (++++),2000 or more,mg/dL,115,81,62,11,118,115,96,140,145,1
Glucose,2 or more (++++),2000 or more,mg/dL,120,87,59,14,130,120,102,138,150,1
Glucose,2 or more (++++),2000 or more,mg/dL,121,80,62,9,124,121,97,143,146,1
Glucose,2 or more (++++),2000 or more,mg/dL,124,84,58,12,136,124,101,142,150,1
Glucose,2 or more (++++),2000 or more,mg/dL,113,87,60,15,120,113,99,135,148,1
Glucose,2 or more (++++),2000 or more,mg/dL,119,89,57,15,133,119,103,136,151,1
Glucose,2 or more (++++),2000 or more,mg/dL,121,81,58,11,133,121,98,142,148,1
Glucose,2 or more (++++),2000 or more,mg/dL,118,86,57,14,132,118,100,137,150,1
Glucose,2 or more (++++),2000 or more,mg/dL,118,88,56,15,134,118,102,136,151,1
Glucose,2 or more (++++),2000 or more,mg/dL,113,92,64,17,111,113,103,132,147,1
Glucose,2 or more (++++),2000 or more,mg/dL,114,88,56,17,130,114,100,134,150,1
Glucose,2 or more (++++),2000 or more,mg/dL,120,86,57,14,134,120,101,138,150,1
Glucose,2 or more (++++),2000 or more,mg/dL,116,82,54,14,136,116,97,139,150,1
Glucose,2 or more (++++),2000 or more,mg/dL,116,85,55,15,134,116,99,137,150,1
Glucose,2 or more (++++),2000 or more,mg/dL,122,91,56,16,138,122,105,136,153,1
Glucose,2 or more (++++),2000 or more,mg/dL,120,87,60,14,128,120,102,138,149,1
Glucose,2 or more (++++),2000 or more,mg/dL,119,88,60,14,126,119,102,137,149,1
Glucose,2 or more (++++),2000 or more,mg/dL,114,88,62,15,116,114,101,135,147,1
Glucose,2 or more (++++),2000 or more,mg/dL,116,85,61,13,121,116,99,138,147,1
Glucose,2 or more (++++),2000 or more,mg/dL,118,89,67,13,110,118,103,137,145,1
Glucose,2 or more (++++),2000 or more,mg/dL,116,79,59,11,125,116,95,141,146,1
Glucose,2 or more (++++),2000 or more,mg/dL,122,84,64,10,121,122,100,141,146,1
Glucose,2 or more (++++),2000 or more,mg/dL,114,88,56,17,130,114,100,134,150,1
Glucose,2 or more (++++),2000 or more,mg/dL,126,93,55,16,144,126,107,137,155,1
Glucose,2 or more (++++),2000 or more,mg/dL,117,88,56,16,133,117,101,136,151,1
Glucose,2 or more (++++),2000 or more,mg/dL,119,85,50,15,148,119,99,138,154,1
Glucose,2 or more (++++),2000 or more,mg/dL,119,82,56,12,135,119,98,140,149,1
Glucose,2 or more (++++),2000 or more,mg/dL,125,80,61,9,131,125,99,145,147,1
Glucose,2 or more (++++),2000 or more,mg/dL,118,84,61,12,123,118,99,139,147,1
Glucose,2 or more (++++),2000 or more,mg/dL,120,87,62,13,123,120,102,138,148,1
Glucose,2 or more (++++),2000 or more,mg/dL,118,83,54,14,138,118,98,139,151,1
Glucose,2 or more (++++),2000 or more,mg/dL,116,97,63,19,117,116,108,131,150,1
Glucose,2 or more (++++),2000 or more,mg/dL,114,80,60,11,121,114,95,139,146,1
Glucose,2 or more (++++),2000 or more,mg/dL,121,87,57,14,135,121,102,138,151,1
Glucose,2 or more (++++),2000 or more,mg/dL,118,86,58,14,130,118,100,137,150,1
Glucose,2 or more (++++),2000 or more,mg/dL,110,84,55,16,127,110,96,135,149,1
Glucose,2 or more (++++),2000 or more,mg/dL,120,97,59,19,130,120,109,132,153,1
Glucose,2 or more (++++),2000 or more,mg/dL,118,89,60,15,125,118,102,136,149,1
Glucose,2 or more (++++),2000 or more,mg/dL,121,87,66,11,116,121,102,139,146,1
Glucose,2 or more (++++),2000 or more,mg/dL,114,87,54,17,134,114,99,135,151,1
Glucose,2 or more (++++),2000 or more,mg/dL,121,81,56,12,137,121,98,142,149,1
Glucose,2 or more (++++),2000 or more,mg/dL,118,89,62,14,121,118,103,136,148,1
Glucose,2 or more (++++),2000 or more,mg/dL,114,85,55,15,132,114,98,136,150,1
Glucose,2 or more (++++),2000 or more,mg/dL,114,84,57,14,128,114,97,137,149,1
Glucose,2 or more (++++),2000 or more,mg/dL,129,87,52,14,152,129,104,142,155,1
Glucose,2 or more (++++),2000 or more,mg/dL,117,89,66,14,111,117,102,136,146,1
Glucose,2 or more (++++),2000 or more,mg/dL,113,77,65,8,108,113,93,142,141,1
Glucose,2 or more (++++),2000 or more,mg/dL,121,82,60,11,129,121,99,141,148,1
Glucose,2 or more (++++),2000 or more,mg/dL,108,85,59,16,116,108,97,134,147,1
Glucose,2 or more (++++),2000 or more,mg/dL,123,81,58,11,135,123,98,143,149,1
Glucose,2 or more (++++),2000 or more,mg/dL,115,86,54,16,135,115,99,136,151,1
Glucose,2 or more (++++),2000 or more,mg/dL,117,81,61,11,122,117,97,141,146,1
Glucose,2 or more (++++),2000 or more,mg/dL,122,84,58,12,134,122,100,141,150,1
Glucose,2 or more (++++),2000 or more,mg/dL,113,84,58,14,124,113,97,137,148,1
Glucose,2 or more (++++),2000 or more,mg/dL,129,81,64,8,128,129,101,146,146,1
Glucose,2 or more (++++),2000 or more,mg/dL,123,86,65,11,120,123,102,140,146,1
Glucose,2 or more (++++),2000 or more,mg/dL,120,87,58,14,132,120,101,138,150,1
Glucose,2 or more (++++),2000 or more,mg/dL,124,89,55,15,142,124,104,138,153,1
Glucose,2 or more (++++),2000 or more,mg/dL,114,84,55,15,132,114,97,137,150,1
Glucose,2 or more (++++),2000 or more,mg/dL,119,90,56,16,135,119,103,135,152,1
Glucose,2 or more (++++),2000 or more,mg/dL,119,85,61,12,124,119,100,139,147,1
Glucose,2 or more (++++),2000 or more,mg/dL,110,83,59,14,118,110,96,136,146,1
Glucose,2 or more (++++),2000 or more,mg/dL,124,83,50,13,152,124,100,141,154,1
Glucose,2 or more (++++),2000 or more,mg/dL,121,82,53,13,143,121,98,141,151,1
Glucose,2 or more (++++),2000 or more,mg/dL,117,84,56,14,133,117,98,138,150,1
Glucose,2 or more (++++),2000 or more,mg/dL,110,89,63,17,109,110,100,133,146,1
Glucose,2 or more (++++),2000 or more,mg/dL,122,80,57,11,136,122,97,143,149,1
Glucose,2 or more (++++),2000 or more,mg/dL,119,87,61,13,124,119,101,138,148,1
Glucose,2 or more (++++),2000 or more,mg/dL,116,85,60,13,123,116,99,138,148,1
Glucose,2 or more (++++),2000 or more,mg/dL,125,88,61,13,131,125,104,140,150,1
Glucose,2 or more (++++),2000 or more,mg/dL,119,91,60,16,126,119,104,135,150,1
Glucose,2 or more (++++),2000 or more,mg/dL,116,91,61,16,121,116,103,134,149,1
Glucose,2 or more (++++),2000 or more,mg/dL,117,83,59,12,126,117,98,139,148,1
Glucose,2 or more (++++),2000 or more,mg/dL,121,86,59,13,131,121,101,139,150,1
Glucose,2 or more (++++),2000 or more,mg/dL,126,89,59,13,136,126,105,139,151,1
Glucose,2 or more (++++),2000 or more,mg/dL,123,81,60,10,131,123,99,143,148,1
Glucose,2 or more (++++),2000 or more,mg/dL,126,84,55,12,144,126,101,142,152,1
Glucose,2 or more (++++),2000 or more,mg/dL,116,81,55,13,134,116,96,139,149,1
Glucose,2 or more (++++),2000 or more,mg/dL,118,79,58,11,130,118,95,142,147,1
Glucose,2 or more (++++),2000 or more,mg/dL,123,81,64,9,122,123,99,143,145,1
Glucose,2 or more (++++),2000 or more,mg/dL,121,89,55,15,139,121,103,137,153,1
Glucose,2 or more (++++),2000 or more,mg/dL,122,81,62,10,125,122,98,143,146,1
Glucose,2 or more (++++),2000 or more,mg/dL,120,87,53,15,142,120,101,138,153,1
Glucose,2 or more (++++),2000 or more,mg/dL,115,87,54,16,135,115,100,135,152,1
Glucose,2 or more (++++),2000 or more,mg/dL,121,80,61,10,126,121,97,143,146,1
Glucose,2 or more (++++),2000 or more,mg/dL,114,87,61,15,119,114,100,135,147,1
Glucose,2 or more (++++),2000 or more,mg/dL,116,87,59,15,125,116,100,136,149,1
Glucose,2 or more (++++),2000 or more,mg/dL,117,81,50,14,146,117,96,139,152,1
Glucose,2 or more (++++),2000 or more,mg/dL,120,79,58,10,132,120,96,143,148,1
Glucose,2 or more (++++),2000 or more,mg/dL,118,88,57,15,132,118,102,136,151,1
Protein,Negative,0,mg/dL,220,233,118,33,126,233,228,108,182,0
Protein,Negative,0,mg/dL,219,236,119,34,126,236,230,106,182,1
Protein,Negative,0,mg/dL,221,235,112,33,133,235,229,106,185,1
Protein,Negative,0,mg/dL,223,235,114,33,131,235,230,107,185,1
Protein,Negative,0,mg/dL,219,233,117,34,127,233,228,107,182,1
Protein,Negative,0,mg/dL,221,239,122,35,125,239,232,105,182,1
Protein,Negative,0,mg/dL,215,235,123,35,122,235,228,105,180,1
Protein,Negative,0,mg/dL,222,237,126,34,119,237,231,107,180,1
Protein,Negative,0,mg/dL,224,234,122,33,122,234,229,109,181,1
Protein,Negative,0,mg/dL,221,233,117,33,127,233,228,108,182,1
Protein,Negative,0,mg/dL,226,230,124,31,118,230,227,112,179,1
Protein,Negative,0,mg/dL,222,227,119,31,121,227,224,111,180,1
Protein,Negative,0,mg/dL,212,236,122,36,123,236,229,103,180,1
Protein,Negative,0,mg/dL,218,233,126,34,117,233,228,108,178,1
Protein,Negative,0,mg/dL,218,229,124,33,117,229,225,109,178,1
Protein,Negative,0,mg/dL,228,233,122,31,121,233,230,111,181,1
Protein,Negative,0,mg/dL,225,230,116,31,126,230,227,111,182,1
Protein,Negative,0,mg/dL,225,240,120,34,128,240,234,106,184,1
Protein,Negative,0,mg/dL,216,241,116,36,132,241,233,102,185,1
Protein,Negative,0,mg/dL,219,234,124,34,120,234,229,107,179,1
Protein,Negative,0,mg/dL,223,235,120,33,125,235,230,108,182,1
Protein,Negative,0,mg/dL,220,235,108,34,138,235,229,106,187,1
Protein,Negative,0,mg/dL,219,234,113,34,132,234,228,106,184,1
Protein,Negative,0,mg/dL,222,232,125,33,118,232,228,109,179,1
Protein,Negative,0,mg/dL,226,231,117,31,126,231,228,111,182,1
Protein,Negative,0,mg/dL,220,231,119,33,124,231,227,109,181,1
Protein,Negative,0,mg/dL,217,228,120,33,121,228,224,109,179,1
Protein,Negative,0,mg/dL,223,230,122,32,120,230,227,111,179,1
Protein,Negative,0,mg/dL,217,234,121,34,123,234,228,106,181,1
Protein,Negative,0,mg/dL,220,235,116,34,129,235,229,106,183,1
Protein,Negative,0,mg/dL,219,232,115,33,129,232,227,107,183,1
Protein,Negative,0,mg/dL,219,227,116,32,125,227,224,110,181,1
Protein,Negative,0,mg/dL,219,232,117,33,126,232,227,108,182,1
Protein,Negative,0,mg/dL,220,235,121,34,124,235,229,107,181,1
Protein,Negative,0,mg/dL,217,228,114,33,128,228,224,108,182,1
Protein,Negative,0,mg/dL,218,232,115,34,129,232,227,107,183,1
Protein,Negative,0,mg/dL,215,231,119,34,124,231,226,107,180,1
Protein,Negative,0,mg/dL,222,231,116,32,127,231,227,109,182,1
Protein,Negative,0,mg/dL,216,233,115,34,129,233,227,106,183,1
Protein,Negative,0,mg/dL,222,226,117,31,123,226,223,112,180,1
Protein,Negative,0,mg/dL,221,234,129,34,114,234,229,108,177,1
Protein,Negative,0,mg/dL,221,229,118,32,124,229,225,110,181,1
Protein,Negative,0,mg/dL,213,233,115,35,129,233,226,105,183,1
Protein,Negative,0,mg/dL,224,231,118,32,125,231,227,110,182,1
Protein,Negative,0,mg/dL,217,240,117,36,131,240,232,103,184,1
Protein,Negative,0,mg/dL,227,236,120,32,125,236,231,109,183,1
Protein,Negative,0,mg/dL,221,235,110,33,136,235,229,106,186,1
Protein,Negative,0,mg/dL,219,236,118,34,128,236,230,106,183,1
Protein,Negative,0,mg/dL,214,233,125,35,118,233,227,106,178,1
Protein,Negative,0,mg/dL,225,233,122,32,121,233,229,110,181,1
Protein,Negative,0,mg/dL,219,226,114,32,126,226,223,110,181,1
Protein,Negative,0,mg/dL,226,232,117,32,126,232,228,110,183,1
Protein,Negative,0,mg/dL,219,241,125,36,123,241,233,104,181,1
Protein,Negative,0,mg/dL,229,232,119,31,124,232,229,112,182,1
Protein,Negative,0,mg/dL,214,239,113,36,134,239,231,102,185,1
Protein,Negative,0,mg/dL,221,229,116,32,126,229,225,110,182,1
Protein,Negative,0,mg/dL,217,231,116,34,127,231,226,107,182,1
Protein,Negative,0,mg/dL,218,236,114,34,132,236,229,105,184,1
Protein,Negative,0,mg/dL,221,238,116,34,131,238,231,105,184,1
Protein,Negative,0,mg/dL,217,232,123,34,120,232,227,107,179,1
Protein,Negative,0,mg/dL,221,231,120,33,123,231,227,109,180,1
Protein,Negative,0,mg/dL,216,236,120,35,125,236,229,105,182,1
Protein,Negative,0,mg/dL,219,230,114,33,129,230,226,108,183,1
Protein,Negative,0,mg/dL,222,238,115,34,132,238,232,106,185,1
Protein,Negative,0,mg/dL,222,225,116,31,124,225,223,112,181,1
Protein,Negative,0,mg/dL,220,229,114,32,128,229,225,109,182,1
Protein,Negative,0,mg/dL,217,234,117,34,128,234,228,106,182,1
Protein,Negative,0,mg/dL,211,225,116,34,124,225,221,108,179,1
Protein,Negative,0,mg/dL,222,222,116,30,122,222,221,114,180,1
Protein,Negative,0,mg/dL,218,239,116,35,131,239,232,104,184,1
Protein,Negative,0,mg/dL,222,234,109,33,136,234,229,107,186,1
Protein,Negative,0,mg/dL,223,234,120,33,124,234,229,108,182,1
Protein,Negative,0,mg/dL,236,225,125,27,120,236,226,119,178,1
Protein,Negative,0,mg/dL,219,234,118,34,126,234,228,107,182,1
Protein,Negative,0,mg/dL,218,231,119,33,124,231,226,108,181,1
Protein,Negative,0,mg/dL,214,236,116,36,130,236,229,104,183,1
Protein,Negative,0,mg/dL,215,231,123,34,119,231,226,107,178,1
Protein,Negative,0,mg/dL,218,234,115,34,130,234,228,106,183,1
Protein,Negative,0,mg/dL,223,236,125,34,120,236,231,108,180,1
Protein,Negative,0,mg/dL,219,236,118,34,128,236,230,106,183,1
Protein,Negative,0,mg/dL,225,230,121,31,121,230,227,111,180,1
Protein,Negative,0,mg/dL,219,233,118,34,126,233,228,107,182,1
Protein,Negative,0,mg/dL,221,233,119,33,125,233,228,108,182,1
Protein,Negative,0,mg/dL,226,237,121,33,125,237,232,108,182,1
Protein,Negative,0,mg/dL,218,229,122,33,119,229,225,109,179,1
Protein,Negative,0,mg/dL,224,239,116,34,131,239,233,106,185,1
Protein,Negative,0,mg/dL,219,226,116,32,124,226,223,110,181,1
Protein,Negative,0,mg/dL,224,231,121,32,121,231,227,110,180,1
Protein,Negative,0,mg/dL,219,234,113,34,132,234,228,106,184,1
Protein,Negative,0,mg/dL,220,221,117,30,120,221,220,113,179,1
Protein,Negative,0,mg/dL,213,238,121,36,125,238,230,103,181,1
Protein,Negative,0,mg/dL,222,239,114,34,133,239,232,105,186,1
Protein,Negative,0,mg/dL,227,237,117,33,129,237,232,108,184,1
Protein,Negative,0,mg/dL,225,229,115,31,127,229,226,111,182,1
Protein,Negative,0,mg/dL,218,231,114,33,129,231,226,107,183,1
Protein,Negative,0,mg/dL,225,232,119,32,124,232,228,110,182,1
Protein,Negative,0,mg/dL,218,226,119,32,121,226,223,110,179,1
Protein,Negative,0,mg/dL,212,233,113,35,131,233,226,104,183,1
Protein,Negative,0,mg/dL,228,237,118,32,128,237,232,109,184,1
Protein,Negative,0,mg/dL,225,230,120,31,122,230,227,111,181,1
Protein,Negative,0,mg/dL,221,234,123,34,121,234,229,108,180,1
Protein,Negative,0,mg/dL,223,234,111,33,134,234,229,108,186,1
Protein,Negative,0,mg/dL,216,233,118,34,126,233,227,106,181,1
Protein,Negative,0,mg/dL,215,243,124,37,125,243,234,101,182,1
Protein,Negative,0,mg/dL,222,233,117,33,127,233,228,108,183,1
Protein,Negative,0,mg/dL,216,233,119,34,125,233,227,106,181,1
Protein,Negative,0,mg/dL,215,234,117,35,128,234,228,105,182,1
Protein,Negative,0,mg/dL,212,230,116,35,126,230,224,106,181,1
Protein,Negative,0,mg/dL,228,235,113,32,132,235,231,109,186,1
Protein,Negative,0,mg/dL,222,227,122,31,118,227,224,112,178,1
Protein,Negative,0,mg/dL,218,233,123,34,120,233,228,107,179,1
Protein,Negative,0,mg/dL,215,227,116,33,125,227,223,108,180,1
Protein,Negative,0,mg/dL,224,227,107,31,135,227,224,111,185,1
Protein,Negative,0,mg/dL,218,235,123,35,122,235,229,106,180,1
Protein,Negative,0,mg/dL,218,231,123,34,119,231,226,108,179,1
Protein,Negative,0,mg/dL,213,231,119,35,124,231,225,106,180,1
Protein,Negative,0,mg/dL,222,231,118,32,125,231,227,109,181,1
Protein,Negative,0,mg/dL,210,230,120,35,122,230,224,105,179,1
Protein,Negative,0,mg/dL,216,233,120,34,124,233,227,106,181,1
Protein,Negative,0,mg/dL,219,234,114,34,131,234,228,106,184,1
Protein,Negative,0,mg/dL,219,235,119,34,126,235,229,106,182,1
Protein,Negative,0,mg/dL,218,234,121,34,123,234,228,107,181,1
Protein,Negative,0,mg/dL,212,238,117,36,130,238,230,102,183,1
Protein,Negative,0,mg/dL,222,238,113,34,134,238,231,106,186,1
Protein,Negative,0,mg/dL,217,232,115,34,129,232,227,107,183,1
Protein,Negative,0,mg/dL,227,230,116,31,126,230,227,112,183,1
Protein,Negative,0,mg/dL,221,228,116,32,125,228,225,110,181,1
Protein,Negative,0,mg/dL,221,232,118,33,125,232,227,108,182,1
Protein,Negative,0,mg/dL,218,227,119,33,121,227,223,110,179,1
Protein,Negative,0,mg/dL,227,233,119,32,125,233,229,110,182,1
Protein,Negative,0,mg/dL,223,228,125,31,115,228,225,112,177,1
Protein,Negative,0,mg/dL,221,240,115,35,133,240,233,104,186,1
Protein,Negative,0,mg/dL,227,236,120,32,125,236,231,109,183,1
Protein,Negative,0,mg/dL,221,232,123,33,120,232,228,109,179,1
Protein,Negative,0,mg/dL,221,225,114,31,126,225,223,112,181,1
Protein,Negative,0,mg/dL,219,234,118,34,126,234,228,107,182,1
Protein,Negative,0,mg/dL,225,225,119,30,120,225,223,114,179,1
Protein,Negative,0,mg/dL,213,236,118,36,128,236,229,103,182,1
Protein,Negative,0,mg/dL,222,230,123,32,119,230,226,110,179,1
Protein,Negative,0,mg/dL,224,235,117,33,128,235,230,108,183,1
Protein,Negative,0,mg/dL,222,230,121,32,121,230,226,110,180,1
Protein,Negative,0,mg/dL,227,237,115,32,131,237,232,108,185,1
Protein,Negative,0,mg/dL,221,228,120,32,121,228,225,111,179,1
Protein,Negative,0,mg/dL,222,226,113,31,128,226,223,111,182,1
Protein,Negative,0,mg/dL,219,232,113,33,131,232,227,107,184,1
Protein,Negative,0,mg/dL,222,234,117,33,128,234,229,108,183,1
Protein,Negative,0,mg/dL,217,237,125,35,121,237,230,105,180,1
Protein,Negative,0,mg/dL,218,231,120,34,123,231,226,108,180,1
Protein,Negative,0,mg/dL,219,232,121,34,122,232,227,108,180,1
Protein,Negative,0,mg/dL,212,238,118,37,129,238,230,102,183,1
Protein,Trace,Trace,mg/dL,186,211,109,37,123,211,206,104,175,0
Protein,Trace,Trace,mg/dL,184,211,109,38,123,211,206,103,175,1
Protein,Trace,Trace,mg/dL,179,217,109,41,127,217,209,99,177,1
Protein,Trace,Trace,mg/dL,188,215,105,37,130,215,209,103,179,1
Protein,Trace,Trace,mg/dL,188,210,112,37,119,210,206,106,174,1
Protein,Trace,Trace,mg/dL,177,211,107,40,126,211,205,100,175,1
Protein,Trace,Trace,mg/dL,188,213,106,37,128,213,208,104,178,1
Protein,Trace,Trace,mg/dL,183,211,105,38,128,211,206,103,177,1
Protein,Trace,Trace,mg/dL,189,210,97,36,137,210,206,105,181,1
Protein,Trace,Trace,mg/dL,185,207,102,36,129,207,203,105,177,1
Protein,Trace,Trace,mg/dL,181,211,114,39,117,211,206,103,173,1
Protein,Trace,Trace,mg/dL,187,209,111,37,120,209,205,106,174,1
Protein,Trace,Trace,mg/dL,184,208,104,37,128,208,204,104,177,1
Protein,Trace,Trace,mg/dL,179,209,110,39,121,209,204,103,174,1
Protein,Trace,Trace,mg/dL,186,209,105,37,127,209,205,105,177,1
Protein,Trace,Trace,mg/dL,188,206,112,36,116,206,203,108,172,1
Protein,Trace,Trace,mg/dL,182,208,103,37,129,208,203,103,177,1
Protein,Trace,Trace,mg/dL,184,215,111,39,123,215,209,102,176,1
Protein,Trace,Trace,mg/dL,190,213,105,36,129,213,208,104,178,1
Protein,Trace,Trace,mg/dL,185,208,114,37,115,208,204,106,172,1
Protein,Trace,Trace,mg/dL,181,215,113,40,121,215,208,101,174,1
Protein,Trace,Trace,mg/dL,193,209,112,35,118,209,206,108,174,1
Protein,Trace,Trace,mg/dL,195,209,103,34,129,209,206,108,178,1
Protein,Trace,Trace,mg/dL,178,214,101,40,135,214,207,99,179,1
Protein,Trace,Trace,mg/dL,185,213,110,38,123,213,207,103,175,1
Protein,Trace,Trace,mg/dL,188,212,114,37,118,212,207,105,174,1
Protein,Trace,Trace,mg/dL,182,208,106,38,125,208,203,104,175,1
Protein,Trace,Trace,mg/dL,189,215,111,38,123,215,210,104,176,1
Protein,Trace,Trace,mg/dL,191,206,116,35,111,206,204,109,171,1
Protein,Trace,Trace,mg/dL,192,214,116,37,117,214,210,106,174,1
Protein,Trace,Trace,mg/dL,179,209,106,39,126,209,204,102,175,1
Protein,Trace,Trace,mg/dL,189,207,112,36,117,207,204,108,173,1
Protein,Trace,Trace,mg/dL,191,214,110,37,124,214,209,105,176,1
Protein,Trace,Trace,mg/dL,182,208,114,38,115,208,204,105,172,1
Protein,Trace,Trace,mg/dL,189,211,107,36,126,211,207,105,177,1
Protein,Trace,Trace,mg/dL,178,207,117,40,111,207,202,104,169,1
Protein,Trace,Trace,mg/dL,181,212,113,39,119,212,206,102,173,1
Protein,Trace,Trace,mg/dL,181,212,113,39,119,212,206,102,173,1
Protein,Trace,Trace,mg/dL,186,222,102,39,138,222,214,98,182,1
Protein,Trace,Trace,mg/dL,190,210,112,36,119,210,206,106,174,1
Protein,Trace,Trace,mg/dL,188,208,110,36,120,208,204,107,174,1
Protein,Trace,Trace,mg/dL,179,213,110,40,123,213,206,101,175,1
Protein,Trace,Trace,mg/dL,189,215,110,37,125,215,210,103,177,1
Protein,Trace,Trace,mg/dL,187,207,106,36,124,207,204,106,176,1
Protein,Trace,Trace,mg/dL,191,217,108,37,128,217,211,103,178,1
Protein,Trace,Trace,mg/dL,186,207,114,37,115,207,204,107,172,1
Protein,Trace,Trace,mg/dL,189,219,105,38,133,219,212,101,180,1
Protein,Trace,Trace,mg/dL,184,212,112,38,120,212,207,103,174,1
Protein,Trace,Trace,mg/dL,185,208,113,37,116,208,204,106,172,1
Protein,Trace,Trace,mg/dL,189,207,114,36,115,207,204,108,172,1
Protein,Trace,Trace,mg/dL,191,212,109,36,124,212,208,106,176,1
Protein,Trace,Trace,mg/dL,188,208,109,36,121,208,204,106,175,1
Protein,Trace,Trace,mg/dL,177,215,103,40,133,215,207,98,179,1
Protein,Trace,Trace,mg/dL,192,210,108,35,124,210,207,107,176,1
Protein,Trace,Trace,mg/dL,183,210,115,39,115,210,205,104,172,1
Protein,Trace,Trace,mg/dL,176,216,110,41,125,216,208,98,176,1
Protein,Trace,Trace,mg/dL,181,207,116,39,112,207,203,105,170,1
Protein,Trace,Trace,mg/dL,182,206,114,38,114,206,202,106,171,1
Protein,Trace,Trace,mg/dL,187,207,110,36,119,207,204,107,174,1
Protein,Trace,Trace,mg/dL,182,215,113,40,121,215,208,101,174,1
Protein,Trace,Trace,mg/dL,188,212,116,38,115,212,207,105,173,1
Protein,Trace,Trace,mg/dL,186,206,111,36,118,206,203,107,173,1
Protein,Trace,Trace,mg/dL,194,207,108,34,122,207,205,109,175,1
Protein,Trace,Trace,mg/dL,188,211,105,37,128,211,206,105,177,1
Protein,Trace,Trace,mg/dL,190,220,110,38,127,220,213,101,178,1
Protein,Trace,Trace,mg/dL,182,205,110,37,118,205,201,106,172,1
Protein,Trace,Trace,mg/dL,190,213,109,37,125,213,208,105,176,1
Protein,Trace,Trace,mg/dL,184,207,112,37,117,207,203,106,172,1
Protein,Trace,Trace,mg/dL,190,205,115,35,112,205,203,109,171,1
Protein,Trace,Trace,mg/dL,188,217,104,38,133,217,211,102,180,1
Protein,Trace,Trace,mg/dL,181,210,111,39,120,210,205,103,174,1
Protein,Trace,Trace,mg/dL,193,214,108,36,126,214,210,105,178,1
Protein,Trace,Trace,mg/dL,182,216,105,39,131,216,209,100,178,1
Protein,Trace,Trace,mg/dL,193,210,115,35,115,210,207,108,173,1
Protein,Trace,Trace,mg/dL,189,210,107,36,125,210,206,106,176,1
Protein,Trace,Trace,mg/dL,185,213,109,38,125,213,207,103,176,1
Protein,Trace,Trace,mg/dL,184,210,109,38,123,210,205,104,175,1
Protein,Trace,Trace,mg/dL,177,213,105,40,129,213,206,99,177,1
Protein,Trace,Trace,mg/dL,181,204,102,37,128,204,200,105,176,1
Protein,Trace,Trace,mg/dL,181,208,117,39,112,208,204,105,170,1
Protein,Trace,Trace,mg/dL,184,212,111,38,121,212,207,103,175,1
Protein,Trace,Trace,mg/dL,187,211,104,37,129,211,206,104,178,1
Protein,Trace,Trace,mg/dL,192,218,102,37,136,218,212,102,181,1
Protein,Trace,Trace,mg/dL,182,210,105,38,128,210,205,103,177,1
Protein,Trace,Trace,mg/dL,188,208,118,37,110,208,205,107,170,1
Protein,Trace,Trace,mg/dL,191,212,113,36,119,212,208,106,174,1
Protein,Trace,Trace,mg/dL,190,209,106,36,126,209,205,106,176,1
Protein,Trace,Trace,mg/dL,186,214,110,38,124,214,208,103,176,1
Protein,Trace,Trace,mg/dL,180,208,109,38,121,208,203,103,174,1
Protein,Trace,Trace,mg/dL,186,219,103,39,135,219,212,100,181,1
Protein,Trace,Trace,mg/dL,188,217,118,39,116,217,211,103,173,1
Protein,Trace,Trace,mg/dL,184,213,111,39,122,213,207,103,175,1
Protein,Trace,Trace,mg/dL,187,211,111,37,121,211,206,105,175,1
Protein,Trace,Trace,mg/dL,176,214,110,41,124,214,207,99,175,1
Protein,Trace,Trace,mg/dL,185,219,106,39,132,219,212,100,179,1
Protein,Trace,Trace,mg/dL,184,219,106,39,132,219,211,99,179,1
Protein,Trace,Trace,mg/dL,184,210,112,38,119,210,205,104,173,1
Protein,Trace,Trace,mg/dL,187,206,107,36,123,206,203,107,175,1
Protein,Trace,Trace,mg/dL,184,211,111,38,121,211,206,104,174,1
Protein,Trace,Trace,mg/dL,188,204,113,35,114,204,202,109,171,1
Protein,Trace,Trace,mg/dL,187,217,111,38,125,217,211,102,177,1
Protein,Trace,Trace,mg/dL,190,213,114,37,119,213,208,105,174,1
Protein,Trace,Trace,mg/dL,188,211,118,37,112,211,207,106,171,1
Protein,Trace,Trace,mg/dL,190,213,104,36,130,213,208,104,179,1
Protein,Trace,Trace,mg/dL,181,212,110,39,123,212,206,102,175,1
Protein,Trace,Trace,mg/dL,184,212,115,39,117,212,207,103,173,1
Protein,Trace,Trace,mg/dL,189,206,109,35,120,206,203,108,174,1
Protein,Trace,Trace,mg/dL,183,209,107,38,124,209,204,104,175,1
Protein,Trace,Trace,mg/dL,184,206,108,37,121,206,202,106,174,1
Protein,Trace,Trace,mg/dL,184,199,117,35,105,199,198,110,167,1
Protein,Trace,Trace,mg/dL,190,209,109,36,122,209,206,107,175,1
Protein,Trace,Trace,mg/dL,181,218,117,41,118,218,211,100,174,1
Protein,Trace,Trace,mg/dL,187,215,110,38,125,215,209,103,176,1
Protein,Trace,Trace,mg/dL,181,209,110,38,121,209,204,103,174,1
Protein,Trace,Trace,mg/dL,184,210,109,38,123,210,205,104,175,1
Protein,Trace,Trace,mg/dL,186,211,105,37,128,211,206,104,177,1
Protein,Trace,Trace,mg/dL,183,206,113,37,115,206,202,106,171,1
Protein,Trace,Trace,mg/dL,178,216,115,41,119,216,209,99,173,1
Protein,Trace,Trace,mg/dL,185,201,108,35,118,201,199,109,172,1
Protein,Trace,Trace,mg/dL,186,207,107,36,123,207,203,106,175,1
Protein,Trace,Trace,mg/dL,192,214,105,36,130,214,209,105,179,1
Protein,Trace,Trace,mg/dL,180,210,108,39,124,210,204,102,175,1
Protein,Trace,Trace,mg/dL,188,209,111,36,120,209,205,106,174,1
Protein,Trace,Trace,mg/dL,194,214,109,36,125,214,210,106,177,1
Protein,Trace,Trace,mg/dL,185,210,114,38,117,210,206,105,173,1
Protein,Trace,Trace,mg/dL,183,211,109,38,123,211,206,103,175,1
Protein,Trace,Trace,mg/dL,184,206,110,37,119,206,202,106,173,1
Protein,Trace,Trace,mg/dL,186,213,107,38,127,213,208,103,177,1
Protein,Trace,Trace,mg/dL,191,207,116,35,112,207,205,109,171,1
Protein,Trace,Trace,mg/dL,179,213,111,40,122,213,206,101,174,1
Protein,Trace,Trace,mg/dL,183,213,114,39,119,213,207,103,173,1
Protein,Trace,Trace,mg/dL,177,213,99,39,136,213,206,99,180,1
Protein,Trace,Trace,mg/dL,182,218,107,40,130,218,210,99,178,1
Protein,Trace,Trace,mg/dL,181,210,117,39,113,210,205,104,171,1
Protein,Trace,Trace,mg/dL,179,207,115,39,113,207,202,104,170,1
Protein,Trace,Trace,mg/dL,193,211,104,35,129,211,207,106,178,1
Protein,Trace,Trace,mg/dL,194,217,112,37,123,217,212,105,177,1
Protein,Trace,Trace,mg/dL,183,211,108,38,124,211,206,103,176,1
Protein,Trace,Trace,mg/dL,187,217,113,39,122,217,211,102,176,1
Protein,Trace,Trace,mg/dL,182,217,110,40,126,217,210,100,177,1
Protein,Trace,Trace,mg/dL,189,217,105,37,132,217,211,102,179,1
Protein,Trace,Trace,mg/dL,186,209,103,37,129,209,205,105,177,1
Protein,Trace,Trace,mg/dL,187,221,102,39,137,221,213,99,182,1
Protein,Trace,Trace,mg/dL,186,214,109,38,125,214,208,103,176,1
Protein,Trace,Trace,mg/dL,186,206,110,36,119,206,203,107,173,1
Protein,Trace,Trace,mg/dL,183,202,114,36,111,202,200,108,170,1
Protein,Trace,Trace,mg/dL,190,211,110,36,122,211,207,106,175,1
Protein,Trace,Trace,mg/dL,190,212,113,37,119,212,208,106,174,1
Protein,Trace,Trace,mg/dL,185,216,110,39,125,216,210,101,177,1
Protein,Trace,Trace,mg/dL,187,206,110,36,119,206,203,107,173,1
Protein,Small (+),30,mg/dL,165,193,119,41,98,193,190,106,162,0
Protein,Small (+),30,mg/dL,162,190,116,41,99,190,187,106,162,1
Protein,Small (+),30,mg/dL,161,201,124,46,98,201,195,101,162,1
Protein,Small (+),30,mg/dL,173,188,119,37,94,188,188,112,161,1
Protein,Small (+),30,mg/dL,160,190,115,42,101,190,187,105,163,1
Protein,Small (+),30,mg/dL,170,191,123,39,91,191,190,109,160,1
Protein,Small (+),30,mg/dL,167,202,113,42,112,202,197,102,169,1
Protein,Small (+),30,mg/dL,170,198,115,40,107,198,194,105,166,1
Protein,Small (+),30,mg/dL,169,194,118,40,100,194,191,107,163,1
Protein,Small (+),30,mg/dL,162,190,127,43,85,190,188,107,157,1
Protein,Small (+),30,mg/dL,165,196,116,42,104,196,192,104,165,1
Protein,Small (+),30,mg/dL,162,197,114,43,107,197,192,102,166,1
Protein,Small (+),30,mg/dL,163,193,119,42,98,193,190,105,162,1
Protein,Small (+),30,mg/dL,164,195,122,43,95,195,191,105,161,1
Protein,Small (+),30,mg/dL,168,189,118,39,96,189,188,109,161,1
Protein,Small (+),30,mg/dL,170,197,114,40,107,197,194,105,167,1
Protein,Small (+),30,mg/dL,166,185,119,39,91,185,185,110,159,1
Protein,Small (+),30,mg/dL,173,189,116,37,98,189,189,111,163,1
Protein,Small (+),30,mg/dL,168,187,116,38,97,187,186,110,162,1
Protein,Small (+),30,mg/dL,167,190,118,40,97,190,188,108,162,1
Protein,Small (+),30,mg/dL,168,195,120,41,98,195,192,106,163,1
Protein,Small (+),30,mg/dL,164,194,119,42,99,194,191,105,162,1
Protein,Small (+),30,mg/dL,167,191,118,40,97,191,189,108,162,1
Protein,Small (+),30,mg/dL,161,193,116,42,102,193,189,104,163,1
Protein,Small (+),30,mg/dL,161,194,120,43,97,194,190,104,162,1
Protein,Small (+),30,mg/dL,168,191,121,40,93,191,189,109,161,1
Protein,Small (+),30,mg/dL,167,195,116,41,103,195,192,105,165,1
Protein,Small (+),30,mg/dL,166,194,119,41,99,194,191,106,163,1
Protein,Small (+),30,mg/dL,157,194,128,47,87,194,190,104,157,1
Protein,Small (+),30,mg/dL,164,190,120,41,94,190,188,107,160,1
Protein,Small (+),30,mg/dL,166,198,114,41,108,198,194,103,167,1
Protein,Small (+),30,mg/dL,168,195,118,41,101,195,192,106,164,1
Protein,Small (+),30,mg/dL,166,197,122,42,97,197,193,105,162,1
Protein,Small (+),30,mg/dL,160,196,119,44,100,196,191,103,163,1
Protein,Small (+),30,mg/dL,165,193,118,41,99,193,190,106,163,1
Protein,Small (+),30,mg/dL,170,193,115,39,103,193,191,107,165,1
Protein,Small (+),30,mg/dL,163,194,124,43,92,194,191,105,160,1
Protein,Small (+),30,mg/dL,167,190,129,41,82,190,189,110,156,1
Protein,Small (+),30,mg/dL,166,198,118,42,103,198,194,104,165,1
Protein,Small (+),30,mg/dL,167,196,124,42,94,196,193,106,161,1
Protein,Small (+),30,mg/dL,169,196,118,40,101,196,193,106,164,1
Protein,Small (+),30,mg/dL,163,194,123,43,93,194,191,105,160,1
Protein,Small (+),30,mg/dL,164,197,125,44,93,197,193,104,161,1
Protein,Small (+),30,mg/dL,161,190,118,42,97,190,187,106,161,1
Protein,Small (+),30,mg/dL,166,191,124,41,89,191,189,108,159,1
Protein,Small (+),30,mg/dL,167,193,113,40,106,193,190,106,165,1
Protein,Small (+),30,mg/dL,160,194,110,42,110,194,190,103,166,1
Protein,Small (+),30,mg/dL,169,192,132,42,80,192,191,110,156,1
Protein,Small (+),30,mg/dL,174,192,119,37,97,192,191,110,163,1
Protein,Small (+),30,mg/dL,169,200,112,41,112,200,196,103,168,1
Protein,Small (+),30,mg/dL,158,191,121,44,93,191,188,105,160,1
Protein,Small (+),30,mg/dL,167,197,114,41,107,197,193,104,166,1
Protein,Small (+),30,mg/dL,156,196,116,45,104,196,191,101,164,1
Protein,Small (+),30,mg/dL,157,194,122,45,95,194,190,103,160,1
Protein,Small (+),30,mg/dL,165,191,118,41,97,191,189,107,162,1
Protein,Small (+),30,mg/dL,164,188,116,40,98,188,186,108,162,1
Protein,Small (+),30,mg/dL,167,194,120,41,97,194,191,106,162,1
Protein,Small (+),30,mg/dL,161,192,110,41,109,192,188,104,166,1
Protein,Small (+),30,mg/dL,166,199,113,42,110,199,194,103,167,1
Protein,Small (+),30,mg/dL,163,194,124,43,92,194,191,105,160,1
Protein,Small (+),30,mg/dL,163,190,111,40,106,190,187,106,165,1
Protein,Small (+),30,mg/dL,165,201,120,43,103,201,196,102,165,1
Protein,Small (+),30,mg/dL,165,194,119,42,99,194,191,106,163,1
Protein,Small (+),30,mg/dL,162,196,120,43,99,196,192,103,162,1
Protein,Small (+),30,mg/dL,165,189,124,41,88,189,187,109,158,1
Protein,Small (+),30,mg/dL,168,191,123,40,91,191,189,109,160,1
Protein,Small (+),30,mg/dL,163,190,116,41,99,190,187,106,162,1
Protein,Small (+),30,mg/dL,158,195,112,43,109,195,190,102,166,1
Protein,Small (+),30,mg/dL,160,185,119,41,91,185,184,108,159,1
Protein,Small (+),30,mg/dL,164,192,115,41,102,192,189,106,164,1
Protein,Small (+),30,mg/dL,160,195,117,43,102,195,191,103,163,1
Protein,Small (+),30,mg/dL,166,189,120,40,93,189,187,109,160,1
Protein,Small (+),30,mg/dL,170,195,117,40,102,195,192,107,164,1
Protein,Small (+),30,mg/dL,166,192,119,41,97,192,190,107,162,1
Protein,Small (+),30,mg/dL,164,192,120,42,96,192,189,106,161,1
Protein,Small (+),30,mg/dL,161,189,113,41,103,189,186,106,163,1
Protein,Small (+),30,mg/dL,159,188,120,43,92,188,186,106,159,1
Protein,Small (+),30,mg/dL,161,195,119,43,99,195,191,104,163,1
Protein,Small (+),30,mg/dL,157,196,122,46,96,196,191,102,161,1
Protein,Small (+),30,mg/dL,161,195,116,43,103,195,191,103,164,1
Protein,Small (+),30,mg/dL,165,188,112,39,103,188,186,108,164,1
Protein,Small (+),30,mg/dL,163,193,117,42,100,193,190,105,163,1
Protein,Small (+),30,mg/dL,160,191,120,43,95,191,188,105,160,1
Protein,Small (+),30,mg/dL,165,194,116,41,103,194,191,105,164,1
Protein,Small (+),30,mg/dL,170,188,121,38,91,188,187,111,160,1
Protein,Small (+),30,mg/dL,170,195,118,40,101,195,192,107,164,1
Protein,Small (+),30,mg/dL,163,197,113,42,109,197,192,103,166,1
Protein,Small (+),30,mg/dL,161,191,124,43,89,191,188,106,159,1
Protein,Small (+),30,mg/dL,167,189,118,39,96,189,188,109,161,1
Protein,Small (+),30,mg/dL,163,190,123,42,90,190,188,107,159,1
Protein,Small (+),30,mg/dL,160,199,122,45,99,199,194,102,162,1
Protein,Small (+),30,mg/dL,169,191,118,39,97,191,189,108,162,1
Protein,Small (+),30,mg/dL,159,191,121,44,93,191,188,105,160,1
Protein,Small (+),30,mg/dL,170,189,118,38,96,189,188,110,162,1
Protein,Small (+),30,mg/dL,164,187,121,40,90,187,186,109,159,1
Protein,Small (+),30,mg/dL,162,192,117,42,100,192,189,105,162,1
Protein,Small (+),30,mg/dL,162,193,118,42,99,193,190,105,162,1
Protein,Small (+),30,mg/dL,164,190,120,41,94,190,188,107,160,1
Protein,Small (+),30,mg/dL,172,194,123,39,93,194,192,109,161,1
Protein,Small (+),30,mg/dL,159,194,115,43,104,194,190,103,164,1
Protein,Small (+),30,mg/dL,159,190,124,44,89,190,187,106,158,1
Protein,Small (+),30,mg/dL,169,194,113,39,106,194,191,106,166,1
Protein,Small (+),30,mg/dL,164,194,120,42,97,194,191,105,162,1
Protein,Small (+),30,mg/dL,158,189,119,43,94,189,186,105,160,1
Protein,Small (+),30,mg/dL,167,184,118,38,91,184,184,111,160,1
Protein,Small (+),30,mg/dL,166,196,122,42,96,196,193,105,162,1
Protein,Small (+),30,mg/dL,167,190,111,39,106,190,188,107,165,1
Protein,Small (+),30,mg/dL,163,197,125,44,93,197,193,104,160,1
Protein,Small (+),30,mg/dL,168,195,121,41,97,195,192,106,162,1
Protein,Small (+),30,mg/dL,163,192,126,43,88,192,189,107,158,1
Protein,Small (+),30,mg/dL,161,199,118,44,104,199,194,102,164,1
Protein,Small (+),30,mg/dL,170,187,121,38,90,187,187,111,160,1
Protein,Small (+),30,mg/dL,162,187,120,41,91,187,185,108,159,1
Protein,Small (+),30,mg/dL,169,190,113,38,103,190,188,108,164,1
Protein,Small (+),30,mg/dL,165,193,121,42,95,193,190,106,161,1
Protein,Small (+),30,mg/dL,169,193,126,41,89,193,191,108,159,1
Protein,Small (+),30,mg/dL,166,192,113,40,105,192,189,106,165,1
Protein,Small (+),30,mg/dL,164,192,123,42,92,192,189,107,160,1
Protein,Small (+),30,mg/dL,167,188,120,39,92,188,187,109,160,1
Protein,Small (+),30,mg/dL,168,199,123,42,97,199,195,105,163,1
Protein,Small (+),30,mg/dL,168,193,121,40,95,193,191,107,161,1
Protein,Small (+),30,mg/dL,170,188,118,38,95,188,187,110,161,1
Protein,Small (+),30,mg/dL,162,195,124,44,93,195,191,105,160,1
Protein,Small (+),30,mg/dL,163,183,117,39,92,183,183,110,159,1
Protein,Small (+),30,mg/dL,169,195,121,41,97,195,192,107,162,1
Protein,Small (+),30,mg/dL,164,188,121,41,91,188,186,108,159,1
Protein,Small (+),30,mg/dL,162,202,121,45,102,202,196,101,164,1
Protein,Small (+),30,mg/dL,163,191,119,42,96,191,188,106,161,1
Protein,Small (+),30,mg/dL,164,197,120,43,100,197,193,104,163,1
Protein,Small (+),30,mg/dL,162,201,119,44,104,201,195,101,165,1
Protein,Small (+),30,mg/dL,168,191,120,40,95,191,189,108,161,1
Protein,Small (+),30,mg/dL,166,185,127,40,80,185,185,111,155,1
Protein,Small (+),30,mg/dL,170,191,115,38,101,191,189,108,164,1
Protein,Small (+),30,mg/dL,166,193,120,41,96,193,190,107,162,1
Protein,Small (+),30,mg/dL,166,195,125,42,92,195,192,106,160,1
Protein,Small (+),30,mg/dL,167,189,124,40,88,189,188,109,158,1
Protein,Small (+),30,mg/dL,172,206,115,41,113,206,200,102,169,1
Protein,Small (+),30,mg/dL,166,185,121,39,88,185,185,111,158,1
Protein,Small (+),30,mg/dL,163,201,116,43,108,201,195,101,166,1
Protein,Small (+),30,mg/dL,158,191,111,42,107,191,187,103,165,1
Protein,Small (+),30,mg/dL,168,185,119,38,91,185,185,111,160,1
Protein,Small (+),30,mg/dL,157,192,126,46,88,192,188,105,157,1
Protein,Small (+),30,mg/dL,166,190,119,40,95,190,188,108,161,1
Protein,Small (+),30,mg/dL,165,195,114,41,106,195,191,104,165,1
Protein,Small (+),30,mg/dL,167,182,116,37,92,182,182,112,160,1
Protein,Small (+),30,mg/dL,163,196,119,43,100,196,192,104,163,1
Protein,Small (+),30,mg/dL,159,189,120,43,93,189,186,106,160,1
Protein,Small (+),30,mg/dL,165,191,117,41,99,191,189,107,162,1
Protein,Small (+),30,mg/dL,168,191,119,40,96,191,189,108,162,1
Protein,Small (+),30,mg/dL,174,187,112,35,102,187,187,112,164,1
Protein,Moderate (++),100,mg/dL,144,185,145,61,57,185,182,106,144,0
Protein,Moderate (++),100,mg/dL,147,182,144,58,53,182,180,109,143,1
Protein,Moderate (++),100,mg/dL,141,184,151,67,60,184,181,107,140,1
Protein,Moderate (++),100,mg/dL,147,188,139,55,66,188,184,105,148,1
Protein,Moderate (++),100,mg/dL,139,174,142,63,51,174,173,110,141,1
Protein,Moderate (++),100,mg/dL,148,187,144,57,59,187,184,107,146,1
Protein,Moderate (++),100,mg/dL,144,182,146,62,53,182,180,108,142,1
Protein,Moderate (++),100,mg/dL,147,179,146,59,47,179,178,111,141,1
Protein,Moderate (++),100,mg/dL,148,183,148,60,49,183,181,109,142,1
Protein,Moderate (++),100,mg/dL,155,185,147,54,52,185,184,111,144,1
Protein,Moderate (++),100,mg/dL,141,186,147,64,62,186,182,105,143,1
Protein,Moderate (++),100,mg/dL,145,181,146,61,51,181,179,109,142,1
Protein,Moderate (++),100,mg/dL,150,187,149,59,52,187,185,108,143,1
Protein,Moderate (++),100,mg/dL,143,188,146,62,61,188,184,105,144,1
Protein,Moderate (++),100,mg/dL,140,186,141,61,63,186,182,104,146,1
Protein,Moderate (++),100,mg/dL,141,186,146,63,62,186,182,105,144,1
Protein,Moderate (++),100,mg/dL,139,189,147,65,67,189,184,103,144,1
Protein,Moderate (++),100,mg/dL,141,179,144,62,54,179,177,108,142,1
Protein,Moderate (++),100,mg/dL,142,185,144,61,59,185,182,106,144,1
Protein,Moderate (++),100,mg/dL,136,183,144,65,65,183,179,104,143,1
Protein,Moderate (++),100,mg/dL,147,182,152,64,49,182,181,110,139,1
Protein,Moderate (++),100,mg/dL,136,190,144,64,72,190,184,101,146,1
Protein,Moderate (++),100,mg/dL,147,185,150,62,52,185,183,108,142,1
Protein,Moderate (++),100,mg/dL,142,181,151,67,55,181,179,109,139,1
Protein,Moderate (++),100,mg/dL,144,186,150,64,58,186,183,107,142,1
Protein,Moderate (++),100,mg/dL,140,187,143,62,64,187,183,104,145,1
Protein,Moderate (++),100,mg/dL,143,185,139,57,63,185,182,105,147,1
Protein,Moderate (++),100,mg/dL,141,190,149,65,66,190,185,104,144,1
Protein,Moderate (++),100,mg/dL,144,186,144,60,58,186,183,106,145,1
Protein,Moderate (++),100,mg/dL,149,184,146,58,53,184,182,109,144,1
Protein,Moderate (++),100,mg/dL,149,182,151,62,46,182,181,111,140,1
Protein,Moderate (++),100,mg/dL,138,192,144,63,72,192,186,101,147,1
Protein,Moderate (++),100,mg/dL,143,177,143,60,49,177,176,110,142,1
Protein,Moderate (++),100,mg/dL,140,183,144,63,60,183,180,106,143,1
Protein,Moderate (++),100,mg/dL,148,186,146,59,55,186,183,107,144,1
Protein,Moderate (++),100,mg/dL,140,181,152,69,58,181,179,108,138,1
Protein,Moderate (++),100,mg/dL,141,192,144,62,68,192,187,102,147,1
Protein,Moderate (++),100,mg/dL,144,189,150,64,61,189,185,105,143,1
Protein,Moderate (++),100,mg/dL,144,183,145,61,54,183,181,107,143,1
Protein,Moderate (++),100,mg/dL,145,189,145,60,59,189,185,105,146,1
Protein,Moderate (++),100,mg/dL,146,192,147,61,61,192,187,104,146,1
Protein,Moderate (++),100,mg/dL,145,179,134,53,64,179,177,108,147,1
Protein,Moderate (++),100,mg/dL,146,185,143,58,58,185,182,107,145,1
Protein,Moderate (++),100,mg/dL,145,185,150,64,55,185,183,108,142,1
Protein,Moderate (++),100,mg/dL,144,182,149,64,53,182,180,109,141,1
Protein,Moderate (++),100,mg/dL,143,187,143,60,60,187,183,105,146,1
Protein,Moderate (++),100,mg/dL,141,185,145,63,61,185,182,105,144,1
Protein,Moderate (++),100,mg/dL,146,184,138,55,64,184,181,106,147,1
Protein,Moderate (++),100,mg/dL,142,188,144,61,62,188,184,104,145,1
Protein,Moderate (++),100,mg/dL,143,189,142,59,63,189,185,103,147,1
Protein,Moderate (++),100,mg/dL,138,184,143,63,64,184,180,104,144,1
Protein,Moderate (++),100,mg/dL,140,184,147,65,61,184,181,106,142,1
Protein,Moderate (++),100,mg/dL,144,186,152,66,58,186,183,107,141,1
Protein,Moderate (++),100,mg/dL,143,186,143,60,59,186,183,105,145,1
Protein,Moderate (++),100,mg/dL,141,183,143,61,59,183,180,106,144,1
Protein,Moderate (++),100,mg/dL,145,194,142,58,68,194,189,102,149,1
Protein,Moderate (++),100,mg/dL,142,185,147,63,59,185,182,106,143,1
Protein,Moderate (++),100,mg/dL,145,190,135,55,74,190,185,103,151,1
Protein,Moderate (++),100,mg/dL,134,183,149,69,68,183,179,105,140,1
Protein,Moderate (++),100,mg/dL,138,173,147,68,52,173,172,111,137,1
Protein,Moderate (++),100,mg/dL,145,181,141,57,56,181,179,108,145,1
Protein,Moderate (++),100,mg/dL,140,185,142,61,62,185,181,104,145,1
Protein,Moderate (++),100,mg/dL,146,174,142,56,47,174,174,112,141,1
Protein,Moderate (++),100,mg/dL,139,184,143,63,62,184,180,105,144,1
Protein,Moderate (++),100,mg/dL,147,178,145,58,47,178,177,111,141,1
Protein,Moderate (++),100,mg/dL,146,192,143,58,65,192,187,103,148,1
Protein,Moderate (++),100,mg/dL,145,178,135,53,62,178,177,108,146,1
Protein,Moderate (++),100,mg/dL,147,185,150,62,52,185,183,108,142,1
Protein,Moderate (++),100,mg/dL,139,187,152,68,65,187,183,105,141,1
Protein,Moderate (++),100,mg/dL,146,186,145,59,56,186,183,107,144,1
Protein,Moderate (++),100,mg/dL,138,190,143,63,70,190,185,102,146,1
Protein,Moderate (++),100,mg/dL,146,179,140,55,56,179,178,109,144,1
Protein,Moderate (++),100,mg/dL,150,184,151,61,47,184,183,110,141,1
Protein,Moderate (++),100,mg/dL,144,178,149,64,49,178,177,111,139,1
Protein,Moderate (++),100,mg/dL,142,188,145,62,62,188,184,104,145,1
Protein,Moderate (++),100,mg/dL,138,186,154,70,66,186,182,106,139,1
Protein,Moderate (++),100,mg/dL,146,185,149,62,54,185,183,108,142,1
Protein,Moderate (++),100,mg/dL,145,186,141,57,62,186,183,105,146,1
Protein,Moderate (++),100,mg/dL,145,189,142,58,63,189,185,104,147,1
Protein,Moderate (++),100,mg/dL,150,185,141,54,61,185,183,108,147,1
Protein,Moderate (++),100,mg/dL,148,184,148,60,50,184,182,109,142,1
Protein,Moderate (++),100,mg/dL,143,185,147,63,58,185,182,106,143,1
Protein,Moderate (++),100,mg/dL,145,177,141,57,52,177,176,110,143,1
Protein,Moderate (++),100,mg/dL,148,184,143,56,57,184,182,108,145,1
Protein,Moderate (++),100,mg/dL,139,181,137,59,62,181,178,105,146,1
Protein,Moderate (++),100,mg/dL,144,183,141,58,59,183,180,107,145,1
Protein,Moderate (++),100,mg/dL,144,186,153,66,58,186,183,107,140,1
Protein,Moderate (++),100,mg/dL,138,190,149,66,70,190,185,103,143,1
Protein,Moderate (++),100,mg/dL,141,186,143,61,62,186,182,105,145,1
Protein,Moderate (++),100,mg/dL,145,191,147,61,61,191,187,104,145,1
Protein,Moderate (++),100,mg/dL,146,183,139,55,61,183,181,107,146,1
Protein,Moderate (++),100,mg/dL,143,190,139,58,68,190,185,103,149,1
Protein,Moderate (++),100,mg/dL,140,186,141,61,63,186,182,104,146,1
Protein,Moderate (++),100,mg/dL,141,183,140,59,60,183,180,106,145,1
Protein,Moderate (++),100,mg/dL,140,188,140,60,65,188,183,103,147,1
Protein,Moderate (++),100,mg/dL,138,182,148,67,62,182,179,106,141,1
Protein,Moderate (++),100,mg/dL,143,183,145,62,56,183,180,107,143,1
Protein,Moderate (++),100,mg/dL,137,187,147,66,68,187,183,103,143,1
Protein,Moderate (++),100,mg/dL,142,189,140,59,66,189,184,103,148,1
Protein,Moderate (++),100,mg/dL,149,186,144,56,58,186,184,107,145,1
Protein,Moderate (++),100,mg/dL,144,185,150,64,57,185,182,107,141,1
Protein,Moderate (++),100,mg/dL,140,182,149,66,59,182,179,107,140,1
Protein,Moderate (++),100,mg/dL,142,189,152,66,63,189,185,105,142,1
Protein,Moderate (++),100,mg/dL,142,188,140,59,65,188,184,103,147,1
Protein,Moderate (++),100,mg/dL,147,186,147,60,53,186,183,107,144,1
Protein,Moderate (++),100,mg/dL,141,178,147,65,53,178,177,109,140,1
Protein,Moderate (++),100,mg/dL,136,184,149,68,67,184,180,105,141,1
Protein,Moderate (++),100,mg/dL,145,193,149,63,63,193,188,104,145,1
Protein,Moderate (++),100,mg/dL,141,185,145,63,61,185,182,105,144,1
Protein,Moderate (++),100,mg/dL,138,181,143,63,61,181,178,106,143,1
Protein,Moderate (++),100,mg/dL,136,185,144,65,68,185,181,103,144,1
Protein,Moderate (++),100,mg/dL,137,187,148,67,68,187,183,103,143,1
Protein,Moderate (++),100,mg/dL,145,184,147,62,54,184,182,108,143,1
Protein,Moderate (++),100,mg/dL,147,186,142,57,60,186,183,106,146,1
Protein,Moderate (++),100,mg/dL,145,190,143,59,63,190,186,104,147,1
Protein,Moderate (++),100,mg/dL,152,183,145,54,53,183,182,110,144,1
Protein,Moderate (++),100,mg/dL,141,186,138,58,66,186,182,104,148,1
Protein,Moderate (++),100,mg/dL,142,181,146,63,55,181,179,108,142,1
Protein,Moderate (++),100,mg/dL,148,188,136,53,71,188,184,105,150,1
Protein,Moderate (++),100,mg/dL,152,186,142,53,60,186,184,108,147,1
Protein,Moderate (++),100,mg/dL,145,186,142,58,60,186,183,106,146,1
Protein,Moderate (++),100,mg/dL,145,183,143,59,56,183,181,107,144,1
Protein,Moderate (++),100,mg/dL,141,179,146,64,54,179,177,108,141,1
Protein,Moderate (++),100,mg/dL,146,187,148,61,56,187,184,107,143,1
Protein,Moderate (++),100,mg/dL,145,183,148,62,53,183,181,108,142,1
Protein,Moderate (++),100,mg/dL,139,181,141,61,59,181,178,106,144,1
Protein,Moderate (++),100,mg/dL,148,189,147,59,57,189,186,106,145,1
Protein,Moderate (++),100,mg/dL,148,181,146,58,49,181,180,110,142,1
Protein,Moderate (++),100,mg/dL,143,188,145,61,61,188,184,105,145,1
Protein,Moderate (++),100,mg/dL,142,187,149,65,61,187,183,105,142,1
Protein,Moderate (++),100,mg/dL,141,185,141,60,61,185,181,105,146,1
Protein,Moderate (++),100,mg/dL,134,186,147,67,71,186,181,103,142,1
Protein,Moderate (++),100,mg/dL,145,177,144,59,48,177,176,111,141,1
Protein,Moderate (++),100,mg/dL,135,190,141,63,74,190,184,100,147,1
Protein,Moderate (++),100,mg/dL,149,189,141,55,65,189,186,105,148,1
Protein,Moderate (++),100,mg/dL,139,186,142,62,64,186,182,104,145,1
Protein,Moderate (++),100,mg/dL,144,183,138,56,63,183,180,106,147,1
Protein,Moderate (++),100,mg/dL,135,186,143,65,70,186,181,103,145,1
Protein,Moderate (++),100,mg/dL,142,188,150,65,62,188,184,105,142,1
Protein,Moderate (++),100,mg/dL,143,184,147,63,57,184,181,107,142,1
Protein,Moderate (++),100,mg/dL,139,186,147,65,64,186,182,105,143,1
Protein,Moderate (++),100,mg/dL,147,177,142,56,50,177,177,111,143,1
Protein,Moderate (++),100,mg/dL,140,185,147,65,62,185,182,105,143,1
Protein,Moderate (++),100,mg/dL,150,183,143,55,56,183,181,109,145,1
Protein,Moderate (++),100,mg/dL,149,186,150,61,51,186,184,108,142,1
Protein,Moderate (++),100,mg/dL,145,180,140,56,57,180,178,108,145,1
Protein,Moderate (++),100,mg/dL,138,188,150,67,68,188,184,104,142,1
Protein,Moderate (++),100,mg/dL,151,188,150,59,52,188,186,108,143,1
Protein,Moderate (++),100,mg/dL,142,180,148,65,54,180,178,109,140,1
Protein,Moderate (++),100,mg/dL,146,185,147,61,54,185,183,107,143,1
Protein,Large (+++),300,mg/dL,112,175,154,80,92,175,171,103,132,0
Protein,Large (+++),300,mg/dL,113,180,159,81,95,180,175,102,132,1
Protein,Large (+++),300,mg/dL,114,178,156,80,92,178,173,102,133,1
Protein,Large (+++),300,mg/dL,110,178,148,77,97,178,172,99,137,1
Protein,Large (+++),300,mg/dL,116,170,155,82,81,170,167,107,130,1
Protein,Large (+++),300,mg/dL,109,177,154,80,98,177,172,101,133,1
Protein,Large (+++),300,mg/dL,106,177,152,79,102,177,171,100,134,1
Protein,Large (+++),300,mg/dL,116,175,156,80,86,175,171,105,132,1
Protein,Large (+++),300,mg/dL,108,173,152,80,96,173,168,102,132,1
Protein,Large (+++),300,mg/dL,115,182,151,76,94,182,176,100,137,1
Protein,Large (+++),300,mg/dL,116,166,149,80,77,166,164,108,131,1
Protein,Large (+++),300,mg/dL,108,170,148,79,93,170,166,103,133,1
Protein,Large (+++),300,mg/dL,114,174,156,81,88,174,170,104,131,1
Protein,Large (+++),300,mg/dL,115,176,157,81,88,176,172,104,132,1
Protein,Large (+++),300,mg/dL,112,170,158,84,87,170,167,107,128,1
Protein,Large (+++),300,mg/dL,110,171,153,81,91,171,167,104,131,1
Protein,Large (+++),300,mg/dL,108,173,155,82,96,173,169,103,131,1
Protein,Large (+++),300,mg/dL,113,171,152,80,86,171,168,105,132,1
Protein,Large (+++),300,mg/dL,116,177,162,83,88,177,173,105,129,1
Protein,Large (+++),300,mg/dL,117,180,148,75,89,180,175,101,138,1
Protein,Large (+++),300,mg/dL,115,175,152,79,87,175,171,104,134,1
Protein,Large (+++),300,mg/dL,113,179,156,80,94,179,174,102,133,1
Protein,Large (+++),300,mg/dL,108,178,151,78,100,178,172,100,135,1
Protein,Large (+++),300,mg/dL,113,174,153,80,89,174,170,103,133,1
Protein,Large (+++),300,mg/dL,115,171,162,85,84,171,169,108,127,1
Protein,Large (+++),300,mg/dL,105,173,155,82,100,173,168,102,130,1
Protein,Large (+++),300,mg/dL,114,175,154,80,89,175,171,104,133,1
Protein,Large (+++),300,mg/dL,114,174,160,83,88,174,170,105,129,1
Protein,Large (+++),300,mg/dL,115,178,150,77,90,178,173,102,136,1
Protein,Large (+++),300,mg/dL,112,174,150,78,91,174,170,103,134,1
Protein,Large (+++),300,mg/dL,113,173,157,82,88,173,169,105,130,1
Protein,Large (+++),300,mg/dL,108,182,150,77,104,182,175,98,137,1
Protein,Large (+++),300,mg/dL,113,178,152,78,93,178,173,101,135,1
Protein,Large (+++),300,mg/dL,115,170,160,85,83,170,168,108,127,1
Protein,Large (+++),300,mg/dL,112,173,153,80,90,173,169,104,132,1
Protein,Large (+++),300,mg/dL,115,173,151,79,85,173,169,104,133,1
Protein,Large (+++),300,mg/dL,111,170,161,85,89,170,167,107,127,1
Protein,Large (+++),300,mg/dL,110,178,155,80,97,178,173,101,133,1
Protein,Large (+++),300,mg/dL,108,175,157,82,98,175,170,103,130,1
Protein,Large (+++),300,mg/dL,111,180,158,80,98,180,174,101,132,1
Protein,Large (+++),300,mg/dL,116,173,150,78,84,173,169,104,134,1
Protein,Large (+++),300,mg/dL,110,176,156,81,96,176,171,102,132,1
Protein,Large (+++),300,mg/dL,103,175,155,82,105,175,170,101,131,1
Protein,Large (+++),300,mg/dL,111,180,156,80,98,180,174,101,133,1
Protein,Large (+++),300,mg/dL,117,174,158,82,84,174,171,106,130,1
Protein,Large (+++),300,mg/dL,119,180,150,75,86,180,175,102,137,1
Protein,Large (+++),300,mg/dL,111,174,156,81,92,174,170,104,131,1
Protein,Large (+++),300,mg/dL,115,172,154,81,85,172,169,105,131,1
Protein,Large (+++),300,mg/dL,104,181,152,79,108,181,174,97,135,1
Protein,Large (+++),300,mg/dL,112,174,159,83,91,174,170,105,129,1
Protein,Large (+++),300,mg/dL,101,175,154,82,108,175,169,100,132,1
Protein,Large (+++),300,mg/dL,110,182,150,77,101,182,175,98,137,1
Protein,Large (+++),300,mg/dL,115,176,159,82,88,176,172,104,131,1
Protein,Large (+++),300,mg/dL,109,172,158,83,93,172,168,105,129,1
Protein,Large (+++),300,mg/dL,114,169,152,81,83,169,166,106,131,1
Protein,Large (+++),300,mg/dL,114,178,151,77,92,178,173,101,135,1
Protein,Large (+++),300,mg/dL,100,177,149,79,111,177,170,98,135,1
Protein,Large (+++),300,mg/dL,104,164,157,87,93,164,161,107,125,1
Protein,Large (+++),300,mg/dL,113,174,160,83,89,174,170,105,129,1
Protein,Large (+++),300,mg/dL,115,181,148,75,93,181,175,100,138,1
Protein,Large (+++),300,mg/dL,112,169,153,82,86,169,166,106,130,1
Protein,Large (+++),300,mg/dL,111,178,154,79,96,178,173,101,134,1
Protein,Large (+++),300,mg/dL,114,178,163,83,92,178,174,104,129,1
Protein,Large (+++),300,mg/dL,111,171,155,82,89,171,168,105,130,1
Protein,Large (+++),300,mg/dL,109,181,153,78,101,181,175,99,135,1
Protein,Large (+++),300,mg/dL,110,173,157,82,93,173,169,104,130,1
Protein,Large (+++),300,mg/dL,111,172,161,85,90,172,169,106,127,1
Protein,Large (+++),300,mg/dL,109,175,157,82,96,175,170,103,131,1
Protein,Large (+++),300,mg/dL,105,177,150,79,104,177,171,99,135,1
Protein,Large (+++),300,mg/dL,115,171,157,82,84,171,168,107,129,1
Protein,Large (+++),300,mg/dL,116,178,155,79,89,178,173,103,133,1
Protein,Large (+++),300,mg/dL,111,173,160,84,91,173,169,105,128,1
Protein,Large (+++),300,mg/dL,109,171,157,83,92,171,167,105,129,1
Protein,Large (+++),300,mg/dL,109,171,148,79,92,171,167,103,134,1
Protein,Large (+++),300,mg/dL,110,175,155,81,95,175,170,102,132,1
Protein,Large (+++),300,mg/dL,116,177,153,78,88,177,173,103,134,1
Protein,Large (+++),300,mg/dL,111,177,159,82,95,177,172,103,131,1
Protein,Large (+++),300,mg/dL,113,173,150,79,88,173,169,103,134,1
Protein,Large (+++),300,mg/dL,106,178,156,81,103,178,172,100,132,1
Protein,Large (+++),300,mg/dL,114,174,160,83,88,174,170,105,129,1
Protein,Large (+++),300,mg/dL,110,179,154,79,98,179,173,100,134,1
Protein,Large (+++),300,mg/dL,110,177,156,81,97,177,172,102,132,1
Protein,Large (+++),300,mg/dL,113,175,154,80,90,175,171,103,132,1
Protein,Large (+++),300,mg/dL,122,180,157,78,82,180,176,104,134,1
Protein,Large (+++),300,mg/dL,112,179,156,80,95,179,174,102,133,1
Protein,Large (+++),300,mg/dL,112,174,154,80,91,174,170,103,132,1
Protein,Large (+++),300,mg/dL,99,176,152,81,112,176,170,98,133,1
Protein,Large (+++),300,mg/dL,118,175,149,76,83,175,171,104,136,1
Protein,Large (+++),300,mg/dL,112,171,156,82,88,171,168,105,130,1
Protein,Large (+++),300,mg/dL,113,179,151,77,94,179,174,101,136,1
Protein,Large (+++),300,mg/dL,112,170,157,83,87,170,167,106,129,1
Protein,Large (+++),300,mg/dL,114,177,154,79,91,177,172,102,133,1
Protein,Large (+++),300,mg/dL,114,181,153,77,94,181,175,100,136,1
Protein,Large (+++),300,mg/dL,113,171,151,80,86,171,168,105,132,1
Protein,Large (+++),300,mg/dL,112,179,153,78,95,179,174,101,135,1
Protein,Large (+++),300,mg/dL,111,173,152,80,91,173,169,103,132,1
Protein,Large (+++),300,mg/dL,113,169,159,85,84,169,167,108,127,1
Protein,Large (+++),300,mg/dL,109,178,149,77,99,178,172,99,136,1
Protein,Large (+++),300,mg/dL,115,178,156,80,90,178,173,103,133,1
Protein,Large (+++),300,mg/dL,108,176,149,78,99,176,171,100,135,1
Protein,Large (+++),300,mg/dL,111,179,157,80,97,179,174,101,132,1
Protein,Large (+++),300,mg/dL,112,171,157,83,88,171,168,106,129,1
Protein,Large (+++),300,mg/dL,112,166,157,85,83,166,164,108,127,1
Protein,Large (+++),300,mg/dL,112,180,150,77,96,180,174,100,137,1
Protein,Large (+++),300,mg/dL,99,176,155,82,112,176,170,99,131,1
Protein,Large (+++),300,mg/dL,105,171,165,87,98,171,168,105,124,1
Protein,Large (+++),300,mg/dL,111,178,151,78,96,178,173,100,135,1
Protein,Large (+++),300,mg/dL,104,174,153,81,103,174,169,101,132,1
Protein,Large (+++),300,mg/dL,110,175,155,81,95,175,170,102,132,1
Protein,Large (+++),300,mg/dL,111,170,156,83,89,170,167,106,129,1
Protein,Large (+++),300,mg/dL,104,167,157,85,96,167,164,105,127,1
Protein,Large (+++),300,mg/dL,114,175,148,77,89,175,170,102,136,1
Protein,Large (+++),300,mg/dL,109,174,148,78,95,174,169,101,135,1
Protein,Large (+++),300,mg/dL,109,178,160,82,99,178,173,102,130,1
Protein,Large (+++),300,mg/dL,110,178,146,76,97,178,172,99,138,1
Protein,Large (+++),300,mg/dL,115,172,155,81,85,172,169,106,131,1
Protein,Large (+++),300,mg/dL,111,180,151,77,98,180,174,100,136,1
Protein,Large (+++),300,mg/dL,115,174,153,79,86,174,170,104,133,1
Protein,Large (+++),300,mg/dL,111,172,154,81,90,172,168,104,131,1
Protein,Large (+++),300,mg/dL,112,176,154,80,93,176,171,102,133,1
Protein,Large (+++),300,mg/dL,115,179,150,76,91,179,174,101,136,1
Protein,Large (+++),300,mg/dL,115,170,156,82,83,170,167,107,129,1
Protein,Large (+++),300,mg/dL,114,167,154,83,81,167,165,108,129,1
Protein,Large (+++),300,mg/dL,110,172,159,84,92,172,168,105,128,1
Protein,Large (+++),300,mg/dL,109,172,154,81,93,172,168,104,131,1
Protein,Large (+++),300,mg/dL,115,174,159,82,86,174,171,105,130,1
Protein,Large (+++),300,mg/dL,114,166,152,82,80,166,164,108,130,1
Protein,Large (+++),300,mg/dL,110,177,144,75,97,177,171,99,138,1
Protein,Large (+++),300,mg/dL,122,177,155,78,79,177,173,105,134,1
Protein,Large (+++),300,mg/dL,117,184,157,78,93,184,178,101,135,1
Protein,Large (+++),300,mg/dL,116,176,153,79,87,176,172,103,134,1
Protein,Large (+++),300,mg/dL,110,172,151,80,92,172,168,103,133,1
Protein,Large (+++),300,mg/dL,107,175,147,78,99,175,170,100,136,1
Protein,Large (+++),300,mg/dL,113,175,155,80,90,175,171,103,132,1
Protein,Large (+++),300,mg/dL,110,187,159,79,105,187,180,98,135,1
Protein,Large (+++),300,mg/dL,107,176,152,80,100,176,171,100,133,1
Protein,Large (+++),300,mg/dL,108,170,156,83,93,170,166,105,129,1
Protein,Large (+++),300,mg/dL,109,179,158,81,100,179,174,101,132,1
Protein,Large (+++),300,mg/dL,117,172,156,81,82,172,169,106,131,1
Protein,Large (+++),300,mg/dL,115,173,151,79,85,173,169,104,133,1
Protein,Large (+++),300,mg/dL,118,176,157,80,84,176,172,105,132,1
Protein,Large (+++),300,mg/dL,109,170,152,81,92,170,166,104,131,1
Protein,Large (+++),300,mg/dL,112,171,154,81,88,171,168,105,131,1
Protein,Large (+++),300,mg/dL,105,171,157,84,98,171,167,104,129,1
Protein,Large (+++),300,mg/dL,114,173,150,78,87,173,169,104,134,1
Protein,Large (+++),300,mg/dL,108,174,157,82,97,174,170,103,130,1
Protein,Large (+++),300,mg/dL,116,173,149,77,84,173,169,104,134,1
Protein,Large (+++),300,mg/dL,113,172,152,80,87,172,168,104,132,1
Protein,Large (+++),300,mg/dL,117,178,155,79,87,178,174,103,133,1
Protein,Large (+++),300,mg/dL,107,176,158,82,100,176,171,102,130,1
Protein,Large (++++),2000 or more,mg/dL,89,156,138,82,110,156,152,102,131,0
Protein,Large (++++),2000 or more,mg/dL,87,161,143,83,117,161,156,100,130,1
Protein,Large (++++),2000 or more,mg/dL,96,157,140,82,99,157,154,104,131,1
Protein,Large (++++),2000 or more,mg/dL,95,158,136,80,102,158,154,102,133,1
Protein,Large (++++),2000 or more,mg/dL,87,157,133,80,114,157,152,100,134,1
Protein,Large (++++),2000 or more,mg/dL,88,160,129,77,115,160,155,98,137,1
Protein,Large (++++),2000 or more,mg/dL,95,160,136,79,104,160,156,101,134,1
Protein,Large (++++),2000 or more,mg/dL,91,156,143,84,106,156,153,104,128,1
Protein,Large (++++),2000 or more,mg/dL,93,150,140,85,97,150,148,107,127,1
Protein,Large (++++),2000 or more,mg/dL,88,156,135,81,111,156,152,101,132,1
Protein,Large (++++),2000 or more,mg/dL,96,160,135,78,102,160,156,102,135,1
Protein,Large (++++),2000 or more,mg/dL,84,154,140,84,116,154,150,102,128,1
Protein,Large (++++),2000 or more,mg/dL,90,161,141,82,112,161,156,101,132,1
Protein,Large (++++),2000 or more,mg/dL,93,157,132,78,104,157,153,102,135,1
Protein,Large (++++),2000 or more,mg/dL,88,160,138,81,115,160,155,100,132,1
Protein,Large (++++),2000 or more,mg/dL,91,155,134,80,105,155,151,102,133,1
Protein,Large (++++),2000 or more,mg/dL,89,157,135,80,110,157,153,101,133,1
Protein,Large (++++),2000 or more,mg/dL,88,152,142,85,107,152,149,105,127,1
Protein,Large (++++),2000 or more,mg/dL,88,162,144,83,116,162,157,101,130,1
Protein,Large (++++),2000 or more,mg/dL,89,152,130,80,106,152,149,102,133,1
Protein,Large (++++),2000 or more,mg/dL,83,151,144,87,115,151,148,105,125,1
Protein,Large (++++),2000 or more,mg/dL,89,158,129,77,111,158,153,99,136,1
Protein,Large (++++),2000 or more,mg/dL,84,160,139,82,121,160,155,99,132,1
Protein,Large (++++),2000 or more,mg/dL,88,158,145,84,113,158,154,103,128,1
Protein,Large (++++),2000 or more,mg/dL,88,156,139,82,111,156,152,102,130,1
Protein,Large (++++),2000 or more,mg/dL,99,148,141,86,84,148,147,110,126,1
Protein,Large (++++),2000 or more,mg/dL,89,158,135,80,111,158,154,101,133,1
Protein,Large (++++),2000 or more,mg/dL,89,159,150,86,112,159,155,104,126,1
Protein,Large (++++),2000 or more,mg/dL,92,153,136,82,102,153,150,104,131,1
Protein,Large (++++),2000 or more,mg/dL,87,149,137,84,106,149,146,105,128,1
Protein,Large (++++),2000 or more,mg/dL,92,151,142,85,100,151,149,107,127,1
Protein,Large (++++),2000 or more,mg/dL,91,153,137,82,103,153,150,104,130,1
Protein,Large (++++),2000 or more,mg/dL,95,159,138,80,103,159,155,102,133,1
Protein,Large (++++),2000 or more,mg/dL,88,156,136,81,111,156,152,102,132,1
Protein,Large (++++),2000 or more,mg/dL,81,164,139,81,129,164,158,97,133,1
Protein,Large (++++),2000 or more,mg/dL,91,156,135,80,106,156,152,102,133,1
Protein,Large (++++),2000 or more,mg/dL,88,150,147,89,105,150,148,107,123,1
Protein,Large (++++),2000 or more,mg/dL,84,152,136,83,114,152,148,102,130,1
Protein,Large (++++),2000 or more,mg/dL,94,156,133,79,101,156,152,102,134,1
Protein,Large (++++),2000 or more,mg/dL,94,159,140,81,104,159,155,103,131,1
Protein,Large (++++),2000 or more,mg/dL,92,166,147,82,114,166,161,100,131,1
Protein,Large (++++),2000 or more,mg/dL,86,162,140,81,120,162,157,99,132,1
Protein,Large (++++),2000 or more,mg/dL,91,149,137,84,99,149,147,106,128,1
Protein,Large (++++),2000 or more,mg/dL,86,159,142,83,117,159,155,101,130,1
Protein,Large (++++),2000 or more,mg/dL,81,156,142,84,123,156,152,101,128,1
Protein,Large (++++),2000 or more,mg/dL,88,159,139,82,114,159,155,101,131,1
Protein,Large (++++),2000 or more,mg/dL,90,155,133,80,107,155,151,102,133,1
Protein,Large (++++),2000 or more,mg/dL,85,159,138,82,119,159,154,100,132,1
Protein,Large (++++),2000 or more,mg/dL,88,154,137,82,109,154,150,103,130,1
Protein,Large (++++),2000 or more,mg/dL,93,155,133,79,102,155,152,103,133,1
Protein,Large (++++),2000 or more,mg/dL,92,155,138,82,104,155,152,104,131,1
Protein,Large (++++),2000 or more,mg/dL,95,156,139,82,100,156,153,104,131,1
Protein,Large (++++),2000 or more,mg/dL,84,155,140,84,117,155,151,102,129,1
Protein,Large (++++),2000 or more,mg/dL,83,157,138,82,120,157,152,100,131,1
Protein,Large (++++),2000 or more,mg/dL,89,160,139,81,113,160,155,100,132,1
Protein,Large (++++),2000 or more,mg/dL,95,152,139,83,96,152,150,106,129,1
Protein,Large (++++),2000 or more,mg/dL,89,152,142,85,106,152,149,105,127,1
Protein,Large (++++),2000 or more,mg/dL,98,156,140,82,95,156,153,105,130,1
Protein,Large (++++),2000 or more,mg/dL,89,153,131,80,107,153,149,102,133,1
Protein,Large (++++),2000 or more,mg/dL,86,150,145,88,109,150,148,106,124,1
Protein,Large (++++),2000 or more,mg/dL,89,155,142,84,109,155,152,104,128,1
Protein,Large (++++),2000 or more,mg/dL,85,153,138,83,113,153,149,103,129,1
Protein,Large (++++),2000 or more,mg/dL,93,158,139,81,105,158,154,102,131,1
Protein,Large (++++),2000 or more,mg/dL,89,158,139,82,111,158,154,101,131,1
Protein,Large (++++),2000 or more,mg/dL,85,156,134,81,116,156,151,100,133,1
Protein,Large (++++),2000 or more,mg/dL,89,154,148,87,108,154,151,106,125,1
Protein,Large (++++),2000 or more,mg/dL,89,150,137,84,104,150,147,105,129,1
Protein,Large (++++),2000 or more,mg/dL,91,163,136,79,113,163,158,99,135,1
Protein,Large (++++),2000 or more,mg/dL,83,159,132,79,122,159,154,98,135,1
Protein,Large (++++),2000 or more,mg/dL,87,155,138,82,112,155,151,102,130,1
Protein,Large (++++),2000 or more,mg/dL,92,153,137,82,102,153,150,104,130,1
Protein,Large (++++),2000 or more,mg/dL,89,157,138,82,110,157,153,102,131,1
Protein,Large (++++),2000 or more,mg/dL,91,159,140,82,109,159,155,102,131,1
Protein,Large (++++),2000 or more,mg/dL,91,150,138,84,100,150,148,106,128,1
Protein,Large (++++),2000 or more,mg/dL,91,159,135,79,109,159,155,100,134,1
Protein,Large (++++),2000 or more,mg/dL,86,154,140,84,113,154,150,103,129,1
Protein,Large (++++),2000 or more,mg/dL,93,154,142,84,101,154,151,105,128,1
Protein,Large (++++),2000 or more,mg/dL,89,156,137,81,110,156,152,102,131,1
Protein,Large (++++),2000 or more,mg/dL,92,157,147,85,106,157,154,105,127,1
Protein,Large (++++),2000 or more,mg/dL,86,158,136,81,116,158,153,100,133,1
Protein,Large (++++),2000 or more,mg/dL,86,156,139,83,114,156,152,102,130,1
Protein,Large (++++),2000 or more,mg/dL,101,155,133,78,89,155,153,105,134,1
Protein,Large (++++),2000 or more,mg/dL,90,148,138,85,100,148,146,107,127,1
Protein,Large (++++),2000 or more,mg/dL,89,159,142,83,112,159,155,102,130,1
Protein,Large (++++),2000 or more,mg/dL,87,155,135,81,112,155,151,102,132,1
Protein,Large (++++),2000 or more,mg/dL,84,157,133,80,119,157,152,99,134,1
Protein,Large (++++),2000 or more,mg/dL,87,152,140,84,109,152,149,104,128,1
Protein,Large (++++),2000 or more,mg/dL,96,151,131,79,93,151,149,105,133,1
Protein,Large (++++),2000 or more,mg/dL,89,156,139,82,110,156,152,103,130,1
Protein,Large (++++),2000 or more,mg/dL,87,155,139,83,112,155,151,102,130,1
Protein,Large (++++),2000 or more,mg/dL,93,148,137,84,95,148,146,107,128,1
Protein,Large (++++),2000 or more,mg/dL,90,152,145,87,104,152,150,106,125,1
Protein,Large (++++),2000 or more,mg/dL,86,156,140,83,114,156,152,102,130,1
Protein,Large (++++),2000 or more,mg/dL,87,149,136,84,106,149,146,105,129,1
Protein,Large (++++),2000 or more,mg/dL,93,155,135,80,102,155,152,103,132,1
Protein,Large (++++),2000 or more,mg/dL,93,155,136,81,102,155,152,103,132,1
Protein,Large (++++),2000 or more,mg/dL,90,159,148,85,111,159,155,103,127,1
Protein,Large (++++),2000 or more,mg/dL,92,161,136,79,109,161,156,100,134,1
Protein,Large (++++),2000 or more,mg/dL,85,156,138,82,116,156,152,101,131,1
Protein,Large (++++),2000 or more,mg/dL,85,155,140,84,115,155,151,102,129,1
Protein,Large (++++),2000 or more,mg/dL,90,158,139,82,110,158,154,102,131,1
Protein,Large (++++),2000 or more,mg/dL,87,154,133,81,111,154,150,102,132,1
Protein,Large (++++),2000 or more,mg/dL,96,156,137,81,98,156,153,104,132,1
Protein,Large (++++),2000 or more,mg/dL,85,168,134,78,126,168,161,94,138,1
Protein,Large (++++),2000 or more,mg/dL,87,158,140,82,115,158,154,101,130,1
Protein,Large (++++),2000 or more,mg/dL,93,163,140,80,110,163,158,100,133,1
Protein,Large (++++),2000 or more,mg/dL,85,155,139,83,115,155,151,102,130,1
Protein,Large (++++),2000 or more,mg/dL,97,150,143,86,90,150,149,109,126,1
Protein,Large (++++),2000 or more,mg/dL,90,159,138,81,111,159,155,101,132,1
Protein,Large (++++),2000 or more,mg/dL,86,159,141,83,117,159,154,101,130,1
Protein,Large (++++),2000 or more,mg/dL,93,156,136,80,103,156,153,103,132,1
Protein,Large (++++),2000 or more,mg/dL,83,159,140,83,122,159,154,100,131,1
Protein,Large (++++),2000 or more,mg/dL,85,154,136,82,114,154,150,102,131,1
Protein,Large (++++),2000 or more,mg/dL,83,153,133,81,117,153,149,101,132,1
Protein,Large (++++),2000 or more,mg/dL,87,153,131,80,110,153,149,101,133,1
Protein,Large (++++),2000 or more,mg/dL,97,161,135,78,101,161,157,101,135,1
Protein,Large (++++),2000 or more,mg/dL,90,158,143,83,110,158,154,103,129,1
Protein,Large (++++),2000 or more,mg/dL,86,160,136,80,118,160,155,99,133,1
Protein,Large (++++),2000 or more,mg/dL,84,159,143,84,120,159,154,101,129,1
Protein,Large (++++),2000 or more,mg/dL,99,151,141,84,88,151,150,108,128,1
Protein,Large (++++),2000 or more,mg/dL,87,159,132,79,115,159,154,99,135,1
Protein,Large (++++),2000 or more,mg/dL,84,153,138,83,115,153,149,102,129,1
Protein,Large (++++),2000 or more,mg/dL,86,159,142,83,117,159,155,101,130,1
Protein,Large (++++),2000 or more,mg/dL,91,162,140,81,112,162,157,100,133,1
Protein,Large (++++),2000 or more,mg/dL,84,161,136,80,122,161,156,98,134,1
Protein,Large (++++),2000 or more,mg/dL,93,162,140,80,109,162,157,101,133,1
Protein,Large (++++),2000 or more,mg/dL,83,152,143,86,116,152,149,104,126,1
Protein,Large (++++),2000 or more,mg/dL,88,156,141,83,111,156,152,103,129,1
Protein,Large (++++),2000 or more,mg/dL,92,157,137,81,106,157,153,102,132,1
Protein,Large (++++),2000 or more,mg/dL,88,159,140,82,114,159,155,101,131,1
Protein,Large (++++),2000 or more,mg/dL,88,160,137,80,115,160,155,100,133,1
Protein,Large (++++),2000 or more,mg/dL,86,153,134,81,112,153,149,102,131,1
Protein,Large (++++),2000 or more,mg/dL,88,161,135,79,116,161,156,99,135,1
Protein,Large (++++),2000 or more,mg/dL,90,153,137,82,105,153,150,104,130,1
Protein,Large (++++),2000 or more,mg/dL,83,155,137,83,118,155,151,101,131,1
Protein,Large (++++),2000 or more,mg/dL,91,157,133,79,107,157,153,101,134,1
Protein,Large (++++),2000 or more,mg/dL,93,157,139,82,104,157,154,103,131,1
Protein,Large (++++),2000 or more,mg/dL,89,154,139,83,108,154,151,104,129,1
Protein,Large (++++),2000 or more,mg/dL,91,149,136,83,99,149,147,106,129,1
Protein,Large (++++),2000 or more,mg/dL,88,157,143,84,112,157,153,103,129,1
Protein,Large (++++),2000 or more,mg/dL,86,154,136,82,113,154,150,102,131,1
Protein,Large (++++),2000 or more,mg/dL,86,155,141,84,114,155,151,103,129,1
Protein,Large (++++),2000 or more,mg/dL,85,158,131,79,118,158,153,99,135,1
Protein,Large (++++),2000 or more,mg/dL,87,155,145,86,112,155,152,104,126,1
Protein,Large (++++),2000 or more,mg/dL,88,147,130,81,102,147,145,105,131,1
Protein,Large (++++),2000 or more,mg/dL,89,158,140,82,111,158,154,102,131,1
Protein,Large (++++),2000 or more,mg/dL,90,161,136,79,112,161,156,100,134,1
Protein,Large (++++),2000 or more,mg/dL,93,149,134,82,96,149,147,106,130,1
Protein,Large (++++),2000 or more,mg/dL,82,155,138,83,120,155,151,101,130,1
Protein,Large (++++),2000 or more,mg/dL,89,156,134,80,110,156,152,101,133,1
pH,5.0,5.0,pH,240,129,74,10,176,240,167,166,176,0
pH,5.0,5.0,pH,239,123,79,8,171,239,164,169,172,1
pH,5.0,5.0,pH,239,127,80,9,170,239,166,167,172,1
pH,5.0,5.0,pH,235,124,70,10,179,235,163,167,176,1
pH,5.0,5.0,pH,240,131,77,10,173,240,168,165,175,1
pH,5.0,5.0,pH,250,120,76,8,177,250,166,175,175,1
pH,5.0,5.0,pH,238,127,72,10,178,238,165,166,176,1
pH,5.0,5.0,pH,236,136,77,11,172,236,170,161,175,1
pH,5.0,5.0,pH,240,134,68,12,183,240,170,164,180,1
pH,5.0,5.0,pH,235,120,71,9,178,235,161,169,174,1
pH,5.0,5.0,pH,241,129,75,10,176,241,168,167,176,1
pH,5.0,5.0,pH,234,132,75,11,173,234,167,163,175,1
pH,5.0,5.0,pH,243,121,75,8,176,243,164,172,174,1
pH,5.0,5.0,pH,235,127,76,10,173,235,165,165,174,1
pH,5.0,5.0,pH,240,126,74,9,176,240,166,168,175,1
pH,5.0,5.0,pH,234,134,73,11,175,234,168,161,176,1
pH,5.0,5.0,pH,244,127,72,10,180,244,168,169,177,1
pH,5.0,5.0,pH,237,133,71,11,179,237,168,163,178,1
pH,5.0,5.0,pH,243,127,66,10,186,243,167,168,180,1
pH,5.0,5.0,pH,238,124,74,9,176,238,164,168,174,1
pH,5.0,5.0,pH,235,133,74,11,175,235,168,162,176,1
pH,5.0,5.0,pH,239,132,78,10,172,239,169,165,175,1
pH,5.0,5.0,pH,240,126,67,10,184,240,166,167,179,1
pH,5.0,5.0,pH,237,127,74,10,175,237,165,166,175,1
pH,5.0,5.0,pH,239,132,72,11,178,239,168,164,177,1
pH,5.0,5.0,pH,240,134,75,11,175,240,170,164,176,1
pH,5.0,5.0,pH,240,127,71,10,180,240,166,167,177,1
pH,5.0,5.0,pH,237,127,77,9,172,237,165,166,173,1
pH,5.0,5.0,pH,239,124,81,8,169,239,165,169,171,1
pH,5.0,5.0,pH,241,123,72,9,179,241,164,170,176,1
pH,5.0,5.0,pH,240,136,70,12,181,240,171,163,179,1
pH,5.0,5.0,pH,244,135,71,11,181,244,172,165,179,1
pH,5.0,5.0,pH,239,125,73,9,177,239,165,168,175,1
pH,5.0,5.0,pH,240,132,78,10,172,240,169,165,175,1
pH,5.0,5.0,pH,237,121,74,9,175,237,162,169,173,1
pH,5.0,5.0,pH,241,130,73,10,178,241,168,166,177,1
pH,5.0,5.0,pH,240,135,76,11,174,240,170,163,176,1
pH,5.0,5.0,pH,239,127,73,10,177,239,166,167,176,1
pH,5.0,5.0,pH,247,128,74,9,179,247,169,170,177,1
pH,5.0,5.0,pH,238,133,82,10,167,238,169,164,173,1
pH,5.0,5.0,pH,242,129,74,10,177,242,168,167,176,1
pH,5.0,5.0,pH,230,132,75,11,172,230,165,161,174,1
pH,5.0,5.0,pH,242,126,72,10,179,242,166,169,177,1
pH,5.0,5.0,pH,238,133,72,11,178,238,169,163,177,1
pH,5.0,5.0,pH,248,131,69,10,184,248,171,168,180,1
pH,5.0,5.0,pH,239,126,65,11,186,239,165,167,179,1
pH,5.0,5.0,pH,246,132,76,10,176,246,171,167,177,1
pH,5.0,5.0,pH,241,123,72,9,179,241,164,170,176,1
pH,5.0,5.0,pH,243,125,64,10,188,243,166,169,180,1
pH,5.0,5.0,pH,239,128,75,10,175,239,166,166,175,1
pH,5.0,5.0,pH,243,132,75,10,176,243,170,166,177,1
pH,5.0,5.0,pH,245,123,76,8,176,245,166,171,175,1
pH,5.0,5.0,pH,243,124,68,10,184,243,166,170,178,1
pH,5.0,5.0,pH,237,126,77,9,172,237,165,167,173,1
pH,5.0,5.0,pH,238,126,72,10,178,238,165,167,176,1
pH,5.0,5.0,pH,244,129,73,10,179,244,169,168,177,1
pH,5.0,5.0,pH,240,134,71,11,180,240,170,164,179,1
pH,5.0,5.0,pH,245,130,73,10,179,245,169,168,178,1
pH,5.0,5.0,pH,250,125,73,9,181,250,169,172,177,1
pH,5.0,5.0,pH,235,133,81,10,167,235,168,163,172,1
pH,5.0,5.0,pH,247,134,73,11,180,247,172,166,179,1
pH,5.0,5.0,pH,239,122,82,8,168,239,164,170,170,1
pH,5.0,5.0,pH,242,127,79,9,172,242,167,168,173,1
pH,5.0,5.0,pH,236,131,73,11,176,236,167,164,176,1
pH,5.0,5.0,pH,243,129,68,10,184,243,168,167,179,1
pH,5.0,5.0,pH,240,133,74,11,176,240,169,164,177,1
pH,5.0,5.0,pH,243,125,74,9,177,243,166,169,176,1
pH,5.0,5.0,pH,238,132,74,11,176,238,168,164,176,1
pH,5.0,5.0,pH,243,133,77,10,174,243,170,166,176,1
pH,5.0,5.0,pH,241,125,74,9,177,241,166,169,175,1
pH,5.0,5.0,pH,238,128,73,10,177,238,166,166,176,1
pH,5.0,5.0,pH,236,121,71,9,178,236,162,169,175,1
pH,5.0,5.0,pH,241,124,74,9,177,241,165,169,175,1
pH,5.0,5.0,pH,248,133,81,9,172,248,172,168,175,1
pH,5.0,5.0,pH,242,134,71,11,180,242,170,164,179,1
pH,5.0,5.0,pH,237,118,79,7,170,237,161,171,170,1
pH,5.0,5.0,pH,246,127,73,9,179,246,168,170,177,1
pH,5.0,5.0,pH,237,131,78,10,171,237,167,164,174,1
pH,5.0,5.0,pH,233,131,73,11,175,233,166,163,176,1
pH,5.0,5.0,pH,240,131,73,10,177,240,168,165,177,1
pH,5.0,5.0,pH,240,128,78,9,172,240,167,167,174,1
pH,5.0,5.0,pH,242,130,69,11,182,242,168,166,179,1
pH,5.0,5.0,pH,238,133,74,11,176,238,169,163,176,1
pH,5.0,5.0,pH,243,136,78,11,173,243,172,164,176,1
pH,5.0,5.0,pH,240,127,64,11,187,240,166,167,180,1
pH,5.0,5.0,pH,239,128,76,10,174,239,166,166,175,1
pH,5.0,5.0,pH,239,128,67,11,184,239,166,166,179,1
pH,5.0,5.0,pH,236,131,81,10,167,236,167,164,172,1
pH,5.0,5.0,pH,240,130,78,10,172,240,168,166,174,1
pH,5.0,5.0,pH,237,130,71,11,179,237,167,164,177,1
pH,5.0,5.0,pH,243,130,75,10,176,243,169,167,176,1
pH,5.0,5.0,pH,237,132,82,10,167,237,168,164,172,1
pH,5.0,5.0,pH,236,128,75,10,174,236,165,165,174,1
pH,5.0,5.0,pH,243,127,63,11,189,243,167,168,181,1
pH,5.0,5.0,pH,245,132,67,11,185,245,170,166,181,1
pH,5.0,5.0,pH,238,135,80,10,169,238,170,163,174,1
pH,5.0,5.0,pH,244,128,74,10,178,244,168,168,176,1
pH,5.0,5.0,pH,239,134,70,11,180,239,169,163,179,1
pH,5.0,5.0,pH,237,133,74,11,175,237,168,163,176,1
pH,5.0,5.0,pH,246,126,74,9,178,246,168,170,176,1
pH,5.0,5.0,pH,236,129,68,11,182,236,166,164,178,1
pH,5.0,5.0,pH,238,123,77,9,173,238,164,169,173,1
pH,5.0,5.0,pH,243,122,79,8,172,243,165,171,172,1
pH,5.0,5.0,pH,250,129,71,10,183,250,171,170,179,1
pH,5.0,5.0,pH,251,124,74,8,180,251,169,173,177,1
pH,5.0,5.0,pH,241,134,75,11,176,241,170,164,177,1
pH,5.0,5.0,pH,238,125,73,9,177,238,164,168,175,1
pH,5.0,5.0,pH,236,129,72,10,177,236,166,165,176,1
pH,5.0,5.0,pH,234,134,72,11,177,234,168,161,177,1
pH,5.0,5.0,pH,235,128,74,10,175,235,165,165,175,1
pH,5.0,5.0,pH,233,130,70,11,178,233,165,163,177,1
pH,5.0,5.0,pH,247,131,72,10,181,247,171,168,179,1
pH,5.0,5.0,pH,237,129,76,10,173,237,166,165,174,1
pH,5.0,5.0,pH,240,128,74,10,176,240,167,167,176,1
pH,5.0,5.0,pH,238,128,66,11,184,238,166,166,179,1
pH,5.0,5.0,pH,244,130,71,10,181,244,169,167,178,1
pH,5.0,5.0,pH,248,129,70,10,183,248,170,169,179,1
pH,5.0,5.0,pH,243,131,76,10,175,243,169,167,176,1
pH,5.0,5.0,pH,238,131,73,11,177,238,168,164,177,1
pH,5.0,5.0,pH,242,121,72,9,179,242,164,171,176,1
pH,5.0,5.0,pH,247,126,72,9,181,247,168,170,178,1
pH,5.0,5.0,pH,238,124,65,10,185,238,164,168,179,1
pH,5.0,5.0,pH,239,130,74,10,176,239,167,165,176,1
pH,5.0,5.0,pH,239,129,78,10,172,239,167,166,174,1
pH,5.0,5.0,pH,239,127,73,10,177,239,166,167,176,1
pH,5.0,5.0,pH,242,135,71,11,180,242,171,164,179,1
pH,5.0,5.0,pH,240,130,70,11,181,240,168,166,178,1
pH,5.0,5.0,pH,240,123,67,10,184,240,164,169,178,1
pH,5.0,5.0,pH,241,127,75,9,176,241,167,168,175,1
pH,5.0,5.0,pH,240,125,74,9,176,240,165,168,175,1
pH,5.0,5.0,pH,235,135,69,12,180,235,169,161,179,1
pH,5.0,5.0,pH,239,125,76,9,174,239,165,168,174,1
pH,5.0,5.0,pH,239,127,77,9,173,239,166,167,174,1
pH,5.0,5.0,pH,240,131,70,11,181,240,168,165,178,1
pH,5.0,5.0,pH,234,129,73,10,175,234,165,164,175,1
pH,5.0,5.0,pH,243,129,75,10,176,243,168,168,176,1
pH,5.0,5.0,pH,234,137,73,12,175,234,169,160,177,1
pH,5.0,5.0,pH,243,126,75,9,176,243,167,169,175,1
pH,5.0,5.0,pH,235,131,73,11,176,235,167,163,176,1
pH,5.0,5.0,pH,240,132,69,11,182,240,169,165,179,1
pH,5.0,5.0,pH,237,131,82,9,167,237,168,165,172,1
pH,5.0,5.0,pH,239,131,74,10,176,239,168,165,176,1
pH,5.0,5.0,pH,248,122,74,8,179,248,167,173,176,1
pH,5.0,5.0,pH,233,119,75,8,173,233,160,169,172,1
pH,5.0,5.0,pH,241,128,74,10,177,241,167,167,176,1
pH,5.0,5.0,pH,252,128,76,9,178,252,171,171,177,1
pH,5.0,5.0,pH,237,130,73,10,176,237,167,165,176,1
pH,5.0,5.0,pH,238,136,79,11,170,238,170,162,175,1
pH,5.0,5.0,pH,241,120,73,8,178,241,163,171,175,1
pH,5.0,5.0,pH,251,128,78,9,176,251,171,171,176,1
pH,6.0,6.0,pH,236,164,82,16,166,236,186,147,180,0
pH,6.0,6.0,pH,242,165,79,16,172,242,188,149,183,1
pH,6.0,6.0,pH,226,167,79,18,166,226,185,141,181,1
pH,6.0,6.0,pH,237,159,81,15,168,237,183,150,179,1
pH,6.0,6.0,pH,236,165,78,17,171,236,187,146,182,1
pH,6.0,6.0,pH,241,162,75,16,176,241,186,150,184,1
pH,6.0,6.0,pH,236,164,83,16,165,236,186,147,180,1
pH,6.0,6.0,pH,241,163,82,15,168,241,187,149,181,1
pH,6.0,6.0,pH,232,167,83,17,164,232,187,144,180,1
pH,6.0,6.0,pH,234,156,88,14,159,234,181,151,175,1
pH,6.0,6.0,pH,231,162,83,16,163,231,183,146,178,1
pH,6.0,6.0,pH,231,158,74,16,173,231,181,147,181,1
pH,6.0,6.0,pH,239,162,94,14,155,239,186,150,174,1
pH,6.0,6.0,pH,232,160,80,16,167,232,182,147,179,1
pH,6.0,6.0,pH,237,162,84,15,165,237,185,148,179,1
pH,6.0,6.0,pH,232,158,75,16,173,232,181,148,181,1
pH,6.0,6.0,pH,227,162,81,17,164,227,182,144,179,1
pH,6.0,6.0,pH,233,169,87,17,160,233,188,143,179,1
pH,6.0,6.0,pH,235,157,80,15,168,235,181,150,179,1
pH,6.0,6.0,pH,234,161,79,16,169,234,184,147,180,1
pH,6.0,6.0,pH,233,162,79,16,169,233,184,147,180,1
pH,6.0,6.0,pH,237,165,78,16,171,237,187,146,182,1
pH,6.0,6.0,pH,241,160,76,15,175,241,185,151,183,1
pH,6.0,6.0,pH,238,161,83,15,166,238,185,149,179,1
pH,6.0,6.0,pH,226,170,85,18,159,226,187,140,179,1
pH,6.0,6.0,pH,230,158,89,15,156,230,181,148,174,1
pH,6.0,6.0,pH,233,161,73,17,175,233,183,147,183,1
pH,6.0,6.0,pH,235,163,85,16,163,235,185,147,178,1
pH,6.0,6.0,pH,230,158,84,15,162,230,181,148,177,1
pH,6.0,6.0,pH,240,158,86,14,164,240,184,152,177,1
pH,6.0,6.0,pH,236,168,82,17,166,236,188,145,181,1
pH,6.0,6.0,pH,226,163,86,17,158,226,183,143,176,1
pH,6.0,6.0,pH,232,162,81,16,166,232,184,146,179,1
pH,6.0,6.0,pH,224,171,78,19,166,224,187,138,182,1
pH,6.0,6.0,pH,238,164,87,15,162,238,187,148,178,1
pH,6.0,6.0,pH,238,163,78,16,171,238,186,148,182,1
pH,6.0,6.0,pH,239,157,85,14,164,239,183,152,177,1
pH,6.0,6.0,pH,232,169,83,17,164,232,188,143,180,1
pH,6.0,6.0,pH,239,164,75,16,175,239,187,148,184,1
pH,6.0,6.0,pH,233,167,83,17,164,233,187,144,180,1
pH,6.0,6.0,pH,241,166,78,16,172,241,189,148,183,1
pH,6.0,6.0,pH,233,164,73,17,175,233,185,145,184,1
pH,6.0,6.0,pH,243,166,87,15,164,243,189,149,179,1
pH,6.0,6.0,pH,230,169,91,17,154,230,188,142,176,1
pH,6.0,6.0,pH,231,167,82,17,164,231,186,143,180,1
pH,6.0,6.0,pH,230,166,85,17,161,230,186,143,178,1
pH,6.0,6.0,pH,234,169,75,18,173,234,188,143,184,1
pH,6.0,6.0,pH,230,165,82,17,164,230,185,144,179,1
pH,6.0,6.0,pH,233,167,84,17,163,233,187,144,180,1
pH,6.0,6.0,pH,239,164,84,15,165,239,187,148,180,1
pH,6.0,6.0,pH,234,172,79,18,169,234,190,142,183,1
pH,6.0,6.0,pH,244,164,76,16,176,244,188,150,184,1
pH,6.0,6.0,pH,241,165,85,15,165,241,188,148,180,1
pH,6.0,6.0,pH,241,165,80,16,170,241,188,148,182,1
pH,6.0,6.0,pH,240,164,85,15,165,240,187,149,179,1
pH,6.0,6.0,pH,227,166,79,18,166,227,185,142,181,1
pH,6.0,6.0,pH,243,166,83,16,168,243,189,149,181,1
pH,6.0,6.0,pH,238,160,88,14,161,238,184,150,177,1
pH,6.0,6.0,pH,244,166,88,15,163,244,190,149,179,1
pH,6.0,6.0,pH,234,161,82,16,166,234,184,148,179,1
pH,6.0,6.0,pH,238,162,84,15,165,238,185,149,179,1
pH,6.0,6.0,pH,237,160,84,15,165,237,184,150,178,1
pH,6.0,6.0,pH,239,165,87,15,162,239,188,148,179,1
pH,6.0,6.0,pH,231,166,77,17,170,231,186,143,182,1
pH,6.0,6.0,pH,232,161,78,16,169,232,183,147,181,1
pH,6.0,6.0,pH,234,163,85,16,162,234,185,147,178,1
pH,6.0,6.0,pH,235,158,87,14,161,235,182,150,176,1
pH,6.0,6.0,pH,233,164,84,16,163,233,185,146,179,1
pH,6.0,6.0,pH,237,168,84,16,165,237,189,145,180,1
pH,6.0,6.0,pH,233,173,83,18,164,233,191,141,182,1
pH,6.0,6.0,pH,235,168,83,17,165,235,188,144,181,1
pH,6.0,6.0,pH,238,174,81,18,168,238,193,142,184,1
pH,6.0,6.0,pH,235,164,86,16,162,235,186,147,178,1
pH,6.0,6.0,pH,230,156,80,15,166,230,179,148,178,1
pH,6.0,6.0,pH,229,162,84,16,161,229,183,145,178,1
pH,6.0,6.0,pH,232,158,82,15,165,232,181,148,178,1
pH,6.0,6.0,pH,239,157,85,14,164,239,183,152,177,1
pH,6.0,6.0,pH,239,168,87,16,162,239,189,146,179,1
pH,6.0,6.0,pH,245,163,82,15,170,245,188,151,181,1
pH,6.0,6.0,pH,234,164,88,16,159,234,186,146,177,1
pH,6.0,6.0,pH,231,161,88,15,158,231,183,147,176,1
pH,6.0,6.0,pH,240,163,85,15,165,240,187,149,179,1
pH,6.0,6.0,pH,237,170,82,17,167,237,190,144,182,1
pH,6.0,6.0,pH,240,175,84,18,166,240,194,143,183,1
pH,6.0,6.0,pH,236,167,81,17,167,236,188,145,181,1
pH,6.0,6.0,pH,246,165,81,15,171,246,190,150,182,1
pH,6.0,6.0,pH,233,168,85,17,162,233,188,144,179,1
pH,6.0,6.0,pH,234,166,76,17,172,234,187,145,183,1
pH,6.0,6.0,pH,237,166,89,16,159,237,188,147,178,1
pH,6.0,6.0,pH,233,159,78,16,170,233,182,148,180,1
pH,6.0,6.0,pH,231,169,88,17,158,231,188,142,178,1
pH,6.0,6.0,pH,237,169,83,17,166,237,189,145,181,1
pH,6.0,6.0,pH,236,163,81,16,167,236,185,147,180,1
pH,6.0,6.0,pH,230,165,82,17,164,230,185,144,179,1
pH,6.0,6.0,pH,239,164,81,16,169,239,187,148,181,1
pH,6.0,6.0,pH,233,164,85,16,162,233,185,146,178,1
pH,6.0,6.0,pH,231,164,83,16,163,231,185,145,179,1
pH,6.0,6.0,pH,233,162,83,16,164,233,184,147,179,1
pH,6.0,6.0,pH,231,165,78,17,169,231,185,144,182,1
pH,6.0,6.0,pH,240,173,79,18,171,240,193,144,184,1
pH,6.0,6.0,pH,238,161,86,15,163,238,185,150,178,1
pH,6.0,6.0,pH,231,166,79,17,168,231,186,143,181,1
pH,6.0,6.0,pH,235,160,85,15,163,235,183,149,178,1
pH,6.0,6.0,pH,233,166,81,17,166,233,186,144,181,1
pH,6.0,6.0,pH,236,165,79,16,170,236,187,146,182,1
pH,6.0,6.0,pH,237,170,79,17,170,237,190,144,183,1
pH,6.0,6.0,pH,241,170,79,17,171,241,191,146,184,1
pH,6.0,6.0,pH,230,165,80,17,166,230,185,144,180,1
pH,6.0,6.0,pH,243,164,79,16,172,243,188,149,183,1
pH,6.0,6.0,pH,231,168,80,17,167,231,187,142,181,1
pH,6.0,6.0,pH,236,168,80,17,169,236,188,145,182,1
pH,6.0,6.0,pH,236,164,85,16,163,236,186,147,179,1
pH,6.0,6.0,pH,238,163,82,16,167,238,186,148,180,1
pH,6.0,6.0,pH,235,158,83,15,165,235,182,150,178,1
pH,6.0,6.0,pH,244,160,79,15,172,244,186,152,182,1
pH,6.0,6.0,pH,233,167,84,17,163,233,187,144,180,1
pH,6.0,6.0,pH,235,160,82,15,166,235,183,149,179,1
pH,6.0,6.0,pH,230,165,85,17,161,230,185,144,178,1
pH,6.0,6.0,pH,231,158,88,15,158,231,181,148,175,1
pH,6.0,6.0,pH,234,169,81,17,167,234,188,143,182,1
pH,6.0,6.0,pH,235,166,78,17,170,235,187,145,182,1
pH,6.0,6.0,pH,237,162,77,16,172,237,185,148,182,1
pH,6.0,6.0,pH,237,163,81,16,168,237,186,148,181,1
pH,6.0,6.0,pH,231,170,86,17,160,231,188,142,179,1
pH,6.0,6.0,pH,240,163,75,16,175,240,186,149,184,1
pH,6.0,6.0,pH,244,164,79,15,172,244,188,150,183,1
pH,6.0,6.0,pH,238,169,82,17,167,238,190,145,182,1
pH,6.0,6.0,pH,241,168,78,17,172,241,190,146,184,1
pH,6.0,6.0,pH,233,168,71,18,177,233,187,143,186,1
pH,6.0,6.0,pH,235,158,80,15,168,235,182,150,179,1
pH,6.0,6.0,pH,235,163,80,16,168,235,185,147,181,1
pH,6.0,6.0,pH,232,173,89,18,157,232,191,141,179,1
pH,6.0,6.0,pH,231,170,80,18,167,231,188,141,182,1
pH,6.0,6.0,pH,237,164,79,16,170,237,186,147,182,1
pH,6.0,6.0,pH,240,165,80,16,170,240,188,148,182,1
pH,6.0,6.0,pH,231,160,75,16,172,231,182,146,182,1
pH,6.0,6.0,pH,236,159,81,15,167,236,183,149,179,1
pH,6.0,6.0,pH,241,169,82,16,168,241,190,146,182,1
pH,6.0,6.0,pH,236,172,84,17,164,236,191,143,181,1
pH,6.0,6.0,pH,235,158,84,15,164,235,182,150,177,1
pH,6.0,6.0,pH,239,161,83,15,166,239,185,150,179,1
pH,6.0,6.0,pH,235,163,72,17,177,235,185,146,184,1
pH,6.0,6.0,pH,235,168,79,17,169,235,188,144,182,1
pH,6.0,6.0,pH,236,161,83,15,165,236,184,149,179,1
pH,6.0,6.0,pH,235,160,87,15,161,235,183,149,177,1
pH,6.0,6.0,pH,240,162,84,15,166,240,186,150,179,1
pH,6.0,6.0,pH,238,167,75,17,175,238,188,146,184,1
pH,6.0,6.0,pH,240,162,81,15,169,240,186,150,181,1
pH,6.0,6.0,pH,247,165,80,15,172,247,190,151,183,1
pH,6.0,6.0,pH,227,170,77,19,169,227,187,140,183,1
pH,6.5,6.5,pH,221,192,84,24,158,221,200,126,185,0
pH,6.5,6.5,pH,217,191,90,24,149,217,198,125,181,1
pH,6.5,6.5,pH,224,191,85,23,158,224,200,128,184,1
pH,6.5,6.5,pH,219,193,84,24,157,219,200,125,185,1
pH,6.5,6.5,pH,225,196,86,24,158,225,203,126,186,1
pH,6.5,6.5,pH,220,195,84,24,158,220,202,124,185,1
pH,6.5,6.5,pH,217,190,84,24,156,217,198,125,184,1
pH,6.5,6.5,pH,225,191,79,23,165,225,200,128,187,1
pH,6.5,6.5,pH,221,192,85,24,157,221,200,126,184,1
pH,6.5,6.5,pH,225,196,82,24,162,225,203,125,187,1
pH,6.5,6.5,pH,219,188,87,23,154,219,197,127,182,1
pH,6.5,6.5,pH,227,191,83,22,162,227,201,129,186,1
pH,6.5,6.5,pH,227,194,86,23,158,227,203,128,185,1
pH,6.5,6.5,pH,216,195,80,25,161,216,201,122,187,1
pH,6.5,6.5,pH,216,191,82,24,158,216,198,124,185,1
pH,6.5,6.5,pH,220,186,88,22,153,220,196,129,181,1
pH,6.5,6.5,pH,226,184,88,21,156,226,196,132,181,1
pH,6.5,6.5,pH,218,195,84,25,157,218,201,123,185,1
pH,6.5,6.5,pH,221,191,89,23,152,221,199,127,182,1
pH,6.5,6.5,pH,216,194,88,25,151,216,200,123,183,1
pH,6.5,6.5,pH,224,201,82,25,162,224,206,122,189,1
pH,6.5,6.5,pH,225,192,89,23,154,225,201,128,183,1
pH,6.5,6.5,pH,221,190,89,23,152,221,199,127,182,1
pH,6.5,6.5,pH,219,186,82,23,160,219,195,128,184,1
pH,6.5,6.5,pH,223,198,84,25,159,223,204,124,187,1
pH,6.5,6.5,pH,226,187,82,22,162,226,198,131,185,1
pH,6.5,6.5,pH,220,192,84,24,158,220,200,126,185,1
pH,6.5,6.5,pH,224,190,85,23,158,224,199,128,184,1
pH,6.5,6.5,pH,221,188,84,23,158,221,197,128,184,1
pH,6.5,6.5,pH,220,191,84,24,158,220,199,126,184,1
pH,6.5,6.5,pH,221,190,89,23,152,221,199,127,182,1
pH,6.5,6.5,pH,216,189,95,23,143,216,197,126,178,1
pH,6.5,6.5,pH,217,187,87,23,153,217,196,127,182,1
pH,6.5,6.5,pH,213,191,93,25,144,213,198,124,180,1
pH,6.5,6.5,pH,215,184,78,23,162,215,193,127,184,1
pH,6.5,6.5,pH,225,196,82,24,162,225,203,125,187,1
pH,6.5,6.5,pH,224,198,91,24,151,224,205,125,184,1
pH,6.5,6.5,pH,220,183,81,22,161,220,194,130,183,1
pH,6.5,6.5,pH,219,191,83,24,158,219,199,125,185,1
pH,6.5,6.5,pH,225,197,83,24,161,225,204,125,187,1
pH,6.5,6.5,pH,225,193,84,23,160,225,201,127,186,1
pH,6.5,6.5,pH,225,192,92,23,151,225,201,128,182,1
pH,6.5,6.5,pH,215,190,83,24,157,215,197,124,184,1
pH,6.5,6.5,pH,223,197,84,24,159,223,204,124,187,1
pH,6.5,6.5,pH,215,195,87,25,152,215,200,122,184,1
pH,6.5,6.5,pH,213,192,78,25,162,213,198,122,186,1
pH,6.5,6.5,pH,218,188,87,23,153,218,197,127,182,1
pH,6.5,6.5,pH,221,187,88,22,153,221,197,129,182,1
pH,6.5,6.5,pH,215,193,81,25,159,215,199,123,186,1
pH,6.5,6.5,pH,220,194,86,24,155,220,201,125,184,1
pH,6.5,6.5,pH,226,192,85,23,159,226,201,128,185,1
pH,6.5,6.5,pH,219,193,86,24,155,219,200,125,184,1
pH,6.5,6.5,pH,221,185,85,22,157,221,195,130,182,1
pH,6.5,6.5,pH,222,189,79,23,164,222,198,127,186,1
pH,6.5,6.5,pH,227,194,83,23,162,227,203,127,187,1
pH,6.5,6.5,pH,216,189,89,24,150,216,197,126,181,1
pH,6.5,6.5,pH,222,190,86,23,156,222,199,128,183,1
pH,6.5,6.5,pH,218,198,89,25,151,218,203,122,184,1
pH,6.5,6.5,pH,219,189,74,24,169,219,197,126,188,1
pH,6.5,6.5,pH,215,187,85,24,154,215,195,126,182,1
pH,6.5,6.5,pH,220,187,83,23,159,220,196,128,184,1
pH,6.5,6.5,pH,223,194,76,24,168,223,201,125,189,1
pH,6.5,6.5,pH,220,186,88,22,153,220,196,129,181,1
pH,6.5,6.5,pH,224,188,81,22,163,224,198,129,185,1
pH,6.5,6.5,pH,219,183,85,22,156,219,193,130,182,1
pH,6.5,6.5,pH,220,196,80,25,162,220,202,123,188,1
pH,6.5,6.5,pH,219,186,80,23,162,219,195,128,185,1
pH,6.5,6.5,pH,216,196,81,26,159,216,201,122,187,1
pH,6.5,6.5,pH,221,190,79,23,164,221,198,127,186,1
pH,6.5,6.5,pH,220,194,79,24,163,220,201,124,187,1
pH,6.5,6.5,pH,224,189,82,23,162,224,199,129,185,1
pH,6.5,6.5,pH,223,189,84,23,159,223,198,128,184,1
pH,6.5,6.5,pH,220,193,74,24,169,220,200,124,189,1
pH,6.5,6.5,pH,214,194,88,25,150,214,200,122,183,1
pH,6.5,6.5,pH,217,191,85,24,155,217,198,125,184,1
pH,6.5,6.5,pH,224,184,80,22,164,224,195,131,185,1
pH,6.5,6.5,pH,220,195,94,24,146,220,202,125,181,1
pH,6.5,6.5,pH,220,186,86,22,155,220,196,129,182,1
pH,6.5,6.5,pH,226,192,80,23,165,226,201,128,187,1
pH,6.5,6.5,pH,225,195,80,24,164,225,203,126,188,1
pH,6.5,6.5,pH,223,196,89,24,153,223,203,125,184,1
pH,6.5,6.5,pH,221,191,89,23,152,221,199,127,182,1
pH,6.5,6.5,pH,216,194,79,25,162,216,200,122,187,1
pH,6.5,6.5,pH,225,191,89,23,154,225,200,128,183,1
pH,6.5,6.5,pH,223,187,90,22,152,223,197,130,181,1
pH,6.5,6.5,pH,227,196,81,24,164,227,204,126,188,1
pH,6.5,6.5,pH,220,193,81,24,161,220,200,125,186,1
pH,6.5,6.5,pH,228,193,73,23,173,228,202,128,191,1
pH,6.5,6.5,pH,222,191,84,23,159,222,199,127,185,1
pH,6.5,6.5,pH,220,195,88,24,153,220,202,124,184,1
pH,6.5,6.5,pH,222,191,84,23,159,222,199,127,185,1
pH,6.5,6.5,pH,221,189,86,23,156,221,198,128,183,1
pH,6.5,6.5,pH,223,198,89,24,153,223,204,124,185,1
pH,6.5,6.5,pH,218,195,80,25,161,218,201,123,187,1
pH,6.5,6.5,pH,224,190,80,23,164,224,199,128,186,1
pH,6.5,6.5,pH,222,181,77,22,167,222,193,132,185,1
pH,6.5,6.5,pH,220,192,83,24,159,220,200,125,185,1
pH,6.5,6.5,pH,215,189,86,24,153,215,196,125,182,1
pH,6.5,6.5,pH,223,192,89,23,153,223,200,127,183,1
pH,6.5,6.5,pH,223,189,83,23,160,223,198,128,185,1
pH,6.5,6.5,pH,215,192,88,25,151,215,199,124,182,1
pH,6.5,6.5,pH,224,198,83,24,161,224,204,124,187,1
pH,6.5,6.5,pH,226,191,90,22,153,226,200,129,182,1
pH,6.5,6.5,pH,221,195,90,24,151,221,202,125,183,1
pH,6.5,6.5,pH,220,193,89,24,152,220,200,125,183,1
pH,6.5,6.5,pH,220,187,93,22,147,220,197,129,179,1
pH,6.5,6.5,pH,219,193,89,24,151,219,200,125,183,1
pH,6.5,6.5,pH,219,188,85,23,156,219,197,127,183,1
pH,6.5,6.5,pH,214,191,85,25,154,214,198,124,183,1
pH,6.5,6.5,pH,220,186,90,22,151,220,196,129,180,1
pH,6.5,6.5,pH,221,198,83,25,159,221,204,123,187,1
pH,6.5,6.5,pH,217,193,83,25,157,217,200,124,185,1
pH,6.5,6.5,pH,216,198,82,26,158,216,203,121,187,1
pH,6.5,6.5,pH,214,197,82,26,157,214,202,120,186,1
pH,6.5,6.5,pH,219,185,91,22,149,219,195,129,179,1
pH,6.5,6.5,pH,216,192,88,24,151,216,199,124,182,1
pH,6.5,6.5,pH,223,192,77,24,167,223,200,126,188,1
pH,6.5,6.5,pH,218,193,81,25,160,218,200,124,186,1
pH,6.5,6.5,pH,222,195,88,24,154,222,202,125,184,1
pH,6.5,6.5,pH,216,201,87,27,152,216,205,119,185,1
pH,6.5,6.5,pH,221,196,93,24,148,221,203,124,182,1
pH,6.5,6.5,pH,215,191,74,25,167,215,198,123,188,1
pH,6.5,6.5,pH,222,193,84,24,159,222,201,126,185,1
pH,6.5,6.5,pH,218,184,85,22,156,218,194,129,182,1
pH,6.5,6.5,pH,227,190,86,22,158,227,200,130,184,1
pH,6.5,6.5,pH,215,194,82,25,158,215,200,122,186,1
pH,6.5,6.5,pH,218,189,82,24,159,218,197,126,184,1
pH,6.5,6.5,pH,223,187,82,22,161,223,197,129,185,1
pH,6.5,6.5,pH,221,188,91,22,150,221,197,128,181,1
pH,6.5,6.5,pH,218,189,80,24,161,218,197,126,185,1
pH,6.5,6.5,pH,228,194,80,23,166,228,203,128,188,1
pH,6.5,6.5,pH,225,193,85,23,159,225,201,127,185,1
pH,6.5,6.5,pH,220,189,85,23,156,220,198,127,183,1
pH,6.5,6.5,pH,219,199,79,26,163,219,204,121,189,1
pH,6.5,6.5,pH,227,192,85,23,160,227,201,128,185,1
pH,6.5,6.5,pH,224,189,87,22,156,224,199,129,183,1
pH,6.5,6.5,pH,210,189,80,25,158,210,195,123,184,1
pH,6.5,6.5,pH,216,191,86,24,153,216,198,124,183,1
pH,6.5,6.5,pH,224,193,81,23,163,224,201,126,187,1
pH,6.5,6.5,pH,222,192,88,23,154,222,200,127,183,1
pH,6.5,6.5,pH,224,192,80,23,164,224,200,127,187,1
pH,6.5,6.5,pH,218,190,83,24,158,218,198,126,184,1
pH,6.5,6.5,pH,222,195,84,24,159,222,202,125,186,1
pH,6.5,6.5,pH,221,193,82,24,160,221,200,125,186,1
pH,6.5,6.5,pH,217,185,81,23,160,217,194,128,184,1
pH,6.5,6.5,pH,223,189,83,23,160,223,198,128,185,1
pH,6.5,6.5,pH,223,194,80,24,164,223,202,125,187,1
pH,6.5,6.5,pH,225,197,79,24,165,225,204,125,189,1
pH,6.5,6.5,pH,218,197,83,25,158,218,202,122,186,1
pH,6.5,6.5,pH,212,186,83,24,155,212,194,125,182,1
pH,7.0,7.0,pH,181,193,91,34,135,193,192,109,177,0
pH,7.0,7.0,pH,176,191,91,35,134,191,190,108,176,1
pH,7.0,7.0,pH,187,192,95,32,129,192,193,113,176,1
pH,7.0,7.0,pH,187,199,92,33,137,199,197,109,179,1
pH,7.0,7.0,pH,173,195,95,37,131,195,192,105,175,1
pH,7.0,7.0,pH,181,200,94,35,135,200,197,106,178,1
pH,7.0,7.0,pH,183,197,92,34,136,197,195,108,178,1
pH,7.0,7.0,pH,171,191,96,36,127,191,189,107,173,1
pH,7.0,7.0,pH,178,192,87,34,139,192,191,108,179,1
pH,7.0,7.0,pH,188,200,87,33,144,200,198,108,182,1
pH,7.0,7.0,pH,182,190,93,32,130,190,190,111,176,1
pH,7.0,7.0,pH,183,196,92,34,135,196,195,109,178,1
pH,7.0,7.0,pH,193,189,84,29,144,193,192,116,181,1
pH,7.0,7.0,pH,179,187,85,32,139,187,187,111,178,1
pH,7.0,7.0,pH,177,189,87,34,138,189,188,109,177,1
pH,7.0,7.0,pH,183,191,90,32,135,191,191,111,177,1
pH,7.0,7.0,pH,185,190,90,32,134,190,191,112,177,1
pH,7.0,7.0,pH,182,185,81,31,143,185,186,113,179,1
pH,7.0,7.0,pH,182,195,99,34,126,195,194,109,174,1
pH,7.0,7.0,pH,182,196,90,34,138,196,194,108,179,1
pH,7.0,7.0,pH,182,200,83,35,149,200,197,105,183,1
pH,7.0,7.0,pH,183,202,92,35,139,202,199,106,180,1
pH,7.0,7.0,pH,188,190,91,31,133,190,191,114,177,1
pH,7.0,7.0,pH,181,184,86,31,136,184,186,113,177,1
pH,7.0,7.0,pH,177,196,94,36,133,196,194,107,176,1
pH,7.0,7.0,pH,182,196,90,34,138,196,194,108,179,1
pH,7.0,7.0,pH,186,193,91,32,135,193,193,111,178,1
pH,7.0,7.0,pH,180,196,89,34,139,196,194,107,179,1
pH,7.0,7.0,pH,185,188,87,31,137,188,189,113,178,1
pH,7.0,7.0,pH,184,193,89,33,137,193,193,110,179,1
pH,7.0,7.0,pH,185,191,90,32,135,191,191,112,178,1
pH,7.0,7.0,pH,187,199,97,34,131,199,198,109,177,1
pH,7.0,7.0,pH,180,198,87,35,143,198,195,106,181,1
pH,7.0,7.0,pH,177,184,98,32,119,184,185,113,171,1
pH,7.0,7.0,pH,178,192,87,34,139,192,191,108,179,1
pH,7.0,7.0,pH,184,191,86,32,140,191,191,111,179,1
pH,7.0,7.0,pH,183,187,88,31,135,187,188,113,177,1
pH,7.0,7.0,pH,173,187,92,34,130,187,186,109,174,1
pH,7.0,7.0,pH,173,187,91,34,131,187,186,109,175,1
pH,7.0,7.0,pH,179,201,98,36,131,201,198,105,176,1
pH,7.0,7.0,pH,178,195,94,35,132,195,193,107,176,1
pH,7.0,7.0,pH,179,187,91,33,131,187,187,112,175,1
pH,7.0,7.0,pH,180,191,93,33,131,191,191,110,176,1
pH,7.0,7.0,pH,178,188,91,33,132,188,188,111,175,1
pH,7.0,7.0,pH,183,188,95,32,126,188,189,113,174,1
pH,7.0,7.0,pH,174,191,90,35,135,191,189,107,176,1
pH,7.0,7.0,pH,178,191,98,34,124,191,190,110,173,1
pH,7.0,7.0,pH,178,203,93,37,138,203,199,103,179,1
pH,7.0,7.0,pH,181,195,101,34,123,195,194,109,173,1
pH,7.0,7.0,pH,177,189,88,34,136,189,188,109,177,1
pH,7.0,7.0,pH,181,186,91,32,130,186,187,113,175,1
pH,7.0,7.0,pH,188,194,90,32,137,194,194,112,179,1
pH,7.0,7.0,pH,179,197,88,35,141,197,195,106,180,1
pH,7.0,7.0,pH,188,201,92,34,138,201,199,108,180,1
pH,7.0,7.0,pH,181,197,95,35,132,197,195,108,177,1
pH,7.0,7.0,pH,178,191,86,34,140,191,190,109,179,1
pH,7.0,7.0,pH,183,196,86,34,143,196,194,108,181,1
pH,7.0,7.0,pH,179,188,87,33,137,188,188,111,177,1
pH,7.0,7.0,pH,183,190,90,32,134,190,190,112,177,1
pH,7.0,7.0,pH,174,194,91,36,135,194,191,106,177,1
pH,7.0,7.0,pH,178,192,92,34,133,192,191,109,176,1
pH,7.0,7.0,pH,178,187,98,33,121,187,187,112,172,1
pH,7.0,7.0,pH,178,193,95,35,129,193,192,108,175,1
pH,7.0,7.0,pH,195,188,93,28,133,195,191,118,176,1
pH,7.0,7.0,pH,178,191,88,34,138,191,190,109,178,1
pH,7.0,7.0,pH,176,193,85,35,143,193,191,107,180,1
pH,7.0,7.0,pH,185,193,93,32,132,193,193,111,177,1
pH,7.0,7.0,pH,179,192,92,34,133,192,191,109,176,1
pH,7.0,7.0,pH,176,192,88,35,138,192,190,108,178,1
pH,7.0,7.0,pH,177,185,96,33,123,185,186,112,172,1
pH,7.0,7.0,pH,178,198,95,36,133,198,195,106,177,1
pH,7.0,7.0,pH,176,189,101,34,119,189,189,110,171,1
pH,7.0,7.0,pH,188,193,92,31,133,193,194,112,178,1
pH,7.0,7.0,pH,178,195,88,35,140,195,193,107,179,1
pH,7.0,7.0,pH,173,188,91,35,132,188,187,109,175,1
pH,7.0,7.0,pH,176,193,87,35,140,193,191,107,179,1
pH,7.0,7.0,pH,178,196,92,35,135,196,194,107,177,1
pH,7.0,7.0,pH,181,197,93,35,135,197,195,108,178,1
pH,7.0,7.0,pH,187,191,89,31,136,191,192,113,178,1
pH,7.0,7.0,pH,176,191,95,35,128,191,190,109,174,1
pH,7.0,7.0,pH,186,197,84,33,146,197,196,109,182,1
pH,7.0,7.0,pH,185,186,95,30,125,186,188,115,174,1
pH,7.0,7.0,pH,180,196,86,34,143,196,194,107,180,1
pH,7.0,7.0,pH,186,187,88,30,135,187,189,114,177,1
pH,7.0,7.0,pH,177,186,91,33,130,186,186,111,175,1
pH,7.0,7.0,pH,188,204,91,34,141,204,201,107,182,1
pH,7.0,7.0,pH,185,194,93,33,133,194,194,111,177,1
pH,7.0,7.0,pH,180,194,93,34,133,194,193,109,177,1
pH,7.0,7.0,pH,179,193,91,34,135,193,192,109,177,1
pH,7.0,7.0,pH,184,189,91,32,132,189,190,112,176,1
pH,7.0,7.0,pH,189,198,96,33,131,198,197,110,177,1
pH,7.0,7.0,pH,181,194,95,34,130,194,193,109,176,1
pH,7.0,7.0,pH,187,185,86,29,138,187,188,115,178,1
pH,7.0,7.0,pH,186,192,88,32,138,192,192,112,179,1
pH,7.0,7.0,pH,176,191,85,34,142,191,190,108,179,1
pH,7.0,7.0,pH,189,193,91,31,135,193,194,113,178,1
pH,7.0,7.0,pH,183,197,95,34,132,197,195,108,177,1
pH,7.0,7.0,pH,185,190,90,32,134,190,191,112,177,1
pH,7.0,7.0,pH,184,191,91,32,134,191,191,112,177,1
pH,7.0,7.0,pH,183,196,84,33,146,196,194,108,182,1
pH,7.0,7.0,pH,184,192,94,32,130,192,192,111,176,1
pH,7.0,7.0,pH,184,199,96,34,132,199,197,108,177,1
pH,7.0,7.0,pH,186,199,92,34,137,199,197,108,179,1
pH,7.0,7.0,pH,181,196,94,34,133,196,194,108,177,1
pH,7.0,7.0,pH,180,195,91,34,136,195,193,108,178,1
pH,7.0,7.0,pH,178,198,91,36,138,198,195,106,179,1
pH,7.0,7.0,pH,189,186,89,29,135,189,189,116,177,1
pH,7.0,7.0,pH,181,198,93,35,135,198,196,107,178,1
pH,7.0,7.0,pH,182,188,86,32,138,188,189,112,178,1
pH,7.0,7.0,pH,182,188,89,32,134,188,189,112,177,1
pH,7.0,7.0,pH,183,189,97,32,124,189,190,113,173,1
pH,7.0,7.0,pH,186,187,87,30,136,187,189,114,178,1
pH,7.0,7.0,pH,172,190,94,36,129,190,188,108,174,1
pH,7.0,7.0,pH,179,195,85,34,144,195,193,107,180,1
pH,7.0,7.0,pH,184,191,91,32,134,191,191,112,177,1
pH,7.0,7.0,pH,181,188,86,32,138,188,188,111,178,1
pH,7.0,7.0,pH,185,195,95,33,131,195,194,110,177,1
pH,7.0,7.0,pH,182,194,84,33,145,194,193,109,181,1
pH,7.0,7.0,pH,180,193,99,34,124,193,192,110,173,1
pH,7.0,7.0,pH,184,199,93,34,136,199,197,108,179,1
pH,7.0,7.0,pH,178,193,92,34,133,193,192,108,177,1
pH,7.0,7.0,pH,177,191,90,34,135,191,190,109,177,1
pH,7.0,7.0,pH,187,185,96,29,124,187,188,116,173,1
pH,7.0,7.0,pH,177,188,96,34,125,188,188,111,173,1
pH,7.0,7.0,pH,184,198,94,34,134,198,196,108,178,1
pH,7.0,7.0,pH,189,195,90,32,137,195,195,111,179,1
pH,7.0,7.0,pH,182,198,88,34,142,198,196,107,180,1
pH,7.0,7.0,pH,178,192,83,34,145,192,191,108,180,1
pH,7.0,7.0,pH,182,185,91,31,130,185,187,114,175,1
pH,7.0,7.0,pH,184,191,98,32,124,191,191,112,174,1
pH,7.0,7.0,pH,175,198,94,37,134,198,195,105,177,1
pH,7.0,7.0,pH,174,204,91,38,141,204,199,101,180,1
pH,7.0,7.0,pH,177,187,90,33,132,187,187,111,175,1
pH,7.0,7.0,pH,180,193,90,34,136,193,192,109,178,1
pH,7.0,7.0,pH,184,191,83,32,144,191,191,111,181,1
pH,7.0,7.0,pH,180,184,92,31,128,184,186,113,174,1
pH,7.0,7.0,pH,177,194,96,35,129,194,192,108,175,1
pH,7.0,7.0,pH,177,197,89,36,140,197,194,105,179,1
pH,7.0,7.0,pH,188,192,88,31,138,192,193,112,179,1
pH,7.0,7.0,pH,184,191,88,32,138,191,191,111,178,1
pH,7.0,7.0,pH,179,193,96,34,128,193,192,109,175,1
pH,7.0,7.0,pH,173,193,93,36,132,193,191,106,176,1
pH,7.0,7.0,pH,182,198,91,34,138,198,196,107,179,1
pH,7.0,7.0,pH,180,195,91,34,136,195,193,108,178,1
pH,7.0,7.0,pH,179,195,88,34,140,195,193,107,179,1
pH,7.0,7.0,pH,179,191,96,34,127,191,190,110,174,1
pH,7.0,7.0,pH,168,195,91,38,136,195,191,103,177,1
pH,7.0,7.0,pH,174,194,93,36,133,194,192,106,176,1
pH,7.0,7.0,pH,183,182,96,30,121,183,185,116,172,1
pH,7.0,7.0,pH,178,196,94,35,133,196,194,107,177,1
pH,7.5,7.5,pH,129,165,77,42,136,165,162,101,169,0
pH,7.5,7.5,pH,125,168,75,44,141,168,164,98,171,1
pH,7.5,7.5,pH,121,170,74,45,144,170,164,95,172,1
pH,7.5,7.5,pH,126,163,78,43,133,163,160,101,168,1
pH,7.5,7.5,pH,129,167,72,42,145,167,163,100,172,1
pH,7.5,7.5,pH,126,165,85,45,124,165,162,101,165,1
pH,7.5,7.5,pH,129,169,77,43,139,169,165,99,171,1
pH,7.5,7.5,pH,127,164,76,43,137,164,161,101,169,1
pH,7.5,7.5,pH,131,170,78,43,138,170,166,99,171,1
pH,7.5,7.5,pH,134,161,75,39,136,161,160,105,169,1
pH,7.5,7.5,pH,126,166,76,43,138,166,162,99,170,1
pH,7.5,7.5,pH,132,161,77,40,133,161,159,104,168,1
pH,7.5,7.5,pH,132,157,85,40,117,157,157,107,163,1
pH,7.5,7.5,pH,128,157,78,41,128,157,156,105,166,1
pH,7.5,7.5,pH,129,165,81,43,130,165,162,101,167,1
pH,7.5,7.5,pH,132,166,79,42,134,166,163,102,169,1
pH,7.5,7.5,pH,129,172,71,43,150,172,167,97,174,1
pH,7.5,7.5,pH,130,165,80,42,131,165,162,102,168,1
pH,7.5,7.5,pH,126,158,78,42,129,158,156,103,166,1
pH,7.5,7.5,pH,130,171,72,42,148,171,167,98,174,1
pH,7.5,7.5,pH,134,174,75,42,145,174,169,98,174,1
pH,7.5,7.5,pH,124,163,77,44,135,163,159,100,168,1
pH,7.5,7.5,pH,131,163,83,42,125,163,161,103,166,1
pH,7.5,7.5,pH,125,158,81,43,124,158,156,103,164,1
pH,7.5,7.5,pH,120,164,89,48,117,164,160,99,162,1
pH,7.5,7.5,pH,129,161,77,41,133,161,159,103,168,1
pH,7.5,7.5,pH,129,166,80,43,132,166,163,101,168,1
pH,7.5,7.5,pH,125,172,78,45,139,172,167,96,171,1
pH,7.5,7.5,pH,132,162,82,41,126,162,160,104,166,1
pH,7.5,7.5,pH,128,166,73,42,143,166,162,100,171,1
pH,7.5,7.5,pH,125,168,75,44,141,168,164,98,171,1
pH,7.5,7.5,pH,126,162,80,43,129,162,159,102,166,1
pH,7.5,7.5,pH,126,165,77,43,136,165,161,100,169,1
pH,7.5,7.5,pH,121,159,78,44,130,159,156,101,166,1
pH,7.5,7.5,pH,126,169,81,45,133,169,165,98,168,1
pH,7.5,7.5,pH,132,172,77,43,141,172,168,99,172,1
pH,7.5,7.5,pH,132,163,87,42,119,163,161,104,164,1
pH,7.5,7.5,pH,137,165,79,40,133,165,163,104,169,1
pH,7.5,7.5,pH,134,164,74,40,140,164,162,103,171,1
pH,7.5,7.5,pH,132,165,78,41,134,165,163,102,169,1
pH,7.5,7.5,pH,126,158,78,42,129,158,156,103,166,1
pH,7.5,7.5,pH,133,164,83,41,126,164,162,104,166,1
pH,7.5,7.5,pH,126,161,77,43,133,161,158,102,167,1
pH,7.5,7.5,pH,129,168,74,42,143,168,164,99,172,1
pH,7.5,7.5,pH,134,173,77,42,142,173,169,99,172,1
pH,7.5,7.5,pH,134,161,81,40,127,161,160,105,166,1
pH,7.5,7.5,pH,133,168,77,42,138,168,165,101,171,1
pH,7.5,7.5,pH,117,162,74,45,139,162,158,97,168,1
pH,7.5,7.5,pH,125,165,75,43,139,165,161,99,170,1
pH,7.5,7.5,pH,126,161,74,42,138,161,158,101,169,1
pH,7.5,7.5,pH,133,162,75,40,137,162,160,104,169,1
pH,7.5,7.5,pH,127,166,79,43,134,166,162,100,168,1
pH,7.5,7.5,pH,117,169,83,48,130,169,163,95,167,1
pH,7.5,7.5,pH,125,161,75,43,136,161,158,101,168,1
pH,7.5,7.5,pH,126,166,69,42,149,166,162,98,173,1
pH,7.5,7.5,pH,125,171,73,44,146,171,166,96,173,1
pH,7.5,7.5,pH,134,166,70,40,147,166,163,102,173,1
pH,7.5,7.5,pH,132,165,75,41,139,165,162,102,170,1
pH,7.5,7.5,pH,130,167,80,43,133,167,164,101,169,1
pH,7.5,7.5,pH,134,167,71,40,147,167,164,101,173,1
pH,7.5,7.5,pH,127,177,80,45,140,177,171,95,172,1
pH,7.5,7.5,pH,138,171,78,41,139,171,168,102,172,1
pH,7.5,7.5,pH,130,165,70,41,147,165,162,101,173,1
pH,7.5,7.5,pH,129,170,75,43,143,170,166,98,172,1
pH,7.5,7.5,pH,131,168,73,42,144,168,164,100,172,1
pH,7.5,7.5,pH,127,161,74,42,138,161,158,102,169,1
pH,7.5,7.5,pH,124,161,83,44,124,161,158,102,164,1
pH,7.5,7.5,pH,125,166,75,44,140,166,162,99,170,1
pH,7.5,7.5,pH,134,170,80,42,135,170,167,101,170,1
pH,7.5,7.5,pH,130,164,72,41,143,164,161,101,171,1
pH,7.5,7.5,pH,137,162,80,39,129,162,161,106,167,1
pH,7.5,7.5,pH,133,163,81,41,128,163,161,104,167,1
pH,7.5,7.5,pH,132,172,75,42,144,172,168,98,173,1
pH,7.5,7.5,pH,124,163,78,44,133,163,160,100,168,1
pH,7.5,7.5,pH,129,163,69,41,147,163,160,101,172,1
pH,7.5,7.5,pH,131,173,79,43,139,173,168,98,171,1
pH,7.5,7.5,pH,131,167,79,42,134,167,164,101,169,1
pH,7.5,7.5,pH,133,167,76,41,139,167,164,101,171,1
pH,7.5,7.5,pH,126,164,78,43,134,164,161,100,168,1
pH,7.5,7.5,pH,128,166,79,43,134,166,163,100,168,1
pH,7.5,7.5,pH,132,170,77,42,140,170,166,100,171,1
pH,7.5,7.5,pH,124,164,77,44,135,164,160,99,168,1
pH,7.5,7.5,pH,122,171,78,46,139,171,165,95,170,1
pH,7.5,7.5,pH,131,170,74,42,144,170,166,99,172,1
pH,7.5,7.5,pH,131,165,76,41,138,165,162,102,170,1
pH,7.5,7.5,pH,126,172,75,44,144,172,167,96,172,1
pH,7.5,7.5,pH,132,157,82,40,122,157,157,107,164,1
pH,7.5,7.5,pH,133,165,76,41,138,165,163,102,170,1
pH,7.5,7.5,pH,131,174,70,42,152,174,169,97,176,1
pH,7.5,7.5,pH,132,161,77,40,133,161,159,104,168,1
pH,7.5,7.5,pH,128,163,77,42,135,163,160,102,168,1
pH,7.5,7.5,pH,124,169,70,44,149,169,164,96,173,1
pH,7.5,7.5,pH,131,164,72,41,143,164,161,102,171,1
pH,7.5,7.5,pH,130,159,77,41,132,159,157,104,167,1
pH,7.5,7.5,pH,123,167,73,44,144,167,162,97,171,1
pH,7.5,7.5,pH,127,166,74,43,141,166,162,99,171,1
pH,7.5,7.5,pH,129,159,80,41,127,159,157,104,166,1
pH,7.5,7.5,pH,136,176,77,42,143,176,171,98,174,1
pH,7.5,7.5,pH,132,158,83,40,121,158,157,106,164,1
pH,7.5,7.5,pH,132,163,82,41,127,163,161,104,166,1
pH,7.5,7.5,pH,128,163,79,43,131,163,160,102,167,1
pH,7.5,7.5,pH,125,169,73,44,145,169,164,97,172,1
pH,7.5,7.5,pH,125,161,80,43,128,161,158,102,166,1
pH,7.5,7.5,pH,127,160,75,42,135,160,158,102,168,1
pH,7.5,7.5,pH,129,160,72,41,140,160,158,103,170,1
pH,7.5,7.5,pH,137,162,76,39,135,162,161,105,169,1
pH,7.5,7.5,pH,128,163,79,43,131,163,160,102,167,1
pH,7.5,7.5,pH,133,164,72,40,143,164,162,102,172,1
pH,7.5,7.5,pH,134,165,84,41,125,165,163,104,166,1
pH,7.5,7.5,pH,120,166,85,47,124,166,161,98,165,1
pH,7.5,7.5,pH,128,164,78,43,134,164,161,101,168,1
pH,7.5,7.5,pH,127,164,76,43,137,164,161,101,169,1
pH,7.5,7.5,pH,126,170,79,44,137,170,165,98,170,1
pH,7.5,7.5,pH,130,168,76,42,140,168,164,100,171,1
pH,7.5,7.5,pH,126,163,77,43,135,163,160,101,168,1
pH,7.5,7.5,pH,125,163,75,43,138,163,160,100,169,1
pH,7.5,7.5,pH,137,154,76,37,129,154,155,110,167,1
pH,7.5,7.5,pH,136,165,80,40,131,165,163,104,168,1
pH,7.5,7.5,pH,129,162,68,41,148,162,159,101,172,1
pH,7.5,7.5,pH,130,162,74,41,139,162,160,102,170,1
pH,7.5,7.5,pH,127,172,87,46,126,172,167,98,167,1
pH,7.5,7.5,pH,130,163,72,41,142,163,160,102,171,1
pH,7.5,7.5,pH,131,172,76,43,142,172,168,98,172,1
pH,7.5,7.5,pH,119,168,81,47,132,168,163,96,167,1
pH,7.5,7.5,pH,123,166,79,45,134,166,162,98,168,1
pH,7.5,7.5,pH,129,162,81,42,128,162,160,103,166,1
pH,7.5,7.5,pH,127,159,69,41,144,159,157,102,171,1
pH,7.5,7.5,pH,134,167,77,41,137,167,164,102,170,1
pH,7.5,7.5,pH,127,163,73,42,141,163,160,101,170,1
pH,7.5,7.5,pH,127,157,74,41,135,157,155,104,168,1
pH,7.5,7.5,pH,128,167,77,43,137,167,163,100,170,1
pH,7.5,7.5,pH,132,170,81,43,134,170,166,100,169,1
pH,7.5,7.5,pH,131,165,73,41,142,165,162,101,171,1
pH,7.5,7.5,pH,132,172,78,43,139,172,168,99,171,1
pH,7.5,7.5,pH,137,159,72,38,140,159,159,107,170,1
pH,7.5,7.5,pH,132,166,82,42,129,166,163,102,167,1
pH,7.5,7.5,pH,129,162,76,42,135,162,160,102,169,1
pH,7.5,7.5,pH,123,160,81,44,126,160,157,101,165,1
pH,7.5,7.5,pH,132,166,70,41,147,166,163,101,173,1
pH,7.5,7.5,pH,128,160,82,42,124,160,158,103,165,1
pH,7.5,7.5,pH,127,161,77,42,133,161,159,102,168,1
pH,7.5,7.5,pH,126,171,74,44,145,171,166,97,172,1
pH,7.5,7.5,pH,123,156,77,43,129,156,154,103,165,1
pH,7.5,7.5,pH,127,159,82,42,123,159,157,104,164,1
pH,7.5,7.5,pH,132,165,82,42,128,165,163,103,167,1
pH,7.5,7.5,pH,132,162,73,40,140,162,160,103,170,1
pH,7.5,7.5,pH,132,167,78,42,136,167,164,101,170,1
pH,7.5,7.5,pH,126,167,74,43,142,167,163,99,171,1
pH,7.5,7.5,pH,129,171,74,43,145,171,166,98,173,1
pH,7.5,7.5,pH,123,161,81,44,127,161,158,101,165,1
pH,8.0,8.0,pH,75,155,106,72,132,155,148,92,146,0
pH,8.0,8.0,pH,76,154,104,71,129,154,147,92,147,1
pH,8.0,8.0,pH,77,152,107,72,126,152,146,94,145,1
pH,8.0,8.0,pH,72,151,103,72,133,151,144,92,146,1
pH,8.0,8.0,pH,73,155,107,72,135,155,148,92,146,1
pH,8.0,8.0,pH,60,152,104,74,154,152,144,89,145,1
pH,8.0,8.0,pH,81,151,107,71,118,151,146,95,144,1
pH,8.0,8.0,pH,81,150,108,72,117,150,145,96,144,1
pH,8.0,8.0,pH,72,153,103,71,135,153,146,91,147,1
pH,8.0,8.0,pH,72,166,109,72,144,166,157,87,149,1
pH,8.0,8.0,pH,79,157,100,68,127,157,150,91,151,1
pH,8.0,8.0,pH,77,159,103,70,132,159,151,90,150,1
pH,8.0,8.0,pH,79,158,113,73,128,158,151,93,144,1
pH,8.0,8.0,pH,73,151,105,72,132,151,145,93,145,1
pH,8.0,8.0,pH,81,148,98,68,115,148,143,95,148,1
pH,8.0,8.0,pH,75,153,106,72,130,153,147,93,146,1
pH,8.0,8.0,pH,79,153,99,68,123,153,147,93,149,1
pH,8.0,8.0,pH,83,151,102,68,115,151,145,95,147,1
pH,8.0,8.0,pH,79,153,106,71,123,153,147,94,146,1
pH,8.0,8.0,pH,77,159,105,70,132,159,151,90,149,1
pH,8.0,8.0,pH,81,146,109,73,114,146,142,99,141,1
pH,8.0,8.0,pH,72,160,107,72,140,160,152,89,148,1
pH,8.0,8.0,pH,72,158,110,73,139,158,150,91,145,1
pH,8.0,8.0,pH,78,151,104,71,123,151,145,94,146,1
pH,8.0,8.0,pH,75,155,109,73,132,155,148,92,145,1
pH,8.0,8.0,pH,67,156,105,73,145,156,148,89,147,1
pH,8.0,8.0,pH,72,152,105,72,134,152,145,92,145,1
pH,8.0,8.0,pH,61,152,102,73,153,152,144,89,146,1
pH,8.0,8.0,pH,77,152,105,71,126,152,146,94,146,1
pH,8.0,8.0,pH,81,159,110,71,125,159,152,93,146,1
pH,8.0,8.0,pH,73,157,105,71,136,157,149,90,148,1
pH,8.0,8.0,pH,74,157,104,71,135,157,149,90,148,1
pH,8.0,8.0,pH,81,154,108,71,121,154,148,94,145,1
pH,8.0,8.0,pH,81,159,100,67,125,159,152,91,152,1
pH,8.0,8.0,pH,77,158,110,72,131,158,151,92,146,1
pH,8.0,8.0,pH,71,152,110,74,136,152,146,93,143,1
pH,8.0,8.0,pH,72,154,112,75,136,154,147,93,143,1
pH,8.0,8.0,pH,75,152,102,71,129,152,146,92,147,1
pH,8.0,8.0,pH,76,150,105,72,126,150,144,94,145,1
pH,8.0,8.0,pH,76,160,109,72,134,160,152,90,147,1
pH,8.0,8.0,pH,72,160,105,71,140,160,152,89,149,1
pH,8.0,8.0,pH,70,154,112,75,139,154,147,92,142,1
pH,8.0,8.0,pH,76,155,113,74,130,155,149,93,143,1
pH,8.0,8.0,pH,69,150,100,71,138,150,143,91,147,1
pH,8.0,8.0,pH,76,156,112,74,131,156,149,93,144,1
pH,8.0,8.0,pH,76,153,106,72,128,153,147,93,146,1
pH,8.0,8.0,pH,75,148,117,77,126,148,143,98,138,1
pH,8.0,8.0,pH,77,156,108,72,129,156,149,92,146,1
pH,8.0,8.0,pH,78,154,103,70,126,154,147,93,148,1
pH,8.0,8.0,pH,77,157,103,70,130,157,150,91,149,1
pH,8.0,8.0,pH,81,156,109,71,123,156,150,94,146,1
pH,8.0,8.0,pH,81,155,107,71,122,155,149,94,146,1
pH,8.0,8.0,pH,78,152,106,71,124,152,146,94,145,1
pH,8.0,8.0,pH,76,151,115,76,127,151,145,96,140,1
pH,8.0,8.0,pH,69,150,111,76,138,150,144,94,141,1
pH,8.0,8.0,pH,78,151,108,72,123,151,145,95,144,1
pH,8.0,8.0,pH,81,155,116,74,122,155,149,95,142,1
pH,8.0,8.0,pH,68,158,111,74,145,158,150,90,145,1
pH,8.0,8.0,pH,79,154,105,70,124,154,148,93,147,1
pH,8.0,8.0,pH,77,158,108,71,131,158,151,91,147,1
pH,8.0,8.0,pH,79,151,105,71,122,151,145,95,145,1
pH,8.0,8.0,pH,71,153,110,74,137,153,146,93,143,1
pH,8.0,8.0,pH,75,165,107,71,139,165,156,88,150,1
pH,8.0,8.0,pH,75,155,103,71,132,155,148,91,148,1
pH,8.0,8.0,pH,75,160,106,71,135,160,152,90,149,1
pH,8.0,8.0,pH,72,151,104,72,133,151,144,92,146,1
pH,8.0,8.0,pH,75,160,101,69,135,160,152,89,151,1
pH,8.0,8.0,pH,74,156,99,69,134,156,148,90,150,1
pH,8.0,8.0,pH,72,152,103,72,134,152,145,92,146,1
pH,8.0,8.0,pH,76,154,104,71,129,154,147,92,147,1
pH,8.0,8.0,pH,77,162,113,73,134,162,154,91,146,1
pH,8.0,8.0,pH,67,157,105,73,146,157,149,89,147,1
pH,8.0,8.0,pH,76,153,106,72,128,153,147,93,146,1
pH,8.0,8.0,pH,76,153,102,70,128,153,146,92,148,1
pH,8.0,8.0,pH,73,156,108,73,136,156,149,91,146,1
pH,8.0,8.0,pH,78,153,107,72,125,153,147,94,145,1
pH,8.0,8.0,pH,79,160,106,70,129,160,152,91,149,1
pH,8.0,8.0,pH,74,156,101,70,134,156,149,90,149,1
pH,8.0,8.0,pH,74,158,109,73,136,158,151,91,146,1
pH,8.0,8.0,pH,74,156,103,71,134,156,149,90,148,1
pH,8.0,8.0,pH,78,155,105,71,127,155,148,93,147,1
pH,8.0,8.0,pH,74,155,104,71,133,155,148,91,147,1
pH,8.0,8.0,pH,78,153,112,74,125,153,147,95,142,1
pH,8.0,8.0,pH,81,151,106,71,118,151,145,95,145,1
pH,8.0,8.0,pH,72,154,114,75,136,154,147,93,142,1
pH,8.0,8.0,pH,74,156,108,72,134,156,149,92,146,1
pH,8.0,8.0,pH,71,152,101,71,136,152,145,91,148,1
pH,8.0,8.0,pH,71,144,108,75,129,144,139,96,140,1
pH,8.0,8.0,pH,83,156,100,67,119,156,149,93,150,1
pH,8.0,8.0,pH,72,153,102,71,135,153,146,91,147,1
pH,8.0,8.0,pH,78,158,101,69,129,158,151,90,151,1
pH,8.0,8.0,pH,78,161,114,73,131,161,154,92,145,1
pH,8.0,8.0,pH,86,151,117,74,110,151,147,99,140,1
pH,8.0,8.0,pH,74,153,107,73,132,153,146,93,145,1
pH,8.0,8.0,pH,73,157,101,70,136,157,149,89,150,1
pH,8.0,8.0,pH,74,160,106,71,137,160,152,89,148,1
pH,8.0,8.0,pH,76,157,111,73,132,157,150,92,145,1
pH,8.0,8.0,pH,68,157,105,72,145,157,149,89,147,1
pH,8.0,8.0,pH,76,159,101,69,133,159,151,89,151,1
pH,8.0,8.0,pH,71,147,104,73,132,147,141,94,144,1
pH,8.0,8.0,pH,80,155,101,68,123,155,148,92,149,1
pH,8.0,8.0,pH,73,149,101,71,130,149,143,93,146,1
pH,8.0,8.0,pH,77,150,110,74,124,150,144,96,142,1
pH,8.0,8.0,pH,75,155,105,71,132,155,148,92,147,1
pH,8.0,8.0,pH,78,158,107,71,129,158,151,92,147,1
pH,8.0,8.0,pH,77,154,108,72,128,154,147,93,145,1
pH,8.0,8.0,pH,74,155,105,71,133,155,148,91,147,1
pH,8.0,8.0,pH,73,152,108,73,133,152,146,93,144,1
pH,8.0,8.0,pH,80,160,101,68,128,160,152,90,151,1
pH,8.0,8.0,pH,80,154,108,71,123,154,148,94,145,1
pH,8.0,8.0,pH,71,156,107,73,139,156,149,91,146,1
pH,8.0,8.0,pH,69,157,111,74,143,157,149,91,144,1
pH,8.0,8.0,pH,74,160,105,71,137,160,152,89,149,1
pH,8.0,8.0,pH,78,146,116,77,119,146,142,99,137,1
pH,8.0,8.0,pH,81,154,98,67,121,154,147,92,151,1
pH,8.0,8.0,pH,76,149,108,73,125,149,143,95,143,1
pH,8.0,8.0,pH,77,151,110,73,125,151,145,95,143,1
pH,8.0,8.0,pH,78,159,106,70,130,159,152,91,148,1
pH,8.0,8.0,pH,69,159,105,72,144,159,151,88,148,1
pH,8.0,8.0,pH,69,160,114,75,145,160,152,90,144,1
pH,8.0,8.0,pH,75,164,106,70,138,164,155,88,150,1
pH,8.0,8.0,pH,73,152,113,75,133,152,146,94,141,1
pH,8.0,8.0,pH,72,158,104,71,139,158,150,89,149,1
pH,8.0,8.0,pH,73,159,104,71,138,159,151,89,149,1
pH,8.0,8.0,pH,73,160,112,73,139,160,152,90,145,1
pH,8.0,8.0,pH,78,152,104,71,124,152,146,94,146,1
pH,8.0,8.0,pH,75,156,102,70,132,156,149,91,149,1
pH,8.0,8.0,pH,78,155,99,68,127,155,148,91,150,1
pH,8.0,8.0,pH,71,153,106,73,137,153,146,92,145,1
pH,8.0,8.0,pH,83,156,103,68,119,156,149,93,149,1
pH,8.0,8.0,pH,76,154,107,72,129,154,147,93,145,1
pH,8.0,8.0,pH,77,160,106,70,132,160,152,90,149,1
pH,8.0,8.0,pH,82,159,103,68,123,159,152,91,150,1
pH,8.0,8.0,pH,84,156,103,68,118,156,150,93,149,1
pH,8.0,8.0,pH,82,163,106,69,127,163,155,90,150,1
pH,8.0,8.0,pH,73,154,109,73,134,154,147,92,144,1
pH,8.0,8.0,pH,80,157,106,70,125,157,150,92,148,1
pH,8.0,8.0,pH,81,154,110,72,121,154,148,95,144,1
pH,8.0,8.0,pH,74,157,106,72,135,157,150,91,147,1
pH,8.0,8.0,pH,75,153,111,74,130,153,147,94,143,1
pH,8.0,8.0,pH,72,152,114,76,134,152,146,94,141,1
pH,8.0,8.0,pH,79,145,104,71,116,145,140,97,143,1
pH,8.0,8.0,pH,68,151,93,69,140,151,143,89,151,1
pH,8.0,8.0,pH,74,150,106,73,129,150,144,94,144,1
pH,8.0,8.0,pH,68,155,104,72,143,155,147,90,147,1
pH,8.0,8.0,pH,81,161,109,71,127,161,154,92,148,1
pH,8.0,8.0,pH,74,163,100,69,139,163,154,87,153,1
pH,8.0,8.0,pH,69,155,115,76,141,155,148,92,141,1
pH,8.0,8.0,pH,74,154,100,70,132,154,147,91,149,1
pH,8.0,8.0,pH,79,159,109,71,128,159,152,92,147,1
pH,8.5,8.5,pH,28,122,124,91,197,124,119,103,119,0
pH,8.5,8.5,pH,25,119,119,90,201,119,115,103,120,1
pH,8.5,8.5,pH,28,118,119,90,195,119,115,103,120,1
pH,8.5,8.5,pH,26,120,122,91,201,122,117,103,119,1
pH,8.5,8.5,pH,30,122,123,90,193,123,119,103,120,1
pH,8.5,8.5,pH,29,118,124,92,195,124,115,105,117,1
pH,8.5,8.5,pH,29,116,128,94,197,128,114,107,114,1
pH,8.5,8.5,pH,24,122,129,92,208,129,119,104,116,1
pH,8.5,8.5,pH,32,122,123,90,189,123,119,103,120,1
pH,8.5,8.5,pH,32,125,122,89,190,125,121,101,122,1
pH,8.5,8.5,pH,25,114,125,93,204,125,112,107,115,1
pH,8.5,8.5,pH,28,127,125,89,199,127,123,101,121,1
pH,8.5,8.5,pH,33,119,129,93,190,129,117,107,115,1
pH,8.5,8.5,pH,26,125,118,88,202,125,120,100,124,1
pH,8.5,8.5,pH,29,114,123,93,195,123,112,107,116,1
pH,8.5,8.5,pH,30,120,120,90,191,120,117,103,120,1
pH,8.5,8.5,pH,31,122,122,90,190,122,119,103,121,1
pH,8.5,8.5,pH,28,133,129,89,201,133,128,99,122,1
pH,8.5,8.5,pH,33,124,125,90,188,125,121,103,120,1
pH,8.5,8.5,pH,18,119,122,91,217,122,115,103,119,1
pH,8.5,8.5,pH,21,117,116,90,209,117,113,102,121,1
pH,8.5,8.5,pH,28,125,128,91,199,128,121,103,119,1
pH,8.5,8.5,pH,30,118,116,89,190,118,115,103,122,1
pH,8.5,8.5,pH,21,117,120,91,210,120,114,104,119,1
pH,8.5,8.5,pH,27,118,125,92,200,125,115,105,117,1
pH,8.5,8.5,pH,27,122,129,92,202,129,119,104,116,1
pH,8.5,8.5,pH,23,124,124,90,208,124,120,101,120,1
pH,8.5,8.5,pH,27,126,128,91,201,128,122,102,119,1
pH,8.5,8.5,pH,24,121,125,91,206,125,118,103,118,1
pH,8.5,8.5,pH,27,124,125,90,200,125,120,102,120,1
pH,8.5,8.5,pH,35,116,124,93,183,124,114,107,117,1
pH,8.5,8.5,pH,24,124,118,88,206,124,120,100,123,1
pH,8.5,8.5,pH,29,119,121,91,194,121,116,104,119,1
pH,8.5,8.5,pH,22,120,128,92,211,128,117,105,116,1
pH,8.5,8.5,pH,28,125,131,92,200,131,122,104,117,1
pH,8.5,8.5,pH,29,120,126,92,196,126,117,105,117,1
pH,8.5,8.5,pH,26,120,118,89,200,120,116,102,121,1
pH,8.5,8.5,pH,32,120,125,92,190,125,117,105,118,1
pH,8.5,8.5,pH,24,124,121,89,206,124,120,101,122,1
pH,8.5,8.5,pH,27,126,127,90,201,127,122,102,120,1
pH,8.5,8.5,pH,28,115,136,96,203,136,114,110,109,1
pH,8.5,8.5,pH,35,125,121,89,184,125,121,101,122,1
pH,8.5,8.5,pH,28,120,129,93,200,129,117,106,116,1
pH,8.5,8.5,pH,29,119,122,91,194,122,116,104,119,1
pH,8.5,8.5,pH,32,128,130,91,192,130,124,102,119,1
pH,8.5,8.5,pH,31,121,111,87,190,121,117,100,126,1
pH,8.5,8.5,pH,29,122,125,91,196,125,119,104,119,1
pH,8.5,8.5,pH,28,117,126,93,198,126,115,106,116,1
pH,8.5,8.5,pH,31,125,128,91,193,128,122,103,119,1
pH,8.5,8.5,pH,30,120,124,91,193,124,117,104,118,1
pH,8.5,8.5,pH,28,122,128,92,199,128,119,104,117,1
pH,8.5,8.5,pH,31,130,133,91,196,133,126,102,118,1
pH,8.5,8.5,pH,28,107,129,97,200,129,107,113,109,1
pH,8.5,8.5,pH,26,119,122,91,201,122,116,104,119,1
pH,8.5,8.5,pH,26,124,118,88,202,124,120,100,123,1
pH,8.5,8.5,pH,24,123,126,91,206,126,119,103,119,1
pH,8.5,8.5,pH,31,119,120,90,189,120,116,103,120,1
pH,8.5,8.5,pH,26,123,130,92,204,130,120,104,116,1
pH,8.5,8.5,pH,20,121,119,89,213,121,117,101,121,1
pH,8.5,8.5,pH,21,126,126,90,213,126,122,101,120,1
pH,8.5,8.5,pH,30,126,122,89,194,126,122,100,122,1
pH,8.5,8.5,pH,26,131,123,88,204,131,126,98,124,1
pH,8.5,8.5,pH,31,122,117,88,190,122,118,101,123,1
pH,8.5,8.5,pH,20,120,128,92,215,128,117,104,116,1
pH,8.5,8.5,pH,31,126,120,88,192,126,122,100,124,1
pH,8.5,8.5,pH,34,118,125,92,186,125,116,106,117,1
pH,8.5,8.5,pH,28,121,129,92,200,129,118,105,116,1
pH,8.5,8.5,pH,25,117,124,92,204,124,114,105,117,1
pH,8.5,8.5,pH,26,136,127,88,206,136,130,97,124,1
pH,8.5,8.5,pH,26,118,116,89,199,118,115,102,122,1
pH,8.5,8.5,pH,24,122,130,92,208,130,119,104,116,1
pH,8.5,8.5,pH,32,123,123,90,189,123,119,103,120,1
pH,8.5,8.5,pH,29,120,131,93,199,131,118,106,115,1
pH,8.5,8.5,pH,27,122,115,88,199,122,118,100,124,1
pH,8.5,8.5,pH,27,125,120,88,200,125,121,100,123,1
pH,8.5,8.5,pH,25,125,118,88,204,125,120,99,124,1
pH,8.5,8.5,pH,32,120,122,91,188,122,117,104,119,1
pH,8.5,8.5,pH,24,124,134,93,209,134,121,105,115,1
pH,8.5,8.5,pH,31,119,129,93,194,129,117,107,115,1
pH,8.5,8.5,pH,27,127,127,90,201,127,123,101,120,1
pH,8.5,8.5,pH,16,118,128,93,223,128,115,105,115,1
pH,8.5,8.5,pH,29,118,121,91,194,121,115,104,119,1
pH,8.5,8.5,pH,20,122,133,93,217,133,119,105,114,1
pH,8.5,8.5,pH,31,131,128,89,195,131,127,100,122,1
pH,8.5,8.5,pH,32,130,126,89,192,130,126,100,122,1
pH,8.5,8.5,pH,27,126,130,91,202,130,122,103,118,1
pH,8.5,8.5,pH,26,119,125,92,202,125,116,104,117,1
pH,8.5,8.5,pH,31,125,118,88,192,125,121,100,124,1
pH,8.5,8.5,pH,36,119,123,91,180,123,116,105,119,1
pH,8.5,8.5,pH,24,133,125,88,209,133,128,97,124,1
pH,8.5,8.5,pH,25,125,127,91,205,127,121,102,119,1
pH,8.5,8.5,pH,27,125,121,89,200,125,121,100,122,1
pH,8.5,8.5,pH,26,114,119,92,199,119,111,105,118,1
pH,8.5,8.5,pH,35,129,124,88,186,129,125,100,123,1
pH,8.5,8.5,pH,35,121,123,91,182,123,118,104,119,1
pH,8.5,8.5,pH,28,122,123,90,197,123,119,103,120,1
pH,8.5,8.5,pH,33,123,127,91,189,127,120,104,118,1
pH,8.5,8.5,pH,32,124,120,89,189,124,120,101,123,1
pH,8.5,8.5,pH,23,123,123,90,207,123,119,101,120,1
pH,8.5,8.5,pH,28,122,134,93,202,134,119,106,114,1
pH,8.5,8.5,pH,23,114,125,93,208,125,112,107,115,1
pH,8.5,8.5,pH,26,123,126,91,202,126,119,103,119,1
pH,8.5,8.5,pH,33,116,122,92,186,122,114,106,118,1
pH,8.5,8.5,pH,30,125,133,92,197,133,122,104,116,1
pH,8.5,8.5,pH,32,122,120,89,188,122,119,102,122,1
pH,8.5,8.5,pH,26,120,127,92,203,127,117,104,117,1
pH,8.5,8.5,pH,29,117,122,92,194,122,114,105,118,1
pH,8.5,8.5,pH,32,123,126,91,190,126,120,103,119,1
pH,8.5,8.5,pH,30,129,125,89,196,129,125,100,122,1
pH,8.5,8.5,pH,26,118,125,92,202,125,115,105,117,1
pH,8.5,8.5,pH,18,121,123,91,218,123,117,102,119,1
pH,8.5,8.5,pH,23,118,127,93,209,127,115,106,115,1
pH,8.5,8.5,pH,29,122,125,91,196,125,119,104,119,1
pH,8.5,8.5,pH,28,127,124,89,199,127,123,100,122,1
pH,8.5,8.5,pH,22,129,125,89,212,129,124,99,122,1
pH,8.5,8.5,pH,26,117,126,93,202,126,115,106,116,1
pH,8.5,8.5,pH,28,128,123,89,199,128,124,100,123,1
pH,8.5,8.5,pH,25,126,128,91,205,128,122,102,119,1
pH,8.5,8.5,pH,29,125,124,90,196,125,121,101,121,1
pH,8.5,8.5,pH,29,127,127,90,197,127,123,102,120,1
pH,8.5,8.5,pH,27,127,115,86,201,127,122,97,127,1
pH,8.5,8.5,pH,36,115,121,92,179,121,113,107,118,1
pH,8.5,8.5,pH,28,121,128,92,199,128,118,105,117,1
pH,8.5,8.5,pH,24,123,122,90,205,123,119,101,121,1
pH,8.5,8.5,pH,29,122,124,91,195,124,119,103,119,1
pH,8.5,8.5,pH,26,120,125,91,202,125,117,104,118,1
pH,8.5,8.5,pH,32,120,121,90,188,121,117,104,120,1
pH,8.5,8.5,pH,30,122,127,92,195,127,119,104,118,1
pH,8.5,8.5,pH,24,115,122,92,205,122,112,105,117,1
pH,8.5,8.5,pH,25,122,121,90,203,122,118,102,121,1
pH,8.5,8.5,pH,31,121,125,91,192,125,118,104,118,1
pH,8.5,8.5,pH,29,123,124,90,195,124,119,103,120,1
pH,8.5,8.5,pH,30,119,130,93,196,130,117,107,115,1
pH,8.5,8.5,pH,27,117,125,92,200,125,114,106,116,1
pH,8.5,8.5,pH,25,125,133,92,207,133,122,104,116,1
pH,8.5,8.5,pH,25,123,117,88,203,123,119,100,123,1
pH,8.5,8.5,pH,30,118,122,91,192,122,115,105,119,1
pH,8.5,8.5,pH,24,125,128,91,207,128,121,102,118,1
pH,8.5,8.5,pH,28,119,130,93,200,130,117,106,115,1
pH,8.5,8.5,pH,25,113,126,94,204,126,111,108,114,1
pH,8.5,8.5,pH,24,126,122,89,206,126,122,100,122,1
pH,8.5,8.5,pH,30,128,119,87,195,128,123,99,125,1
pH,8.5,8.5,pH,26,122,130,92,204,130,119,105,116,1
pH,8.5,8.5,pH,25,120,126,92,204,126,117,104,117,1
pH,8.5,8.5,pH,26,123,118,88,201,123,119,100,123,1
pH,8.5,8.5,pH,37,117,123,92,178,123,115,107,118,1
pH,8.5,8.5,pH,28,130,119,87,200,130,125,97,126,1
pH,8.5,8.5,pH,36,125,126,90,182,126,122,103,120,1
pH,8.5,8.5,pH,24,124,121,89,206,124,120,101,122,1
pH,8.5,8.5,pH,33,118,124,92,187,124,116,106,117,1
Ketone,Negative,0,mg/dL,215,182,151,15,76,215,194,135,148,0
Ketone,Negative,0,mg/dL,213,178,154,12,71,213,191,137,145,1
Ketone,Negative,0,mg/dL,217,187,144,18,86,217,198,132,154,1
Ketone,Negative,0,mg/dL,219,192,149,18,82,219,202,131,153,1
Ketone,Negative,0,mg/dL,223,181,146,14,88,223,195,138,152,1
Ketone,Negative,0,mg/dL,214,186,148,17,79,214,197,132,151,1
Ketone,Negative,0,mg/dL,213,184,151,16,74,213,195,133,149,1
Ketone,Negative,0,mg/dL,217,183,153,14,75,217,196,136,148,1
Ketone,Negative,0,mg/dL,213,183,147,16,79,213,194,133,150,1
Ketone,Negative,0,mg/dL,220,179,156,11,74,220,194,139,145,1
Ketone,Negative,0,mg/dL,214,183,149,16,77,214,195,134,149,1
Ketone,Negative,0,mg/dL,211,175,147,13,77,211,189,137,147,1
Ketone,Negative,0,mg/dL,214,183,155,14,70,214,195,135,146,1
Ketone,Negative,0,mg/dL,213,178,145,15,81,213,191,136,150,1
Ketone,Negative,0,mg/dL,217,188,156,16,72,217,199,134,148,1
Ketone,Negative,0,mg/dL,218,185,158,14,70,218,197,136,146,1
Ketone,Negative,0,mg/dL,216,185,150,16,78,216,196,134,150,1
Ketone,Negative,0,mg/dL,210,179,151,14,72,210,191,135,146,1
Ketone,Negative,0,mg/dL,215,190,151,18,76,215,199,131,151,1
Ketone,Negative,0,mg/dL,220,180,150,13,81,220,194,138,149,1
Ketone,Negative,0,mg/dL,210,179,153,14,69,210,191,135,145,1
Ketone,Negative,0,mg/dL,215,186,152,16,75,215,197,133,149,1
Ketone,Negative,0,mg/dL,214,191,151,19,75,214,200,130,151,1
Ketone,Negative,0,mg/dL,220,180,154,12,77,220,194,139,147,1
Ketone,Negative,0,mg/dL,219,183,142,16,90,219,196,135,154,1
Ketone,Negative,0,mg/dL,215,187,153,16,74,215,198,133,149,1
Ketone,Negative,0,mg/dL,217,175,148,12,81,217,190,139,148,1
Ketone,Negative,0,mg/dL,217,184,156,14,72,217,196,136,147,1
Ketone,Negative,0,mg/dL,214,184,151,16,75,214,195,134,149,1
Ketone,Negative,0,mg/dL,211,173,153,10,70,211,188,139,143,1
Ketone,Negative,0,mg/dL,216,180,145,15,84,216,193,136,151,1
Ketone,Negative,0,mg/dL,218,181,153,13,76,218,195,137,147,1
Ketone,Negative,0,mg/dL,222,173,148,10,85,222,190,142,148,1
Ketone,Negative,0,mg/dL,214,188,144,19,83,214,198,131,154,1
Ketone,Negative,0,mg/dL,223,183,151,13,82,223,197,138,150,1
Ketone,Negative,0,mg/dL,214,180,155,13,70,214,193,137,145,1
Ketone,Negative,0,mg/dL,211,183,149,16,75,211,194,133,149,1
Ketone,Negative,0,mg/dL,212,192,153,20,71,212,200,129,150,1
Ketone,Negative,0,mg/dL,217,187,145,18,85,217,198,133,153,1
Ketone,Negative,0,mg/dL,222,172,148,10,85,222,190,143,147,1
Ketone,Negative,0,mg/dL,213,184,152,16,73,213,195,134,148,1
Ketone,Negative,0,mg/dL,214,182,147,16,80,214,194,134,150,1
Ketone,Negative,0,mg/dL,209,185,154,17,67,209,195,132,147,1
Ketone,Negative,0,mg/dL,221,179,154,11,77,221,194,140,147,1
Ketone,Negative,0,mg/dL,214,187,155,16,70,214,198,133,148,1
Ketone,Negative,0,mg/dL,216,181,155,13,72,216,194,137,146,1
Ketone,Negative,0,mg/dL,218,179,146,14,84,218,193,137,150,1
Ketone,Negative,0,mg/dL,214,188,156,17,69,214,198,132,148,1
Ketone,Negative,0,mg/dL,211,177,156,11,66,211,190,137,143,1
Ketone,Negative,0,mg/dL,210,184,149,17,74,210,194,132,149,1
Ketone,Negative,0,mg/dL,221,179,156,11,75,221,194,140,146,1
Ketone,Negative,0,mg/dL,216,183,143,16,86,216,195,134,153,1
Ketone,Negative,0,mg/dL,206,181,152,16,67,206,192,133,146,1
Ketone,Negative,0,mg/dL,210,178,153,13,69,210,191,136,145,1
Ketone,Negative,0,mg/dL,217,181,154,13,74,217,194,137,147,1
Ketone,Negative,0,mg/dL,210,181,158,13,63,210,193,135,144,1
Ketone,Negative,0,mg/dL,215,183,160,13,65,215,195,136,144,1
Ketone,Negative,0,mg/dL,209,185,158,16,62,209,195,132,145,1
Ketone,Negative,0,mg/dL,214,185,147,17,80,214,196,133,151,1
Ketone,Negative,0,mg/dL,212,184,154,16,70,212,195,133,147,1
Ketone,Negative,0,mg/dL,219,188,151,16,79,219,199,134,151,1
Ketone,Negative,0,mg/dL,220,181,155,12,75,220,195,138,147,1
Ketone,Negative,0,mg/dL,216,184,153,15,74,216,196,135,148,1
Ketone,Negative,0,mg/dL,209,178,151,14,71,209,190,135,146,1
Ketone,Negative,0,mg/dL,208,185,154,17,66,208,195,131,147,1
Ketone,Negative,0,mg/dL,216,178,157,11,70,216,192,139,144,1
Ketone,Negative,0,mg/dL,223,183,153,13,80,223,197,138,149,1
Ketone,Negative,0,mg/dL,216,184,151,15,77,216,196,135,149,1
Ketone,Negative,0,mg/dL,215,186,160,14,65,215,197,134,145,1
Ketone,Negative,0,mg/dL,209,182,146,17,77,209,193,132,150,1
Ketone,Negative,0,mg/dL,221,180,145,14,88,221,194,138,151,1
Ketone,Negative,0,mg/dL,218,189,154,16,75,218,200,133,150,1
Ketone,Negative,0,mg/dL,216,184,157,14,70,216,196,135,146,1
Ketone,Negative,0,mg/dL,212,182,149,16,76,212,194,134,149,1
Ketone,Negative,0,mg/dL,210,181,155,14,67,210,193,134,145,1
Ketone,Negative,0,mg/dL,217,185,152,15,76,217,197,135,149,1
Ketone,Negative,0,mg/dL,217,179,150,13,79,217,193,137,148,1
Ketone,Negative,0,mg/dL,216,183,152,15,76,216,195,135,148,1
Ketone,Negative,0,mg/dL,214,180,164,10,60,214,194,138,141,1
Ketone,Negative,0,mg/dL,219,184,150,15,80,219,197,136,150,1
Ketone,Negative,0,mg/dL,213,181,152,14,73,213,193,135,147,1
Ketone,Negative,0,mg/dL,207,176,148,14,73,207,188,135,147,1
Ketone,Negative,0,mg/dL,216,181,157,12,70,216,194,137,145,1
Ketone,Negative,0,mg/dL,209,179,157,13,63,209,191,135,143,1
Ketone,Negative,0,mg/dL,216,186,159,14,67,216,198,135,146,1
Ketone,Negative,0,mg/dL,212,182,150,15,75,212,194,134,148,1
Ketone,Negative,0,mg/dL,207,181,155,15,64,207,192,133,145,1
Ketone,Negative,0,mg/dL,217,184,149,15,80,217,196,135,150,1
Ketone,Negative,0,mg/dL,212,187,149,18,76,212,197,131,151,1
Ketone,Negative,0,mg/dL,216,183,157,13,70,216,196,136,146,1
Ketone,Negative,0,mg/dL,219,177,146,13,85,219,192,139,150,1
Ketone,Negative,0,mg/dL,217,182,149,15,80,217,195,136,149,1
Ketone,Negative,0,mg/dL,219,183,151,14,79,219,196,136,149,1
Ketone,Negative,0,mg/dL,218,180,157,11,71,218,194,138,145,1
Ketone,Negative,0,mg/dL,212,185,157,15,66,212,196,133,146,1
Ketone,Negative,0,mg/dL,209,181,156,14,65,209,193,134,144,1
Ketone,Negative,0,mg/dL,220,181,148,14,83,220,195,137,150,1
Ketone,Negative,0,mg/dL,219,187,146,17,85,219,198,134,153,1
Ketone,Negative,0,mg/dL,210,183,154,16,68,210,194,133,146,1
Ketone,Negative,0,mg/dL,214,185,148,17,79,214,196,133,151,1
Ketone,Negative,0,mg/dL,207,180,151,16,69,207,191,133,146,1
Ketone,Negative,0,mg/dL,214,177,144,14,83,214,191,137,150,1
Ketone,Negative,0,mg/dL,213,186,156,16,68,213,197,133,147,1
Ketone,Negative,0,mg/dL,220,179,146,13,86,220,193,138,151,1
Ketone,Negative,0,mg/dL,217,185,153,15,75,217,197,135,148,1
Ketone,Negative,0,mg/dL,207,179,151,15,69,207,191,134,146,1
Ketone,Negative,0,mg/dL,217,185,152,15,76,217,197,135,149,1
Ketone,Negative,0,mg/dL,216,182,154,14,73,216,195,136,147,1
Ketone,Negative,0,mg/dL,216,182,150,15,78,216,195,136,149,1
Ketone,Negative,0,mg/dL,215,184,152,15,75,215,196,134,148,1
Ketone,Negative,0,mg/dL,217,187,152,16,76,217,198,134,150,1
Ketone,Negative,0,mg/dL,212,186,146,18,79,212,196,131,152,1
Ketone,Negative,0,mg/dL,211,183,153,16,70,211,194,133,147,1
Ketone,Negative,0,mg/dL,210,180,149,15,74,210,192,134,148,1
Ketone,Negative,0,mg/dL,213,186,154,16,71,213,197,133,148,1
Ketone,Negative,0,mg/dL,215,180,146,15,82,215,193,136,150,1
Ketone,Negative,0,mg/dL,221,184,148,15,84,221,197,136,151,1
Ketone,Negative,0,mg/dL,218,182,150,14,80,218,195,136,149,1
Ketone,Negative,0,mg/dL,217,179,150,13,79,217,193,137,148,1
Ketone,Negative,0,mg/dL,215,180,154,13,72,215,193,137,146,1
Ketone,Negative,0,mg/dL,222,179,144,13,90,222,194,139,152,1
Ketone,Negative,0,mg/dL,207,181,148,17,73,207,192,132,148,1
Ketone,Negative,0,mg/dL,216,183,145,16,84,216,195,134,152,1
Ketone,Negative,0,mg/dL,208,183,152,17,69,208,193,132,147,1
Ketone,Negative,0,mg/dL,213,175,153,11,72,213,190,138,144,1
Ketone,Negative,0,mg/dL,220,183,148,15,83,220,196,136,151,1
Ketone,Negative,0,mg/dL,215,177,155,11,71,215,191,138,144,1
Ketone,Negative,0,mg/dL,215,175,150,12,77,215,190,139,146,1
Ketone,Negative,0,mg/dL,217,181,150,14,79,217,194,136,149,1
Ketone,Negative,0,mg/dL,210,184,148,17,75,210,194,132,150,1
Ketone,Negative,0,mg/dL,206,181,155,15,63,206,192,133,145,1
Ketone,Negative,0,mg/dL,213,189,153,18,72,213,199,131,149,1
Ketone,Negative,0,mg/dL,216,181,151,14,77,216,194,136,148,1
Ketone,Negative,0,mg/dL,214,181,153,14,73,214,194,136,147,1
Ketone,Negative,0,mg/dL,211,178,147,15,77,211,191,135,148,1
Ketone,Negative,0,mg/dL,223,184,152,14,81,223,198,137,150,1
Ketone,Negative,0,mg/dL,211,184,151,17,73,211,195,133,148,1
Ketone,Negative,0,mg/dL,216,178,152,12,76,216,192,138,146,1
Ketone,Negative,0,mg/dL,213,179,154,13,71,213,192,137,145,1
Ketone,Negative,0,mg/dL,209,184,154,16,67,209,194,132,147,1
Ketone,Negative,0,mg/dL,211,179,150,14,74,211,191,135,147,1
Ketone,Negative,0,mg/dL,216,181,153,13,74,216,194,137,147,1
Ketone,Negative,0,mg/dL,222,180,144,14,90,222,194,138,152,1
Ketone,Negative,0,mg/dL,218,189,153,17,76,218,200,133,150,1
Ketone,Negative,0,mg/dL,211,182,147,16,77,211,193,133,150,1
Ketone,Negative,0,mg/dL,218,177,150,12,80,218,192,139,147,1
Ketone,Negative,0,mg/dL,211,183,150,16,74,211,194,133,149,1
Ketone,Negative,0,mg/dL,216,182,147,15,81,216,194,135,150,1
Ketone,Negative,0,mg/dL,218,182,147,15,83,218,195,136,151,1
Ketone,Negative,0,mg/dL,224,184,150,14,84,224,198,138,151,1
Ketone,Trace,5,mg/dL,232,175,156,8,84,232,195,146,146,0
Ketone,Trace,5,mg/dL,238,182,155,10,89,238,200,145,150,1
Ketone,Trace,5,mg/dL,233,171,155,6,85,233,192,149,145,1
Ketone,Trace,5,mg/dL,231,176,157,8,82,231,195,145,146,1
Ketone,Trace,5,mg/dL,234,176,151,9,90,234,195,146,149,1
Ketone,Trace,5,mg/dL,228,173,155,7,82,228,192,146,145,1
Ketone,Trace,5,mg/dL,236,170,155,6,88,236,193,150,145,1
Ketone,Trace,5,mg/dL,236,174,158,6,84,236,195,149,145,1
Ketone,Trace,5,mg/dL,231,176,155,8,84,231,195,145,147,1
Ketone,Trace,5,mg/dL,235,169,155,5,87,235,192,151,145,1
Ketone,Trace,5,mg/dL,233,177,162,6,78,233,196,146,144,1
Ketone,Trace,5,mg/dL,230,181,153,11,85,230,198,142,149,1
Ketone,Trace,5,mg/dL,237,178,152,9,91,237,197,146,150,1
Ketone,Trace,5,mg/dL,233,175,159,6,81,233,195,147,144,1
Ketone,Trace,5,mg/dL,231,174,161,6,77,231,194,147,143,1
Ketone,Trace,5,mg/dL,232,178,155,9,85,232,196,145,147,1
Ketone,Trace,5,mg/dL,239,172,154,6,91,239,194,150,147,1
Ketone,Trace,5,mg/dL,238,173,162,4,81,238,195,150,143,1
Ketone,Trace,5,mg/dL,236,174,149,9,94,236,195,147,150,1
Ketone,Trace,5,mg/dL,232,175,161,6,78,232,195,147,143,1
Ketone,Trace,5,mg/dL,238,172,159,5,85,238,194,151,144,1
Ketone,Trace,5,mg/dL,235,179,158,8,84,235,198,145,147,1
Ketone,Trace,5,mg/dL,224,174,151,9,83,224,191,143,147,1
Ketone,Trace,5,mg/dL,231,179,157,9,82,231,197,144,146,1
Ketone,Trace,5,mg/dL,237,176,151,9,93,237,196,147,150,1
Ketone,Trace,5,mg/dL,222,176,155,9,77,222,193,142,145,1
Ketone,Trace,5,mg/dL,228,168,153,6,84,228,189,148,144,1
Ketone,Trace,5,mg/dL,231,178,157,9,82,231,196,144,146,1
Ketone,Trace,5,mg/dL,238,171,160,4,84,238,194,151,143,1
Ketone,Trace,5,mg/dL,232,178,154,9,86,232,196,144,148,1
Ketone,Trace,5,mg/dL,236,176,153,8,90,236,196,147,148,1
Ketone,Trace,5,mg/dL,232,174,158,6,81,232,194,147,144,1
Ketone,Trace,5,mg/dL,227,175,158,7,78,227,193,145,144,1
Ketone,Trace,5,mg/dL,232,180,159,9,80,232,198,144,146,1
Ketone,Trace,5,mg/dL,232,176,157,8,82,232,195,146,146,1
Ketone,Trace,5,mg/dL,234,168,155,5,86,234,191,151,144,1
Ketone,Trace,5,mg/dL,226,180,156,10,79,226,196,141,147,1
Ketone,Trace,5,mg/dL,231,179,158,9,81,231,197,144,146,1
Ketone,Trace,5,mg/dL,227,175,155,8,81,227,193,144,146,1
Ketone,Trace,5,mg/dL,225,172,155,7,79,225,191,145,144,1
Ketone,Trace,5,mg/dL,232,169,161,3,78,232,191,150,141,1
Ketone,Trace,5,mg/dL,232,175,158,7,81,232,195,146,145,1
Ketone,Trace,5,mg/dL,229,177,155,9,82,229,195,144,147,1
Ketone,Trace,5,mg/dL,228,177,162,7,74,228,195,144,143,1
Ketone,Trace,5,mg/dL,235,179,154,9,88,235,198,145,149,1
Ketone,Trace,5,mg/dL,226,181,164,8,70,226,197,142,143,1
Ketone,Trace,5,mg/dL,238,174,151,8,93,238,195,148,149,1
Ketone,Trace,5,mg/dL,228,168,156,5,81,228,189,148,143,1
Ketone,Trace,5,mg/dL,238,174,157,6,87,238,196,149,146,1
Ketone,Trace,5,mg/dL,238,173,164,4,79,238,195,151,142,1
Ketone,Trace,5,mg/dL,240,174,154,7,91,240,196,150,148,1
Ketone,Trace,5,mg/dL,235,174,151,8,91,235,194,147,149,1
Ketone,Trace,5,mg/dL,237,180,157,9,86,237,199,146,148,1
Ketone,Trace,5,mg/dL,227,170,156,6,80,227,190,147,143,1
Ketone,Trace,5,mg/dL,230,174,160,6,78,230,194,147,143,1
Ketone,Trace,5,mg/dL,235,181,152,10,90,235,199,144,150,1
Ketone,Trace,5,mg/dL,231,178,158,8,81,231,196,145,146,1
Ketone,Trace,5,mg/dL,238,177,163,6,80,238,198,148,144,1
Ketone,Trace,5,mg/dL,234,179,155,9,86,234,197,145,148,1
Ketone,Trace,5,mg/dL,232,179,162,7,77,232,197,145,144,1
Ketone,Trace,5,mg/dL,235,175,162,5,79,235,196,148,143,1
Ketone,Trace,5,mg/dL,223,169,159,5,73,223,189,146,141,1
Ketone,Trace,5,mg/dL,232,177,156,8,84,232,196,145,146,1
Ketone,Trace,5,mg/dL,234,172,158,6,83,234,193,149,144,1
Ketone,Trace,5,mg/dL,236,180,164,7,78,236,199,146,144,1
Ketone,Trace,5,mg/dL,233,176,150,9,91,233,195,145,149,1
Ketone,Trace,5,mg/dL,230,174,160,6,78,230,194,147,143,1
Ketone,Trace,5,mg/dL,230,178,156,9,82,230,196,144,147,1
Ketone,Trace,5,mg/dL,231,176,154,9,85,231,195,145,147,1
Ketone,Trace,5,mg/dL,230,168,155,5,83,230,190,149,144,1
Ketone,Trace,5,mg/dL,230,173,158,6,80,230,193,147,144,1
Ketone,Trace,5,mg/dL,235,176,160,6,81,235,196,147,145,1
Ketone,Trace,5,mg/dL,234,174,154,8,87,234,194,147,147,1
Ketone,Trace,5,mg/dL,233,177,162,6,78,233,196,146,144,1
Ketone,Trace,5,mg/dL,237,173,156,6,87,237,195,149,146,1
Ketone,Trace,5,mg/dL,235,179,160,8,81,235,198,146,146,1
Ketone,Trace,5,mg/dL,232,170,152,7,88,232,191,148,146,1
Ketone,Trace,5,mg/dL,233,176,152,9,89,233,195,146,148,1
Ketone,Trace,5,mg/dL,232,178,151,10,89,232,196,144,149,1
Ketone,Trace,5,mg/dL,236,173,161,5,81,236,195,149,143,1
Ketone,Trace,5,mg/dL,230,171,154,7,84,230,191,147,145,1
Ketone,Trace,5,mg/dL,232,173,155,7,85,232,193,147,146,1
Ketone,Trace,5,mg/dL,233,174,156,7,84,233,194,147,146,1
Ketone,Trace,5,mg/dL,225,177,156,9,78,225,194,143,145,1
Ketone,Trace,5,mg/dL,238,171,149,7,95,238,193,150,149,1
Ketone,Trace,5,mg/dL,234,176,152,9,89,234,195,146,149,1
Ketone,Trace,5,mg/dL,226,181,162,9,72,226,197,142,144,1
Ketone,Trace,5,mg/dL,222,173,163,5,68,222,191,144,140,1
Ketone,Trace,5,mg/dL,230,173,155,7,83,230,193,146,145,1
Ketone,Trace,5,mg/dL,228,168,160,4,76,228,189,149,141,1
Ketone,Trace,5,mg/dL,225,176,160,7,74,225,194,144,143,1
Ketone,Trace,5,mg/dL,226,171,161,5,73,226,191,147,141,1
Ketone,Trace,5,mg/dL,234,173,161,5,80,234,194,149,143,1
Ketone,Trace,5,mg/dL,237,176,152,8,91,237,196,147,149,1
Ketone,Trace,5,mg/dL,230,176,155,8,83,230,195,145,146,1
Ketone,Trace,5,mg/dL,236,169,150,7,93,236,192,150,148,1
Ketone,Trace,5,mg/dL,233,173,153,8,88,233,193,147,147,1
Ketone,Trace,5,mg/dL,225,175,156,8,78,225,193,144,145,1
Ketone,Trace,5,mg/dL,235,175,155,8,87,235,195,147,147,1
Ketone,Trace,5,mg/dL,237,170,158,5,85,237,193,151,144,1
Ketone,Trace,5,mg/dL,225,172,151,9,84,225,191,145,146,1
Ketone,Trace,5,mg/dL,235,175,156,7,86,235,195,147,146,1
Ketone,Trace,5,mg/dL,228,174,153,8,84,228,193,145,146,1
Ketone,Trace,5,mg/dL,234,171,161,4,80,234,193,150,142,1
Ketone,Trace,5,mg/dL,225,172,163,4,70,225,191,146,140,1
Ketone,Trace,5,mg/dL,230,170,157,5,81,230,191,148,143,1
Ketone,Trace,5,mg/dL,230,172,152,8,86,230,192,147,147,1
Ketone,Trace,5,mg/dL,243,174,148,8,100,243,196,150,151,1
Ketone,Trace,5,mg/dL,238,177,153,8,91,238,197,147,149,1
Ketone,Trace,5,mg/dL,228,178,155,9,82,228,195,143,147,1
Ketone,Trace,5,mg/dL,224,182,154,12,80,224,197,139,148,1
Ketone,Trace,5,mg/dL,238,180,152,10,92,238,199,145,150,1
Ketone,Trace,5,mg/dL,236,172,149,8,94,236,193,149,149,1
Ketone,Trace,5,mg/dL,230,177,154,9,84,230,195,144,147,1
Ketone,Trace,5,mg/dL,231,180,156,10,83,231,197,143,147,1
Ketone,Trace,5,mg/dL,229,178,157,9,80,229,196,144,146,1
Ketone,Trace,5,mg/dL,222,177,158,9,74,222,193,142,144,1
Ketone,Trace,5,mg/dL,232,179,153,10,87,232,197,144,149,1
Ketone,Trace,5,mg/dL,233,169,158,4,82,233,191,150,143,1
Ketone,Trace,5,mg/dL,240,171,153,6,92,240,194,151,147,1
Ketone,Trace,5,mg/dL,229,176,152,9,86,229,194,144,148,1
Ketone,Trace,5,mg/dL,234,178,158,8,83,234,197,146,146,1
Ketone,Trace,5,mg/dL,225,179,160,9,74,225,195,142,144,1
Ketone,Trace,5,mg/dL,235,176,157,7,85,235,196,147,146,1
Ketone,Trace,5,mg/dL,236,183,152,11,91,236,200,143,151,1
Ketone,Trace,5,mg/dL,236,175,155,7,88,236,196,148,147,1
Ketone,Trace,5,mg/dL,226,174,152,9,83,226,192,144,147,1
Ketone,Trace,5,mg/dL,230,171,154,7,84,230,191,147,145,1
Ketone,Trace,5,mg/dL,230,175,150,9,89,230,194,145,149,1
Ketone,Trace,5,mg/dL,226,176,153,9,82,226,193,143,147,1
Ketone,Trace,5,mg/dL,236,176,158,7,84,236,196,147,146,1
Ketone,Trace,5,mg/dL,238,174,154,7,90,238,195,149,147,1
Ketone,Trace,5,mg/dL,235,177,155,8,87,235,196,146,147,1
Ketone,Trace,5,mg/dL,238,174,156,7,88,238,195,149,146,1
Ketone,Trace,5,mg/dL,232,171,156,6,84,232,192,148,145,1
Ketone,Trace,5,mg/dL,238,177,156,8,88,238,197,148,147,1
Ketone,Trace,5,mg/dL,231,176,159,7,79,231,195,146,144,1
Ketone,Trace,5,mg/dL,234,174,157,7,84,234,194,148,145,1
Ketone,Trace,5,mg/dL,234,171,157,5,84,234,193,149,144,1
Ketone,Trace,5,mg/dL,223,177,159,8,73,223,194,142,144,1
Ketone,Trace,5,mg/dL,235,173,157,6,85,235,194,149,145,1
Ketone,Trace,5,mg/dL,238,181,156,9,88,238,200,145,149,1
Ketone,Trace,5,mg/dL,233,179,150,10,91,233,197,144,150,1
Ketone,Trace,5,mg/dL,231,180,160,8,78,231,197,144,145,1
Ketone,Trace,5,mg/dL,233,169,156,5,84,233,191,150,144,1
Ketone,Trace,5,mg/dL,230,176,153,9,85,230,194,145,147,1
Ketone,Trace,5,mg/dL,228,167,161,3,75,228,189,150,140,1
Ketone,Trace,5,mg/dL,230,176,156,8,82,230,195,145,146,1
Ketone,Trace,5,mg/dL,228,170,152,7,85,228,190,147,146,1
Ketone,Trace,5,mg/dL,229,176,153,9,85,229,194,144,147,1
Ketone,Small (+),15,mg/dL,214,129,127,1,104,214,161,161,143,0
Ketone,Small (+),15,mg/dL,221,133,130,1,105,221,165,161,144,1
Ketone,Small (+),15,mg/dL,214,135,126,3,105,214,164,157,146,1
Ketone,Small (+),15,mg/dL,214,130,130,0,100,214,161,160,142,1
Ketone,Small (+),15,mg/dL,217,127,125,1,108,217,160,162,144,1
Ketone,Small (+),15,mg/dL,217,132,125,2,108,217,163,160,146,1
Ketone,Small (+),15,mg/dL,208,128,129,0,98,208,158,159,141,1
Ketone,Small (+),15,mg/dL,221,124,125,0,112,221,160,166,144,1
Ketone,Small (+),15,mg/dL,212,134,127,2,102,212,163,157,144,1
Ketone,Small (+),15,mg/dL,210,131,125,2,103,210,160,158,144,1
Ketone,Small (+),15,mg/dL,209,125,134,177,102,209,157,162,137,1
Ketone,Small (+),15,mg/dL,216,129,126,1,106,216,161,161,144,1
Ketone,Small (+),15,mg/dL,215,130,128,1,103,215,162,160,143,1
Ketone,Small (+),15,mg/dL,214,132,127,2,104,214,162,159,144,1
Ketone,Small (+),15,mg/dL,210,127,119,3,111,210,158,159,146,1
Ketone,Small (+),15,mg/dL,222,132,124,2,113,222,165,162,147,1
Ketone,Small (+),15,mg/dL,213,126,133,178,104,213,159,162,139,1
Ketone,Small (+),15,mg/dL,208,129,127,1,99,208,159,158,142,1
Ketone,Small (+),15,mg/dL,217,129,120,3,114,217,161,161,147,1
Ketone,Small (+),15,mg/dL,213,125,127,179,105,213,158,162,142,1
Ketone,Small (+),15,mg/dL,220,122,124,179,114,220,159,166,144,1
Ketone,Small (+),15,mg/dL,212,127,130,179,102,212,159,161,141,1
Ketone,Small (+),15,mg/dL,213,131,124,2,107,213,161,159,145,1
Ketone,Small (+),15,mg/dL,215,132,124,3,108,215,163,159,146,1
Ketone,Small (+),15,mg/dL,217,129,131,179,103,217,162,162,142,1
Ketone,Small (+),15,mg/dL,213,131,127,1,103,213,161,159,144,1
Ketone,Small (+),15,mg/dL,214,130,129,0,101,214,161,160,142,1
Ketone,Small (+),15,mg/dL,209,135,120,5,109,209,162,155,148,1
Ketone,Small (+),15,mg/dL,211,129,129,0,99,211,160,160,141,1
Ketone,Small (+),15,mg/dL,220,122,125,179,114,220,159,166,143,1
Ketone,Small (+),15,mg/dL,205,129,128,0,96,205,158,157,141,1
Ketone,Small (+),15,mg/dL,220,129,131,179,105,220,163,163,142,1
Ketone,Small (+),15,mg/dL,216,127,121,2,112,216,160,162,146,1
Ketone,Small (+),15,mg/dL,215,123,132,177,109,215,158,165,139,1
Ketone,Small (+),15,mg/dL,213,134,125,3,105,213,163,157,146,1
Ketone,Small (+),15,mg/dL,215,130,127,1,104,215,161,161,144,1
Ketone,Small (+),15,mg/dL,212,131,123,3,107,212,161,158,146,1
Ketone,Small (+),15,mg/dL,209,134,130,2,96,209,162,156,142,1
Ketone,Small (+),15,mg/dL,214,136,126,3,105,214,165,157,146,1
Ketone,Small (+),15,mg/dL,219,130,123,2,112,219,163,161,147,1
Ketone,Small (+),15,mg/dL,221,133,127,2,108,221,165,161,146,1
Ketone,Small (+),15,mg/dL,217,127,130,179,106,217,161,163,142,1
Ketone,Small (+),15,mg/dL,204,125,131,178,99,204,155,159,138,1
Ketone,Small (+),15,mg/dL,213,130,122,3,109,213,161,159,146,1
Ketone,Small (+),15,mg/dL,221,134,126,3,110,221,166,160,147,1
Ketone,Small (+),15,mg/dL,212,133,135,179,95,212,163,159,140,1
Ketone,Small (+),15,mg/dL,218,138,123,5,111,218,167,157,149,1
Ketone,Small (+),15,mg/dL,211,124,129,178,105,211,157,162,140,1
Ketone,Small (+),15,mg/dL,215,128,130,179,103,215,161,162,141,1
Ketone,Small (+),15,mg/dL,219,123,125,179,112,219,159,165,143,1
Ketone,Small (+),15,mg/dL,217,127,124,1,109,217,160,162,145,1
Ketone,Small (+),15,mg/dL,218,124,126,179,110,218,159,165,143,1
Ketone,Small (+),15,mg/dL,215,127,130,179,104,215,160,162,141,1
Ketone,Small (+),15,mg/dL,212,135,126,3,103,212,163,156,145,1
Ketone,Small (+),15,mg/dL,217,132,124,3,109,217,163,160,146,1
Ketone,Small (+),15,mg/dL,206,130,127,1,98,206,159,157,142,1
Ketone,Small (+),15,mg/dL,216,128,125,1,107,216,161,162,144,1
Ketone,Small (+),15,mg/dL,222,123,130,178,114,222,160,167,141,1
Ketone,Small (+),15,mg/dL,212,128,126,1,103,212,159,160,143,1
Ketone,Small (+),15,mg/dL,211,131,133,179,97,211,161,159,140,1
Ketone,Small (+),15,mg/dL,216,129,123,2,110,216,161,161,146,1
Ketone,Small (+),15,mg/dL,216,138,125,4,107,216,166,156,147,1
Ketone,Small (+),15,mg/dL,212,127,125,1,105,212,159,161,143,1
Ketone,Small (+),15,mg/dL,203,131,124,3,99,203,158,155,143,1
Ketone,Small (+),15,mg/dL,208,132,123,3,104,208,160,156,145,1
Ketone,Small (+),15,mg/dL,213,135,121,5,110,213,163,156,148,1
Ketone,Small (+),15,mg/dL,208,130,132,179,96,208,160,158,140,1
Ketone,Small (+),15,mg/dL,208,131,129,1,97,208,160,157,142,1
Ketone,Small (+),15,mg/dL,206,132,131,0,93,206,160,156,140,1
Ketone,Small (+),15,mg/dL,213,134,132,1,97,213,163,158,142,1
Ketone,Small (+),15,mg/dL,214,127,123,1,108,214,159,161,145,1
Ketone,Small (+),15,mg/dL,214,131,126,2,105,214,162,159,144,1
Ketone,Small (+),15,mg/dL,205,134,128,2,96,205,161,155,143,1
Ketone,Small (+),15,mg/dL,212,132,133,0,96,212,162,159,141,1
Ketone,Small (+),15,mg/dL,203,131,121,4,103,203,158,155,145,1
Ketone,Small (+),15,mg/dL,216,130,130,0,102,216,162,161,142,1
Ketone,Small (+),15,mg/dL,212,122,125,179,108,212,156,163,142,1
Ketone,Small (+),15,mg/dL,216,133,122,4,111,216,163,159,147,1
Ketone,Small (+),15,mg/dL,218,126,128,179,108,218,160,164,143,1
Ketone,Small (+),15,mg/dL,212,130,131,0,99,212,161,160,141,1
Ketone,Small (+),15,mg/dL,209,126,128,179,101,209,157,160,141,1
Ketone,Small (+),15,mg/dL,224,126,135,177,112,224,163,167,140,1
Ketone,Small (+),15,mg/dL,222,129,126,1,110,222,163,163,145,1
Ketone,Small (+),15,mg/dL,211,129,121,3,109,211,159,159,146,1
Ketone,Small (+),15,mg/dL,214,135,125,3,106,214,164,157,146,1
Ketone,Small (+),15,mg/dL,213,122,128,178,109,213,156,164,140,1
Ketone,Small (+),15,mg/dL,215,129,126,1,106,215,161,161,144,1
Ketone,Small (+),15,mg/dL,213,131,127,1,103,213,161,159,144,1
Ketone,Small (+),15,mg/dL,215,130,131,0,101,215,162,161,141,1
Ketone,Small (+),15,mg/dL,217,130,133,179,102,217,163,162,141,1
Ketone,Small (+),15,mg/dL,216,134,129,2,103,216,164,159,144,1
Ketone,Small (+),15,mg/dL,207,134,128,2,97,207,161,155,143,1
Ketone,Small (+),15,mg/dL,214,130,126,1,105,214,161,160,144,1
Ketone,Small (+),15,mg/dL,215,127,132,178,104,215,160,163,140,1
Ketone,Small (+),15,mg/dL,214,127,123,1,108,214,159,161,145,1
Ketone,Small (+),15,mg/dL,215,130,129,0,102,215,162,161,143,1
Ketone,Small (+),15,mg/dL,210,123,130,178,106,210,156,163,139,1
Ketone,Small (+),15,mg/dL,220,125,133,177,110,220,161,165,140,1
Ketone,Small (+),15,mg/dL,215,129,125,1,107,215,161,161,144,1
Ketone,Small (+),15,mg/dL,208,133,124,3,103,208,161,156,145,1
Ketone,Small (+),15,mg/dL,211,133,119,5,111,211,162,156,148,1
Ketone,Small (+),15,mg/dL,208,129,128,0,98,208,159,158,142,1
Ketone,Small (+),15,mg/dL,216,128,137,177,104,216,161,163,138,1
Ketone,Small (+),15,mg/dL,213,128,124,1,107,213,160,160,144,1
Ketone,Small (+),15,mg/dL,214,131,132,0,99,214,162,160,141,1
Ketone,Small (+),15,mg/dL,208,128,129,0,98,208,158,159,141,1
Ketone,Small (+),15,mg/dL,216,129,129,0,103,216,161,161,142,1
Ketone,Small (+),15,mg/dL,211,135,131,2,97,211,163,157,142,1
Ketone,Small (+),15,mg/dL,209,125,123,1,105,209,157,160,143,1
Ketone,Small (+),15,mg/dL,217,124,126,179,109,217,159,164,143,1
Ketone,Small (+),15,mg/dL,216,129,128,0,104,216,161,161,143,1
Ketone,Small (+),15,mg/dL,210,131,125,2,103,210,160,158,144,1
Ketone,Small (+),15,mg/dL,213,130,127,1,103,213,161,160,143,1
Ketone,Small (+),15,mg/dL,214,126,126,0,105,214,159,162,143,1
Ketone,Small (+),15,mg/dL,214,123,125,179,108,214,157,164,143,1
Ketone,Small (+),15,mg/dL,216,124,132,177,109,216,159,164,139,1
Ketone,Small (+),15,mg/dL,219,124,132,177,111,219,160,166,140,1
Ketone,Small (+),15,mg/dL,213,131,125,2,105,213,161,159,145,1
Ketone,Small (+),15,mg/dL,218,131,124,2,110,218,163,161,146,1
Ketone,Small (+),15,mg/dL,209,123,128,178,105,209,156,162,140,1
Ketone,Small (+),15,mg/dL,216,132,127,2,105,216,163,160,145,1
Ketone,Small (+),15,mg/dL,209,126,132,178,101,209,158,161,139,1
Ketone,Small (+),15,mg/dL,212,130,123,2,107,212,160,159,145,1
Ketone,Small (+),15,mg/dL,215,127,131,179,104,215,160,162,141,1
Ketone,Small (+),15,mg/dL,217,127,126,0,107,217,160,163,144,1
Ketone,Small (+),15,mg/dL,212,123,124,0,107,212,156,163,143,1
Ketone,Small (+),15,mg/dL,215,130,128,1,103,215,162,160,143,1
Ketone,Small (+),15,mg/dL,213,133,127,2,103,213,163,158,144,1
Ketone,Small (+),15,mg/dL,217,122,111,3,125,217,157,164,150,1
Ketone,Small (+),15,mg/dL,215,123,126,179,109,215,158,164,142,1
Ketone,Small (+),15,mg/dL,213,135,129,2,101,213,164,157,144,1
Ketone,Small (+),15,mg/dL,215,132,128,1,103,215,163,159,144,1
Ketone,Small (+),15,mg/dL,212,133,123,3,107,212,162,157,146,1
Ketone,Small (+),15,mg/dL,215,123,128,178,109,215,158,164,141,1
Ketone,Small (+),15,mg/dL,215,136,121,5,111,215,165,156,149,1
Ketone,Small (+),15,mg/dL,212,132,128,1,101,212,162,158,143,1
Ketone,Small (+),15,mg/dL,215,125,125,0,107,215,159,163,143,1
Ketone,Small (+),15,mg/dL,219,129,129,0,105,219,162,163,143,1
Ketone,Small (+),15,mg/dL,214,124,131,178,107,214,158,164,139,1
Ketone,Small (+),15,mg/dL,216,138,123,5,110,216,166,156,148,1
Ketone,Small (+),15,mg/dL,217,124,128,179,109,217,159,164,142,1
Ketone,Small (+),15,mg/dL,218,121,126,178,113,218,158,166,142,1
Ketone,Small (+),15,mg/dL,212,126,129,179,103,212,159,161,141,1
Ketone,Small (+),15,mg/dL,218,128,128,0,105,218,161,163,143,1
Ketone,Small (+),15,mg/dL,214,129,123,2,108,214,160,160,145,1
Ketone,Small (+),15,mg/dL,218,130,129,0,104,218,163,162,143,1
Ketone,Small (+),15,mg/dL,211,127,126,0,103,211,159,160,142,1
Ketone,Small (+),15,mg/dL,208,122,125,179,105,208,155,162,141,1
Ketone,Small (+),15,mg/dL,216,126,123,1,110,216,159,162,145,1
Ketone,Small (+),15,mg/dL,211,127,126,0,103,211,159,160,142,1
Ketone,Moderate (++),40,mg/dL,178,97,102,178,116,178,129,161,140,0
Ketone,Moderate (++),40,mg/dL,187,101,106,178,117,187,135,163,141,1
Ketone,Moderate (++),40,mg/dL,183,93,97,179,125,183,129,165,143,1
Ketone,Moderate (++),40,mg/dL,174,102,100,1,108,174,131,157,142,1
Ketone,Moderate (++),40,mg/dL,173,95,101,178,115,173,126,160,139,1
Ketone,Moderate (++),40,mg/dL,179,98,99,0,115,179,130,161,142,1
Ketone,Moderate (++),40,mg/dL,181,94,101,178,123,181,129,164,140,1
Ketone,Moderate (++),40,mg/dL,181,94,100,178,123,181,129,164,141,1
Ketone,Moderate (++),40,mg/dL,180,94,100,178,122,180,128,163,141,1
Ketone,Moderate (++),40,mg/dL,180,105,104,0,108,180,135,158,142,1
Ketone,Moderate (++),40,mg/dL,180,99,98,0,116,180,131,160,143,1
Ketone,Moderate (++),40,mg/dL,178,97,103,178,116,178,129,161,139,1
Ketone,Moderate (++),40,mg/dL,178,99,101,179,113,178,130,160,141,1
Ketone,Moderate (++),40,mg/dL,178,92,101,177,123,178,126,164,139,1
Ketone,Moderate (++),40,mg/dL,184,98,102,179,119,184,132,163,141,1
Ketone,Moderate (++),40,mg/dL,186,92,98,178,129,186,129,166,142,1
Ketone,Moderate (++),40,mg/dL,185,97,101,179,121,185,132,164,142,1
Ketone,Moderate (++),40,mg/dL,173,99,104,178,109,173,129,158,138,1
Ketone,Moderate (++),40,mg/dL,174,96,101,178,114,174,127,160,139,1
Ketone,Moderate (++),40,mg/dL,179,93,107,175,123,179,128,164,136,1
Ketone,Moderate (++),40,mg/dL,182,96,101,178,120,182,130,163,141,1
Ketone,Moderate (++),40,mg/dL,177,94,100,178,120,177,127,162,140,1
Ketone,Moderate (++),40,mg/dL,177,103,106,179,107,177,133,158,139,1
Ketone,Moderate (++),40,mg/dL,182,98,98,0,118,182,131,162,143,1
Ketone,Moderate (++),40,mg/dL,178,101,97,1,116,178,131,159,144,1
Ketone,Moderate (++),40,mg/dL,181,106,106,0,106,181,136,158,141,1
Ketone,Moderate (++),40,mg/dL,184,98,106,177,119,184,132,163,139,1
Ketone,Moderate (++),40,mg/dL,175,100,105,178,109,175,130,159,139,1
Ketone,Moderate (++),40,mg/dL,179,102,100,1,113,179,132,159,143,1
Ketone,Moderate (++),40,mg/dL,177,97,98,0,115,177,129,160,142,1
Ketone,Moderate (++),40,mg/dL,179,90,106,175,127,179,126,166,136,1
Ketone,Moderate (++),40,mg/dL,178,95,99,179,119,178,128,162,141,1
Ketone,Moderate (++),40,mg/dL,177,100,104,178,111,177,131,159,139,1
Ketone,Moderate (++),40,mg/dL,175,94,105,176,118,175,127,162,137,1
Ketone,Moderate (++),40,mg/dL,175,97,102,178,114,175,128,160,139,1
Ketone,Moderate (++),40,mg/dL,179,100,97,1,117,179,131,159,144,1
Ketone,Moderate (++),40,mg/dL,170,95,109,174,113,170,126,160,134,1
Ketone,Moderate (++),40,mg/dL,186,104,101,1,117,186,136,160,144,1
Ketone,Moderate (++),40,mg/dL,171,88,100,176,124,171,122,163,137,1
Ketone,Moderate (++),40,mg/dL,177,102,105,179,108,177,132,159,139,1
Ketone,Moderate (++),40,mg/dL,179,93,98,178,123,179,127,163,141,1
Ketone,Moderate (++),40,mg/dL,179,100,104,178,113,179,131,160,140,1
Ketone,Moderate (++),40,mg/dL,174,100,104,178,108,174,130,158,139,1
Ketone,Moderate (++),40,mg/dL,174,94,105,176,117,174,126,162,136,1
Ketone,Moderate (++),40,mg/dL,177,103,104,0,107,177,132,158,140,1
Ketone,Moderate (++),40,mg/dL,176,97,102,178,114,176,129,161,139,1
Ketone,Moderate (++),40,mg/dL,175,93,105,176,119,175,126,163,136,1
Ketone,Moderate (++),40,mg/dL,181,99,108,177,116,181,132,162,138,1
Ketone,Moderate (++),40,mg/dL,176,104,98,2,113,176,132,156,144,1
Ketone,Moderate (++),40,mg/dL,174,90,100,176,123,174,124,163,138,1
Ketone,Moderate (++),40,mg/dL,176,99,103,178,112,176,130,159,140,1
Ketone,Moderate (++),40,mg/dL,173,95,101,178,115,173,126,160,139,1
Ketone,Moderate (++),40,mg/dL,171,93,99,178,116,171,124,160,139,1
Ketone,Moderate (++),40,mg/dL,184,98,105,178,119,184,132,163,140,1
Ketone,Moderate (++),40,mg/dL,172,102,107,178,104,172,130,157,137,1
Ketone,Moderate (++),40,mg/dL,170,94,104,176,114,170,125,160,136,1
Ketone,Moderate (++),40,mg/dL,181,94,101,178,123,181,129,164,140,1
Ketone,Moderate (++),40,mg/dL,176,97,107,176,114,176,129,161,137,1
Ketone,Moderate (++),40,mg/dL,175,101,99,1,111,175,130,158,142,1
Ketone,Moderate (++),40,mg/dL,175,100,106,178,109,175,130,159,138,1
Ketone,Moderate (++),40,mg/dL,181,92,100,177,125,181,128,165,140,1
Ketone,Moderate (++),40,mg/dL,181,97,98,0,118,181,130,162,143,1
Ketone,Moderate (++),40,mg/dL,180,94,109,175,122,180,129,164,135,1
Ketone,Moderate (++),40,mg/dL,184,99,107,177,118,184,133,163,139,1
Ketone,Moderate (++),40,mg/dL,178,100,108,177,112,178,131,160,137,1
Ketone,Moderate (++),40,mg/dL,179,96,95,0,120,179,129,161,144,1
Ketone,Moderate (++),40,mg/dL,178,100,106,178,112,178,131,160,139,1
Ketone,Moderate (++),40,mg/dL,180,95,94,0,122,180,128,162,144,1
Ketone,Moderate (++),40,mg/dL,176,96,101,178,116,176,128,161,140,1
Ketone,Moderate (++),40,mg/dL,180,105,102,1,111,180,135,158,143,1
Ketone,Moderate (++),40,mg/dL,177,96,102,178,117,177,128,161,139,1
Ketone,Moderate (++),40,mg/dL,175,97,104,177,114,175,128,160,138,1
Ketone,Moderate (++),40,mg/dL,179,99,104,178,114,179,131,161,140,1
Ketone,Moderate (++),40,mg/dL,171,100,99,0,107,171,128,157,141,1
Ketone,Moderate (++),40,mg/dL,174,93,104,176,119,174,126,162,137,1
Ketone,Moderate (++),40,mg/dL,177,90,104,175,125,177,125,165,137,1
Ketone,Moderate (++),40,mg/dL,172,98,103,178,110,172,128,159,138,1
Ketone,Moderate (++),40,mg/dL,182,104,97,2,119,182,134,158,146,1
Ketone,Moderate (++),40,mg/dL,178,96,104,177,117,178,129,162,138,1
Ketone,Moderate (++),40,mg/dL,179,96,100,179,118,179,129,162,141,1
Ketone,Moderate (++),40,mg/dL,174,101,104,179,107,174,130,158,139,1
Ketone,Moderate (++),40,mg/dL,182,96,99,179,120,182,130,163,142,1
Ketone,Moderate (++),40,mg/dL,174,98,98,0,111,174,128,158,142,1
Ketone,Moderate (++),40,mg/dL,185,92,103,176,128,185,129,167,139,1
Ketone,Moderate (++),40,mg/dL,184,99,103,179,118,184,133,163,141,1
Ketone,Moderate (++),40,mg/dL,174,91,105,175,122,174,125,163,135,1
Ketone,Moderate (++),40,mg/dL,184,95,97,179,123,184,130,164,143,1
Ketone,Moderate (++),40,mg/dL,168,93,102,176,114,168,124,160,136,1
Ketone,Moderate (++),40,mg/dL,184,100,103,179,116,184,133,162,141,1
Ketone,Moderate (++),40,mg/dL,176,95,108,175,117,176,128,162,135,1
Ketone,Moderate (++),40,mg/dL,179,89,99,177,128,179,125,165,139,1
Ketone,Moderate (++),40,mg/dL,175,95,104,177,117,175,127,161,137,1
Ketone,Moderate (++),40,mg/dL,178,97,107,176,116,178,130,162,137,1
Ketone,Moderate (++),40,mg/dL,175,104,99,2,111,175,132,156,143,1
Ketone,Moderate (++),40,mg/dL,178,96,102,178,117,178,129,161,140,1
Ketone,Moderate (++),40,mg/dL,180,99,99,0,115,180,131,160,143,1
Ketone,Moderate (++),40,mg/dL,174,107,100,3,108,174,134,154,143,1
Ketone,Moderate (++),40,mg/dL,181,91,101,177,127,181,127,166,139,1
Ketone,Moderate (++),40,mg/dL,177,99,91,3,124,177,129,159,146,1
Ketone,Moderate (++),40,mg/dL,179,92,103,176,124,179,127,164,138,1
Ketone,Moderate (++),40,mg/dL,174,94,101,177,117,174,126,161,139,1
Ketone,Moderate (++),40,mg/dL,174,95,97,179,116,174,126,160,141,1
Ketone,Moderate (++),40,mg/dL,171,101,97,2,110,171,129,156,142,1
Ketone,Moderate (++),40,mg/dL,177,100,100,0,111,177,130,159,142,1
Ketone,Moderate (++),40,mg/dL,175,98,106,177,112,175,129,160,137,1
Ketone,Moderate (++),40,mg/dL,173,96,95,0,115,173,127,159,142,1
Ketone,Moderate (++),40,mg/dL,176,97,99,179,114,176,128,160,141,1
Ketone,Moderate (++),40,mg/dL,176,91,102,176,123,176,125,164,138,1
Ketone,Moderate (++),40,mg/dL,182,93,100,178,125,182,128,165,141,1
Ketone,Moderate (++),40,mg/dL,180,102,96,2,119,180,132,159,145,1
Ketone,Moderate (++),40,mg/dL,177,98,102,178,114,177,129,160,140,1
Ketone,Moderate (++),40,mg/dL,168,99,108,176,105,168,127,157,135,1
Ketone,Moderate (++),40,mg/dL,178,93,100,178,122,178,127,163,140,1
Ketone,Moderate (++),40,mg/dL,185,101,105,179,116,185,134,162,141,1
Ketone,Moderate (++),40,mg/dL,179,94,101,178,121,179,128,163,140,1
Ketone,Moderate (++),40,mg/dL,178,99,108,177,113,178,131,161,137,1
Ketone,Moderate (++),40,mg/dL,182,91,103,176,128,182,128,166,138,1
Ketone,Moderate (++),40,mg/dL,181,99,99,0,116,181,131,161,143,1
Ketone,Moderate (++),40,mg/dL,190,92,98,178,132,190,131,168,143,1
Ketone,Moderate (++),40,mg/dL,179,105,99,2,114,179,134,157,144,1
Ketone,Moderate (++),40,mg/dL,177,101,102,0,109,177,131,159,141,1
Ketone,Moderate (++),40,mg/dL,177,99,103,178,112,177,130,160,140,1
Ketone,Moderate (++),40,mg/dL,182,102,103,0,112,182,134,160,142,1
Ketone,Moderate (++),40,mg/dL,179,98,104,178,115,179,130,161,139,1
Ketone,Moderate (++),40,mg/dL,178,97,107,176,116,178,130,162,137,1
Ketone,Moderate (++),40,mg/dL,184,91,102,176,129,184,128,167,139,1
Ketone,Moderate (++),40,mg/dL,175,96,104,177,115,175,128,161,138,1
Ketone,Moderate (++),40,mg/dL,181,97,94,1,123,181,130,162,145,1
Ketone,Moderate (++),40,mg/dL,174,101,91,4,122,174,129,156,146,1
Ketone,Moderate (++),40,mg/dL,183,99,107,177,117,183,132,163,139,1
Ketone,Moderate (++),40,mg/dL,177,89,104,175,127,177,125,165,136,1
Ketone,Moderate (++),40,mg/dL,183,101,99,1,117,183,133,161,144,1
Ketone,Moderate (++),40,mg/dL,178,95,99,179,119,178,128,162,141,1
Ketone,Moderate (++),40,mg/dL,182,92,98,178,126,182,128,165,142,1
Ketone,Moderate (++),40,mg/dL,174,91,103,176,122,174,125,163,137,1
Ketone,Moderate (++),40,mg/dL,183,96,96,0,121,183,130,163,144,1
Ketone,Moderate (++),40,mg/dL,181,104,99,2,116,181,134,158,144,1
Ketone,Moderate (++),40,mg/dL,176,99,108,176,112,176,130,160,137,1
Ketone,Moderate (++),40,mg/dL,176,92,105,175,122,176,126,163,136,1
Ketone,Moderate (++),40,mg/dL,181,97,100,179,118,181,130,162,142,1
Ketone,Moderate (++),40,mg/dL,182,99,99,0,116,182,132,161,143,1
Ketone,Moderate (++),40,mg/dL,178,92,105,175,123,178,127,164,137,1
Ketone,Moderate (++),40,mg/dL,177,95,102,177,118,177,128,162,139,1
Ketone,Moderate (++),40,mg/dL,178,101,104,179,110,178,132,159,140,1
Ketone,Moderate (++),40,mg/dL,177,100,104,178,111,177,131,159,139,1
Ketone,Moderate (++),40,mg/dL,176,97,101,178,114,176,129,160,140,1
Ketone,Moderate (++),40,mg/dL,180,96,100,179,119,180,129,162,141,1
Ketone,Moderate (++),40,mg/dL,186,101,99,1,119,186,134,162,144,1
Ketone,Moderate (++),40,mg/dL,180,97,104,177,118,180,130,162,139,1
Ketone,Moderate (++),40,mg/dL,179,102,103,0,110,179,132,159,141,1
Ketone,Large (+++),80,mg/dL,134,72,85,174,118,134,98,156,132,0
Ketone,Large (+++),80,mg/dL,134,76,86,175,110,134,101,154,133,1
Ketone,Large (+++),80,mg/dL,134,73,85,174,116,134,99,155,132,1
Ketone,Large (+++),80,mg/dL,134,70,82,174,122,134,97,157,133,1
Ketone,Large (+++),80,mg/dL,130,66,81,173,126,130,93,157,131,1
Ketone,Large (+++),80,mg/dL,133,72,84,174,117,133,98,155,132,1
Ketone,Large (+++),80,mg/dL,125,78,89,173,96,125,99,149,130,1
Ketone,Large (+++),80,mg/dL,136,80,81,179,105,136,103,151,137,1
Ketone,Large (+++),80,mg/dL,142,68,86,173,133,142,99,161,132,1
Ketone,Large (+++),80,mg/dL,129,72,87,172,113,129,97,154,130,1
Ketone,Large (+++),80,mg/dL,133,75,85,175,111,133,100,154,133,1
Ketone,Large (+++),80,mg/dL,132,70,88,171,120,132,97,157,129,1
Ketone,Large (+++),80,mg/dL,131,76,90,172,107,131,100,153,130,1
Ketone,Large (+++),80,mg/dL,127,77,93,170,100,127,99,152,128,1
Ketone,Large (+++),80,mg/dL,135,74,89,173,115,135,100,156,131,1
Ketone,Large (+++),80,mg/dL,133,73,80,177,115,133,98,154,135,1
Ketone,Large (+++),80,mg/dL,135,74,87,174,115,135,100,155,132,1
Ketone,Large (+++),80,mg/dL,138,69,83,174,128,138,98,159,133,1
Ketone,Large (+++),80,mg/dL,142,71,86,174,128,142,101,160,133,1
Ketone,Large (+++),80,mg/dL,134,69,91,170,124,134,97,159,128,1
Ketone,Large (+++),80,mg/dL,132,67,83,173,126,132,95,158,131,1
Ketone,Large (+++),80,mg/dL,126,69,81,174,115,126,93,154,132,1
Ketone,Large (+++),80,mg/dL,136,69,89,171,126,136,97,159,129,1
Ketone,Large (+++),80,mg/dL,140,75,84,176,118,140,102,156,135,1
Ketone,Large (+++),80,mg/dL,135,66,84,172,130,135,95,159,131,1
Ketone,Large (+++),80,mg/dL,131,75,95,169,109,131,100,154,127,1
Ketone,Large (+++),80,mg/dL,136,64,84,172,135,136,95,161,131,1
Ketone,Large (+++),80,mg/dL,134,72,82,175,118,134,98,156,134,1
Ketone,Large (+++),80,mg/dL,135,67,81,174,128,135,95,158,133,1
Ketone,Large (+++),80,mg/dL,137,68,87,172,128,137,97,160,130,1
Ketone,Large (+++),80,mg/dL,129,79,82,178,99,129,101,149,135,1
Ketone,Large (+++),80,mg/dL,133,73,83,175,115,133,98,154,133,1
Ketone,Large (+++),80,mg/dL,135,74,89,173,115,135,100,156,131,1
Ketone,Large (+++),80,mg/dL,137,71,84,174,123,137,99,157,133,1
Ketone,Large (+++),80,mg/dL,143,76,81,178,119,143,103,157,138,1
Ketone,Large (+++),80,mg/dL,134,71,84,174,120,134,98,156,132,1
Ketone,Large (+++),80,mg/dL,129,70,92,169,117,129,96,156,126,1
Ketone,Large (+++),80,mg/dL,136,62,90,169,139,136,94,163,126,1
Ketone,Large (+++),80,mg/dL,138,71,88,172,124,138,99,158,131,1
Ketone,Large (+++),80,mg/dL,131,70,91,170,119,131,96,157,127,1
Ketone,Large (+++),80,mg/dL,133,65,85,171,130,133,94,159,130,1
Ketone,Large (+++),80,mg/dL,134,77,85,176,108,134,101,153,134,1
Ketone,Large (+++),80,mg/dL,132,76,85,175,108,132,100,153,133,1
Ketone,Large (+++),80,mg/dL,131,77,86,175,105,131,100,152,132,1
Ketone,Large (+++),80,mg/dL,134,73,81,176,116,134,99,155,135,1
Ketone,Large (+++),80,mg/dL,132,72,84,174,116,132,97,155,132,1
Ketone,Large (+++),80,mg/dL,139,73,88,173,121,139,101,158,132,1
Ketone,Large (+++),80,mg/dL,134,76,87,174,110,134,101,154,132,1
Ketone,Large (+++),80,mg/dL,134,72,81,176,118,134,98,155,134,1
Ketone,Large (+++),80,mg/dL,136,72,83,175,120,136,99,156,134,1
Ketone,Large (+++),80,mg/dL,138,67,83,173,131,138,97,160,133,1
Ketone,Large (+++),80,mg/dL,138,73,85,174,120,138,100,157,133,1
Ketone,Large (+++),80,mg/dL,135,73,79,177,117,135,99,155,136,1
Ketone,Large (+++),80,mg/dL,133,78,82,178,105,133,101,152,136,1
Ketone,Large (+++),80,mg/dL,133,70,85,173,121,133,97,157,131,1
Ketone,Large (+++),80,mg/dL,132,74,86,174,112,132,99,154,132,1
Ketone,Large (+++),80,mg/dL,137,68,84,173,128,137,97,159,132,1
Ketone,Large (+++),80,mg/dL,133,74,82,176,113,133,99,154,134,1
Ketone,Large (+++),80,mg/dL,138,77,81,178,113,138,102,154,137,1
Ketone,Large (+++),80,mg/dL,132,70,96,167,120,132,97,158,125,1
Ketone,Large (+++),80,mg/dL,132,79,80,179,102,132,101,151,137,1
Ketone,Large (+++),80,mg/dL,130,69,82,174,120,130,95,156,132,1
Ketone,Large (+++),80,mg/dL,133,69,82,174,123,133,96,157,133,1
Ketone,Large (+++),80,mg/dL,139,77,89,174,114,139,103,155,132,1
Ketone,Large (+++),80,mg/dL,136,72,83,175,120,136,99,156,134,1
Ketone,Large (+++),80,mg/dL,130,73,80,176,112,130,97,153,134,1
Ketone,Large (+++),80,mg/dL,130,77,93,171,104,130,100,153,128,1
Ketone,Large (+++),80,mg/dL,136,76,84,176,113,136,101,154,134,1
Ketone,Large (+++),80,mg/dL,129,74,87,173,109,129,98,153,130,1
Ketone,Large (+++),80,mg/dL,134,71,89,171,120,134,98,157,129,1
Ketone,Large (+++),80,mg/dL,130,69,81,174,120,130,95,156,132,1
Ketone,Large (+++),80,mg/dL,134,68,82,174,126,134,96,158,133,1
Ketone,Large (+++),80,mg/dL,131,71,79,176,117,131,96,155,135,1
Ketone,Large (+++),80,mg/dL,134,77,86,175,108,134,101,153,133,1
Ketone,Large (+++),80,mg/dL,140,77,88,175,115,140,103,156,133,1
Ketone,Large (+++),80,mg/dL,134,72,88,172,118,134,98,156,130,1
Ketone,Large (+++),80,mg/dL,132,64,87,170,131,132,93,160,128,1
Ketone,Large (+++),80,mg/dL,129,68,85,172,121,129,94,156,130,1
Ketone,Large (+++),80,mg/dL,134,66,86,171,129,134,95,160,129,1
Ketone,Large (+++),80,mg/dL,138,67,90,170,131,138,97,161,128,1
Ketone,Large (+++),80,mg/dL,128,80,83,178,96,128,101,148,135,1
Ketone,Large (+++),80,mg/dL,135,64,85,171,134,135,94,160,130,1
Ketone,Large (+++),80,mg/dL,135,72,83,175,119,135,98,156,133,1
Ketone,Large (+++),80,mg/dL,130,77,85,175,104,130,100,151,133,1
Ketone,Large (+++),80,mg/dL,140,70,83,174,128,140,99,159,134,1
Ketone,Large (+++),80,mg/dL,137,66,80,174,132,137,96,160,134,1
Ketone,Large (+++),80,mg/dL,138,67,78,175,131,138,97,159,136,1
Ketone,Large (+++),80,mg/dL,141,66,86,172,136,141,98,162,131,1
Ketone,Large (+++),80,mg/dL,134,61,84,171,139,134,92,162,129,1
Ketone,Large (+++),80,mg/dL,136,73,89,172,118,136,100,157,131,1
Ketone,Large (+++),80,mg/dL,132,75,82,176,110,132,99,153,135,1
Ketone,Large (+++),80,mg/dL,128,67,79,174,122,128,93,156,133,1
Ketone,Large (+++),80,mg/dL,138,66,86,172,133,138,96,161,131,1
Ketone,Large (+++),80,mg/dL,133,72,90,171,117,133,98,156,129,1
Ketone,Large (+++),80,mg/dL,132,74,85,174,112,132,99,154,132,1
Ketone,Large (+++),80,mg/dL,133,81,79,1,104,133,103,150,138,1
Ketone,Large (+++),80,mg/dL,139,75,83,176,117,139,102,156,135,1
Ketone,Large (+++),80,mg/dL,141,65,83,173,137,141,97,162,133,1
Ketone,Large (+++),80,mg/dL,129,74,81,176,109,129,97,152,134,1
Ketone,Large (+++),80,mg/dL,136,71,83,174,122,136,98,157,133,1
Ketone,Large (+++),80,mg/dL,136,71,81,175,122,136,98,157,135,1
Ketone,Large (+++),80,mg/dL,145,70,76,178,132,145,101,160,139,1
Ketone,Large (+++),80,mg/dL,131,67,88,170,125,131,95,158,128,1
Ketone,Large (+++),80,mg/dL,135,74,84,175,115,135,100,155,134,1
Ketone,Large (+++),80,mg/dL,133,71,85,173,119,133,97,156,132,1
Ketone,Large (+++),80,mg/dL,137,73,87,173,119,137,100,157,132,1
Ketone,Large (+++),80,mg/dL,136,76,86,175,113,136,101,154,133,1
Ketone,Large (+++),80,mg/dL,135,77,82,177,110,135,101,153,136,1
Ketone,Large (+++),80,mg/dL,131,67,86,171,125,131,94,158,129,1
Ketone,Large (+++),80,mg/dL,127,74,85,174,106,127,97,152,131,1
Ketone,Large (+++),80,mg/dL,139,69,84,174,128,139,98,159,133,1
Ketone,Large (+++),80,mg/dL,138,78,82,178,111,138,103,154,137,1
Ketone,Large (+++),80,mg/dL,135,73,86,174,117,135,99,156,132,1
Ketone,Large (+++),80,mg/dL,133,77,77,0,107,133,100,151,138,1
Ketone,Large (+++),80,mg/dL,132,74,87,173,112,132,99,154,131,1
Ketone,Large (+++),80,mg/dL,139,77,84,177,114,139,103,155,135,1
Ketone,Large (+++),80,mg/dL,139,69,89,171,128,139,99,160,130,1
Ketone,Large (+++),80,mg/dL,141,77,85,176,116,141,104,156,135,1
Ketone,Large (+++),80,mg/dL,133,66,86,171,128,133,95,159,129,1
Ketone,Large (+++),80,mg/dL,130,69,80,175,120,130,95,155,133,1
Ketone,Large (+++),80,mg/dL,132,72,86,173,116,132,97,155,131,1
Ketone,Large (+++),80,mg/dL,132,76,84,176,108,132,100,153,134,1
Ketone,Large (+++),80,mg/dL,131,73,93,170,113,131,98,155,127,1
Ketone,Large (+++),80,mg/dL,135,71,79,176,121,135,98,156,135,1
Ketone,Large (+++),80,mg/dL,133,73,83,175,115,133,98,154,133,1
Ketone,Large (+++),80,mg/dL,127,69,91,169,116,127,94,156,126,1
Ketone,Large (+++),80,mg/dL,140,68,88,172,131,140,99,161,131,1
Ketone,Large (+++),80,mg/dL,129,78,86,175,101,129,100,151,132,1
Ketone,Large (+++),80,mg/dL,138,65,88,171,135,138,96,161,129,1
Ketone,Large (+++),80,mg/dL,134,75,89,173,112,134,100,155,131,1
Ketone,Large (+++),80,mg/dL,134,70,88,172,122,134,97,158,130,1
Ketone,Large (+++),80,mg/dL,134,69,81,174,124,134,96,157,133,1
Ketone,Large (+++),80,mg/dL,128,70,89,170,116,128,95,155,128,1
Ketone,Large (+++),80,mg/dL,135,70,88,172,123,135,98,158,130,1
Ketone,Large (+++),80,mg/dL,131,72,84,174,115,131,97,155,132,1
Ketone,Large (+++),80,mg/dL,137,66,82,173,132,137,96,160,133,1
Ketone,Large (+++),80,mg/dL,127,71,90,170,112,127,95,155,127,1
Ketone,Large (+++),80,mg/dL,132,70,88,171,120,132,97,157,129,1
Ketone,Large (+++),80,mg/dL,138,72,88,173,122,138,100,158,131,1
Ketone,Large (+++),80,mg/dL,130,78,94,171,102,130,101,152,128,1
Ketone,Large (+++),80,mg/dL,136,64,83,172,135,136,95,161,131,1
Ketone,Large (+++),80,mg/dL,136,70,90,171,124,136,98,159,129,1
Ketone,Large (+++),80,mg/dL,136,69,85,173,126,136,97,158,132,1
Ketone,Large (+++),80,mg/dL,130,71,83,174,116,130,96,154,132,1
Ketone,Large (+++),80,mg/dL,139,80,79,1,110,139,104,153,139,1
Ketone,Large (+++),80,mg/dL,126,71,79,176,111,126,94,153,133,1
Ketone,Large (+++),80,mg/dL,134,75,91,172,112,134,101,155,130,1
Ketone,Large (+++),80,mg/dL,135,71,77,177,121,135,97,156,137,1
Ketone,Large (+++),80,mg/dL,134,72,88,172,118,134,98,156,130,1
Ketone,Large (+++),80,mg/dL,131,70,79,176,119,131,95,155,134,1
Ketone,Large (++++),160,mg/dL,97,54,64,173,113,97,72,149,130,0
Ketone,Large (++++),160,mg/dL,88,50,58,174,110,88,66,146,130,1
Ketone,Large (++++),160,mg/dL,98,52,62,173,120,98,71,150,131,1
Ketone,Large (++++),160,mg/dL,93,41,70,163,143,93,63,155,121,1
Ketone,Large (++++),160,mg/dL,93,52,58,176,112,93,69,147,132,1
Ketone,Large (++++),160,mg/dL,101,55,61,176,116,101,74,149,133,1
Ketone,Large (++++),160,mg/dL,95,61,64,177,91,95,76,144,132,1
Ketone,Large (++++),160,mg/dL,96,50,56,176,122,96,69,150,133,1
Ketone,Large (++++),160,mg/dL,96,55,68,170,109,96,73,148,128,1
Ketone,Large (++++),160,mg/dL,88,49,62,170,113,88,65,148,127,1
Ketone,Large (++++),160,mg/dL,97,53,64,172,116,97,72,149,130,1
Ketone,Large (++++),160,mg/dL,99,50,68,169,126,99,71,152,127,1
Ketone,Large (++++),160,mg/dL,99,53,70,169,118,99,73,151,126,1
Ketone,Large (++++),160,mg/dL,103,58,52,4,126,103,76,148,140,1
Ketone,Large (++++),160,mg/dL,103,57,72,170,114,103,77,150,128,1
Ketone,Large (++++),160,mg/dL,102,60,68,174,105,102,78,148,131,1
Ketone,Large (++++),160,mg/dL,102,62,65,178,100,102,79,146,134,1
Ketone,Large (++++),160,mg/dL,91,53,66,170,106,91,70,147,127,1
Ketone,Large (++++),160,mg/dL,97,49,57,175,126,97,69,150,133,1
Ketone,Large (++++),160,mg/dL,94,57,70,169,100,94,73,146,127,1
Ketone,Large (++++),160,mg/dL,101,58,64,176,109,101,76,148,132,1
Ketone,Large (++++),160,mg/dL,90,52,63,171,108,90,68,147,128,1
Ketone,Large (++++),160,mg/dL,95,54,66,171,110,95,71,148,128,1
Ketone,Large (++++),160,mg/dL,100,53,56,178,120,100,72,150,135,1
Ketone,Large (++++),160,mg/dL,95,54,69,169,110,95,72,148,127,1
Ketone,Large (++++),160,mg/dL,95,56,65,173,105,95,73,147,130,1
Ketone,Large (++++),160,mg/dL,97,58,61,178,103,97,74,146,133,1
Ketone,Large (++++),160,mg/dL,95,54,61,175,110,95,71,147,132,1
Ketone,Large (++++),160,mg/dL,99,51,65,171,124,99,71,151,129,1
Ketone,Large (++++),160,mg/dL,97,55,62,175,110,97,73,148,132,1
Ketone,Large (++++),160,mg/dL,96,54,65,172,112,96,72,148,129,1
Ketone,Large (++++),160,mg/dL,97,61,60,1,97,97,76,144,135,1
Ketone,Large (++++),160,mg/dL,97,48,65,170,129,97,69,152,128,1
Ketone,Large (++++),160,mg/dL,93,53,63,173,110,93,70,147,130,1
Ketone,Large (++++),160,mg/dL,98,52,62,173,120,98,71,150,131,1
Ketone,Large (++++),160,mg/dL,103,55,62,176,119,103,75,150,133,1
Ketone,Large (++++),160,mg/dL,96,61,63,178,93,96,76,144,133,1
Ketone,Large (++++),160,mg/dL,94,51,62,172,117,94,69,149,130,1
Ketone,Large (++++),160,mg/dL,95,49,60,173,123,95,68,150,131,1
Ketone,Large (++++),160,mg/dL,94,56,62,175,103,94,72,146,132,1
Ketone,Large (++++),160,mg/dL,96,59,69,172,98,96,75,146,129,1
Ketone,Large (++++),160,mg/dL,96,51,61,173,120,96,70,149,131,1
Ketone,Large (++++),160,mg/dL,100,53,62,174,120,100,73,150,132,1
Ketone,Large (++++),160,mg/dL,94,51,65,170,117,94,69,149,128,1
Ketone,Large (++++),160,mg/dL,92,58,62,176,94,92,73,144,132,1
Ketone,Large (++++),160,mg/dL,96,49,64,170,125,96,69,151,128,1
Ketone,Large (++++),160,mg/dL,96,54,70,169,112,96,72,150,126,1
Ketone,Large (++++),160,mg/dL,98,51,61,174,122,98,70,151,131,1
Ketone,Large (++++),160,mg/dL,99,59,65,176,103,99,76,147,132,1
Ketone,Large (++++),160,mg/dL,100,56,70,170,112,100,75,150,128,1
Ketone,Large (++++),160,mg/dL,89,57,68,170,92,89,71,144,127,1
Ketone,Large (++++),160,mg/dL,92,50,61,172,116,92,68,148,129,1
Ketone,Large (++++),160,mg/dL,94,52,65,171,114,94,70,149,128,1
Ketone,Large (++++),160,mg/dL,100,58,61,178,107,100,76,147,134,1
Ketone,Large (++++),160,mg/dL,94,59,67,173,95,94,74,145,129,1
Ketone,Large (++++),160,mg/dL,97,56,64,174,108,97,73,147,131,1
Ketone,Large (++++),160,mg/dL,99,53,65,172,118,99,72,150,130,1
Ketone,Large (++++),160,mg/dL,91,51,61,173,112,91,68,147,130,1
Ketone,Large (++++),160,mg/dL,96,50,62,172,122,96,69,151,130,1
Ketone,Large (++++),160,mg/dL,91,56,64,173,98,91,71,145,130,1
Ketone,Large (++++),160,mg/dL,90,51,65,169,111,90,68,148,127,1
Ketone,Large (++++),160,mg/dL,95,51,64,171,118,95,70,149,129,1
Ketone,Large (++++),160,mg/dL,98,48,66,169,130,98,69,153,127,1
Ketone,Large (++++),160,mg/dL,94,54,64,173,109,94,71,147,129,1
Ketone,Large (++++),160,mg/dL,95,50,63,171,121,95,69,150,129,1
Ketone,Large (++++),160,mg/dL,104,49,71,168,135,104,72,156,126,1
Ketone,Large (++++),160,mg/dL,96,54,60,176,112,96,71,148,132,1
Ketone,Large (++++),160,mg/dL,94,52,60,174,114,94,69,148,131,1
Ketone,Large (++++),160,mg/dL,96,52,71,167,117,96,71,151,125,1
Ketone,Large (++++),160,mg/dL,92,54,65,171,105,92,70,146,128,1
Ketone,Large (++++),160,mg/dL,93,57,62,176,99,93,72,145,132,1
Ketone,Large (++++),160,mg/dL,87,57,60,177,88,87,70,142,131,1
Ketone,Large (++++),160,mg/dL,93,57,63,175,99,93,72,145,131,1
Ketone,Large (++++),160,mg/dL,101,59,61,179,106,101,77,147,135,1
Ketone,Large (++++),160,mg/dL,100,51,73,167,125,100,72,153,124,1
Ketone,Large (++++),160,mg/dL,94,58,67,173,98,94,74,145,129,1
Ketone,Large (++++),160,mg/dL,98,51,63,172,122,98,71,151,130,1
Ketone,Large (++++),160,mg/dL,88,55,65,171,96,88,70,144,128,1
Ketone,Large (++++),160,mg/dL,98,42,59,171,146,98,65,156,130,1
Ketone,Large (++++),160,mg/dL,94,55,65,172,106,94,72,147,129,1
Ketone,Large (++++),160,mg/dL,96,57,60,178,104,96,73,146,133,1
Ketone,Large (++++),160,mg/dL,99,56,66,173,111,99,74,148,130,1
Ketone,Large (++++),160,mg/dL,96,61,66,176,93,96,77,144,131,1
Ketone,Large (++++),160,mg/dL,93,55,67,171,104,93,72,147,128,1
Ketone,Large (++++),160,mg/dL,95,58,66,174,99,95,74,146,130,1
Ketone,Large (++++),160,mg/dL,88,55,62,174,96,88,69,144,130,1
Ketone,Large (++++),160,mg/dL,99,58,65,175,106,99,76,147,132,1
Ketone,Large (++++),160,mg/dL,104,53,66,172,125,104,74,152,130,1
Ketone,Large (++++),160,mg/dL,100,54,67,172,117,100,73,151,129,1
Ketone,Large (++++),160,mg/dL,95,52,59,175,115,95,70,148,132,1
Ketone,Large (++++),160,mg/dL,98,55,69,170,112,98,73,149,128,1
Ketone,Large (++++),160,mg/dL,100,53,59,176,120,100,72,150,134,1
Ketone,Large (++++),160,mg/dL,99,58,67,173,106,99,76,148,130,1
Ketone,Large (++++),160,mg/dL,101,53,62,174,121,101,73,150,132,1
Ketone,Large (++++),160,mg/dL,94,54,64,173,109,94,71,147,129,1
Ketone,Large (++++),160,mg/dL,98,53,63,173,117,98,72,150,131,1
Ketone,Large (++++),160,mg/dL,94,58,64,175,98,94,74,145,131,1
Ketone,Large (++++),160,mg/dL,96,51,59,175,120,96,70,149,132,1
Ketone,Large (++++),160,mg/dL,102,56,58,179,115,102,75,148,136,1
Ketone,Large (++++),160,mg/dL,100,58,64,176,107,100,76,148,132,1
Ketone,Large (++++),160,mg/dL,103,55,58,178,119,103,75,150,136,1
Ketone,Large (++++),160,mg/dL,98,55,62,175,112,98,73,148,132,1
Ketone,Large (++++),160,mg/dL,99,47,68,168,134,99,69,154,126,1
Ketone,Large (++++),160,mg/dL,93,50,64,170,118,93,68,150,128,1
Ketone,Large (++++),160,mg/dL,99,55,61,176,113,99,73,148,133,1
Ketone,Large (++++),160,mg/dL,95,49,63,171,123,95,68,150,129,1
Ketone,Large (++++),160,mg/dL,101,54,67,172,119,101,74,151,129,1
Ketone,Large (++++),160,mg/dL,103,52,63,174,126,103,73,152,131,1
Ketone,Large (++++),160,mg/dL,106,60,57,2,118,106,79,148,139,1
Ketone,Large (++++),160,mg/dL,99,54,67,171,116,99,73,150,129,1
Ketone,Large (++++),160,mg/dL,94,51,61,173,117,94,69,149,130,1
Ketone,Large (++++),160,mg/dL,95,57,59,178,102,95,73,145,134,1
Ketone,Large (++++),160,mg/dL,95,47,68,167,129,95,68,152,125,1
Ketone,Large (++++),160,mg/dL,102,53,63,174,123,102,73,151,132,1
Ketone,Large (++++),160,mg/dL,99,60,66,175,100,99,77,146,132,1
Ketone,Large (++++),160,mg/dL,94,48,60,172,125,94,67,150,130,1
Ketone,Large (++++),160,mg/dL,97,51,65,171,121,97,70,151,128,1
Ketone,Large (++++),160,mg/dL,95,50,59,174,121,95,68,149,131,1
Ketone,Large (++++),160,mg/dL,103,58,71,171,111,103,77,150,129,1
Ketone,Large (++++),160,mg/dL,99,52,69,169,121,99,72,151,127,1
Ketone,Large (++++),160,mg/dL,97,55,64,174,110,97,73,148,130,1
Ketone,Large (++++),160,mg/dL,85,60,66,173,75,85,72,140,129,1
Ketone,Large (++++),160,mg/dL,98,54,65,172,114,98,72,150,130,1
Ketone,Large (++++),160,mg/dL,95,56,59,178,105,95,72,145,134,1
Ketone,Large (++++),160,mg/dL,98,56,63,175,109,98,74,148,132,1
Ketone,Large (++++),160,mg/dL,98,50,60,174,125,98,70,151,131,1
Ketone,Large (++++),160,mg/dL,98,57,57,0,107,98,74,146,136,1
Ketone,Large (++++),160,mg/dL,99,52,63,173,121,99,72,150,131,1
Ketone,Large (++++),160,mg/dL,92,51,68,168,114,92,69,149,126,1
Ketone,Large (++++),160,mg/dL,97,52,64,172,118,97,71,149,129,1
Ketone,Large (++++),160,mg/dL,99,56,64,174,111,99,74,148,131,1
Ketone,Large (++++),160,mg/dL,101,58,66,174,109,101,76,148,131,1
Ketone,Large (++++),160,mg/dL,97,57,65,174,105,97,74,147,130,1
Ketone,Large (++++),160,mg/dL,101,58,60,179,109,101,76,148,135,1
Ketone,Large (++++),160,mg/dL,93,51,68,168,115,93,69,149,126,1
Ketone,Large (++++),160,mg/dL,91,56,65,172,98,91,71,145,129,1
Ketone,Large (++++),160,mg/dL,102,55,59,177,118,102,74,149,135,1
Ketone,Large (++++),160,mg/dL,93,49,62,171,121,93,68,149,129,1
Ketone,Large (++++),160,mg/dL,96,49,70,167,125,96,69,152,125,1
Ketone,Large (++++),160,mg/dL,92,59,69,171,91,92,74,144,128,1
Ketone,Large (++++),160,mg/dL,101,51,65,172,126,101,72,152,130,1
Ketone,Large (++++),160,mg/dL,92,58,64,175,94,92,73,144,130,1
Ketone,Large (++++),160,mg/dL,95,49,54,177,123,95,68,149,134,1
Ketone,Large (++++),160,mg/dL,93,58,62,177,96,93,73,144,132,1
Ketone,Large (++++),160,mg/dL,96,57,71,169,104,96,74,148,127,1
Ketone,Large (++++),160,mg/dL,102,50,56,177,130,102,71,152,135,1
Ketone,Large (++++),160,mg/dL,106,63,65,179,103,106,81,147,135,1
Ketone,Large (++++),160,mg/dL,92,58,64,175,94,92,73,144,130,1
Ketone,Large (++++),160,mg/dL,97,58,65,175,103,97,75,147,131,1
Ketone,Large (++++),160,mg/dL,92,53,67,169,108,92,70,147,127,1
Blood,Negative,Negative,cells/uL,229,190,63,23,185,229,200,129,194,0
Blood,Negative,Negative,cells/uL,231,191,67,23,181,231,201,130,193,1
Blood,Negative,Negative,cells/uL,228,191,49,24,200,228,200,128,199,1
Blood,Negative,Negative,cells/uL,227,193,61,24,186,227,201,127,195,1
Blood,Negative,Negative,cells/uL,227,186,67,22,180,227,197,131,191,1
Blood,Negative,Negative,cells/uL,231,193,56,23,193,231,202,128,197,1
Blood,Negative,Negative,cells/uL,228,189,62,23,186,228,199,129,194,1
Blood,Negative,Negative,cells/uL,227,189,66,23,181,227,199,129,192,1
Blood,Negative,Negative,cells/uL,221,197,65,25,180,221,203,122,194,1
Blood,Negative,Negative,cells/uL,229,194,57,24,192,229,203,127,197,1
Blood,Negative,Negative,cells/uL,226,190,68,23,178,226,199,128,192,1
Blood,Negative,Negative,cells/uL,229,192,61,23,187,229,201,128,195,1
Blood,Negative,Negative,cells/uL,231,197,67,24,181,231,205,127,194,1
Blood,Negative,Negative,cells/uL,229,193,65,23,183,229,202,128,194,1
Blood,Negative,Negative,cells/uL,231,194,67,23,181,231,203,128,193,1
Blood,Negative,Negative,cells/uL,228,193,61,24,187,228,202,127,195,1
Blood,Negative,Negative,cells/uL,225,189,63,23,184,225,198,128,193,1
Blood,Negative,Negative,cells/uL,222,193,52,25,195,222,200,124,198,1
Blood,Negative,Negative,cells/uL,240,196,62,23,189,240,207,131,197,1
Blood,Negative,Negative,cells/uL,229,191,61,23,187,229,201,128,195,1
Blood,Negative,Negative,cells/uL,230,189,63,23,185,230,200,130,194,1
Blood,Negative,Negative,cells/uL,230,185,63,22,185,230,197,132,193,1
Blood,Negative,Negative,cells/uL,230,191,62,23,186,230,201,129,195,1
Blood,Negative,Negative,cells/uL,234,189,64,22,185,234,201,132,194,1
Blood,Negative,Negative,cells/uL,234,190,64,22,185,234,201,131,194,1
Blood,Negative,Negative,cells/uL,229,195,62,24,186,229,203,127,195,1
Blood,Negative,Negative,cells/uL,234,190,60,22,190,234,201,131,196,1
Blood,Negative,Negative,cells/uL,232,189,65,22,184,232,200,131,193,1
Blood,Negative,Negative,cells/uL,218,190,61,25,184,218,197,124,193,1
Blood,Negative,Negative,cells/uL,225,188,61,23,186,225,198,128,194,1
Blood,Negative,Negative,cells/uL,229,185,64,22,184,229,197,132,192,1
Blood,Negative,Negative,cells/uL,234,191,66,22,183,234,202,131,194,1
Blood,Negative,Negative,cells/uL,233,195,70,23,178,233,204,129,193,1
Blood,Negative,Negative,cells/uL,227,187,66,23,181,227,198,130,192,1
Blood,Negative,Negative,cells/uL,232,193,71,23,177,232,203,129,192,1
Blood,Negative,Negative,cells/uL,229,192,59,23,189,229,201,128,196,1
Blood,Negative,Negative,cells/uL,238,189,62,22,189,238,202,134,195,1
Blood,Negative,Negative,cells/uL,228,187,60,23,188,228,198,130,194,1
Blood,Negative,Negative,cells/uL,227,185,60,22,188,227,196,131,193,1
Blood,Negative,Negative,cells/uL,237,193,67,22,183,237,204,131,194,1
Blood,Negative,Negative,cells/uL,234,197,56,24,194,234,206,127,199,1
Blood,Negative,Negative,cells/uL,224,187,61,23,186,224,197,129,193,1
Blood,Negative,Negative,cells/uL,228,188,64,23,183,228,199,130,193,1
Blood,Negative,Negative,cells/uL,229,187,54,23,195,229,198,130,196,1
Blood,Negative,Negative,cells/uL,225,188,62,23,185,225,198,129,193,1
Blood,Negative,Negative,cells/uL,224,188,58,23,189,224,197,128,195,1
Blood,Negative,Negative,cells/uL,228,186,60,22,188,228,197,131,194,1
Blood,Negative,Negative,cells/uL,224,189,60,24,187,224,198,127,194,1
Blood,Negative,Negative,cells/uL,233,192,63,23,186,233,202,130,195,1
Blood,Negative,Negative,cells/uL,226,192,66,24,181,226,201,127,193,1
Blood,Negative,Negative,cells/uL,230,196,65,24,183,230,204,127,195,1
Blood,Negative,Negative,cells/uL,233,191,66,22,183,233,202,130,193,1
Blood,Negative,Negative,cells/uL,226,188,64,23,183,226,198,129,192,1
Blood,Negative,Negative,cells/uL,230,192,67,23,181,230,202,129,193,1
Blood,Negative,Negative,cells/uL,223,186,64,23,182,223,196,129,192,1
Blood,Negative,Negative,cells/uL,226,204,65,26,182,226,209,121,196,1
Blood,Negative,Negative,cells/uL,229,188,61,23,187,229,199,130,194,1
Blood,Negative,Negative,cells/uL,229,190,61,23,187,229,200,129,195,1
Blood,Negative,Negative,cells/uL,228,195,69,24,178,228,203,126,193,1
Blood,Negative,Negative,cells/uL,230,185,65,22,183,230,197,132,192,1
Blood,Negative,Negative,cells/uL,235,195,66,23,183,235,205,129,195,1
Blood,Negative,Negative,cells/uL,235,190,66,22,183,235,202,132,193,1
Blood,Negative,Negative,cells/uL,226,191,68,23,178,226,200,128,192,1
Blood,Negative,Negative,cells/uL,227,187,63,23,184,227,198,130,193,1
Blood,Negative,Negative,cells/uL,228,193,61,24,187,228,202,127,195,1
Blood,Negative,Negative,cells/uL,236,185,68,21,182,236,199,135,192,1
Blood,Negative,Negative,cells/uL,226,183,64,22,183,226,195,132,191,1
Blood,Negative,Negative,cells/uL,228,186,56,23,192,228,197,131,195,1
Blood,Negative,Negative,cells/uL,229,194,65,24,183,229,203,127,194,1
Blood,Negative,Negative,cells/uL,229,192,63,23,185,229,201,128,194,1
Blood,Negative,Negative,cells/uL,223,184,62,23,184,223,195,130,192,1
Blood,Negative,Negative,cells/uL,228,193,66,24,181,228,202,127,193,1
Blood,Negative,Negative,cells/uL,231,189,57,23,192,231,200,130,196,1
Blood,Negative,Negative,cells/uL,231,192,53,23,196,231,202,128,198,1
Blood,Negative,Negative,cells/uL,226,187,63,23,184,226,197,130,193,1
Blood,Negative,Negative,cells/uL,226,190,62,23,185,226,199,128,194,1
Blood,Negative,Negative,cells/uL,228,187,60,23,188,228,198,130,194,1
Blood,Negative,Negative,cells/uL,225,192,65,24,181,225,200,127,193,1
Blood,Negative,Negative,cells/uL,226,196,62,25,185,226,203,125,195,1
Blood,Negative,Negative,cells/uL,235,187,55,22,195,235,199,133,197,1
Blood,Negative,Negative,cells/uL,231,191,63,23,185,231,201,129,194,1
Blood,Negative,Negative,cells/uL,226,190,61,23,186,226,199,128,194,1
Blood,Negative,Negative,cells/uL,228,193,64,24,183,228,202,127,194,1
Blood,Negative,Negative,cells/uL,231,189,62,23,187,231,200,130,194,1
Blood,Negative,Negative,cells/uL,224,189,50,24,198,224,198,127,198,1
Blood,Negative,Negative,cells/uL,227,190,65,23,182,227,200,128,193,1
Blood,Negative,Negative,cells/uL,228,191,54,24,195,228,200,128,197,1
Blood,Negative,Negative,cells/uL,229,183,58,22,190,229,195,133,194,1
Blood,Negative,Negative,cells/uL,228,195,64,24,183,228,203,126,194,1
Blood,Negative,Negative,cells/uL,229,190,60,23,188,229,200,129,195,1
Blood,Negative,Negative,cells/uL,227,192,57,24,191,227,201,127,196,1
Blood,Negative,Negative,cells/uL,231,188,66,22,182,231,199,131,192,1
Blood,Negative,Negative,cells/uL,233,183,61,21,188,233,196,135,193,1
Blood,Negative,Negative,cells/uL,226,183,59,22,188,226,195,131,193,1
Blood,Negative,Negative,cells/uL,239,192,71,22,179,239,204,133,192,1
Blood,Negative,Negative,cells/uL,232,187,61,22,188,232,199,132,194,1
Blood,Negative,Negative,cells/uL,231,192,61,23,188,231,202,129,195,1
Blood,Negative,Negative,cells/uL,223,203,62,26,184,223,207,120,197,1
Blood,Negative,Negative,cells/uL,228,190,62,23,186,228,200,129,194,1
Blood,Negative,Negative,cells/uL,229,195,63,24,185,229,203,127,195,1
Blood,Negative,Negative,cells/uL,224,189,61,24,186,224,198,127,194,1
Blood,Negative,Negative,cells/uL,235,195,63,23,187,235,205,129,196,1
Blood,Negative,Negative,cells/uL,224,185,63,23,183,224,196,130,192,1
Blood,Negative,Negative,cells/uL,230,189,61,23,187,230,200,130,194,1
Blood,Negative,Negative,cells/uL,227,190,53,24,195,227,199,128,197,1
Blood,Negative,Negative,cells/uL,225,187,68,23,178,225,197,129,191,1
Blood,Negative,Negative,cells/uL,226,191,64,24,183,226,200,127,193,1
Blood,Negative,Negative,cells/uL,234,195,63,23,186,234,204,129,196,1
Blood,Negative,Negative,cells/uL,227,187,62,23,185,227,198,130,193,1
Blood,Negative,Negative,cells/uL,227,192,65,24,182,227,201,127,193,1
Blood,Negative,Negative,cells/uL,231,195,70,23,178,231,204,128,193,1
Blood,Negative,Negative,cells/uL,229,194,62,24,186,229,203,127,195,1
Blood,Negative,Negative,cells/uL,234,194,67,23,182,234,204,129,194,1
Blood,Negative,Negative,cells/uL,229,187,57,23,192,229,198,131,195,1
Blood,Negative,Negative,cells/uL,229,196,62,24,186,229,204,126,196,1
Blood,Negative,Negative,cells/uL,232,193,62,23,187,232,203,129,195,1
Blood,Negative,Negative,cells/uL,234,178,58,20,192,234,194,137,193,1
Blood,Negative,Negative,cells/uL,225,187,64,23,182,225,197,129,192,1
Blood,Negative,Negative,cells/uL,230,192,65,23,183,230,202,129,194,1
Blood,Negative,Negative,cells/uL,225,185,65,23,181,225,196,130,191,1
Blood,Negative,Negative,cells/uL,226,184,67,22,179,226,195,131,190,1
Blood,Negative,Negative,cells/uL,235,196,64,23,186,235,205,129,196,1
Blood,Negative,Negative,cells/uL,232,195,60,24,189,232,204,128,197,1
Blood,Negative,Negative,cells/uL,233,191,67,22,182,233,202,131,193,1
Blood,Negative,Negative,cells/uL,230,195,64,24,184,230,204,127,195,1
Blood,Negative,Negative,cells/uL,223,196,59,25,188,223,202,123,196,1
Blood,Negative,Negative,cells/uL,234,190,68,22,181,234,201,132,192,1
Blood,Negative,Negative,cells/uL,234,192,65,23,184,234,203,130,194,1
Blood,Negative,Negative,cells/uL,231,182,63,21,185,231,195,134,192,1
Blood,Negative,Negative,cells/uL,225,191,58,24,189,225,200,127,195,1
Blood,Negative,Negative,cells/uL,224,196,67,25,179,224,203,124,193,1
Blood,Negative,Negative,cells/uL,229,191,62,23,186,229,201,129,195,1
Blood,Negative,Negative,cells/uL,231,187,67,22,181,231,199,132,192,1
Blood,Negative,Negative,cells/uL,228,188,63,23,185,228,199,130,193,1
Blood,Negative,Negative,cells/uL,227,191,61,23,186,227,200,128,195,1
Blood,Negative,Negative,cells/uL,231,195,60,24,189,231,204,127,196,1
Blood,Negative,Negative,cells/uL,228,192,61,24,187,228,201,128,195,1
Blood,Negative,Negative,cells/uL,231,192,67,23,181,231,202,129,193,1
Blood,Negative,Negative,cells/uL,227,186,62,23,185,227,197,130,193,1
Blood,Negative,Negative,cells/uL,225,192,58,24,189,225,200,126,196,1
Blood,Negative,Negative,cells/uL,238,195,63,23,188,238,205,130,196,1
Blood,Negative,Negative,cells/uL,232,183,73,21,175,232,196,135,188,1
Blood,Negative,Negative,cells/uL,227,190,56,24,192,227,199,128,196,1
Blood,Negative,Negative,cells/uL,231,186,63,22,185,231,198,132,193,1
Blood,Negative,Negative,cells/uL,227,186,60,23,188,227,197,130,194,1
Blood,Negative,Negative,cells/uL,230,185,60,22,188,230,197,132,194,1
Blood,Negative,Negative,cells/uL,232,200,65,24,184,232,207,125,196,1
Blood,Negative,Negative,cells/uL,225,189,63,23,184,225,198,128,193,1
Blood,Negative,Negative,cells/uL,228,194,64,24,183,228,202,127,194,1
Blood,Negative,Negative,cells/uL,233,189,68,22,181,233,200,132,192,1
Blood,Non-Hemolyzed Trace,Trace (Non-Hemolyzed),cells/uL,213,178,55,23,189,213,188,128,192,0
Blood,Non-Hemolyzed Trace,Trace (Non-Hemolyzed),cells/uL,212,174,64,22,178,212,185,130,187,1
Blood,Non-Hemolyzed Trace,Trace (Non-Hemolyzed),cells/uL,206,175,52,24,191,206,184,127,191,1
Blood,Non-Hemolyzed Trace,Trace (Non-Hemolyzed),cells/uL,223,185,61,23,185,223,195,129,193,1
Blood,Non-Hemolyzed Trace,Trace (Non-Hemolyzed),cells/uL,212,188,56,25,188,212,195,123,194,1
Blood,Non-Hemolyzed Trace,Trace (Non-Hemolyzed),cells/uL,217,179,55,23,190,217,190,129,192,1
Blood,Non-Hemolyzed Trace,Trace (Non-Hemolyzed),cells/uL,212,177,57,23,186,212,187,128,191,1
Blood,Non-Hemolyzed Trace,Trace (Non-Hemolyzed),cells/uL,214,178,61,23,182,214,188,129,190,1
Blood,Non-Hemolyzed Trace,Trace (Non-Hemolyzed),cells/uL,201,180,58,26,181,201,187,122,190,1
Blood,Non-Hemolyzed Trace,Trace (Non-Hemolyzed),cells/uL,218,178,56,23,189,218,189,130,192,1
Blood,Non-Hemolyzed Trace,Trace (Non-Hemolyzed),cells/uL,217,184,54,24,192,217,193,127,194,1
Blood,Non-Hemolyzed Trace,Trace (Non-Hemolyzed),cells/uL,214,185,47,25,199,214,193,125,196,1
Blood,Non-Hemolyzed Trace,Trace (Non-Hemolyzed),cells/uL,210,184,59,25,183,210,191,124,191,1
Blood,Non-Hemolyzed Trace,Trace (Non-Hemolyzed),cells/uL,215,176,51,23,195,215,187,130,193,1
Blood,Non-Hemolyzed Trace,Trace (Non-Hemolyzed),cells/uL,211,184,52,25,192,211,192,124,194,1
Blood,Non-Hemolyzed Trace,Trace (Non-Hemolyzed),cells/uL,213,175,58,23,186,213,186,130,190,1
Blood,Non-Hemolyzed Trace,Trace (Non-Hemolyzed),cells/uL,211,178,48,24,197,211,187,127,194,1
Blood,Non-Hemolyzed Trace,Trace (Non-Hemolyzed),cells/uL,207,178,50,24,193,207,187,125,193,1
Blood,Non-Hemolyzed Trace,Trace (Non-Hemolyzed),cells/uL,221,170,52,21,195,221,185,136,192,1
Blood,Non-Hemolyzed Trace,Trace (Non-Hemolyzed),cells/uL,213,177,51,23,194,213,187,129,193,1
Blood,Non-Hemolyzed Trace,Trace (Non-Hemolyzed),cells/uL,209,174,54,23,189,209,184,129,191,1
Blood,Non-Hemolyzed Trace,Trace (Non-Hemolyzed),cells/uL,221,178,60,22,186,221,190,132,191,1
Blood,Non-Hemolyzed Trace,Trace (Non-Hemolyzed),cells/uL,215,182,44,24,203,215,191,127,197,1
Blood,Non-Hemolyzed Trace,Trace (Non-Hemolyzed),cells/uL,212,183,53,25,191,212,191,125,194,1
Blood,Non-Hemolyzed Trace,Trace (Non-Hemolyzed),cells/uL,220,184,53,24,194,220,194,128,195,1
Blood,Non-Hemolyzed Trace,Trace (Non-Hemolyzed),cells/uL,211,174,52,23,192,211,185,129,192,1
Blood,Non-Hemolyzed Trace,Trace (Non-Hemolyzed),cells/uL,208,180,49,25,195,208,188,125,194,1
Blood,Non-Hemolyzed Trace,Trace (Non-Hemolyzed),cells/uL,215,181,48,24,198,215,190,127,195,1
Blood,Non-Hemolyzed Trace,Trace (Non-Hemolyzed),cells/uL,219,180,58,23,187,219,191,130,192,1
Blood,Non-Hemolyzed Trace,Trace (Non-Hemolyzed),cells/uL,210,180,60,24,182,210,189,126,190,1
Blood,Non-Hemolyzed Trace,Trace (Non-Hemolyzed),cells/uL,213,186,55,25,189,213,193,124,194,1
Blood,Non-Hemolyzed Trace,Trace (Non-Hemolyzed),cells/uL,218,179,57,23,188,218,190,130,192,1
Blood,Non-Hemolyzed Trace,Trace (Non-Hemolyzed),cells/uL,206,179,52,25,191,206,187,125,192,1
Blood,Non-Hemolyzed Trace,Trace (Non-Hemolyzed),cells/uL,210,185,54,25,189,210,192,123,194,1
Blood,Non-Hemolyzed Trace,Trace (Non-Hemolyzed),cells/uL,209,177,50,24,194,209,186,127,193,1
Blood,Non-Hemolyzed Trace,Trace (Non-Hemolyzed),cells/uL,219,175,57,22,189,219,188,132,191,1
Blood,Non-Hemolyzed Trace,Trace (Non-Hemolyzed),cells/uL,218,176,57,22,188,218,188,131,191,1
Blood,Non-Hemolyzed Trace,Trace (Non-Hemolyzed),cells/uL,209,188,59,26,183,209,194,121,192,1
Blood,Non-Hemolyzed Trace,Trace (Non-Hemolyzed),cells/uL,212,175,55,23,189,212,186,129,191,1
Blood,Non-Hemolyzed Trace,Trace (Non-Hemolyzed),cells/uL,212,186,50,25,195,212,193,123,195,1
Blood,Non-Hemolyzed Trace,Trace (Non-Hemolyzed),cells/uL,214,178,55,23,189,214,188,129,192,1
Blood,Non-Hemolyzed Trace,Trace (Non-Hemolyzed),cells/uL,213,178,58,23,186,213,188,128,191,1
Blood,Non-Hemolyzed Trace,Trace (Non-Hemolyzed),cells/uL,215,180,43,24,204,215,190,128,197,1
Blood,Non-Hemolyzed Trace,Trace (Non-Hemolyzed),cells/uL,214,171,58,22,186,214,184,132,189,1
Blood,Non-Hemolyzed Trace,Trace (Non-Hemolyzed),cells/uL,219,174,54,22,192,219,187,133,192,1
Blood,Non-Hemolyzed Trace,Trace (Non-Hemolyzed),cells/uL,211,183,55,25,189,211,191,125,193,1
Blood,Non-Hemolyzed Trace,Trace (Non-Hemolyzed),cells/uL,220,180,56,23,190,220,191,130,193,1
Blood,Non-Hemolyzed Trace,Trace (Non-Hemolyzed),cells/uL,213,181,48,24,198,213,190,126,195,1
Blood,Non-Hemolyzed Trace,Trace (Non-Hemolyzed),cells/uL,213,178,58,23,186,213,188,128,191,1
Blood,Non-Hemolyzed Trace,Trace (Non-Hemolyzed),cells/uL,212,174,55,23,189,212,185,130,191,1
Blood,Non-Hemolyzed Trace,Trace (Non-Hemolyzed),cells/uL,209,170,58,22,184,209,182,131,188,1
Blood,Non-Hemolyzed Trace,Trace (Non-Hemolyzed),cells/uL,215,180,60,23,184,215,190,128,191,1
Blood,Non-Hemolyzed Trace,Trace (Non-Hemolyzed),cells/uL,210,172,55,23,188,210,183,130,190,1
Blood,Non-Hemolyzed Trace,Trace (Non-Hemolyzed),cells/uL,212,175,55,23,189,212,186,129,191,1
Blood,Non-Hemolyzed Trace,Trace (Non-Hemolyzed),cells/uL,211,171,53,22,191,211,183,131,191,1
Blood,Non-Hemolyzed Trace,Trace (Non-Hemolyzed),cells/uL,208,179,52,24,191,208,188,125,192,1
Blood,Non-Hemolyzed Trace,Trace (Non-Hemolyzed),cells/uL,217,184,58,24,187,217,193,127,193,1
Blood,Non-Hemolyzed Trace,Trace (Non-Hemolyzed),cells/uL,207,184,61,25,180,207,191,123,190,1
Blood,Non-Hemolyzed Trace,Trace (Non-Hemolyzed),cells/uL,213,183,53,24,192,213,191,125,194,1
Blood,Non-Hemolyzed Trace,Trace (Non-Hemolyzed),cells/uL,206,175,62,24,178,206,185,127,187,1
Blood,Non-Hemolyzed Trace,Trace (Non-Hemolyzed),cells/uL,207,178,55,24,187,207,187,126,191,1
Blood,Non-Hemolyzed Trace,Trace (Non-Hemolyzed),cells/uL,211,176,55,23,189,211,186,128,191,1
Blood,Non-Hemolyzed Trace,Trace (Non-Hemolyzed),cells/uL,211,172,56,22,187,211,184,131,190,1
Blood,Non-Hemolyzed Trace,Trace (Non-Hemolyzed),cells/uL,217,181,52,23,194,217,191,128,194,1
Blood,Non-Hemolyzed Trace,Trace (Non-Hemolyzed),cells/uL,208,177,61,24,180,208,186,127,189,1
Blood,Non-Hemolyzed Trace,Trace (Non-Hemolyzed),cells/uL,216,181,59,23,185,216,191,128,191,1
Blood,Non-Hemolyzed Trace,Trace (Non-Hemolyzed),cells/uL,215,178,58,23,186,215,189,129,191,1
Blood,Non-Hemolyzed Trace,Trace (Non-Hemolyzed),cells/uL,211,172,58,22,185,211,184,131,189,1
Blood,Non-Hemolyzed Trace,Trace (Non-Hemolyzed),cells/uL,218,174,58,22,187,218,187,133,190,1
Blood,Non-Hemolyzed Trace,Trace (Non-Hemolyzed),cells/uL,220,178,52,22,195,220,190,131,194,1
Blood,Non-Hemolyzed Trace,Trace (Non-Hemolyzed),cells/uL,213,176,53,23,192,213,187,129,192,1
Blood,Non-Hemolyzed Trace,Trace (Non-Hemolyzed),cells/uL,215,172,49,22,197,215,185,132,193,1
Blood,Non-Hemolyzed Trace,Trace (Non-Hemolyzed),cells/uL,213,178,56,23,188,213,188,128,191,1
Blood,Non-Hemolyzed Trace,Trace (Non-Hemolyzed),cells/uL,221,178,57,22,189,221,190,132,192,1
Blood,Non-Hemolyzed Trace,Trace (Non-Hemolyzed),cells/uL,209,181,53,25,190,209,189,125,193,1
Blood,Non-Hemolyzed Trace,Trace (Non-Hemolyzed),cells/uL,213,178,59,23,184,213,188,128,190,1
Blood,Non-Hemolyzed Trace,Trace (Non-Hemolyzed),cells/uL,208,169,54,22,189,208,181,131,189,1
Blood,Non-Hemolyzed Trace,Trace (Non-Hemolyzed),cells/uL,215,179,60,23,184,215,189,129,190,1
Blood,Non-Hemolyzed Trace,Trace (Non-Hemolyzed),cells/uL,215,176,46,23,200,215,187,130,195,1
Blood,Non-Hemolyzed Trace,Trace (Non-Hemolyzed),cells/uL,212,182,53,24,191,212,190,126,193,1
Blood,Non-Hemolyzed Trace,Trace (Non-Hemolyzed),cells/uL,213,180,51,24,194,213,189,127,194,1
Blood,Non-Hemolyzed Trace,Trace (Non-Hemolyzed),cells/uL,215,185,54,24,191,215,193,125,194,1
Blood,Non-Hemolyzed Trace,Trace (Non-Hemolyzed),cells/uL,208,178,46,24,199,208,187,126,194,1
Blood,Non-Hemolyzed Trace,Trace (Non-Hemolyzed),cells/uL,214,180,62,23,181,214,190,128,190,1
Blood,Non-Hemolyzed Trace,Trace (Non-Hemolyzed),cells/uL,212,180,52,24,192,212,189,127,193,1
Blood,Non-Hemolyzed Trace,Trace (Non-Hemolyzed),cells/uL,212,172,54,22,190,212,184,131,191,1
Blood,Non-Hemolyzed Trace,Trace (Non-Hemolyzed),cells/uL,212,179,53,24,191,212,189,127,193,1
Blood,Non-Hemolyzed Trace,Trace (Non-Hemolyzed),cells/uL,213,177,54,23,190,213,187,129,192,1
Blood,Non-Hemolyzed Trace,Trace (Non-Hemolyzed),cells/uL,213,178,58,23,186,213,188,128,191,1
Blood,Non-Hemolyzed Trace,Trace (Non-Hemolyzed),cells/uL,213,177,54,23,190,213,187,129,192,1
Blood,Non-Hemolyzed Trace,Trace (Non-Hemolyzed),cells/uL,210,177,63,23,179,210,187,128,188,1
Blood,Non-Hemolyzed Trace,Trace (Non-Hemolyzed),cells/uL,209,177,53,24,190,209,186,127,192,1
Blood,Non-Hemolyzed Trace,Trace (Non-Hemolyzed),cells/uL,212,177,56,23,188,212,187,128,191,1
Blood,Non-Hemolyzed Trace,Trace (Non-Hemolyzed),cells/uL,206,182,58,25,183,206,189,123,191,1
Blood,Non-Hemolyzed Trace,Trace (Non-Hemolyzed),cells/uL,208,169,51,23,192,208,181,131,190,1
Blood,Non-Hemolyzed Trace,Trace (Non-Hemolyzed),cells/uL,212,188,57,25,186,212,195,123,193,1
Blood,Non-Hemolyzed Trace,Trace (Non-Hemolyzed),cells/uL,206,175,55,24,187,206,184,127,190,1
Blood,Non-Hemolyzed Trace,Trace (Non-Hemolyzed),cells/uL,214,173,54,22,191,214,185,131,191,1
Blood,Non-Hemolyzed Trace,Trace (Non-Hemolyzed),cells/uL,210,174,56,23,187,210,185,129,190,1
Blood,Non-Hemolyzed Trace,Trace (Non-Hemolyzed),cells/uL,216,181,57,23,188,216,191,128,192,1
Blood,Non-Hemolyzed Trace,Trace (Non-Hemolyzed),cells/uL,211,181,56,24,187,211,190,126,192,1
Blood,Non-Hemolyzed Trace,Trace (Non-Hemolyzed),cells/uL,214,176,53,23,192,214,187,130,192,1
Blood,Non-Hemolyzed Trace,Trace (Non-Hemolyzed),cells/uL,213,188,56,25,188,213,195,123,194,1
Blood,Non-Hemolyzed Trace,Trace (Non-Hemolyzed),cells/uL,211,175,53,23,191,211,186,129,192,1
Blood,Non-Hemolyzed Trace,Trace (Non-Hemolyzed),cells/uL,222,176,59,22,187,222,189,133,191,1
Blood,Non-Hemolyzed Trace,Trace (Non-Hemolyzed),cells/uL,211,179,58,24,185,211,188,127,191,1
Blood,Non-Hemolyzed Trace,Trace (Non-Hemolyzed),cells/uL,211,175,62,23,180,211,186,129,188,1
Blood,Non-Hemolyzed Trace,Trace (Non-Hemolyzed),cells/uL,217,181,58,23,187,217,191,129,192,1
Blood,Non-Hemolyzed Trace,Trace (Non-Hemolyzed),cells/uL,215,186,55,25,190,215,194,125,194,1
Blood,Non-Hemolyzed Trace,Trace (Non-Hemolyzed),cells/uL,215,172,52,22,193,215,185,132,192,1
Blood,Non-Hemolyzed Trace,Trace (Non-Hemolyzed),cells/uL,208,183,45,25,200,208,190,123,196,1
Blood,Non-Hemolyzed Trace,Trace (Non-Hemolyzed),cells/uL,211,166,52,22,192,211,180,134,190,1
Blood,Non-Hemolyzed Trace,Trace (Non-Hemolyzed),cells/uL,211,184,57,25,186,211,192,124,192,1
Blood,Non-Hemolyzed Trace,Trace (Non-Hemolyzed),cells/uL,210,182,55,25,188,210,190,125,192,1
Blood,Non-Hemolyzed Trace,Trace (Non-Hemolyzed),cells/uL,213,173,51,23,194,213,185,131,192,1
Blood,Non-Hemolyzed Trace,Trace (Non-Hemolyzed),cells/uL,210,178,55,24,188,210,187,127,191,1
Blood,Non-Hemolyzed Trace,Trace (Non-Hemolyzed),cells/uL,219,180,44,23,204,219,191,129,197,1
Blood,Non-Hemolyzed Trace,Trace (Non-Hemolyzed),cells/uL,214,172,51,22,194,214,184,132,192,1
Blood,Non-Hemolyzed Trace,Trace (Non-Hemolyzed),cells/uL,210,175,49,23,196,210,185,128,193,1
Blood,Non-Hemolyzed Trace,Trace (Non-Hemolyzed),cells/uL,214,172,56,22,188,214,185,132,190,1
Blood,Non-Hemolyzed Trace,Trace (Non-Hemolyzed),cells/uL,222,173,54,21,193,222,187,135,192,1
Blood,Non-Hemolyzed Trace,Trace (Non-Hemolyzed),cells/uL,203,177,58,25,182,203,185,124,189,1
Blood,Non-Hemolyzed Trace,Trace (Non-Hemolyzed),cells/uL,216,178,59,23,185,216,189,130,191,1
Blood,Non-Hemolyzed Trace,Trace (Non-Hemolyzed),cells/uL,223,185,53,23,194,223,195,129,195,1
Blood,Non-Hemolyzed Trace,Trace (Non-Hemolyzed),cells/uL,207,176,51,24,192,207,185,127,192,1
Blood,Non-Hemolyzed Trace,Trace (Non-Hemolyzed),cells/uL,215,173,55,22,190,215,185,132,191,1
Blood,Non-Hemolyzed Trace,Trace (Non-Hemolyzed),cells/uL,216,178,51,23,195,216,189,129,193,1
Blood,Non-Hemolyzed Trace,Trace (Non-Hemolyzed),cells/uL,218,170,54,21,192,218,184,135,191,1
Blood,Non-Hemolyzed Trace,Trace (Non-Hemolyzed),cells/uL,213,178,56,23,188,213,188,128,191,1
Blood,Non-Hemolyzed Trace,Trace (Non-Hemolyzed),cells/uL,215,178,54,23,191,215,189,129,192,1
Blood,Non-Hemolyzed Trace,Trace (Non-Hemolyzed),cells/uL,211,176,58,23,185,211,186,129,190,1
Blood,Non-Hemolyzed Trace,Trace (Non-Hemolyzed),cells/uL,210,181,55,24,188,210,189,125,192,1
Blood,Non-Hemolyzed Trace,Trace (Non-Hemolyzed),cells/uL,211,180,52,24,192,211,189,126,193,1
Blood,Non-Hemolyzed Trace,Trace (Non-Hemolyzed),cells/uL,216,179,53,23,192,216,190,129,193,1
Blood,Non-Hemolyzed Trace,Trace (Non-Hemolyzed),cells/uL,215,180,60,23,184,215,190,128,191,1
Blood,Non-Hemolyzed Trace,Trace (Non-Hemolyzed),cells/uL,217,180,50,23,196,217,190,129,194,1
Blood,Non-Hemolyzed Trace,Trace (Non-Hemolyzed),cells/uL,223,172,59,21,188,223,187,136,190,1
Blood,Non-Hemolyzed Trace,Trace (Non-Hemolyzed),cells/uL,215,173,55,22,190,215,185,132,191,1
Blood,Non-Hemolyzed Trace,Trace (Non-Hemolyzed),cells/uL,213,183,52,24,193,213,191,125,194,1
Blood,Non-Hemolyzed Trace,Trace (Non-Hemolyzed),cells/uL,212,169,62,21,180,212,182,133,187,1
Blood,Non-Hemolyzed Trace,Trace (Non-Hemolyzed),cells/uL,209,179,55,24,188,209,188,126,192,1
Blood,Non-Hemolyzed Trace,Trace (Non-Hemolyzed),cells/uL,213,181,62,24,181,213,190,127,190,1
Blood,Non-Hemolyzed Trace,Trace (Non-Hemolyzed),cells/uL,214,181,56,24,188,214,190,127,192,1
Blood,Non-Hemolyzed Trace,Trace (Non-Hemolyzed),cells/uL,217,176,59,22,186,217,188,131,190,1
Blood,Non-Hemolyzed Trace,Trace (Non-Hemolyzed),cells/uL,217,182,52,24,194,217,192,128,194,1
Blood,Non-Hemolyzed Trace,Trace (Non-Hemolyzed),cells/uL,212,179,50,24,195,212,188,127,194,1
Blood,Non-Hemolyzed Trace,Trace (Non-Hemolyzed),cells/uL,219,178,56,22,190,219,190,131,192,1
Blood,Non-Hemolyzed Trace,Trace (Non-Hemolyzed),cells/uL,211,173,53,23,191,211,184,130,191,1
Blood,Non-Hemolyzed Trace,Trace (Non-Hemolyzed),cells/uL,214,181,56,24,188,214,190,127,192,1
Blood,Non-Hemolyzed Trace,Trace (Non-Hemolyzed),cells/uL,214,177,57,23,187,214,188,129,191,1
Blood,Non-Hemolyzed Moderate,Moderate (Non-Hemolyzed),cells/uL,177,166,63,27,164,177,172,119,181,0
Blood,Non-Hemolyzed Moderate,Moderate (Non-Hemolyzed),cells/uL,183,169,66,26,163,183,175,121,181,1
Blood,Non-Hemolyzed Moderate,Moderate (Non-Hemolyzed),cells/uL,178,160,59,25,170,178,168,123,181,1
Blood,Non-Hemolyzed Moderate,Moderate (Non-Hemolyzed),cells/uL,179,166,65,27,162,179,172,120,180,1
Blood,Non-Hemolyzed Moderate,Moderate (Non-Hemolyzed),cells/uL,184,169,68,26,161,184,175,121,181,1
Blood,Non-Hemolyzed Moderate,Moderate (Non-Hemolyzed),cells/uL,177,163,63,26,164,177,170,121,180,1
Blood,Non-Hemolyzed Moderate,Moderate (Non-Hemolyzed),cells/uL,174,172,66,29,158,174,175,115,181,1
Blood,Non-Hemolyzed Moderate,Moderate (Non-Hemolyzed),cells/uL,179,171,55,28,177,179,176,117,186,1
Blood,Non-Hemolyzed Moderate,Moderate (Non-Hemolyzed),cells/uL,179,161,63,25,165,179,169,123,180,1
Blood,Non-Hemolyzed Moderate,Moderate (Non-Hemolyzed),cells/uL,176,169,64,28,162,176,173,118,181,1
Blood,Non-Hemolyzed Moderate,Moderate (Non-Hemolyzed),cells/uL,182,164,66,25,163,182,171,123,180,1
Blood,Non-Hemolyzed Moderate,Moderate (Non-Hemolyzed),cells/uL,178,159,59,25,170,178,167,123,181,1
Blood,Non-Hemolyzed Moderate,Moderate (Non-Hemolyzed),cells/uL,176,170,65,28,161,176,174,117,181,1
Blood,Non-Hemolyzed Moderate,Moderate (Non-Hemolyzed),cells/uL,172,165,71,28,150,172,170,118,176,1
Blood,Non-Hemolyzed Moderate,Moderate (Non-Hemolyzed),cells/uL,177,165,65,27,161,177,171,120,180,1
Blood,Non-Hemolyzed Moderate,Moderate (Non-Hemolyzed),cells/uL,180,164,65,26,163,180,171,122,180,1
Blood,Non-Hemolyzed Moderate,Moderate (Non-Hemolyzed),cells/uL,176,169,64,28,162,176,173,118,181,1
Blood,Non-Hemolyzed Moderate,Moderate (Non-Hemolyzed),cells/uL,179,163,60,26,170,179,170,122,182,1
Blood,Non-Hemolyzed Moderate,Moderate (Non-Hemolyzed),cells/uL,181,166,64,26,165,181,173,121,181,1
Blood,Non-Hemolyzed Moderate,Moderate (Non-Hemolyzed),cells/uL,176,170,61,28,167,176,174,117,183,1
Blood,Non-Hemolyzed Moderate,Moderate (Non-Hemolyzed),cells/uL,176,169,68,28,156,176,174,118,180,1
Blood,Non-Hemolyzed Moderate,Moderate (Non-Hemolyzed),cells/uL,175,174,64,30,162,175,177,114,183,1
Blood,Non-Hemolyzed Moderate,Moderate (Non-Hemolyzed),cells/uL,173,167,61,28,165,173,171,117,182,1
Blood,Non-Hemolyzed Moderate,Moderate (Non-Hemolyzed),cells/uL,179,166,63,27,165,179,172,120,181,1
Blood,Non-Hemolyzed Moderate,Moderate (Non-Hemolyzed),cells/uL,173,170,58,29,170,173,173,115,184,1
Blood,Non-Hemolyzed Moderate,Moderate (Non-Hemolyzed),cells/uL,173,167,69,28,153,173,172,118,178,1
Blood,Non-Hemolyzed Moderate,Moderate (Non-Hemolyzed),cells/uL,176,169,67,28,158,176,174,118,180,1
Blood,Non-Hemolyzed Moderate,Moderate (Non-Hemolyzed),cells/uL,180,165,59,26,171,180,172,121,183,1
Blood,Non-Hemolyzed Moderate,Moderate (Non-Hemolyzed),cells/uL,168,165,68,29,152,168,169,116,177,1
Blood,Non-Hemolyzed Moderate,Moderate (Non-Hemolyzed),cells/uL,173,169,59,29,168,173,173,116,183,1
Blood,Non-Hemolyzed Moderate,Moderate (Non-Hemolyzed),cells/uL,177,169,60,28,169,177,174,118,183,1
Blood,Non-Hemolyzed Moderate,Moderate (Non-Hemolyzed),cells/uL,178,164,66,26,160,178,170,121,179,1
Blood,Non-Hemolyzed Moderate,Moderate (Non-Hemolyzed),cells/uL,178,166,69,27,156,178,172,120,179,1
Blood,Non-Hemolyzed Moderate,Moderate (Non-Hemolyzed),cells/uL,180,163,63,26,166,180,170,122,181,1
Blood,Non-Hemolyzed Moderate,Moderate (Non-Hemolyzed),cells/uL,177,166,73,27,150,177,172,120,177,1
Blood,Non-Hemolyzed Moderate,Moderate (Non-Hemolyzed),cells/uL,178,158,61,25,168,178,166,124,180,1
Blood,Non-Hemolyzed Moderate,Moderate (Non-Hemolyzed),cells/uL,169,165,55,29,172,169,169,116,183,1
Blood,Non-Hemolyzed Moderate,Moderate (Non-Hemolyzed),cells/uL,174,160,65,26,160,174,167,121,178,1
Blood,Non-Hemolyzed Moderate,Moderate (Non-Hemolyzed),cells/uL,177,167,63,27,164,177,172,119,181,1
Blood,Non-Hemolyzed Moderate,Moderate (Non-Hemolyzed),cells/uL,171,168,71,29,149,171,172,116,177,1
Blood,Non-Hemolyzed Moderate,Moderate (Non-Hemolyzed),cells/uL,179,164,57,26,174,179,171,121,183,1
Blood,Non-Hemolyzed Moderate,Moderate (Non-Hemolyzed),cells/uL,173,168,67,29,156,173,172,117,179,1
Blood,Non-Hemolyzed Moderate,Moderate (Non-Hemolyzed),cells/uL,178,169,66,28,160,178,174,118,181,1
Blood,Non-Hemolyzed Moderate,Moderate (Non-Hemolyzed),cells/uL,179,163,64,26,164,179,170,122,180,1
Blood,Non-Hemolyzed Moderate,Moderate (Non-Hemolyzed),cells/uL,174,166,64,28,161,174,171,118,180,1
Blood,Non-Hemolyzed Moderate,Moderate (Non-Hemolyzed),cells/uL,184,161,65,24,165,184,170,125,180,1
Blood,Non-Hemolyzed Moderate,Moderate (Non-Hemolyzed),cells/uL,183,169,66,26,163,183,175,121,181,1
Blood,Non-Hemolyzed Moderate,Moderate (Non-Hemolyzed),cells/uL,179,171,59,28,171,179,176,117,184,1
Blood,Non-Hemolyzed Moderate,Moderate (Non-Hemolyzed),cells/uL,171,166,54,29,174,171,170,116,184,1
Blood,Non-Hemolyzed Moderate,Moderate (Non-Hemolyzed),cells/uL,182,171,61,27,170,182,176,119,184,1
Blood,Non-Hemolyzed Moderate,Moderate (Non-Hemolyzed),cells/uL,176,166,63,27,164,176,171,119,181,1
Blood,Non-Hemolyzed Moderate,Moderate (Non-Hemolyzed),cells/uL,178,168,62,27,166,178,173,119,182,1
Blood,Non-Hemolyzed Moderate,Moderate (Non-Hemolyzed),cells/uL,181,168,61,27,169,181,174,120,183,1
Blood,Non-Hemolyzed Moderate,Moderate (Non-Hemolyzed),cells/uL,182,161,63,25,167,182,169,124,180,1
Blood,Non-Hemolyzed Moderate,Moderate (Non-Hemolyzed),cells/uL,181,163,64,25,165,181,170,123,180,1
Blood,Non-Hemolyzed Moderate,Moderate (Non-Hemolyzed),cells/uL,179,163,63,26,165,179,170,122,180,1
Blood,Non-Hemolyzed Moderate,Moderate (Non-Hemolyzed),cells/uL,176,164,72,27,151,176,170,121,176,1
Blood,Non-Hemolyzed Moderate,Moderate (Non-Hemolyzed),cells/uL,174,170,61,29,166,174,174,116,183,1
Blood,Non-Hemolyzed Moderate,Moderate (Non-Hemolyzed),cells/uL,173,166,66,28,158,173,171,118,179,1
Blood,Non-Hemolyzed Moderate,Moderate (Non-Hemolyzed),cells/uL,181,172,75,27,149,181,177,119,178,1
Blood,Non-Hemolyzed Moderate,Moderate (Non-Hemolyzed),cells/uL,178,163,65,26,162,178,170,121,179,1
Blood,Non-Hemolyzed Moderate,Moderate (Non-Hemolyzed),cells/uL,176,170,58,28,171,176,174,116,184,1
Blood,Non-Hemolyzed Moderate,Moderate (Non-Hemolyzed),cells/uL,186,169,56,26,178,186,176,121,186,1
Blood,Non-Hemolyzed Moderate,Moderate (Non-Hemolyzed),cells/uL,174,169,68,29,155,174,173,117,179,1
Blood,Non-Hemolyzed Moderate,Moderate (Non-Hemolyzed),cells/uL,172,169,55,29,173,172,172,115,184,1
Blood,Non-Hemolyzed Moderate,Moderate (Non-Hemolyzed),cells/uL,177,170,61,28,167,177,174,117,183,1
Blood,Non-Hemolyzed Moderate,Moderate (Non-Hemolyzed),cells/uL,171,167,61,29,164,171,171,116,181,1
Blood,Non-Hemolyzed Moderate,Moderate (Non-Hemolyzed),cells/uL,180,162,60,26,170,180,170,123,182,1
Blood,Non-Hemolyzed Moderate,Moderate (Non-Hemolyzed),cells/uL,169,167,62,29,161,169,171,115,181,1
Blood,Non-Hemolyzed Moderate,Moderate (Non-Hemolyzed),cells/uL,172,167,67,29,156,172,171,117,179,1
Blood,Non-Hemolyzed Moderate,Moderate (Non-Hemolyzed),cells/uL,176,167,64,28,162,176,172,119,181,1
Blood,Non-Hemolyzed Moderate,Moderate (Non-Hemolyzed),cells/uL,172,174,61,31,166,174,176,113,184,1
Blood,Non-Hemolyzed Moderate,Moderate (Non-Hemolyzed),cells/uL,180,169,62,27,167,180,174,119,183,1
Blood,Non-Hemolyzed Moderate,Moderate (Non-Hemolyzed),cells/uL,179,167,57,27,174,179,173,119,184,1
Blood,Non-Hemolyzed Moderate,Moderate (Non-Hemolyzed),cells/uL,176,164,61,27,167,176,170,120,181,1
Blood,Non-Hemolyzed Moderate,Moderate (Non-Hemolyzed),cells/uL,172,171,69,30,153,172,174,115,179,1
Blood,Non-Hemolyzed Moderate,Moderate (Non-Hemolyzed),cells/uL,181,171,62,27,168,181,176,118,183,1
Blood,Non-Hemolyzed Moderate,Moderate (Non-Hemolyzed),cells/uL,174,163,66,27,158,174,169,120,178,1
Blood,Non-Hemolyzed Moderate,Moderate (Non-Hemolyzed),cells/uL,178,166,68,27,158,178,172,120,179,1
Blood,Non-Hemolyzed Moderate,Moderate (Non-Hemolyzed),cells/uL,179,163,60,26,170,179,170,122,182,1
Blood,Non-Hemolyzed Moderate,Moderate (Non-Hemolyzed),cells/uL,180,170,65,27,163,180,175,119,182,1
Blood,Non-Hemolyzed Moderate,Moderate (Non-Hemolyzed),cells/uL,185,173,65,27,165,185,178,119,183,1
Blood,Non-Hemolyzed Moderate,Moderate (Non-Hemolyzed),cells/uL,174,161,61,27,166,174,167,121,180,1
Blood,Non-Hemolyzed Moderate,Moderate (Non-Hemolyzed),cells/uL,180,173,65,28,163,180,177,117,182,1
Blood,Non-Hemolyzed Moderate,Moderate (Non-Hemolyzed),cells/uL,182,165,65,26,164,182,172,122,180,1
Blood,Non-Hemolyzed Moderate,Moderate (Non-Hemolyzed),cells/uL,180,158,61,24,169,180,167,125,180,1
Blood,Non-Hemolyzed Moderate,Moderate (Non-Hemolyzed),cells/uL,181,167,58,27,173,181,173,120,184,1
Blood,Non-Hemolyzed Moderate,Moderate (Non-Hemolyzed),cells/uL,167,165,63,29,159,167,169,116,180,1
Blood,Non-Hemolyzed Moderate,Moderate (Non-Hemolyzed),cells/uL,173,167,65,28,159,173,171,117,180,1
Blood,Non-Hemolyzed Moderate,Moderate (Non-Hemolyzed),cells/uL,180,157,58,24,173,180,166,125,181,1
Blood,Non-Hemolyzed Moderate,Moderate (Non-Hemolyzed),cells/uL,176,168,65,28,161,176,173,118,181,1
Blood,Non-Hemolyzed Moderate,Moderate (Non-Hemolyzed),cells/uL,179,164,62,26,167,179,171,121,181,1
Blood,Non-Hemolyzed Moderate,Moderate (Non-Hemolyzed),cells/uL,174,169,59,29,169,174,173,116,183,1
Blood,Non-Hemolyzed Moderate,Moderate (Non-Hemolyzed),cells/uL,180,167,63,27,166,180,173,120,182,1
Blood,Non-Hemolyzed Moderate,Moderate (Non-Hemolyzed),cells/uL,174,161,60,27,167,174,167,120,180,1
Blood,Non-Hemolyzed Moderate,Moderate (Non-Hemolyzed),cells/uL,176,157,62,25,165,176,165,124,179,1
Blood,Non-Hemolyzed Moderate,Moderate (Non-Hemolyzed),cells/uL,181,168,61,27,169,181,174,120,183,1
Blood,Non-Hemolyzed Moderate,Moderate (Non-Hemolyzed),cells/uL,177,164,64,27,163,177,170,120,180,1
Blood,Non-Hemolyzed Moderate,Moderate (Non-Hemolyzed),cells/uL,183,170,65,27,164,183,176,120,182,1
Blood,Non-Hemolyzed Moderate,Moderate (Non-Hemolyzed),cells/uL,175,169,56,28,173,175,173,117,184,1
Blood,Non-Hemolyzed Moderate,Moderate (Non-Hemolyzed),cells/uL,176,168,66,28,159,176,173,118,180,1
Blood,Non-Hemolyzed Moderate,Moderate (Non-Hemolyzed),cells/uL,180,167,62,27,167,180,173,120,182,1
Blood,Non-Hemolyzed Moderate,Moderate (Non-Hemolyzed),cells/uL,179,162,60,26,170,179,169,122,181,1
Blood,Non-Hemolyzed Moderate,Moderate (Non-Hemolyzed),cells/uL,177,167,56,28,174,177,172,118,184,1
Blood,Non-Hemolyzed Moderate,Moderate (Non-Hemolyzed),cells/uL,179,169,63,27,165,179,174,119,182,1
Blood,Non-Hemolyzed Moderate,Moderate (Non-Hemolyzed),cells/uL,186,163,62,24,170,186,172,125,182,1
Blood,Non-Hemolyzed Moderate,Moderate (Non-Hemolyzed),cells/uL,175,166,62,28,165,175,171,119,181,1
Blood,Non-Hemolyzed Moderate,Moderate (Non-Hemolyzed),cells/uL,171,164,63,28,161,171,169,118,180,1
Blood,Non-Hemolyzed Moderate,Moderate (Non-Hemolyzed),cells/uL,182,175,68,28,160,182,179,117,182,1
Blood,Non-Hemolyzed Moderate,Moderate (Non-Hemolyzed),cells/uL,174,163,62,27,164,174,169,119,180,1
Blood,Non-Hemolyzed Moderate,Moderate (Non-Hemolyzed),cells/uL,184,165,58,25,175,184,172,123,184,1
Blood,Non-Hemolyzed Moderate,Moderate (Non-Hemolyzed),cells/uL,175,169,66,28,159,175,173,117,180,1
Blood,Non-Hemolyzed Moderate,Moderate (Non-Hemolyzed),cells/uL,176,169,54,28,177,176,173,117,185,1
Blood,Non-Hemolyzed Moderate,Moderate (Non-Hemolyzed),cells/uL,177,169,60,28,169,177,174,118,183,1
Blood,Non-Hemolyzed Moderate,Moderate (Non-Hemolyzed),cells/uL,174,159,69,26,154,174,166,122,176,1
Blood,Non-Hemolyzed Moderate,Moderate (Non-Hemolyzed),cells/uL,174,167,65,28,160,174,172,118,180,1
Blood,Non-Hemolyzed Moderate,Moderate (Non-Hemolyzed),cells/uL,183,165,61,26,170,183,172,122,182,1
Blood,Non-Hemolyzed Moderate,Moderate (Non-Hemolyzed),cells/uL,178,171,62,28,166,178,175,117,183,1
Blood,Non-Hemolyzed Moderate,Moderate (Non-Hemolyzed),cells/uL,173,160,58,27,170,173,166,121,181,1
Blood,Non-Hemolyzed Moderate,Moderate (Non-Hemolyzed),cells/uL,180,165,61,26,169,180,172,121,182,1
Blood,Non-Hemolyzed Moderate,Moderate (Non-Hemolyzed),cells/uL,174,166,62,28,164,174,171,118,181,1
Blood,Non-Hemolyzed Moderate,Moderate (Non-Hemolyzed),cells/uL,176,171,69,29,155,176,175,117,180,1
Blood,Non-Hemolyzed Moderate,Moderate (Non-Hemolyzed),cells/uL,171,167,60,29,166,171,171,116,182,1
Blood,Non-Hemolyzed Moderate,Moderate (Non-Hemolyzed),cells/uL,176,167,62,28,165,176,172,118,182,1
Blood,Non-Hemolyzed Moderate,Moderate (Non-Hemolyzed),cells/uL,178,169,64,28,163,178,174,118,181,1
Blood,Non-Hemolyzed Moderate,Moderate (Non-Hemolyzed),cells/uL,174,163,57,27,171,174,169,119,182,1
Blood,Non-Hemolyzed Moderate,Moderate (Non-Hemolyzed),cells/uL,174,174,60,30,167,174,176,114,184,1
Blood,Non-Hemolyzed Moderate,Moderate (Non-Hemolyzed),cells/uL,172,167,63,29,162,172,171,117,181,1
Blood,Non-Hemolyzed Moderate,Moderate (Non-Hemolyzed),cells/uL,176,172,65,29,161,176,176,116,182,1
Blood,Non-Hemolyzed Moderate,Moderate (Non-Hemolyzed),cells/uL,175,164,61,27,166,175,170,119,181,1
Blood,Non-Hemolyzed Moderate,Moderate (Non-Hemolyzed),cells/uL,180,165,56,26,176,180,172,121,184,1
Blood,Non-Hemolyzed Moderate,Moderate (Non-Hemolyzed),cells/uL,177,160,72,25,151,177,168,123,175,1
Blood,Non-Hemolyzed Moderate,Moderate (Non-Hemolyzed),cells/uL,173,165,64,28,161,173,170,118,180,1
Blood,Non-Hemolyzed Moderate,Moderate (Non-Hemolyzed),cells/uL,176,165,65,27,161,176,171,120,180,1
Blood,Non-Hemolyzed Moderate,Moderate (Non-Hemolyzed),cells/uL,183,169,69,26,159,183,175,121,180,1
Blood,Non-Hemolyzed Moderate,Moderate (Non-Hemolyzed),cells/uL,173,167,64,28,161,173,171,117,180,1
Blood,Non-Hemolyzed Moderate,Moderate (Non-Hemolyzed),cells/uL,178,172,62,28,166,178,176,117,183,1
Blood,Non-Hemolyzed Moderate,Moderate (Non-Hemolyzed),cells/uL,175,168,56,28,173,175,172,117,184,1
Blood,Non-Hemolyzed Moderate,Moderate (Non-Hemolyzed),cells/uL,176,165,59,27,170,176,171,119,182,1
Blood,Non-Hemolyzed Moderate,Moderate (Non-Hemolyzed),cells/uL,181,162,62,25,168,181,170,123,181,1
Blood,Non-Hemolyzed Moderate,Moderate (Non-Hemolyzed),cells/uL,178,171,63,28,165,178,175,117,183,1
Blood,Non-Hemolyzed Moderate,Moderate (Non-Hemolyzed),cells/uL,181,169,63,27,166,181,175,120,182,1
Blood,Non-Hemolyzed Moderate,Moderate (Non-Hemolyzed),cells/uL,173,160,63,26,162,173,167,121,179,1
Blood,Non-Hemolyzed Moderate,Moderate (Non-Hemolyzed),cells/uL,175,170,66,29,159,175,174,117,181,1
Blood,Non-Hemolyzed Moderate,Moderate (Non-Hemolyzed),cells/uL,176,161,65,26,161,176,168,122,178,1
Blood,Non-Hemolyzed Moderate,Moderate (Non-Hemolyzed),cells/uL,173,163,59,27,168,173,169,119,181,1
Blood,Non-Hemolyzed Moderate,Moderate (Non-Hemolyzed),cells/uL,176,171,63,29,164,176,175,116,182,1
Blood,Non-Hemolyzed Moderate,Moderate (Non-Hemolyzed),cells/uL,175,160,65,26,160,175,167,122,178,1
Blood,Non-Hemolyzed Moderate,Moderate (Non-Hemolyzed),cells/uL,174,166,62,28,164,174,171,118,181,1
Blood,Non-Hemolyzed Moderate,Moderate (Non-Hemolyzed),cells/uL,180,165,63,26,166,180,172,121,181,1
Blood,Hemolyzed Trace,Trace (Hemolyzed),cells/uL,193,191,68,30,165,193,193,114,188,0
Blood,Hemolyzed Trace,Trace (Hemolyzed),cells/uL,195,199,72,31,163,199,199,111,189,1
Blood,Hemolyzed Trace,Trace (Hemolyzed),cells/uL,193,191,66,30,168,193,193,113,189,1
Blood,Hemolyzed Trace,Trace (Hemolyzed),cells/uL,189,189,65,30,167,189,190,113,188,1
Blood,Hemolyzed Trace,Trace (Hemolyzed),cells/uL,196,187,73,28,160,196,191,117,185,1
Blood,Hemolyzed Trace,Trace (Hemolyzed),cells/uL,196,191,68,29,167,196,193,115,188,1
Blood,Hemolyzed Trace,Trace (Hemolyzed),cells/uL,191,192,72,30,159,192,193,113,186,1
Blood,Hemolyzed Trace,Trace (Hemolyzed),cells/uL,190,185,71,29,160,190,188,115,185,1
Blood,Hemolyzed Trace,Trace (Hemolyzed),cells/uL,194,187,65,28,170,194,190,116,188,1
Blood,Hemolyzed Trace,Trace (Hemolyzed),cells/uL,190,188,67,30,165,190,190,114,187,1
Blood,Hemolyzed Trace,Trace (Hemolyzed),cells/uL,192,188,65,29,169,192,190,115,188,1
Blood,Hemolyzed Trace,Trace (Hemolyzed),cells/uL,192,192,67,30,166,192,193,113,188,1
Blood,Hemolyzed Trace,Trace (Hemolyzed),cells/uL,198,193,62,29,175,198,195,114,191,1
Blood,Hemolyzed Trace,Trace (Hemolyzed),cells/uL,195,193,66,30,169,195,194,113,189,1
Blood,Hemolyzed Trace,Trace (Hemolyzed),cells/uL,187,191,68,31,164,191,191,111,187,1
Blood,Hemolyzed Trace,Trace (Hemolyzed),cells/uL,189,185,68,29,163,189,188,115,186,1
Blood,Hemolyzed Trace,Trace (Hemolyzed),cells/uL,192,189,68,29,165,192,191,114,187,1
Blood,Hemolyzed Trace,Trace (Hemolyzed),cells/uL,189,189,70,30,161,189,190,113,186,1
Blood,Hemolyzed Trace,Trace (Hemolyzed),cells/uL,192,184,66,28,167,192,187,117,187,1
Blood,Hemolyzed Trace,Trace (Hemolyzed),cells/uL,189,192,69,31,163,192,192,112,187,1
Blood,Hemolyzed Trace,Trace (Hemolyzed),cells/uL,186,194,64,32,171,194,193,109,189,1
Blood,Hemolyzed Trace,Trace (Hemolyzed),cells/uL,199,191,63,28,174,199,194,116,191,1
Blood,Hemolyzed Trace,Trace (Hemolyzed),cells/uL,188,192,66,31,167,192,192,111,188,1
Blood,Hemolyzed Trace,Trace (Hemolyzed),cells/uL,193,197,65,31,171,197,197,110,191,1
Blood,Hemolyzed Trace,Trace (Hemolyzed),cells/uL,193,197,69,31,166,197,197,111,189,1
Blood,Hemolyzed Trace,Trace (Hemolyzed),cells/uL,187,193,63,31,172,193,193,110,190,1
Blood,Hemolyzed Trace,Trace (Hemolyzed),cells/uL,199,188,80,27,152,199,192,119,183,1
Blood,Hemolyzed Trace,Trace (Hemolyzed),cells/uL,199,188,68,27,168,199,192,118,188,1
Blood,Hemolyzed Trace,Trace (Hemolyzed),cells/uL,196,194,70,30,164,196,195,113,188,1
Blood,Hemolyzed Trace,Trace (Hemolyzed),cells/uL,198,191,67,28,169,198,194,116,189,1
Blood,Hemolyzed Trace,Trace (Hemolyzed),cells/uL,192,194,69,30,164,194,195,112,188,1
Blood,Hemolyzed Trace,Trace (Hemolyzed),cells/uL,194,194,60,30,176,194,195,112,192,1
Blood,Hemolyzed Trace,Trace (Hemolyzed),cells/uL,194,192,75,30,156,194,194,114,185,1
Blood,Hemolyzed Trace,Trace (Hemolyzed),cells/uL,187,197,68,32,167,197,196,108,189,1
Blood,Hemolyzed Trace,Trace (Hemolyzed),cells/uL,195,198,70,31,165,198,198,111,189,1
Blood,Hemolyzed Trace,Trace (Hemolyzed),cells/uL,195,192,66,29,169,195,194,114,189,1
Blood,Hemolyzed Trace,Trace (Hemolyzed),cells/uL,193,188,68,29,165,193,191,115,187,1
Blood,Hemolyzed Trace,Trace (Hemolyzed),cells/uL,184,193,68,32,165,193,192,109,188,1
Blood,Hemolyzed Trace,Trace (Hemolyzed),cells/uL,192,192,62,30,173,192,193,112,190,1
Blood,Hemolyzed Trace,Trace (Hemolyzed),cells/uL,201,191,67,28,170,201,194,117,189,1
Blood,Hemolyzed Trace,Trace (Hemolyzed),cells/uL,189,191,74,31,156,191,192,112,185,1
Blood,Hemolyzed Trace,Trace (Hemolyzed),cells/uL,197,194,70,29,164,197,196,114,188,1
Blood,Hemolyzed Trace,Trace (Hemolyzed),cells/uL,192,185,67,28,166,192,188,116,186,1
Blood,Hemolyzed Trace,Trace (Hemolyzed),cells/uL,192,195,69,31,165,195,195,111,188,1
Blood,Hemolyzed Trace,Trace (Hemolyzed),cells/uL,199,196,66,29,170,199,197,113,191,1
Blood,Hemolyzed Trace,Trace (Hemolyzed),cells/uL,186,197,73,33,161,197,195,108,187,1
Blood,Hemolyzed Trace,Trace (Hemolyzed),cells/uL,188,197,70,32,164,197,196,109,188,1
Blood,Hemolyzed Trace,Trace (Hemolyzed),cells/uL,194,197,73,31,161,197,197,111,188,1
Blood,Hemolyzed Trace,Trace (Hemolyzed),cells/uL,196,193,70,29,164,196,195,114,188,1
Blood,Hemolyzed Trace,Trace (Hemolyzed),cells/uL,191,191,64,30,170,191,192,112,189,1
Blood,Hemolyzed Trace,Trace (Hemolyzed),cells/uL,192,190,65,30,169,192,192,114,189,1
Blood,Hemolyzed Trace,Trace (Hemolyzed),cells/uL,194,190,70,29,163,194,192,115,187,1
Blood,Hemolyzed Trace,Trace (Hemolyzed),cells/uL,187,191,69,31,163,191,191,111,187,1
Blood,Hemolyzed Trace,Trace (Hemolyzed),cells/uL,192,190,62,30,173,192,192,113,190,1
Blood,Hemolyzed Trace,Trace (Hemolyzed),cells/uL,194,194,70,30,163,194,195,113,188,1
Blood,Hemolyzed Trace,Trace (Hemolyzed),cells/uL,197,192,70,29,164,197,194,115,188,1
Blood,Hemolyzed Trace,Trace (Hemolyzed),cells/uL,194,194,62,30,174,194,195,112,191,1
Blood,Hemolyzed Trace,Trace (Hemolyzed),cells/uL,189,197,58,32,180,197,196,108,193,1
Blood,Hemolyzed Trace,Trace (Hemolyzed),cells/uL,192,196,68,31,167,196,196,111,189,1
Blood,Hemolyzed Trace,Trace (Hemolyzed),cells/uL,191,192,67,30,166,192,193,112,188,1
Blood,Hemolyzed Trace,Trace (Hemolyzed),cells/uL,193,188,72,29,160,193,191,115,185,1
Blood,Hemolyzed Trace,Trace (Hemolyzed),cells/uL,199,190,62,28,176,199,193,116,191,1
Blood,Hemolyzed Trace,Trace (Hemolyzed),cells/uL,191,190,70,30,162,191,191,113,187,1
Blood,Hemolyzed Trace,Trace (Hemolyzed),cells/uL,189,188,70,30,161,189,190,114,186,1
Blood,Hemolyzed Trace,Trace (Hemolyzed),cells/uL,197,189,63,28,173,197,192,116,190,1
Blood,Hemolyzed Trace,Trace (Hemolyzed),cells/uL,206,194,67,27,172,206,197,118,191,1
Blood,Hemolyzed Trace,Trace (Hemolyzed),cells/uL,196,191,71,29,163,196,193,115,187,1
Blood,Hemolyzed Trace,Trace (Hemolyzed),cells/uL,194,191,68,29,166,194,193,114,188,1
Blood,Hemolyzed Trace,Trace (Hemolyzed),cells/uL,187,199,64,33,173,199,197,107,191,1
Blood,Hemolyzed Trace,Trace (Hemolyzed),cells/uL,188,190,64,30,169,190,191,112,189,1
Blood,Hemolyzed Trace,Trace (Hemolyzed),cells/uL,193,194,72,30,160,194,195,112,187,1
Blood,Hemolyzed Trace,Trace (Hemolyzed),cells/uL,196,190,68,29,167,196,193,115,188,1
Blood,Hemolyzed Trace,Trace (Hemolyzed),cells/uL,195,184,70,27,163,195,188,118,185,1
Blood,Hemolyzed Trace,Trace (Hemolyzed),cells/uL,187,199,66,33,170,199,197,107,190,1
Blood,Hemolyzed Trace,Trace (Hemolyzed),cells/uL,192,188,65,29,169,192,190,115,188,1
Blood,Hemolyzed Trace,Trace (Hemolyzed),cells/uL,202,195,62,29,177,202,197,115,192,1
Blood,Hemolyzed Trace,Trace (Hemolyzed),cells/uL,199,196,67,29,169,199,197,114,190,1
Blood,Hemolyzed Trace,Trace (Hemolyzed),cells/uL,194,191,76,29,155,194,193,114,185,1
Blood,Hemolyzed Trace,Trace (Hemolyzed),cells/uL,190,192,66,30,167,192,193,112,189,1
Blood,Hemolyzed Trace,Trace (Hemolyzed),cells/uL,187,200,63,33,175,200,198,106,192,1
Blood,Hemolyzed Trace,Trace (Hemolyzed),cells/uL,194,184,66,28,168,194,188,117,187,1
Blood,Hemolyzed Trace,Trace (Hemolyzed),cells/uL,195,188,70,28,163,195,191,116,186,1
Blood,Hemolyzed Trace,Trace (Hemolyzed),cells/uL,192,196,73,31,160,196,196,111,187,1
Blood,Hemolyzed Trace,Trace (Hemolyzed),cells/uL,191,191,69,30,163,191,192,113,187,1
Blood,Hemolyzed Trace,Trace (Hemolyzed),cells/uL,195,191,69,29,165,195,193,114,188,1
Blood,Hemolyzed Trace,Trace (Hemolyzed),cells/uL,192,191,73,30,158,192,193,113,186,1
Blood,Hemolyzed Trace,Trace (Hemolyzed),cells/uL,196,194,71,30,163,196,195,113,188,1
Blood,Hemolyzed Trace,Trace (Hemolyzed),cells/uL,192,192,64,30,170,192,193,112,190,1
Blood,Hemolyzed Trace,Trace (Hemolyzed),cells/uL,198,180,68,26,167,198,186,121,185,1
Blood,Hemolyzed Trace,Trace (Hemolyzed),cells/uL,198,186,70,27,165,198,190,118,186,1
Blood,Hemolyzed Trace,Trace (Hemolyzed),cells/uL,190,190,72,30,158,190,191,113,186,1
Blood,Hemolyzed Trace,Trace (Hemolyzed),cells/uL,194,183,64,27,171,194,187,118,187,1
Blood,Hemolyzed Trace,Trace (Hemolyzed),cells/uL,197,193,75,29,158,197,195,115,186,1
Blood,Hemolyzed Trace,Trace (Hemolyzed),cells/uL,200,190,78,28,156,200,194,118,184,1
Blood,Hemolyzed Trace,Trace (Hemolyzed),cells/uL,193,187,65,29,169,193,190,115,188,1
Blood,Hemolyzed Trace,Trace (Hemolyzed),cells/uL,184,197,74,33,159,197,195,107,186,1
Blood,Hemolyzed Trace,Trace (Hemolyzed),cells/uL,189,190,68,30,164,190,191,112,187,1
Blood,Hemolyzed Trace,Trace (Hemolyzed),cells/uL,189,184,67,29,165,189,187,115,186,1
Blood,Hemolyzed Trace,Trace (Hemolyzed),cells/uL,192,189,69,29,163,192,191,114,187,1
Blood,Hemolyzed Trace,Trace (Hemolyzed),cells/uL,199,190,69,28,167,199,193,117,188,1
Blood,Hemolyzed Trace,Trace (Hemolyzed),cells/uL,196,193,66,29,169,196,195,114,190,1
Blood,Hemolyzed Trace,Trace (Hemolyzed),cells/uL,193,193,63,30,172,193,194,112,190,1
Blood,Hemolyzed Trace,Trace (Hemolyzed),cells/uL,198,197,65,30,171,198,198,113,191,1
Blood,Hemolyzed Trace,Trace (Hemolyzed),cells/uL,194,194,66,30,168,194,195,112,190,1
Blood,Hemolyzed Trace,Trace (Hemolyzed),cells/uL,195,192,62,29,174,195,194,114,191,1
Blood,Hemolyzed Trace,Trace (Hemolyzed),cells/uL,195,187,72,28,161,195,190,117,185,1
Blood,Hemolyzed Trace,Trace (Hemolyzed),cells/uL,190,190,73,30,157,190,191,113,185,1
Blood,Hemolyzed Trace,Trace (Hemolyzed),cells/uL,195,187,64,28,171,195,190,116,189,1
Blood,Hemolyzed Trace,Trace (Hemolyzed),cells/uL,191,193,69,30,164,193,194,112,188,1
Blood,Hemolyzed Trace,Trace (Hemolyzed),cells/uL,190,186,69,29,162,190,189,115,186,1
Blood,Hemolyzed Trace,Trace (Hemolyzed),cells/uL,192,200,68,32,168,200,199,109,190,1
Blood,Hemolyzed Trace,Trace (Hemolyzed),cells/uL,200,186,62,27,176,200,191,119,190,1
Blood,Hemolyzed Trace,Trace (Hemolyzed),cells/uL,189,196,75,32,157,196,195,110,186,1
Blood,Hemolyzed Trace,Trace (Hemolyzed),cells/uL,190,189,63,30,170,190,190,113,189,1
Blood,Hemolyzed Trace,Trace (Hemolyzed),cells/uL,186,194,69,32,164,194,193,109,188,1
Blood,Hemolyzed Trace,Trace (Hemolyzed),cells/uL,193,185,75,28,156,193,189,117,183,1
Blood,Hemolyzed Trace,Trace (Hemolyzed),cells/uL,191,193,62,30,173,193,193,111,191,1
Blood,Hemolyzed Trace,Trace (Hemolyzed),cells/uL,192,192,69,30,163,192,193,113,188,1
Blood,Hemolyzed Trace,Trace (Hemolyzed),cells/uL,194,193,63,30,172,194,194,113,190,1
Blood,Hemolyzed Trace,Trace (Hemolyzed),cells/uL,194,191,69,29,164,194,193,114,188,1
Blood,Hemolyzed Trace,Trace (Hemolyzed),cells/uL,193,186,63,28,172,193,189,116,189,1
Blood,Hemolyzed Trace,Trace (Hemolyzed),cells/uL,184,194,71,32,162,194,193,108,187,1
Blood,Hemolyzed Trace,Trace (Hemolyzed),cells/uL,196,192,59,29,178,196,194,114,192,1
Blood,Hemolyzed Trace,Trace (Hemolyzed),cells/uL,189,192,69,31,163,192,192,112,187,1
Blood,Hemolyzed Trace,Trace (Hemolyzed),cells/uL,192,192,68,30,165,192,193,113,188,1
Blood,Hemolyzed Trace,Trace (Hemolyzed),cells/uL,193,188,72,29,160,193,191,115,185,1
Blood,Hemolyzed Trace,Trace (Hemolyzed),cells/uL,191,186,65,29,168,191,189,115,187,1
Blood,Hemolyzed Trace,Trace (Hemolyzed),cells/uL,192,195,68,31,166,195,195,111,189,1
Blood,Hemolyzed Trace,Trace (Hemolyzed),cells/uL,192,186,71,29,161,192,189,116,185,1
Blood,Hemolyzed Trace,Trace (Hemolyzed),cells/uL,190,191,74,30,156,191,192,113,185,1
Blood,Hemolyzed Trace,Trace (Hemolyzed),cells/uL,195,184,61,28,175,195,188,118,189,1
Blood,Hemolyzed Trace,Trace (Hemolyzed),cells/uL,193,186,71,28,161,193,189,116,185,1
Blood,Hemolyzed Trace,Trace (Hemolyzed),cells/uL,193,192,65,30,169,193,193,113,189,1
Blood,Hemolyzed Trace,Trace (Hemolyzed),cells/uL,200,202,67,30,170,202,202,111,192,1
Blood,Hemolyzed Trace,Trace (Hemolyzed),cells/uL,194,191,67,29,167,194,193,114,188,1
Blood,Hemolyzed Trace,Trace (Hemolyzed),cells/uL,190,187,63,29,170,190,189,114,188,1
Blood,Hemolyzed Trace,Trace (Hemolyzed),cells/uL,195,189,58,29,179,195,191,115,191,1
Blood,Hemolyzed Trace,Trace (Hemolyzed),cells/uL,195,191,73,29,160,195,193,115,186,1
Blood,Hemolyzed Trace,Trace (Hemolyzed),cells/uL,194,185,59,28,177,194,188,117,190,1
Blood,Hemolyzed Trace,Trace (Hemolyzed),cells/uL,190,188,72,29,158,190,190,114,185,1
Blood,Hemolyzed Trace,Trace (Hemolyzed),cells/uL,193,196,63,31,173,196,196,111,191,1
Blood,Hemolyzed Trace,Trace (Hemolyzed),cells/uL,197,194,60,29,177,197,195,113,192,1
Blood,Hemolyzed Trace,Trace (Hemolyzed),cells/uL,198,191,70,28,165,198,194,116,188,1
Blood,Hemolyzed Trace,Trace (Hemolyzed),cells/uL,190,196,63,31,173,196,195,109,191,1
Blood,Hemolyzed Trace,Trace (Hemolyzed),cells/uL,196,194,64,30,172,196,195,113,191,1
Blood,Hemolyzed Trace,Trace (Hemolyzed),cells/uL,201,192,71,28,165,201,195,117,188,1
Blood,Hemolyzed Trace,Trace (Hemolyzed),cells/uL,187,199,63,33,174,199,197,107,191,1
Blood,Hemolyzed Trace,Trace (Hemolyzed),cells/uL,197,187,66,28,170,197,191,117,188,1
Blood,Hemolyzed Trace,Trace (Hemolyzed),cells/uL,196,195,63,30,173,196,196,112,191,1
Blood,Hemolyzed Trace,Trace (Hemolyzed),cells/uL,197,195,64,30,172,197,196,113,191,1
Blood,Small (+),Small,cells/uL,146,171,69,37,152,171,169,104,177,0
Blood,Small (+),Small,cells/uL,152,165,67,34,151,165,166,109,176,1
Blood,Small (+),Small,cells/uL,148,168,70,36,149,168,167,106,175,1
Blood,Small (+),Small,cells/uL,147,170,72,37,147,170,169,105,175,1
Blood,Small (+),Small,cells/uL,145,172,74,38,145,172,170,104,174,1
Blood,Small (+),Small,cells/uL,149,174,64,37,161,174,172,104,180,1
Blood,Small (+),Small,cells/uL,148,167,64,36,157,167,166,106,178,1
Blood,Small (+),Small,cells/uL,146,167,72,37,145,167,166,106,174,1
Blood,Small (+),Small,cells/uL,149,163,66,34,152,163,164,109,176,1
Blood,Small (+),Small,cells/uL,140,169,71,39,148,169,167,103,174,1
Blood,Small (+),Small,cells/uL,145,169,74,38,143,169,168,105,173,1
Blood,Small (+),Small,cells/uL,137,176,67,41,158,176,171,98,178,1
Blood,Small (+),Small,cells/uL,146,169,75,37,142,169,168,106,173,1
Blood,Small (+),Small,cells/uL,141,171,71,39,149,171,168,102,175,1
Blood,Small (+),Small,cells/uL,140,167,68,38,151,167,165,104,175,1
Blood,Small (+),Small,cells/uL,142,168,68,38,152,168,166,104,176,1
Blood,Small (+),Small,cells/uL,149,170,73,37,146,170,169,106,175,1
Blood,Small (+),Small,cells/uL,142,166,77,38,137,166,165,106,171,1
Blood,Small (+),Small,cells/uL,143,166,62,37,160,166,165,105,178,1
Blood,Small (+),Small,cells/uL,150,170,68,36,153,170,169,106,177,1
Blood,Small (+),Small,cells/uL,145,175,68,38,156,175,172,102,178,1
Blood,Small (+),Small,cells/uL,155,172,73,35,147,172,172,108,176,1
Blood,Small (+),Small,cells/uL,149,171,67,36,155,171,170,105,178,1
Blood,Small (+),Small,cells/uL,147,173,67,37,156,173,171,103,178,1
Blood,Small (+),Small,cells/uL,147,176,77,39,143,176,173,103,175,1
Blood,Small (+),Small,cells/uL,149,178,66,38,160,178,175,102,180,1
Blood,Small (+),Small,cells/uL,149,176,65,37,161,176,173,103,180,1
Blood,Small (+),Small,cells/uL,144,178,65,39,162,178,174,100,180,1
Blood,Small (+),Small,cells/uL,141,177,74,40,148,177,173,100,176,1
Blood,Small (+),Small,cells/uL,148,171,67,37,155,171,169,105,178,1
Blood,Small (+),Small,cells/uL,147,177,70,38,154,177,174,102,178,1
Blood,Small (+),Small,cells/uL,155,167,69,34,150,167,168,110,176,1
Blood,Small (+),Small,cells/uL,145,167,68,37,151,167,166,106,176,1
Blood,Small (+),Small,cells/uL,148,173,78,38,140,173,171,105,173,1
Blood,Small (+),Small,cells/uL,148,176,69,38,155,176,173,102,178,1
Blood,Small (+),Small,cells/uL,153,181,71,38,155,181,178,102,180,1
Blood,Small (+),Small,cells/uL,142,169,70,38,149,169,167,104,175,1
Blood,Small (+),Small,cells/uL,148,174,71,38,151,174,172,104,177,1
Blood,Small (+),Small,cells/uL,146,168,71,37,147,168,167,106,175,1
Blood,Small (+),Small,cells/uL,153,175,71,36,152,175,173,105,178,1
Blood,Small (+),Small,cells/uL,150,170,67,36,155,170,169,106,177,1
Blood,Small (+),Small,cells/uL,143,170,67,38,155,170,168,103,177,1
Blood,Small (+),Small,cells/uL,151,169,66,35,155,169,168,107,178,1
Blood,Small (+),Small,cells/uL,154,169,70,35,149,169,169,108,176,1
Blood,Small (+),Small,cells/uL,148,166,74,36,141,166,166,108,173,1
Blood,Small (+),Small,cells/uL,149,177,66,38,160,177,174,102,180,1
Blood,Small (+),Small,cells/uL,146,171,70,37,151,171,169,104,176,1
Blood,Small (+),Small,cells/uL,140,171,63,39,161,171,168,101,179,1
Blood,Small (+),Small,cells/uL,147,162,62,35,157,162,163,108,177,1
Blood,Small (+),Small,cells/uL,149,169,65,36,157,169,168,106,178,1
Blood,Small (+),Small,cells/uL,151,172,72,36,148,172,171,106,176,1
Blood,Small (+),Small,cells/uL,145,182,67,40,161,182,177,98,181,1
Blood,Small (+),Small,cells/uL,153,171,62,35,163,171,170,106,180,1
Blood,Small (+),Small,cells/uL,148,172,65,37,159,172,170,104,179,1
Blood,Small (+),Small,cells/uL,142,171,70,39,151,171,168,103,176,1
Blood,Small (+),Small,cells/uL,136,175,67,41,157,175,170,98,178,1
Blood,Small (+),Small,cells/uL,141,175,69,40,154,175,171,100,177,1
Blood,Small (+),Small,cells/uL,151,173,69,36,153,173,171,105,178,1
Blood,Small (+),Small,cells/uL,145,173,67,38,156,173,170,103,178,1
Blood,Small (+),Small,cells/uL,143,173,68,39,155,173,170,102,177,1
Blood,Small (+),Small,cells/uL,146,175,69,38,154,175,172,102,178,1
Blood,Small (+),Small,cells/uL,146,169,71,37,148,169,168,105,175,1
Blood,Small (+),Small,cells/uL,147,175,67,38,157,175,172,102,179,1
Blood,Small (+),Small,cells/uL,144,174,70,39,152,174,171,102,177,1
Blood,Small (+),Small,cells/uL,142,176,62,39,165,176,172,99,181,1
Blood,Small (+),Small,cells/uL,149,166,77,36,137,166,166,108,172,1
Blood,Small (+),Small,cells/uL,140,176,69,40,155,176,172,99,178,1
Blood,Small (+),Small,cells/uL,145,172,72,38,148,172,170,103,175,1
Blood,Small (+),Small,cells/uL,142,168,72,38,146,168,166,104,174,1
Blood,Small (+),Small,cells/uL,139,169,81,40,133,169,167,103,170,1
Blood,Small (+),Small,cells/uL,142,176,67,39,158,176,172,100,179,1
Blood,Small (+),Small,cells/uL,148,174,74,38,147,174,172,104,175,1
Blood,Small (+),Small,cells/uL,145,179,67,39,160,179,175,100,180,1
Blood,Small (+),Small,cells/uL,147,172,65,37,159,172,170,104,179,1
Blood,Small (+),Small,cells/uL,145,172,67,38,156,172,170,103,178,1
Blood,Small (+),Small,cells/uL,156,168,74,34,143,168,169,110,174,1
Blood,Small (+),Small,cells/uL,149,171,66,36,157,171,170,105,178,1
Blood,Small (+),Small,cells/uL,143,169,62,37,161,169,167,103,179,1
Blood,Small (+),Small,cells/uL,142,165,74,38,141,165,164,106,172,1
Blood,Small (+),Small,cells/uL,148,174,71,38,151,174,172,104,177,1
Blood,Small (+),Small,cells/uL,147,177,67,38,158,177,174,101,179,1
Blood,Small (+),Small,cells/uL,146,174,64,38,161,174,171,102,180,1
Blood,Small (+),Small,cells/uL,158,171,70,34,151,171,171,109,177,1
Blood,Small (+),Small,cells/uL,151,175,69,37,154,175,173,104,178,1
Blood,Small (+),Small,cells/uL,147,165,67,36,151,165,165,107,175,1
Blood,Small (+),Small,cells/uL,148,173,74,38,146,173,171,104,175,1
Blood,Small (+),Small,cells/uL,146,165,73,36,142,165,165,107,173,1
Blood,Small (+),Small,cells/uL,152,175,68,36,156,175,173,104,179,1
Blood,Small (+),Small,cells/uL,150,185,69,39,160,185,180,99,181,1
Blood,Small (+),Small,cells/uL,141,169,72,39,146,169,167,103,174,1
Blood,Small (+),Small,cells/uL,140,172,71,40,150,172,169,101,175,1
Blood,Small (+),Small,cells/uL,152,176,72,37,151,176,174,104,177,1
Blood,Small (+),Small,cells/uL,137,175,72,41,150,175,171,99,176,1
Blood,Small (+),Small,cells/uL,147,164,66,35,152,164,164,108,176,1
Blood,Small (+),Small,cells/uL,141,163,69,37,147,163,162,106,173,1
Blood,Small (+),Small,cells/uL,143,182,68,40,160,182,177,97,180,1
Blood,Small (+),Small,cells/uL,151,165,67,34,151,165,166,109,176,1
Blood,Small (+),Small,cells/uL,146,167,67,36,153,167,166,106,176,1
Blood,Small (+),Small,cells/uL,145,170,76,38,141,170,168,105,173,1
Blood,Small (+),Small,cells/uL,148,173,71,37,150,173,171,104,176,1
Blood,Small (+),Small,cells/uL,148,171,68,37,154,171,169,105,177,1
Blood,Small (+),Small,cells/uL,147,176,74,39,148,176,173,102,176,1
Blood,Small (+),Small,cells/uL,145,174,68,38,155,174,171,102,178,1
Blood,Small (+),Small,cells/uL,146,169,68,37,152,169,168,105,176,1
Blood,Small (+),Small,cells/uL,151,171,70,36,151,171,170,106,177,1
Blood,Small (+),Small,cells/uL,140,170,68,39,153,170,167,102,176,1
Blood,Small (+),Small,cells/uL,143,171,67,38,155,171,169,103,177,1
Blood,Small (+),Small,cells/uL,146,171,65,37,158,171,169,104,178,1
Blood,Small (+),Small,cells/uL,144,171,74,38,145,171,169,104,174,1
Blood,Small (+),Small,cells/uL,147,168,71,37,147,168,167,106,175,1
Blood,Small (+),Small,cells/uL,153,175,71,36,152,175,173,105,178,1
Blood,Small (+),Small,cells/uL,149,177,73,38,150,177,174,103,177,1
Blood,Small (+),Small,cells/uL,148,175,65,37,160,175,172,103,180,1
Blood,Small (+),Small,cells/uL,140,172,69,39,153,172,169,101,176,1
Blood,Small (+),Small,cells/uL,144,174,62,38,164,174,171,101,180,1
Blood,Small (+),Small,cells/uL,144,169,62,37,161,169,167,104,179,1
Blood,Small (+),Small,cells/uL,152,166,67,34,152,166,167,109,176,1
Blood,Small (+),Small,cells/uL,150,174,65,37,160,174,172,104,180,1
Blood,Small (+),Small,cells/uL,149,172,78,37,139,172,171,105,173,1
Blood,Small (+),Small,cells/uL,148,170,66,36,156,170,169,105,178,1
Blood,Small (+),Small,cells/uL,143,168,74,38,143,168,167,105,173,1
Blood,Small (+),Small,cells/uL,146,173,75,38,144,173,171,104,174,1
Blood,Small (+),Small,cells/uL,137,176,69,41,155,176,171,98,177,1
Blood,Small (+),Small,cells/uL,148,168,66,36,155,168,167,106,177,1
Blood,Small (+),Small,cells/uL,148,181,73,39,152,181,177,100,178,1
Blood,Small (+),Small,cells/uL,151,170,67,36,155,170,169,106,178,1
Blood,Small (+),Small,cells/uL,143,169,61,37,163,169,167,103,179,1
Blood,Small (+),Small,cells/uL,143,169,68,38,152,169,167,104,176,1
Blood,Small (+),Small,cells/uL,147,172,69,37,153,172,170,104,177,1
Blood,Small (+),Small,cells/uL,144,163,67,36,150,163,163,107,175,1
Blood,Small (+),Small,cells/uL,142,173,73,39,147,173,170,102,175,1
Blood,Small (+),Small,cells/uL,150,174,68,37,155,174,172,104,178,1
Blood,Small (+),Small,cells/uL,144,168,63,37,159,168,166,104,178,1
Blood,Small (+),Small,cells/uL,150,170,64,36,159,170,169,106,179,1
Blood,Small (+),Small,cells/uL,143,168,69,38,150,168,166,104,175,1
Blood,Small (+),Small,cells/uL,150,170,60,35,165,170,169,106,180,1
Blood,Small (+),Small,cells/uL,145,170,68,37,153,170,168,104,177,1
Blood,Small (+),Small,cells/uL,143,172,69,38,153,172,169,102,177,1
Blood,Small (+),Small,cells/uL,146,173,67,38,156,173,170,103,178,1
Blood,Small (+),Small,cells/uL,144,177,71,39,153,177,173,101,177,1
Blood,Small (+),Small,cells/uL,149,176,71,38,152,176,173,103,178,1
Blood,Small (+),Small,cells/uL,150,165,70,35,147,165,165,109,175,1
Blood,Small (+),Small,cells/uL,145,178,73,39,150,178,174,101,177,1
Blood,Small (+),Small,cells/uL,143,172,70,39,151,172,169,102,176,1
Blood,Small (+),Small,cells/uL,148,167,70,36,148,167,167,107,175,1
Blood,Small (+),Small,cells/uL,145,172,66,38,157,172,170,103,178,1
Blood,Small (+),Small,cells/uL,144,176,65,39,161,176,172,101,180,1
Blood,Small (+),Small,cells/uL,142,171,66,38,157,171,168,102,177,1
Blood,Small (+),Small,cells/uL,142,171,63,38,161,171,168,102,179,1
Blood,Small (+),Small,cells/uL,142,179,71,40,154,179,174,99,178,1
Blood,Moderate (++),Moderate,cells/uL,87,136,70,52,124,136,132,98,158,0
Blood,Moderate (++),Moderate,cells/uL,84,138,72,55,122,138,134,97,158,1
Blood,Moderate (++),Moderate,cells/uL,91,135,74,52,115,135,132,101,156,1
Blood,Moderate (++),Moderate,cells/uL,79,132,71,56,118,132,128,98,155,1
Blood,Moderate (++),Moderate,cells/uL,88,132,71,52,118,132,129,101,156,1
Blood,Moderate (++),Moderate,cells/uL,85,135,74,55,115,135,132,99,155,1
Blood,Moderate (++),Moderate,cells/uL,91,132,66,49,128,132,130,101,159,1
Blood,Moderate (++),Moderate,cells/uL,85,136,67,52,129,136,132,97,159,1
Blood,Moderate (++),Moderate,cells/uL,91,137,72,51,121,137,134,99,158,1
Blood,Moderate (++),Moderate,cells/uL,82,141,59,52,148,141,135,93,165,1
Blood,Moderate (++),Moderate,cells/uL,90,140,68,51,131,140,136,97,161,1
Blood,Moderate (++),Moderate,cells/uL,92,136,70,50,124,136,133,100,159,1
Blood,Moderate (++),Moderate,cells/uL,88,149,75,55,127,149,143,93,161,1
Blood,Moderate (++),Moderate,cells/uL,90,132,71,51,118,132,130,101,156,1
Blood,Moderate (++),Moderate,cells/uL,84,139,71,54,125,139,135,96,159,1
Blood,Moderate (++),Moderate,cells/uL,83,136,67,53,129,136,132,96,159,1
Blood,Moderate (++),Moderate,cells/uL,88,133,70,51,121,133,130,100,157,1
Blood,Moderate (++),Moderate,cells/uL,90,136,68,50,128,136,133,99,159,1
Blood,Moderate (++),Moderate,cells/uL,88,139,66,51,134,139,135,97,161,1
Blood,Moderate (++),Moderate,cells/uL,88,141,72,53,125,141,137,97,159,1
Blood,Moderate (++),Moderate,cells/uL,87,139,72,53,123,139,135,97,158,1
Blood,Moderate (++),Moderate,cells/uL,90,128,64,48,128,128,126,102,158,1
Blood,Moderate (++),Moderate,cells/uL,91,130,72,50,114,130,128,103,155,1
Blood,Moderate (++),Moderate,cells/uL,86,132,71,53,118,132,129,100,156,1
Blood,Moderate (++),Moderate,cells/uL,88,144,68,52,135,144,139,95,162,1
Blood,Moderate (++),Moderate,cells/uL,93,137,67,49,130,137,134,100,160,1
Blood,Moderate (++),Moderate,cells/uL,90,138,70,51,126,138,135,98,159,1
Blood,Moderate (++),Moderate,cells/uL,88,134,67,51,128,134,131,99,159,1
Blood,Moderate (++),Moderate,cells/uL,90,135,70,51,123,135,132,100,158,1
Blood,Moderate (++),Moderate,cells/uL,88,137,64,50,136,137,133,97,162,1
Blood,Moderate (++),Moderate,cells/uL,92,136,69,50,126,136,133,100,159,1
Blood,Moderate (++),Moderate,cells/uL,89,137,73,53,119,137,134,99,157,1
Blood,Moderate (++),Moderate,cells/uL,89,139,75,53,117,139,135,98,157,1
Blood,Moderate (++),Moderate,cells/uL,91,135,66,49,130,135,132,99,160,1
Blood,Moderate (++),Moderate,cells/uL,94,135,68,48,127,135,133,101,159,1
Blood,Moderate (++),Moderate,cells/uL,80,137,71,56,123,137,132,96,158,1
Blood,Moderate (++),Moderate,cells/uL,81,138,68,54,129,138,133,95,159,1
Blood,Moderate (++),Moderate,cells/uL,98,134,68,46,126,134,132,103,159,1
Blood,Moderate (++),Moderate,cells/uL,84,141,69,54,130,141,136,95,161,1
Blood,Moderate (++),Moderate,cells/uL,84,139,64,52,138,139,134,95,162,1
Blood,Moderate (++),Moderate,cells/uL,90,143,72,52,127,143,139,96,160,1
Blood,Moderate (++),Moderate,cells/uL,90,139,77,54,114,139,136,99,156,1
Blood,Moderate (++),Moderate,cells/uL,92,138,74,52,118,138,135,100,157,1
Blood,Moderate (++),Moderate,cells/uL,83,139,66,53,134,139,134,95,161,1
Blood,Moderate (++),Moderate,cells/uL,86,124,72,52,107,124,123,104,152,1
Blood,Moderate (++),Moderate,cells/uL,84,140,72,55,124,140,135,96,159,1
Blood,Moderate (++),Moderate,cells/uL,91,132,74,51,112,132,130,102,155,1
Blood,Moderate (++),Moderate,cells/uL,95,139,73,50,121,139,136,100,159,1
Blood,Moderate (++),Moderate,cells/uL,88,134,73,53,116,134,131,100,156,1
Blood,Moderate (++),Moderate,cells/uL,81,134,63,52,135,134,130,96,161,1
Blood,Moderate (++),Moderate,cells/uL,84,139,72,55,123,139,135,96,158,1
Blood,Moderate (++),Moderate,cells/uL,87,137,62,50,140,137,133,97,163,1
Blood,Moderate (++),Moderate,cells/uL,86,133,67,51,127,133,130,99,158,1
Blood,Moderate (++),Moderate,cells/uL,89,133,68,50,125,133,130,100,158,1
Blood,Moderate (++),Moderate,cells/uL,79,135,66,54,130,135,130,95,159,1
Blood,Moderate (++),Moderate,cells/uL,87,132,70,52,120,132,129,100,157,1
Blood,Moderate (++),Moderate,cells/uL,86,143,72,54,127,143,138,95,160,1
Blood,Moderate (++),Moderate,cells/uL,80,131,70,55,119,131,128,98,156,1
Blood,Moderate (++),Moderate,cells/uL,83,124,75,55,101,124,122,103,150,1
Blood,Moderate (++),Moderate,cells/uL,90,138,68,51,129,138,134,98,160,1
Blood,Moderate (++),Moderate,cells/uL,89,133,71,51,119,133,130,101,157,1
Blood,Moderate (++),Moderate,cells/uL,83,142,64,53,140,142,137,93,163,1
Blood,Moderate (++),Moderate,cells/uL,92,136,68,49,128,136,133,100,160,1
Blood,Moderate (++),Moderate,cells/uL,88,139,75,54,117,139,135,98,157,1
Blood,Moderate (++),Moderate,cells/uL,88,132,70,51,120,132,129,101,157,1
Blood,Moderate (++),Moderate,cells/uL,94,141,74,51,121,141,138,99,159,1
Blood,Moderate (++),Moderate,cells/uL,90,139,75,53,117,139,136,99,157,1
Blood,Moderate (++),Moderate,cells/uL,85,131,70,53,119,131,128,100,156,1
Blood,Moderate (++),Moderate,cells/uL,84,132,67,52,126,132,129,99,158,1
Blood,Moderate (++),Moderate,cells/uL,97,137,71,48,123,137,135,102,159,1
Blood,Moderate (++),Moderate,cells/uL,82,129,67,53,123,129,126,99,157,1
Blood,Moderate (++),Moderate,cells/uL,93,137,72,50,121,137,134,100,158,1
Blood,Moderate (++),Moderate,cells/uL,90,134,76,53,110,134,132,101,155,1
Blood,Moderate (++),Moderate,cells/uL,84,142,72,55,126,142,137,95,159,1
Blood,Moderate (++),Moderate,cells/uL,80,133,63,53,134,133,129,96,160,1
Blood,Moderate (++),Moderate,cells/uL,92,136,61,48,141,136,133,99,163,1
Blood,Moderate (++),Moderate,cells/uL,89,134,64,49,133,134,131,99,161,1
Blood,Moderate (++),Moderate,cells/uL,94,136,69,49,126,136,133,101,159,1
Blood,Moderate (++),Moderate,cells/uL,85,130,65,51,128,130,127,100,158,1
Blood,Moderate (++),Moderate,cells/uL,92,134,70,50,122,134,132,101,158,1
Blood,Moderate (++),Moderate,cells/uL,79,131,72,56,115,131,128,98,155,1
Blood,Moderate (++),Moderate,cells/uL,89,143,75,54,121,143,139,97,158,1
Blood,Moderate (++),Moderate,cells/uL,86,138,69,53,128,138,134,97,159,1
Blood,Moderate (++),Moderate,cells/uL,95,141,71,50,127,141,138,99,160,1
Blood,Moderate (++),Moderate,cells/uL,88,142,72,53,126,142,138,96,160,1
Blood,Moderate (++),Moderate,cells/uL,93,127,72,49,110,127,126,105,154,1
Blood,Moderate (++),Moderate,cells/uL,85,143,76,56,119,143,138,95,158,1
Blood,Moderate (++),Moderate,cells/uL,87,142,77,55,117,142,138,97,157,1
Blood,Moderate (++),Moderate,cells/uL,87,146,70,53,133,146,141,94,162,1
Blood,Moderate (++),Moderate,cells/uL,86,139,69,53,128,139,135,96,160,1
Blood,Moderate (++),Moderate,cells/uL,87,142,70,53,129,142,137,96,161,1
Blood,Moderate (++),Moderate,cells/uL,80,137,67,54,130,137,132,95,160,1
Blood,Moderate (++),Moderate,cells/uL,90,139,76,53,116,139,136,99,157,1
Blood,Moderate (++),Moderate,cells/uL,91,140,67,50,133,140,136,98,161,1
Blood,Moderate (++),Moderate,cells/uL,90,144,67,51,136,144,139,95,163,1
Blood,Moderate (++),Moderate,cells/uL,94,134,67,48,128,134,132,102,159,1
Blood,Moderate (++),Moderate,cells/uL,88,139,74,54,119,139,135,98,157,1
Blood,Moderate (++),Moderate,cells/uL,83,138,67,53,131,138,133,96,160,1
Blood,Moderate (++),Moderate,cells/uL,81,132,67,54,126,132,128,98,158,1
Blood,Moderate (++),Moderate,cells/uL,89,141,64,50,139,141,137,96,163,1
Blood,Moderate (++),Moderate,cells/uL,88,131,73,52,113,131,129,101,155,1
Blood,Moderate (++),Moderate,cells/uL,85,132,73,54,114,132,129,100,155,1
Blood,Moderate (++),Moderate,cells/uL,85,135,61,50,140,135,131,97,162,1
Blood,Moderate (++),Moderate,cells/uL,91,139,70,51,127,139,135,98,160,1
Blood,Moderate (++),Moderate,cells/uL,81,141,67,54,134,141,136,94,161,1
Blood,Moderate (++),Moderate,cells/uL,85,145,67,53,137,145,139,93,163,1
Blood,Moderate (++),Moderate,cells/uL,90,138,72,52,122,138,135,99,158,1
Blood,Moderate (++),Moderate,cells/uL,88,138,71,52,124,138,134,98,158,1
Blood,Moderate (++),Moderate,cells/uL,87,142,65,51,138,142,137,95,163,1
Blood,Moderate (++),Moderate,cells/uL,91,139,73,52,121,139,136,99,158,1
Blood,Moderate (++),Moderate,cells/uL,91,136,63,48,137,136,133,99,162,1
Blood,Moderate (++),Moderate,cells/uL,87,132,67,51,126,132,129,100,158,1
Blood,Moderate (++),Moderate,cells/uL,82,134,68,54,126,134,130,97,158,1
Blood,Moderate (++),Moderate,cells/uL,77,139,79,61,114,139,134,95,154,1
Blood,Moderate (++),Moderate,cells/uL,89,135,70,51,123,135,132,99,158,1
Blood,Moderate (++),Moderate,cells/uL,85,136,70,53,124,136,132,98,158,1
Blood,Moderate (++),Moderate,cells/uL,84,143,64,52,141,143,138,93,164,1
Blood,Moderate (++),Moderate,cells/uL,90,136,78,54,109,136,133,100,154,1
Blood,Moderate (++),Moderate,cells/uL,88,135,69,51,125,135,132,99,158,1
Blood,Moderate (++),Moderate,cells/uL,87,131,67,51,125,131,128,100,158,1
Blood,Moderate (++),Moderate,cells/uL,80,132,70,55,120,132,128,98,156,1
Blood,Moderate (++),Moderate,cells/uL,88,128,69,50,118,128,126,102,156,1
Blood,Moderate (++),Moderate,cells/uL,89,135,67,50,128,135,132,99,159,1
Blood,Moderate (++),Moderate,cells/uL,85,134,67,52,128,134,130,98,159,1
Blood,Moderate (++),Moderate,cells/uL,88,145,67,52,137,145,140,94,163,1
Blood,Moderate (++),Moderate,cells/uL,86,136,67,52,129,136,132,97,160,1
Blood,Moderate (++),Moderate,cells/uL,91,127,68,48,118,127,126,104,156,1
Blood,Moderate (++),Moderate,cells/uL,90,135,67,50,128,135,132,99,160,1
Blood,Moderate (++),Moderate,cells/uL,89,140,71,52,126,140,136,97,159,1
Blood,Moderate (++),Moderate,cells/uL,84,138,68,53,129,138,134,96,160,1
Blood,Moderate (++),Moderate,cells/uL,90,142,60,49,147,142,138,95,166,1
Blood,Moderate (++),Moderate,cells/uL,87,129,80,56,97,129,127,103,150,1
Blood,Moderate (++),Moderate,cells/uL,85,139,70,53,127,139,135,96,159,1
Blood,Moderate (++),Moderate,cells/uL,84,132,76,56,108,132,129,100,153,1
Blood,Moderate (++),Moderate,cells/uL,91,144,70,52,131,144,139,96,162,1
Blood,Moderate (++),Moderate,cells/uL,88,135,69,51,125,135,132,99,158,1
Blood,Moderate (++),Moderate,cells/uL,83,136,67,53,129,136,132,96,159,1
Blood,Moderate (++),Moderate,cells/uL,89,137,71,52,123,137,134,99,158,1
Blood,Moderate (++),Moderate,cells/uL,94,136,73,50,118,136,134,101,157,1
Blood,Moderate (++),Moderate,cells/uL,95,141,75,51,119,141,138,100,158,1
Blood,Moderate (++),Moderate,cells/uL,86,137,65,51,134,137,133,97,161,1
Blood,Moderate (++),Moderate,cells/uL,89,137,70,51,125,137,134,99,159,1
Blood,Moderate (++),Moderate,cells/uL,91,131,77,52,105,131,129,103,153,1
Blood,Moderate (++),Moderate,cells/uL,91,136,69,50,126,136,133,99,159,1
Blood,Moderate (++),Moderate,cells/uL,89,142,70,52,129,142,138,96,161,1
Blood,Moderate (++),Moderate,cells/uL,88,136,77,54,111,136,133,100,155,1
Blood,Moderate (++),Moderate,cells/uL,86,136,76,55,113,136,133,99,155,1
Blood,Moderate (++),Moderate,cells/uL,88,141,66,51,136,141,137,96,162,1
Blood,Moderate (++),Moderate,cells/uL,86,142,67,52,135,142,137,95,162,1
Blood,Moderate (++),Moderate,cells/uL,86,137,66,52,132,137,133,97,161,1
Blood,Large (+++),Large,cells/uL,57,83,58,61,80,83,83,112,140,0
Blood,Large (+++),Large,cells/uL,55,83,58,63,86,83,83,111,139,1
Blood,Large (+++),Large,cells/uL,62,89,55,54,97,89,89,110,145,1
Blood,Large (+++),Large,cells/uL,57,86,64,67,86,86,86,112,137,1
Blood,Large (+++),Large,cells/uL,60,84,61,61,73,84,85,113,139,1
Blood,Large (+++),Large,cells/uL,60,79,59,59,65,79,80,116,137,1
Blood,Large (+++),Large,cells/uL,63,82,59,55,72,82,83,115,139,1
Blood,Large (+++),Large,cells/uL,56,74,58,63,62,74,76,117,135,1
Blood,Large (+++),Large,cells/uL,58,81,53,55,88,81,82,113,142,1
Blood,Large (+++),Large,cells/uL,53,86,66,72,98,86,86,111,136,1
Blood,Large (+++),Large,cells/uL,63,78,61,56,56,78,80,118,136,1
Blood,Large (+++),Large,cells/uL,54,81,56,62,85,81,81,112,140,1
Blood,Large (+++),Large,cells/uL,60,87,58,58,85,87,87,111,142,1
Blood,Large (+++),Large,cells/uL,57,85,60,63,84,85,85,111,139,1
Blood,Large (+++),Large,cells/uL,62,78,58,54,65,78,80,117,138,1
Blood,Large (+++),Large,cells/uL,53,83,57,64,92,83,82,111,140,1
Blood,Large (+++),Large,cells/uL,57,80,52,55,89,80,80,113,142,1
Blood,Large (+++),Large,cells/uL,49,82,56,66,103,82,81,109,139,1
Blood,Large (+++),Large,cells/uL,54,88,55,61,99,88,87,108,143,1
Blood,Large (+++),Large,cells/uL,63,89,50,50,112,89,89,110,147,1
Blood,Large (+++),Large,cells/uL,57,81,46,51,110,81,81,111,146,1
Blood,Large (+++),Large,cells/uL,51,86,66,73,104,86,85,110,136,1
Blood,Large (+++),Large,cells/uL,61,84,58,57,79,84,85,113,140,1
Blood,Large (+++),Large,cells/uL,64,92,56,53,100,92,92,110,145,1
Blood,Large (+++),Large,cells/uL,49,75,63,76,88,75,76,115,132,1
Blood,Large (+++),Large,cells/uL,57,84,51,55,100,84,84,110,144,1
Blood,Large (+++),Large,cells/uL,54,82,59,65,87,82,82,112,138,1
Blood,Large (+++),Large,cells/uL,55,79,55,60,77,79,80,113,139,1
Blood,Large (+++),Large,cells/uL,62,84,60,58,73,84,85,114,139,1
Blood,Large (+++),Large,cells/uL,53,71,56,65,65,71,72,117,135,1
Blood,Large (+++),Large,cells/uL,54,84,71,77,91,84,85,113,132,1
Blood,Large (+++),Large,cells/uL,60,94,60,60,92,94,93,108,144,1
Blood,Large (+++),Large,cells/uL,54,84,65,71,91,84,84,112,136,1
Blood,Large (+++),Large,cells/uL,64,81,59,53,69,81,83,117,139,1
Blood,Large (+++),Large,cells/uL,51,86,64,71,104,86,85,110,137,1
Blood,Large (+++),Large,cells/uL,57,80,59,63,73,80,81,115,138,1
Blood,Large (+++),Large,cells/uL,59,83,59,60,74,83,83,114,139,1
Blood,Large (+++),Large,cells/uL,56,87,61,65,91,87,87,110,140,1
Blood,Large (+++),Large,cells/uL,53,79,57,65,84,79,79,113,138,1
Blood,Large (+++),Large,cells/uL,60,84,55,55,88,84,85,112,142,1
Blood,Large (+++),Large,cells/uL,58,82,62,65,75,82,83,114,137,1
Blood,Large (+++),Large,cells/uL,58,82,59,61,75,82,83,113,139,1
Blood,Large (+++),Large,cells/uL,62,81,60,57,66,81,83,116,138,1
Blood,Large (+++),Large,cells/uL,57,85,55,58,90,85,85,110,142,1
Blood,Large (+++),Large,cells/uL,57,87,54,57,97,87,86,109,144,1
Blood,Large (+++),Large,cells/uL,52,78,53,61,85,78,78,113,140,1
Blood,Large (+++),Large,cells/uL,59,77,57,57,66,77,78,116,138,1
Blood,Large (+++),Large,cells/uL,59,85,56,57,87,85,85,112,142,1
Blood,Large (+++),Large,cells/uL,58,83,57,59,80,83,83,112,140,1
Blood,Large (+++),Large,cells/uL,56,92,61,64,100,92,91,108,142,1
Blood,Large (+++),Large,cells/uL,67,81,58,48,72,81,83,117,140,1
Blood,Large (+++),Large,cells/uL,52,80,66,75,89,80,80,114,133,1
Blood,Large (+++),Large,cells/uL,55,91,53,58,106,91,89,107,146,1
Blood,Large (+++),Large,cells/uL,53,82,58,65,90,82,82,111,139,1
Blood,Large (+++),Large,cells/uL,61,85,56,55,87,85,85,113,142,1
Blood,Large (+++),Large,cells/uL,56,82,54,58,87,82,82,112,141,1
Blood,Large (+++),Large,cells/uL,53,87,51,58,106,87,86,108,145,1
Blood,Large (+++),Large,cells/uL,63,82,55,51,84,82,83,115,141,1
Blood,Large (+++),Large,cells/uL,60,89,62,62,83,89,89,111,141,1
Blood,Large (+++),Large,cells/uL,59,87,51,53,106,87,87,110,146,1
Blood,Large (+++),Large,cells/uL,55,79,63,70,77,79,80,115,135,1
Blood,Large (+++),Large,cells/uL,55,86,60,65,92,86,86,110,140,1
Blood,Large (+++),Large,cells/uL,54,81,63,70,85,81,81,114,135,1
Blood,Large (+++),Large,cells/uL,54,83,55,61,89,83,82,111,141,1
Blood,Large (+++),Large,cells/uL,56,83,55,59,86,83,83,111,141,1
Blood,Large (+++),Large,cells/uL,53,84,55,62,94,84,83,110,142,1
Blood,Large (+++),Large,cells/uL,54,79,58,65,81,79,80,113,138,1
Blood,Large (+++),Large,cells/uL,61,89,55,55,97,89,89,110,145,1
Blood,Large (+++),Large,cells/uL,66,79,62,53,55,79,82,119,136,1
Blood,Large (+++),Large,cells/uL,54,80,55,61,83,80,80,112,140,1
Blood,Large (+++),Large,cells/uL,57,85,61,64,84,85,85,112,139,1
Blood,Large (+++),Large,cells/uL,53,79,54,61,84,79,79,112,140,1
Blood,Large (+++),Large,cells/uL,57,82,54,57,87,82,82,112,141,1
Blood,Large (+++),Large,cells/uL,58,92,56,58,100,92,91,108,145,1
Blood,Large (+++),Large,cells/uL,55,85,56,61,90,85,85,110,142,1
Blood,Large (+++),Large,cells/uL,60,80,65,68,64,80,82,116,134,1
Blood,Large (+++),Large,cells/uL,58,81,56,58,79,81,82,114,140,1
Blood,Large (+++),Large,cells/uL,55,88,53,58,101,88,87,108,144,1
Blood,Large (+++),Large,cells/uL,54,81,58,64,85,81,81,112,138,1
Blood,Large (+++),Large,cells/uL,56,77,56,60,70,77,78,115,138,1
Blood,Large (+++),Large,cells/uL,57,80,61,65,73,80,81,115,137,1
Blood,Large (+++),Large,cells/uL,61,83,59,58,74,83,84,114,139,1
Blood,Large (+++),Large,cells/uL,48,81,62,73,104,81,80,111,135,1
Blood,Large (+++),Large,cells/uL,55,80,67,74,80,80,81,115,132,1
Blood,Large (+++),Large,cells/uL,64,85,63,59,66,85,86,115,138,1
Blood,Large (+++),Large,cells/uL,48,80,56,68,102,80,79,110,138,1
Blood,Large (+++),Large,cells/uL,56,81,48,53,104,81,81,111,145,1
Blood,Large (+++),Large,cells/uL,59,85,64,66,78,85,86,113,137,1
Blood,Large (+++),Large,cells/uL,54,80,47,54,105,80,80,111,144,1
Blood,Large (+++),Large,cells/uL,56,87,56,60,91,87,86,110,143,1
Blood,Large (+++),Large,cells/uL,66,82,59,51,72,82,84,117,140,1
Blood,Large (+++),Large,cells/uL,52,84,50,58,103,84,83,108,144,1
Blood,Large (+++),Large,cells/uL,60,86,63,63,77,86,87,113,138,1
Blood,Large (+++),Large,cells/uL,53,84,60,67,94,84,84,110,139,1
Blood,Large (+++),Large,cells/uL,59,80,48,50,102,80,81,113,144,1
Blood,Large (+++),Large,cells/uL,58,82,56,58,81,82,82,113,140,1
Blood,Large (+++),Large,cells/uL,60,83,53,53,92,83,83,113,143,1
Blood,Large (+++),Large,cells/uL,49,78,68,80,95,78,78,115,130,1
Blood,Large (+++),Large,cells/uL,60,84,57,57,82,84,85,113,141,1
Blood,Large (+++),Large,cells/uL,56,88,56,60,93,88,87,109,143,1
Blood,Large (+++),Large,cells/uL,59,82,66,69,72,82,83,115,135,1
Blood,Large (+++),Large,cells/uL,60,88,56,56,93,88,88,110,143,1
Blood,Large (+++),Large,cells/uL,61,82,58,56,75,82,83,115,139,1
Blood,Large (+++),Large,cells/uL,64,79,59,53,65,79,81,118,138,1
Blood,Large (+++),Large,cells/uL,59,85,56,57,87,85,85,112,142,1
Blood,Large (+++),Large,cells/uL,65,78,64,58,46,78,81,120,134,1
Blood,Large (+++),Large,cells/uL,62,91,52,52,109,91,90,109,147,1
Blood,Large (+++),Large,cells/uL,54,89,50,57,112,89,88,106,147,1
Blood,Large (+++),Large,cells/uL,51,81,59,68,94,81,81,112,138,1
Blood,Large (+++),Large,cells/uL,63,82,56,52,81,82,83,115,141,1
Blood,Large (+++),Large,cells/uL,58,85,60,62,81,85,85,112,139,1
Blood,Large (+++),Large,cells/uL,56,75,54,57,71,75,76,116,138,1
Blood,Large (+++),Large,cells/uL,63,84,57,53,82,84,85,114,141,1
Blood,Large (+++),Large,cells/uL,61,78,57,54,69,78,80,116,138,1
Blood,Large (+++),Large,cells/uL,58,81,58,60,72,81,82,114,139,1
Blood,Large (+++),Large,cells/uL,56,77,59,64,70,77,78,116,136,1
Blood,Large (+++),Large,cells/uL,52,84,63,70,97,84,84,111,137,1
Blood,Large (+++),Large,cells/uL,56,78,57,61,72,78,79,115,138,1
Blood,Large (+++),Large,cells/uL,54,85,57,63,93,85,84,110,141,1
Blood,Large (+++),Large,cells/uL,64,88,57,53,90,88,89,112,143,1
Blood,Large (+++),Large,cells/uL,60,81,58,57,72,81,82,114,139,1
Blood,Large (+++),Large,cells/uL,56,86,64,68,89,86,86,112,137,1
Blood,Large (+++),Large,cells/uL,60,87,62,62,79,87,87,112,139,1
Blood,Large (+++),Large,cells/uL,59,78,65,69,62,78,80,117,133,1
Blood,Large (+++),Large,cells/uL,64,82,57,52,78,82,83,116,141,1
Blood,Large (+++),Large,cells/uL,59,85,57,58,84,85,85,112,141,1
Blood,Large (+++),Large,cells/uL,52,84,60,68,97,84,83,110,139,1
Blood,Large (+++),Large,cells/uL,60,84,57,57,82,84,85,113,141,1
Blood,Large (+++),Large,cells/uL,61,83,56,54,83,83,84,114,141,1
Blood,Large (+++),Large,cells/uL,56,76,57,62,67,76,77,116,137,1
Blood,Large (+++),Large,cells/uL,60,84,64,65,73,84,85,114,137,1
Blood,Large (+++),Large,cells/uL,56,85,61,65,87,85,85,112,138,1
Blood,Large (+++),Large,cells/uL,66,84,54,48,91,84,85,115,143,1
Blood,Large (+++),Large,cells/uL,60,90,57,57,94,90,90,109,144,1
Blood,Large (+++),Large,cells/uL,60,88,62,62,81,88,88,111,140,1
Blood,Large (+++),Large,cells/uL,58,80,58,60,70,80,81,114,138,1
Blood,Large (+++),Large,cells/uL,59,87,59,60,82,87,87,111,141,1
Blood,Large (+++),Large,cells/uL,55,85,61,66,90,85,85,111,138,1
Blood,Large (+++),Large,cells/uL,59,80,57,57,73,80,81,115,139,1
Blood,Large (+++),Large,cells/uL,61,77,50,48,89,77,78,116,142,1
Blood,Large (+++),Large,cells/uL,63,85,60,56,75,85,86,114,140,1
Blood,Large (+++),Large,cells/uL,53,86,59,65,98,86,85,109,140,1
Blood,Large (+++),Large,cells/uL,51,89,59,66,109,89,88,107,141,1
Blood,Large (+++),Large,cells/uL,55,81,50,55,98,81,81,111,143,1
Blood,Large (+++),Large,cells/uL,59,84,57,58,82,84,84,112,141,1
Blood,Large (+++),Large,cells/uL,62,77,56,51,70,77,79,117,138,1
Blood,Large (+++),Large,cells/uL,54,82,58,64,87,82,82,112,139,1
Blood,Large (+++),Large,cells/uL,59,82,54,55,87,82,82,113,142,1
Blood,Large (+++),Large,cells/uL,64,93,59,56,93,93,93,110,144,1
Blood,Large (+++),Large,cells/uL,54,89,52,58,106,89,88,107,146,1
Leukocytes,Negative,Negative,Leu/uL,229,233,182,32,56,233,232,118,152,0
Leukocytes,Negative,Negative,Leu/uL,228,230,177,31,59,230,230,119,154,1
Leukocytes,Negative,Negative,Leu/uL,228,230,182,31,53,230,230,120,151,1
Leukocytes,Negative,Negative,Leu/uL,229,231,181,31,55,231,231,119,152,1
Leukocytes,Negative,Negative,Leu/uL,228,236,181,34,59,236,234,117,154,1
Leukocytes,Negative,Negative,Leu/uL,232,235,184,32,55,235,234,119,153,1
Leukocytes,Negative,Negative,Leu/uL,235,229,180,27,60,235,230,122,153,1
Leukocytes,Negative,Negative,Leu/uL,236,232,171,28,70,236,232,120,158,1
Leukocytes,Negative,Negative,Leu/uL,228,234,172,33,68,234,232,116,157,1
Leukocytes,Negative,Negative,Leu/uL,234,230,183,28,56,234,231,122,151,1
Leukocytes,Negative,Negative,Leu/uL,228,228,178,30,56,228,228,120,152,1
Leukocytes,Negative,Negative,Leu/uL,225,237,181,36,60,237,234,115,154,1
Leukocytes,Negative,Negative,Leu/uL,227,229,187,31,47,229,229,121,148,1
Leukocytes,Negative,Negative,Leu/uL,235,238,184,32,58,238,237,118,154,1
Leukocytes,Negative,Negative,Leu/uL,230,228,181,29,54,230,229,121,151,1
Leukocytes,Negative,Negative,Leu/uL,226,226,186,30,45,226,227,122,148,1
Leukocytes,Negative,Negative,Leu/uL,226,238,186,37,56,238,235,115,152,1
Leukocytes,Negative,Negative,Leu/uL,231,235,180,32,60,235,234,118,154,1
Leukocytes,Negative,Negative,Leu/uL,236,233,183,28,57,236,233,121,153,1
Leukocytes,Negative,Negative,Leu/uL,226,229,184,32,50,229,229,120,150,1
Leukocytes,Negative,Negative,Leu/uL,230,230,176,30,60,230,230,120,154,1
Leukocytes,Negative,Negative,Leu/uL,224,238,180,37,62,238,234,114,155,1
Leukocytes,Negative,Negative,Leu/uL,228,239,178,35,65,239,236,115,156,1
Leukocytes,Negative,Negative,Leu/uL,226,230,188,33,47,230,230,120,148,1
Leukocytes,Negative,Negative,Leu/uL,237,236,185,29,56,237,236,120,153,1
Leukocytes,Negative,Negative,Leu/uL,227,241,183,37,61,241,237,114,155,1
Leukocytes,Negative,Negative,Leu/uL,232,233,181,31,57,233,233,119,153,1
Leukocytes,Negative,Negative,Leu/uL,236,235,188,29,52,236,235,121,151,1
Leukocytes,Negative,Negative,Leu/uL,230,230,180,30,55,230,230,120,152,1
Leukocytes,Negative,Negative,Leu/uL,229,230,178,31,58,230,230,119,153,1
Leukocytes,Negative,Negative,Leu/uL,234,231,183,28,56,234,232,121,152,1
Leukocytes,Negative,Negative,Leu/uL,230,231,188,31,47,231,231,121,149,1
Leukocytes,Negative,Negative,Leu/uL,225,234,183,35,56,234,232,117,152,1
Leukocytes,Negative,Negative,Leu/uL,229,228,185,29,49,229,229,121,149,1
Leukocytes,Negative,Negative,Leu/uL,232,230,185,29,52,232,231,121,150,1
Leukocytes,Negative,Negative,Leu/uL,230,228,179,29,57,230,229,121,152,1
Leukocytes,Negative,Negative,Leu/uL,234,234,180,30,59,234,234,119,154,1
Leukocytes,Negative,Negative,Leu/uL,226,231,180,33,56,231,230,118,152,1
Leukocytes,Negative,Negative,Leu/uL,226,226,187,30,44,226,227,122,147,1
Leukocytes,Negative,Negative,Leu/uL,233,228,183,27,55,233,230,123,151,1
Leukocytes,Negative,Negative,Leu/uL,225,232,181,34,56,232,231,117,152,1
Leukocytes,Negative,Negative,Leu/uL,227,241,180,37,65,241,237,114,156,1
Leukocytes,Negative,Negative,Leu/uL,226,230,186,33,49,230,230,119,149,1
Leukocytes,Negative,Negative,Leu/uL,222,230,188,36,47,230,229,118,148,1
Leukocytes,Negative,Negative,Leu/uL,230,234,191,33,47,234,233,120,148,1
Leukocytes,Negative,Negative,Leu/uL,230,230,181,30,54,230,230,120,152,1
Leukocytes,Negative,Negative,Leu/uL,224,238,184,38,58,238,234,114,153,1
Leukocytes,Negative,Negative,Leu/uL,233,238,180,33,62,238,236,117,156,1
Leukocytes,Negative,Negative,Leu/uL,225,233,179,34,59,233,231,116,153,1
Leukocytes,Negative,Negative,Leu/uL,230,238,181,34,61,238,235,116,155,1
Leukocytes,Negative,Negative,Leu/uL,230,233,185,32,53,233,232,119,151,1
Leukocytes,Negative,Negative,Leu/uL,226,224,184,29,47,226,226,122,148,1
Leukocytes,Negative,Negative,Leu/uL,233,235,179,31,61,235,234,118,155,1
Leukocytes,Negative,Negative,Leu/uL,224,235,183,36,56,235,232,116,152,1
Leukocytes,Negative,Negative,Leu/uL,228,240,178,36,66,240,236,114,157,1
Leukocytes,Negative,Negative,Leu/uL,236,233,175,29,66,236,233,120,157,1
Leukocytes,Negative,Negative,Leu/uL,228,237,181,35,60,237,234,116,154,1
Leukocytes,Negative,Negative,Leu/uL,223,232,179,35,58,232,230,116,153,1
Leukocytes,Negative,Negative,Leu/uL,231,236,178,33,63,236,234,117,156,1
Leukocytes,Negative,Negative,Leu/uL,226,236,179,35,62,236,233,115,155,1
Leukocytes,Negative,Negative,Leu/uL,225,228,183,32,50,228,228,120,150,1
Leukocytes,Negative,Negative,Leu/uL,230,230,182,30,53,230,230,120,151,1
Leukocytes,Negative,Negative,Leu/uL,235,229,174,27,66,235,230,121,156,1
Leukocytes,Negative,Negative,Leu/uL,231,233,179,31,59,233,232,119,154,1
Leukocytes,Negative,Negative,Leu/uL,232,236,173,32,68,236,234,117,158,1
Leukocytes,Negative,Negative,Leu/uL,226,242,184,38,61,242,238,113,154,1
Leukocytes,Negative,Negative,Leu/uL,232,238,182,33,60,238,236,117,155,1
Leukocytes,Negative,Negative,Leu/uL,232,236,184,32,56,236,235,118,153,1
Leukocytes,Negative,Negative,Leu/uL,228,234,180,33,59,234,232,117,154,1
Leukocytes,Negative,Negative,Leu/uL,229,228,179,29,56,229,229,121,152,1
Leukocytes,Negative,Negative,Leu/uL,228,229,180,31,55,229,229,120,152,1
Leukocytes,Negative,Negative,Leu/uL,228,235,186,34,53,235,233,118,151,1
Leukocytes,Negative,Negative,Leu/uL,227,238,186,36,56,238,235,116,152,1
Leukocytes,Negative,Negative,Leu/uL,231,234,183,32,56,234,233,119,152,1
Leukocytes,Negative,Negative,Leu/uL,234,238,187,32,55,238,236,118,152,1
Leukocytes,Negative,Negative,Leu/uL,229,235,187,34,52,235,234,118,151,1
Leukocytes,Negative,Negative,Leu/uL,227,232,182,33,55,232,231,118,152,1
Leukocytes,Negative,Negative,Leu/uL,233,237,181,32,60,237,235,118,155,1
Leukocytes,Negative,Negative,Leu/uL,223,234,178,36,61,234,231,115,154,1
Leukocytes,Negative,Negative,Leu/uL,223,228,183,33,50,228,228,119,149,1
Leukocytes,Negative,Negative,Leu/uL,234,233,183,29,56,234,233,120,152,1
Leukocytes,Negative,Negative,Leu/uL,234,227,184,26,54,234,229,124,150,1
Leukocytes,Negative,Negative,Leu/uL,229,235,180,33,60,235,233,117,154,1
Leukocytes,Negative,Negative,Leu/uL,226,234,189,35,49,234,232,118,149,1
Leukocytes,Negative,Negative,Leu/uL,232,231,177,29,60,232,231,120,154,1
Leukocytes,Negative,Negative,Leu/uL,222,238,178,38,64,238,234,113,155,1
Leukocytes,Negative,Negative,Leu/uL,228,238,176,35,66,238,235,115,157,1
Leukocytes,Negative,Negative,Leu/uL,235,232,177,28,63,235,232,120,155,1
Leukocytes,Negative,Negative,Leu/uL,228,230,184,31,51,230,230,120,150,1
Leukocytes,Negative,Negative,Leu/uL,226,225,181,29,51,226,226,121,150,1
Leukocytes,Negative,Negative,Leu/uL,224,234,177,35,62,234,231,116,155,1
Leukocytes,Negative,Negative,Leu/uL,227,234,181,34,58,234,232,117,153,1
Leukocytes,Negative,Negative,Leu/uL,230,236,177,33,64,236,234,117,156,1
Leukocytes,Negative,Negative,Leu/uL,229,220,183,24,51,229,224,125,147,1
Leukocytes,Negative,Negative,Leu/uL,228,229,183,31,51,229,229,120,150,1
Leukocytes,Negative,Negative,Leu/uL,234,231,178,28,61,234,231,121,154,1
Leukocytes,Negative,Negative,Leu/uL,230,228,179,29,57,230,229,121,152,1
Leukocytes,Negative,Negative,Leu/uL,234,233,174,30,65,234,233,119,157,1
Leukocytes,Negative,Negative,Leu/uL,222,234,185,37,53,234,231,116,150,1
Leukocytes,Negative,Negative,Leu/uL,223,235,187,38,52,235,232,116,150,1
Leukocytes,Negative,Negative,Leu/uL,237,234,184,28,57,237,234,121,153,1
Leukocytes,Negative,Negative,Leu/uL,220,241,180,40,65,241,236,111,155,1
Leukocytes,Negative,Negative,Leu/uL,225,232,188,35,48,232,231,118,149,1
Leukocytes,Negative,Negative,Leu/uL,238,234,186,28,56,238,235,122,152,1
Leukocytes,Negative,Negative,Leu/uL,229,229,188,30,46,229,230,121,148,1
Leukocytes,Negative,Negative,Leu/uL,227,239,187,37,55,239,236,115,152,1
Leukocytes,Negative,Negative,Leu/uL,231,240,191,36,52,240,237,117,151,1
Leukocytes,Negative,Negative,Leu/uL,228,230,175,31,61,230,230,119,155,1
Leukocytes,Negative,Negative,Leu/uL,238,231,187,26,55,238,233,123,150,1
Leukocytes,Negative,Negative,Leu/uL,226,239,179,37,64,239,235,114,156,1
Leukocytes,Negative,Negative,Leu/uL,224,232,180,35,57,232,230,117,152,1
Leukocytes,Negative,Negative,Leu/uL,231,233,185,31,53,233,233,120,151,1
Leukocytes,Negative,Negative,Leu/uL,228,230,180,31,55,230,230,119,152,1
Leukocytes,Negative,Negative,Leu/uL,237,234,174,29,68,237,234,120,158,1
Leukocytes,Negative,Negative,Leu/uL,227,233,189,34,48,233,232,119,149,1
Leukocytes,Negative,Negative,Leu/uL,233,229,192,27,45,233,231,123,147,1
Leukocytes,Negative,Negative,Leu/uL,229,238,177,34,65,238,235,115,157,1
Leukocytes,Negative,Negative,Leu/uL,219,227,169,34,65,227,226,116,156,1
Leukocytes,Negative,Negative,Leu/uL,237,234,178,28,63,237,234,120,156,1
Leukocytes,Negative,Negative,Leu/uL,231,234,184,32,54,234,233,119,152,1
Leukocytes,Negative,Negative,Leu/uL,234,232,178,29,61,234,232,120,155,1
Leukocytes,Negative,Negative,Leu/uL,232,236,182,32,58,236,235,118,154,1
Leukocytes,Negative,Negative,Leu/uL,238,231,178,27,64,238,232,122,155,1
Leukocytes,Negative,Negative,Leu/uL,231,230,184,29,52,231,231,121,151,1
Leukocytes,Negative,Negative,Leu/uL,226,231,190,34,45,231,231,120,147,1
Leukocytes,Negative,Negative,Leu/uL,227,230,187,32,48,230,230,120,149,1
Leukocytes,Negative,Negative,Leu/uL,225,230,184,33,51,230,229,119,150,1
Leukocytes,Negative,Negative,Leu/uL,233,238,179,33,63,238,236,117,156,1
Leukocytes,Negative,Negative,Leu/uL,231,231,180,30,56,231,231,120,153,1
Leukocytes,Negative,Negative,Leu/uL,234,231,183,28,56,234,232,121,152,1
Leukocytes,Negative,Negative,Leu/uL,230,229,186,29,49,230,230,121,149,1
Leukocytes,Negative,Negative,Leu/uL,231,225,183,26,53,231,227,123,149,1
Leukocytes,Negative,Negative,Leu/uL,226,237,176,35,66,237,234,114,156,1
Leukocytes,Negative,Negative,Leu/uL,228,234,182,33,57,234,232,118,153,1
Leukocytes,Negative,Negative,Leu/uL,232,227,189,27,47,232,229,124,147,1
Leukocytes,Negative,Negative,Leu/uL,231,238,185,34,57,238,236,117,153,1
Leukocytes,Negative,Negative,Leu/uL,229,228,180,29,55,229,229,121,152,1
Leukocytes,Negative,Negative,Leu/uL,235,239,180,32,63,239,237,117,156,1
Leukocytes,Negative,Negative,Leu/uL,218,232,181,38,56,232,229,115,151,1
Leukocytes,Negative,Negative,Leu/uL,228,235,186,34,53,235,233,118,151,1
Leukocytes,Negative,Negative,Leu/uL,233,235,175,31,65,235,234,118,157,1
Leukocytes,Negative,Negative,Leu/uL,228,242,183,37,62,242,238,114,155,1
Leukocytes,Negative,Negative,Leu/uL,230,234,184,32,54,234,233,119,152,1
Leukocytes,Negative,Negative,Leu/uL,219,232,182,38,55,232,229,115,151,1
Leukocytes,Negative,Negative,Leu/uL,234,233,175,29,64,234,233,119,156,1
Leukocytes,Negative,Negative,Leu/uL,231,230,177,29,60,231,230,120,154,1
Leukocytes,Negative,Negative,Leu/uL,226,235,187,36,52,235,233,117,150,1
Leukocytes,Negative,Negative,Leu/uL,231,236,184,33,56,236,234,118,153,1
Leukocytes,Negative,Negative,Leu/uL,229,236,172,33,69,236,234,116,158,1
Leukocytes,Negative,Negative,Leu/uL,229,229,187,30,47,229,230,121,149,1
Leukocytes,Trace,Trace,Leu/uL,216,212,182,26,40,216,216,124,143,0
Leukocytes,Trace,Trace,Leu/uL,215,212,176,28,46,215,215,123,146,1
Leukocytes,Trace,Trace,Leu/uL,220,215,184,26,42,220,219,125,144,1
Leukocytes,Trace,Trace,Leu/uL,213,209,183,26,36,213,213,125,141,1
Leukocytes,Trace,Trace,Leu/uL,213,214,173,31,49,214,216,121,148,1
Leukocytes,Trace,Trace,Leu/uL,214,219,184,34,41,219,220,120,145,1
Leukocytes,Trace,Trace,Leu/uL,217,220,173,32,54,220,221,119,151,1
Leukocytes,Trace,Trace,Leu/uL,213,210,185,27,34,213,214,125,141,1
Leukocytes,Trace,Trace,Leu/uL,220,209,186,20,39,220,215,128,141,1
Leukocytes,Trace,Trace,Leu/uL,214,217,178,32,46,217,218,121,147,1
Leukocytes,Trace,Trace,Leu/uL,216,210,186,24,35,216,215,126,141,1
Leukocytes,Trace,Trace,Leu/uL,214,212,184,28,36,214,215,124,142,1
Leukocytes,Trace,Trace,Leu/uL,218,216,183,28,41,218,219,123,145,1
Leukocytes,Trace,Trace,Leu/uL,214,211,182,27,38,214,215,124,143,1
Leukocytes,Trace,Trace,Leu/uL,217,211,182,25,41,217,215,125,143,1
Leukocytes,Trace,Trace,Leu/uL,210,215,183,35,38,215,217,121,143,1
Leukocytes,Trace,Trace,Leu/uL,220,212,175,25,52,220,216,125,147,1
Leukocytes,Trace,Trace,Leu/uL,215,211,185,26,36,215,215,125,141,1
Leukocytes,Trace,Trace,Leu/uL,208,212,184,34,34,212,214,122,141,1
Leukocytes,Trace,Trace,Leu/uL,213,212,179,29,41,213,215,123,144,1
Leukocytes,Trace,Trace,Leu/uL,213,210,179,27,41,213,214,124,144,1
Leukocytes,Trace,Trace,Leu/uL,219,209,178,23,48,219,214,126,145,1
Leukocytes,Trace,Trace,Leu/uL,223,216,175,26,55,223,219,124,149,1
Leukocytes,Trace,Trace,Leu/uL,213,213,183,30,36,213,216,123,143,1
Leukocytes,Trace,Trace,Leu/uL,210,217,185,37,38,217,218,120,143,1
Leukocytes,Trace,Trace,Leu/uL,218,217,184,29,40,218,219,123,144,1
Leukocytes,Trace,Trace,Leu/uL,218,218,186,30,37,218,220,123,144,1
Leukocytes,Trace,Trace,Leu/uL,213,215,179,32,43,215,217,121,146,1
Leukocytes,Trace,Trace,Leu/uL,218,214,176,27,49,218,217,123,147,1
Leukocytes,Trace,Trace,Leu/uL,216,213,180,27,43,216,216,124,145,1
Leukocytes,Trace,Trace,Leu/uL,217,215,182,28,41,217,218,123,145,1
Leukocytes,Trace,Trace,Leu/uL,217,218,184,31,40,218,220,122,145,1
Leukocytes,Trace,Trace,Leu/uL,217,208,185,22,38,217,213,127,141,1
Leukocytes,Trace,Trace,Leu/uL,217,217,182,30,41,217,219,122,145,1
Leukocytes,Trace,Trace,Leu/uL,209,205,185,25,29,209,210,126,138,1
Leukocytes,Trace,Trace,Leu/uL,214,214,182,30,38,214,217,123,144,1
Leukocytes,Trace,Trace,Leu/uL,215,212,179,27,43,215,215,123,145,1
Leukocytes,Trace,Trace,Leu/uL,216,210,181,25,41,216,214,125,143,1
Leukocytes,Trace,Trace,Leu/uL,215,211,186,26,34,215,215,125,141,1
Leukocytes,Trace,Trace,Leu/uL,215,216,188,31,33,216,218,123,142,1
Leukocytes,Trace,Trace,Leu/uL,219,214,183,26,42,219,218,125,144,1
Leukocytes,Trace,Trace,Leu/uL,219,212,186,24,38,219,217,126,142,1
Leukocytes,Trace,Trace,Leu/uL,218,211,186,23,37,218,216,126,141,1
Leukocytes,Trace,Trace,Leu/uL,216,212,180,27,43,216,216,124,144,1
Leukocytes,Trace,Trace,Leu/uL,217,216,186,29,36,217,219,123,143,1
Leukocytes,Trace,Trace,Leu/uL,217,214,187,27,35,217,217,125,142,1
Leukocytes,Trace,Trace,Leu/uL,215,208,187,23,33,215,213,127,139,1
Leukocytes,Trace,Trace,Leu/uL,214,209,175,26,46,214,213,124,146,1
Leukocytes,Trace,Trace,Leu/uL,218,206,179,21,46,218,212,128,143,1
Leukocytes,Trace,Trace,Leu/uL,218,215,179,28,46,218,218,123,146,1
Leukocytes,Trace,Trace,Leu/uL,215,209,180,25,42,215,213,125,143,1
Leukocytes,Trace,Trace,Leu/uL,217,210,181,24,42,217,215,126,143,1
Leukocytes,Trace,Trace,Leu/uL,210,217,184,36,39,217,218,120,143,1
Leukocytes,Trace,Trace,Leu/uL,219,217,179,29,47,219,219,122,147,1
Leukocytes,Trace,Trace,Leu/uL,215,204,195,14,24,215,211,130,134,1
Leukocytes,Trace,Trace,Leu/uL,215,216,177,31,46,216,218,121,147,1
Leukocytes,Trace,Trace,Leu/uL,220,219,182,29,44,220,221,122,146,1
Leukocytes,Trace,Trace,Leu/uL,212,211,173,29,47,212,214,122,147,1
Leukocytes,Trace,Trace,Leu/uL,216,215,182,29,40,216,218,123,144,1
Leukocytes,Trace,Trace,Leu/uL,215,214,184,29,37,215,217,123,143,1
Leukocytes,Trace,Trace,Leu/uL,209,212,192,35,24,212,215,123,138,1
Leukocytes,Trace,Trace,Leu/uL,211,212,190,31,26,212,215,124,139,1
Leukocytes,Trace,Trace,Leu/uL,220,210,183,22,43,220,215,127,143,1
Leukocytes,Trace,Trace,Leu/uL,216,209,182,24,40,216,214,126,142,1
Leukocytes,Trace,Trace,Leu/uL,215,212,179,27,43,215,215,123,145,1
Leukocytes,Trace,Trace,Leu/uL,211,212,189,31,28,212,215,124,139,1
Leukocytes,Trace,Trace,Leu/uL,216,211,185,25,37,216,215,125,142,1
Leukocytes,Trace,Trace,Leu/uL,215,219,182,33,43,219,220,120,146,1
Leukocytes,Trace,Trace,Leu/uL,219,209,184,21,41,219,214,127,142,1
Leukocytes,Trace,Trace,Leu/uL,217,212,180,26,43,217,216,124,144,1
Leukocytes,Trace,Trace,Leu/uL,213,213,185,30,34,213,216,123,142,1
Leukocytes,Trace,Trace,Leu/uL,215,213,182,28,39,215,216,123,144,1
Leukocytes,Trace,Trace,Leu/uL,216,211,182,26,40,216,215,125,143,1
Leukocytes,Trace,Trace,Leu/uL,227,213,185,20,47,227,219,128,144,1
Leukocytes,Trace,Trace,Leu/uL,218,211,187,23,36,218,216,126,141,1
Leukocytes,Trace,Trace,Leu/uL,215,216,181,31,41,216,218,122,145,1
Leukocytes,Trace,Trace,Leu/uL,212,213,178,31,42,213,215,122,145,1
Leukocytes,Trace,Trace,Leu/uL,218,207,181,21,43,218,213,127,142,1
Leukocytes,Trace,Trace,Leu/uL,210,223,175,38,55,223,221,116,150,1
Leukocytes,Trace,Trace,Leu/uL,216,217,186,31,36,217,219,122,143,1
Leukocytes,Trace,Trace,Leu/uL,219,211,187,23,37,219,216,127,141,1
Leukocytes,Trace,Trace,Leu/uL,220,213,183,24,43,220,217,125,144,1
Leukocytes,Trace,Trace,Leu/uL,215,208,187,23,33,215,213,127,139,1
Leukocytes,Trace,Trace,Leu/uL,221,208,181,20,46,221,214,128,143,1
Leukocytes,Trace,Trace,Leu/uL,215,212,182,27,39,215,215,124,143,1
Leukocytes,Trace,Trace,Leu/uL,220,209,179,22,48,220,214,127,144,1
Leukocytes,Trace,Trace,Leu/uL,221,210,177,23,51,221,215,126,146,1
Leukocytes,Trace,Trace,Leu/uL,214,211,188,27,31,214,215,125,140,1
Leukocytes,Trace,Trace,Leu/uL,220,217,185,27,41,220,220,124,144,1
Leukocytes,Trace,Trace,Leu/uL,220,209,181,22,45,220,215,127,143,1
Leukocytes,Trace,Trace,Leu/uL,212,211,185,29,32,212,214,124,141,1
Leukocytes,Trace,Trace,Leu/uL,217,217,177,30,47,217,219,121,148,1
Leukocytes,Trace,Trace,Leu/uL,218,207,182,21,42,218,213,128,142,1
Leukocytes,Trace,Trace,Leu/uL,219,211,184,23,41,219,216,126,142,1
Leukocytes,Trace,Trace,Leu/uL,212,205,184,23,34,212,210,127,139,1
Leukocytes,Trace,Trace,Leu/uL,223,208,187,17,41,223,215,130,140,1
Leukocytes,Trace,Trace,Leu/uL,216,207,177,23,46,216,212,126,144,1
Leukocytes,Trace,Trace,Leu/uL,216,210,177,25,46,216,214,125,145,1
Leukocytes,Trace,Trace,Leu/uL,209,209,183,30,32,209,212,123,141,1
Leukocytes,Trace,Trace,Leu/uL,216,210,183,25,39,216,214,126,142,1
Leukocytes,Trace,Trace,Leu/uL,220,214,182,25,44,220,218,125,145,1
Leukocytes,Trace,Trace,Leu/uL,220,208,181,21,45,220,214,128,143,1
Leukocytes,Trace,Trace,Leu/uL,215,207,180,23,42,215,212,126,142,1
Leukocytes,Trace,Trace,Leu/uL,208,220,178,39,49,220,219,117,147,1
Leukocytes,Trace,Trace,Leu/uL,222,212,184,22,44,222,217,127,143,1
Leukocytes,Trace,Trace,Leu/uL,214,213,185,29,35,214,216,124,142,1
Leukocytes,Trace,Trace,Leu/uL,219,215,181,27,44,219,218,124,145,1
Leukocytes,Trace,Trace,Leu/uL,214,206,184,22,36,214,211,127,140,1
Leukocytes,Trace,Trace,Leu/uL,220,218,183,28,43,220,220,123,145,1
Leukocytes,Trace,Trace,Leu/uL,213,205,186,21,32,213,211,128,138,1
Leukocytes,Trace,Trace,Leu/uL,209,211,181,32,36,211,214,122,143,1
Leukocytes,Trace,Trace,Leu/uL,216,212,183,26,39,216,216,125,143,1
Leukocytes,Trace,Trace,Leu/uL,206,212,173,35,47,212,213,119,147,1
Leukocytes,Trace,Trace,Leu/uL,219,210,173,24,54,219,215,125,148,1
Leukocytes,Trace,Trace,Leu/uL,213,210,187,27,31,213,214,125,140,1
Leukocytes,Trace,Trace,Leu/uL,217,213,187,26,35,217,217,125,141,1
Leukocytes,Trace,Trace,Leu/uL,216,215,185,29,37,216,218,123,143,1
Leukocytes,Trace,Trace,Leu/uL,211,218,176,35,49,218,218,119,148,1
Leukocytes,Trace,Trace,Leu/uL,220,206,184,18,42,220,213,129,141,1
Leukocytes,Trace,Trace,Leu/uL,223,211,181,21,48,223,216,127,144,1
Leukocytes,Trace,Trace,Leu/uL,218,211,189,23,34,218,216,127,140,1
Leukocytes,Trace,Trace,Leu/uL,217,211,180,25,43,217,215,125,144,1
Leukocytes,Trace,Trace,Leu/uL,212,209,181,27,37,212,213,124,142,1
Leukocytes,Trace,Trace,Leu/uL,214,209,190,24,29,214,214,126,138,1
Leukocytes,Trace,Trace,Leu/uL,212,213,184,31,35,213,216,123,142,1
Leukocytes,Trace,Trace,Leu/uL,219,212,181,24,44,219,216,125,144,1
Leukocytes,Trace,Trace,Leu/uL,218,213,181,26,43,218,217,124,144,1
Leukocytes,Trace,Trace,Leu/uL,210,210,177,30,40,210,213,122,144,1
Leukocytes,Trace,Trace,Leu/uL,213,212,183,29,36,213,215,123,143,1
Leukocytes,Trace,Trace,Leu/uL,223,210,185,20,43,223,216,128,142,1
Leukocytes,Trace,Trace,Leu/uL,217,217,184,30,39,217,219,123,144,1
Leukocytes,Trace,Trace,Leu/uL,212,205,183,23,35,212,210,127,140,1
Leukocytes,Trace,Trace,Leu/uL,214,208,177,25,44,214,212,125,144,1
Leukocytes,Trace,Trace,Leu/uL,217,218,180,31,44,218,220,121,147,1
Leukocytes,Trace,Trace,Leu/uL,218,212,177,26,48,218,216,124,146,1
Leukocytes,Trace,Trace,Leu/uL,219,208,182,21,43,219,214,127,142,1
Leukocytes,Trace,Trace,Leu/uL,215,216,178,31,45,216,218,121,147,1
Leukocytes,Trace,Trace,Leu/uL,218,209,180,23,44,218,214,126,144,1
Leukocytes,Trace,Trace,Leu/uL,201,220,184,46,42,220,218,115,144,1
Leukocytes,Trace,Trace,Leu/uL,213,208,180,25,40,213,212,125,143,1
Leukocytes,Trace,Trace,Leu/uL,219,204,181,18,44,219,211,130,141,1
Leukocytes,Trace,Trace,Leu/uL,223,207,182,18,47,223,214,130,142,1
Leukocytes,Trace,Trace,Leu/uL,225,215,183,23,48,225,220,126,145,1
Leukocytes,Trace,Trace,Leu/uL,218,210,187,22,36,218,215,127,140,1
Leukocytes,Trace,Trace,Leu/uL,214,204,180,21,41,214,210,128,141,1
Leukocytes,Trace,Trace,Leu/uL,212,211,181,29,37,212,214,123,143,1
Leukocytes,Trace,Trace,Leu/uL,221,215,183,25,44,221,219,125,145,1
Leukocytes,Trace,Trace,Leu/uL,216,208,173,24,51,216,213,125,146,1
Leukocytes,Trace,Trace,Leu/uL,216,215,182,29,40,216,218,123,144,1
Leukocytes,Trace,Trace,Leu/uL,214,214,182,30,38,214,217,123,144,1
Leukocytes,Small (+),15,Leu/uL,188,183,162,24,35,188,190,126,139,0
Leukocytes,Small (+),15,Leu/uL,195,188,166,23,38,195,195,127,140,1
Leukocytes,Small (+),15,Leu/uL,191,178,165,15,35,191,187,130,136,1
Leukocytes,Small (+),15,Leu/uL,190,185,164,24,35,190,191,126,139,1
Leukocytes,Small (+),15,Leu/uL,190,194,162,34,42,194,197,121,144,1
Leukocytes,Small (+),15,Leu/uL,192,181,165,18,36,192,189,129,137,1
Leukocytes,Small (+),15,Leu/uL,192,184,169,20,31,192,191,128,137,1
Leukocytes,Small (+),15,Leu/uL,184,181,163,26,29,184,187,126,138,1
Leukocytes,Small (+),15,Leu/uL,192,184,167,20,33,192,191,128,138,1
Leukocytes,Small (+),15,Leu/uL,185,178,163,20,30,185,186,128,137,1
Leukocytes,Small (+),15,Leu/uL,188,185,162,27,35,188,191,125,140,1
Leukocytes,Small (+),15,Leu/uL,187,183,162,25,34,187,189,126,139,1
Leukocytes,Small (+),15,Leu/uL,187,182,160,24,37,187,189,126,140,1
Leukocytes,Small (+),15,Leu/uL,191,184,171,20,27,191,191,128,135,1
Leukocytes,Small (+),15,Leu/uL,189,181,173,15,22,189,189,129,133,1
Leukocytes,Small (+),15,Leu/uL,190,187,164,27,35,190,193,125,140,1
Leukocytes,Small (+),15,Leu/uL,190,185,158,25,43,190,191,125,142,1
Leukocytes,Small (+),15,Leu/uL,189,178,161,18,38,189,186,129,138,1
Leukocytes,Small (+),15,Leu/uL,185,184,163,29,30,185,190,125,139,1
Leukocytes,Small (+),15,Leu/uL,190,184,160,24,40,190,191,126,141,1
Leukocytes,Small (+),15,Leu/uL,187,187,166,30,29,187,192,124,139,1
Leukocytes,Small (+),15,Leu/uL,183,177,159,23,33,183,184,127,138,1
Leukocytes,Small (+),15,Leu/uL,192,188,158,26,45,192,194,124,144,1
Leukocytes,Small (+),15,Leu/uL,189,190,164,31,35,190,195,123,141,1
Leukocytes,Small (+),15,Leu/uL,194,187,158,24,47,194,193,126,144,1
Leukocytes,Small (+),15,Leu/uL,187,183,162,25,34,187,189,126,139,1
Leukocytes,Small (+),15,Leu/uL,192,185,150,25,56,192,191,125,147,1
Leukocytes,Small (+),15,Leu/uL,183,174,163,17,28,183,183,129,135,1
Leukocytes,Small (+),15,Leu/uL,189,184,158,25,42,189,190,125,142,1
Leukocytes,Small (+),15,Leu/uL,191,186,157,26,45,191,192,125,143,1
Leukocytes,Small (+),15,Leu/uL,182,183,169,32,20,183,189,125,135,1
Leukocytes,Small (+),15,Leu/uL,195,185,159,22,47,195,192,127,143,1
Leukocytes,Small (+),15,Leu/uL,192,181,159,20,44,192,189,128,141,1
Leukocytes,Small (+),15,Leu/uL,179,183,159,35,33,183,188,122,140,1
Leukocytes,Small (+),15,Leu/uL,188,174,163,13,34,188,184,131,135,1
Leukocytes,Small (+),15,Leu/uL,178,187,164,42,31,187,190,121,139,1
Leukocytes,Small (+),15,Leu/uL,187,185,158,28,40,187,191,124,142,1
Leukocytes,Small (+),15,Leu/uL,188,186,150,28,52,188,191,123,147,1
Leukocytes,Small (+),15,Leu/uL,186,183,161,26,34,186,189,125,140,1
Leukocytes,Small (+),15,Leu/uL,194,179,160,17,45,194,188,130,140,1
Leukocytes,Small (+),15,Leu/uL,180,189,161,40,38,189,192,120,141,1
Leukocytes,Small (+),15,Leu/uL,186,183,165,26,29,186,189,126,137,1
Leukocytes,Small (+),15,Leu/uL,189,194,164,35,39,194,197,121,143,1
Leukocytes,Small (+),15,Leu/uL,186,181,160,24,36,186,188,126,139,1
Leukocytes,Small (+),15,Leu/uL,182,183,165,32,25,183,189,124,137,1
Leukocytes,Small (+),15,Leu/uL,186,180,168,20,25,186,188,128,135,1
Leukocytes,Small (+),15,Leu/uL,182,175,157,22,35,182,183,127,138,1
Leukocytes,Small (+),15,Leu/uL,182,185,161,34,33,185,190,123,140,1
Leukocytes,Small (+),15,Leu/uL,187,188,159,31,39,188,193,123,143,1
Leukocytes,Small (+),15,Leu/uL,191,189,160,28,41,191,194,124,143,1
Leukocytes,Small (+),15,Leu/uL,191,182,166,19,33,191,190,129,137,1
Leukocytes,Small (+),15,Leu/uL,182,176,160,22,31,182,184,127,137,1
Leukocytes,Small (+),15,Leu/uL,184,181,161,26,32,184,187,126,139,1
Leukocytes,Small (+),15,Leu/uL,191,181,159,21,43,191,189,128,141,1
Leukocytes,Small (+),15,Leu/uL,187,180,158,23,40,187,187,127,140,1
Leukocytes,Small (+),15,Leu/uL,182,183,160,31,32,183,188,124,140,1
Leukocytes,Small (+),15,Leu/uL,192,177,160,16,43,192,186,130,139,1
Leukocytes,Small (+),15,Leu/uL,195,179,161,16,44,195,188,131,139,1
Leukocytes,Small (+),15,Leu/uL,183,178,168,20,21,183,186,128,134,1
Leukocytes,Small (+),15,Leu/uL,189,184,155,26,46,189,190,125,143,1
Leukocytes,Small (+),15,Leu/uL,189,188,167,29,30,189,193,125,139,1
Leukocytes,Small (+),15,Leu/uL,191,178,163,16,37,191,187,130,137,1
Leukocytes,Small (+),15,Leu/uL,191,176,158,16,44,191,185,130,139,1
Leukocytes,Small (+),15,Leu/uL,192,187,156,26,48,192,193,125,144,1
Leukocytes,Small (+),15,Leu/uL,191,183,165,21,35,191,190,128,138,1
Leukocytes,Small (+),15,Leu/uL,185,186,165,31,29,186,191,124,139,1
Leukocytes,Small (+),15,Leu/uL,187,183,159,26,38,187,189,125,141,1
Leukocytes,Small (+),15,Leu/uL,195,183,158,20,48,195,191,128,142,1
Leukocytes,Small (+),15,Leu/uL,185,184,165,29,28,185,190,125,138,1
Leukocytes,Small (+),15,Leu/uL,183,190,163,38,36,190,193,121,141,1
Leukocytes,Small (+),15,Leu/uL,190,183,162,23,38,190,190,127,140,1
Leukocytes,Small (+),15,Leu/uL,187,187,162,30,34,187,192,124,141,1
Leukocytes,Small (+),15,Leu/uL,191,181,163,19,37,191,189,129,138,1
Leukocytes,Small (+),15,Leu/uL,185,188,159,33,39,188,192,122,142,1
Leukocytes,Small (+),15,Leu/uL,187,182,161,24,35,187,189,126,139,1
Leukocytes,Small (+),15,Leu/uL,191,182,168,18,31,191,190,129,136,1
Leukocytes,Small (+),15,Leu/uL,185,184,159,29,36,185,190,124,141,1
Leukocytes,Small (+),15,Leu/uL,190,183,161,23,39,190,190,127,140,1
Leukocytes,Small (+),15,Leu/uL,193,180,164,17,38,193,189,130,138,1
Leukocytes,Small (+),15,Leu/uL,185,183,157,28,39,185,189,124,141,1
Leukocytes,Small (+),15,Leu/uL,185,183,169,26,22,185,189,126,135,1
Leukocytes,Small (+),15,Leu/uL,188,190,163,32,36,190,194,123,141,1
Leukocytes,Small (+),15,Leu/uL,186,189,164,34,34,189,193,123,140,1
Leukocytes,Small (+),15,Leu/uL,185,185,161,30,33,185,190,124,140,1
Leukocytes,Small (+),15,Leu/uL,180,187,166,40,29,187,191,122,138,1
Leukocytes,Small (+),15,Leu/uL,195,185,161,21,44,195,192,127,141,1
Leukocytes,Small (+),15,Leu/uL,191,186,169,23,29,191,193,127,137,1
Leukocytes,Small (+),15,Leu/uL,188,182,159,24,39,188,189,126,140,1
Leukocytes,Small (+),15,Leu/uL,190,177,165,14,34,190,186,131,136,1
Leukocytes,Small (+),15,Leu/uL,190,185,163,24,36,190,191,126,140,1
Leukocytes,Small (+),15,Leu/uL,194,186,160,23,45,194,193,127,142,1
Leukocytes,Small (+),15,Leu/uL,186,179,164,20,30,186,187,128,137,1
Leukocytes,Small (+),15,Leu/uL,184,187,167,35,27,187,192,123,138,1
Leukocytes,Small (+),15,Leu/uL,184,182,162,27,30,184,188,125,138,1
Leukocytes,Small (+),15,Leu/uL,192,189,155,28,49,192,194,123,146,1
Leukocytes,Small (+),15,Leu/uL,187,182,156,25,42,187,188,125,142,1
Leukocytes,Small (+),15,Leu/uL,186,185,161,29,34,186,191,124,140,1
Leukocytes,Small (+),15,Leu/uL,182,194,163,42,41,194,196,118,142,1
Leukocytes,Small (+),15,Leu/uL,188,179,163,19,34,188,187,128,137,1
Leukocytes,Small (+),15,Leu/uL,187,175,158,18,40,187,184,129,138,1
Leukocytes,Small (+),15,Leu/uL,191,191,163,30,37,191,196,123,142,1
Leukocytes,Small (+),15,Leu/uL,192,182,162,20,40,192,190,128,139,1
Leukocytes,Small (+),15,Leu/uL,192,190,167,28,33,192,195,125,140,1
Leukocytes,Small (+),15,Leu/uL,184,183,163,29,29,184,189,125,138,1
Leukocytes,Small (+),15,Leu/uL,187,185,165,27,30,187,191,125,138,1
Leukocytes,Small (+),15,Leu/uL,192,190,161,28,41,192,195,124,143,1
Leukocytes,Small (+),15,Leu/uL,183,184,170,32,19,184,190,125,135,1
Leukocytes,Small (+),15,Leu/uL,186,186,165,30,29,186,191,124,139,1
Leukocytes,Small (+),15,Leu/uL,189,183,158,24,42,189,190,126,141,1
Leukocytes,Small (+),15,Leu/uL,179,179,160,30,27,179,185,125,138,1
Leukocytes,Small (+),15,Leu/uL,192,183,160,22,43,192,190,127,141,1
Leukocytes,Small (+),15,Leu/uL,184,186,167,33,26,186,191,124,137,1
Leukocytes,Small (+),15,Leu/uL,192,185,156,24,48,192,191,126,144,1
Leukocytes,Small (+),15,Leu/uL,187,191,166,35,33,191,195,122,140,1
Leukocytes,Small (+),15,Leu/uL,182,183,163,32,28,183,188,124,138,1
Leukocytes,Small (+),15,Leu/uL,185,174,162,16,32,185,183,130,136,1
Leukocytes,Small (+),15,Leu/uL,185,180,161,24,33,185,187,126,138,1
Leukocytes,Small (+),15,Leu/uL,187,183,158,26,40,187,189,125,141,1
Leukocytes,Small (+),15,Leu/uL,187,176,163,16,33,187,185,130,136,1
Leukocytes,Small (+),15,Leu/uL,177,182,166,39,22,182,187,123,136,1
Leukocytes,Small (+),15,Leu/uL,184,186,167,33,26,186,191,124,137,1
Leukocytes,Small (+),15,Leu/uL,175,182,150,37,45,182,186,120,143,1
Leukocytes,Small (+),15,Leu/uL,188,183,152,26,49,188,189,125,144,1
Leukocytes,Small (+),15,Leu/uL,196,184,159,20,48,196,192,128,142,1
Leukocytes,Small (+),15,Leu/uL,194,176,157,15,49,194,186,131,140,1
Leukocytes,Small (+),15,Leu/uL,179,190,163,42,36,190,193,119,140,1
Leukocytes,Small (+),15,Leu/uL,191,184,164,22,36,191,191,127,139,1
Leukocytes,Small (+),15,Leu/uL,188,184,162,25,35,188,190,126,140,1
Leukocytes,Small (+),15,Leu/uL,186,183,163,26,32,186,189,126,139,1
Leukocytes,Small (+),15,Leu/uL,188,177,157,19,42,188,185,129,140,1
Leukocytes,Small (+),15,Leu/uL,192,182,164,19,37,192,190,129,138,1
Leukocytes,Small (+),15,Leu/uL,184,177,159,22,35,184,185,127,138,1
Leukocytes,Small (+),15,Leu/uL,187,180,167,20,27,187,188,128,135,1
Leukocytes,Small (+),15,Leu/uL,189,190,164,31,35,190,195,123,141,1
Leukocytes,Small (+),15,Leu/uL,178,187,156,39,42,187,190,119,143,1
Leukocytes,Small (+),15,Leu/uL,189,180,171,15,24,189,188,129,134,1
Leukocytes,Small (+),15,Leu/uL,194,180,161,17,43,194,189,130,139,1
Leukocytes,Small (+),15,Leu/uL,189,186,162,27,36,189,192,125,141,1
Leukocytes,Small (+),15,Leu/uL,184,180,162,25,30,184,187,126,138,1
Leukocytes,Small (+),15,Leu/uL,193,185,159,23,45,193,192,127,142,1
Leukocytes,Small (+),15,Leu/uL,191,181,166,18,33,191,189,129,137,1
Leukocytes,Small (+),15,Leu/uL,198,182,165,15,43,198,191,131,139,1
Leukocytes,Small (+),15,Leu/uL,185,183,162,27,32,185,189,125,139,1
Leukocytes,Small (+),15,Leu/uL,187,193,161,36,42,193,196,120,143,1
Leukocytes,Small (+),15,Leu/uL,190,175,164,13,35,190,185,131,136,1
Leukocytes,Small (+),15,Leu/uL,193,181,152,21,54,193,189,128,144,1
Leukocytes,Small (+),15,Leu/uL,188,183,165,23,31,188,190,127,138,1
Leukocytes,Small (+),15,Leu/uL,196,181,159,18,48,196,190,130,141,1
Leukocytes,Small (+),15,Leu/uL,183,184,164,32,28,184,189,124,138,1
Leukocytes,Small (+),15,Leu/uL,186,186,164,30,30,186,191,124,139,1
Leukocytes,Moderate (++),70,Leu/uL,143,117,144,149,48,144,134,143,117,0
Leukocytes,Moderate (++),70,Leu/uL,143,113,142,151,53,143,131,145,117,1
Leukocytes,Moderate (++),70,Leu/uL,133,118,144,137,46,144,132,139,116,1
Leukocytes,Moderate (++),70,Leu/uL,144,119,146,148,47,146,136,143,117,1
Leukocytes,Moderate (++),70,Leu/uL,143,117,138,156,46,143,133,142,120,1
Leukocytes,Moderate (++),70,Leu/uL,141,117,141,150,43,141,133,142,118,1
Leukocytes,Moderate (++),70,Leu/uL,146,114,145,151,56,146,133,146,116,1
Leukocytes,Moderate (++),70,Leu/uL,143,120,148,145,48,148,136,142,116,1
Leukocytes,Moderate (++),70,Leu/uL,146,109,149,148,68,149,130,150,112,1
Leukocytes,Moderate (++),70,Leu/uL,149,115,145,154,58,149,134,147,117,1
Leukocytes,Moderate (++),70,Leu/uL,139,109,141,148,58,141,127,146,115,1
Leukocytes,Moderate (++),70,Leu/uL,141,116,140,151,45,141,132,142,119,1
Leukocytes,Moderate (++),70,Leu/uL,140,117,141,149,43,141,133,141,118,1
Leukocytes,Moderate (++),70,Leu/uL,145,120,154,142,56,154,137,144,113,1
Leukocytes,Moderate (++),70,Leu/uL,148,118,142,156,52,148,136,144,119,1
Leukocytes,Moderate (++),70,Leu/uL,144,118,142,152,46,144,135,143,119,1
Leukocytes,Moderate (++),70,Leu/uL,146,111,143,153,61,146,131,147,116,1
Leukocytes,Moderate (++),70,Leu/uL,145,116,143,152,51,145,134,144,118,1
Leukocytes,Moderate (++),70,Leu/uL,142,114,149,144,60,149,132,146,113,1
Leukocytes,Moderate (++),70,Leu/uL,139,118,146,143,49,146,134,141,116,1
Leukocytes,Moderate (++),70,Leu/uL,139,117,140,149,42,140,133,141,119,1
Leukocytes,Moderate (++),70,Leu/uL,149,112,141,156,63,149,132,148,118,1
Leukocytes,Moderate (++),70,Leu/uL,138,112,150,141,65,150,130,145,111,1
Leukocytes,Moderate (++),70,Leu/uL,145,118,141,154,47,145,135,143,120,1
Leukocytes,Moderate (++),70,Leu/uL,147,114,147,150,57,147,133,147,115,1
Leukocytes,Moderate (++),70,Leu/uL,140,114,147,144,57,147,131,144,114,1
Leukocytes,Moderate (++),70,Leu/uL,146,119,140,157,47,146,136,142,120,1
Leukocytes,Moderate (++),70,Leu/uL,141,118,141,150,42,141,134,141,119,1
Leukocytes,Moderate (++),70,Leu/uL,148,107,141,155,71,148,129,150,116,1
Leukocytes,Moderate (++),70,Leu/uL,141,106,138,153,63,141,126,148,116,1
Leukocytes,Moderate (++),70,Leu/uL,146,117,150,146,56,150,135,145,114,1
Leukocytes,Moderate (++),70,Leu/uL,149,119,145,154,51,149,137,144,118,1
Leukocytes,Moderate (++),70,Leu/uL,143,106,138,154,66,143,126,148,116,1
Leukocytes,Moderate (++),70,Leu/uL,143,119,145,148,46,145,135,142,117,1
Leukocytes,Moderate (++),70,Leu/uL,139,121,150,139,49,150,136,141,115,1
Leukocytes,Moderate (++),70,Leu/uL,147,121,142,156,45,147,137,142,120,1
Leukocytes,Moderate (++),70,Leu/uL,147,118,146,151,50,147,136,145,117,1
Leukocytes,Moderate (++),70,Leu/uL,144,117,141,153,48,144,134,143,119,1
Leukocytes,Moderate (++),70,Leu/uL,143,121,142,151,39,143,136,140,120,1
Leukocytes,Moderate (++),70,Leu/uL,147,120,143,154,47,147,137,143,120,1
Leukocytes,Moderate (++),70,Leu/uL,149,116,150,149,58,150,135,147,115,1
Leukocytes,Moderate (++),70,Leu/uL,145,117,140,155,49,145,134,143,120,1
Leukocytes,Moderate (++),70,Leu/uL,143,116,139,154,48,143,133,143,119,1
Leukocytes,Moderate (++),70,Leu/uL,142,114,146,146,56,146,132,145,115,1
Leukocytes,Moderate (++),70,Leu/uL,148,112,151,148,66,151,133,149,112,1
Leukocytes,Moderate (++),70,Leu/uL,142,113,147,146,59,147,131,146,114,1
Leukocytes,Moderate (++),70,Leu/uL,141,117,142,149,45,142,133,142,118,1
Leukocytes,Moderate (++),70,Leu/uL,140,120,143,146,41,143,135,140,118,1
Leukocytes,Moderate (++),70,Leu/uL,137,119,139,147,37,139,133,139,120,1
Leukocytes,Moderate (++),70,Leu/uL,138,122,139,148,31,139,136,137,121,1
Leukocytes,Moderate (++),70,Leu/uL,134,119,143,139,43,143,133,139,117,1
Leukocytes,Moderate (++),70,Leu/uL,142,116,145,147,51,145,133,144,116,1
Leukocytes,Moderate (++),70,Leu/uL,140,123,138,154,31,140,137,137,122,1
Leukocytes,Moderate (++),70,Leu/uL,145,120,141,155,44,145,136,142,120,1
Leukocytes,Moderate (++),70,Leu/uL,139,121,140,148,35,140,135,138,120,1
Leukocytes,Moderate (++),70,Leu/uL,141,121,144,146,41,144,136,140,118,1
Leukocytes,Moderate (++),70,Leu/uL,136,124,142,140,32,142,137,136,120,1
Leukocytes,Moderate (++),70,Leu/uL,141,118,147,144,50,147,134,142,116,1
Leukocytes,Moderate (++),70,Leu/uL,151,110,147,153,69,151,132,150,114,1
Leukocytes,Moderate (++),70,Leu/uL,146,116,147,149,54,147,134,145,116,1
Leukocytes,Moderate (++),70,Leu/uL,147,111,151,147,68,151,132,149,112,1
Leukocytes,Moderate (++),70,Leu/uL,137,112,143,144,55,143,129,144,115,1
Leukocytes,Moderate (++),70,Leu/uL,151,116,144,156,59,151,135,147,118,1
Leukocytes,Moderate (++),70,Leu/uL,149,116,139,159,56,149,134,145,120,1
Leukocytes,Moderate (++),70,Leu/uL,141,122,144,146,39,144,137,140,119,1
Leukocytes,Moderate (++),70,Leu/uL,151,120,141,160,52,151,138,144,121,1
Leukocytes,Moderate (++),70,Leu/uL,143,114,141,152,52,143,132,144,118,1
Leukocytes,Moderate (++),70,Leu/uL,161,121,147,161,63,161,141,148,120,1
Leukocytes,Moderate (++),70,Leu/uL,141,123,148,142,43,148,138,140,117,1
Leukocytes,Moderate (++),70,Leu/uL,151,124,138,164,46,151,140,141,124,1
Leukocytes,Moderate (++),70,Leu/uL,139,113,140,149,49,140,130,143,117,1
Leukocytes,Moderate (++),70,Leu/uL,144,115,152,144,62,152,134,146,112,1
Leukocytes,Moderate (++),70,Leu/uL,151,117,152,149,59,152,137,148,114,1
Leukocytes,Moderate (++),70,Leu/uL,149,115,136,161,58,149,134,145,122,1
Leukocytes,Moderate (++),70,Leu/uL,142,114,145,147,55,145,132,145,115,1
Leukocytes,Moderate (++),70,Leu/uL,143,117,146,147,51,146,134,144,116,1
Leukocytes,Moderate (++),70,Leu/uL,138,119,142,145,41,142,134,140,118,1
Leukocytes,Moderate (++),70,Leu/uL,144,121,139,157,41,144,136,140,122,1
Leukocytes,Moderate (++),70,Leu/uL,142,117,142,150,45,142,134,142,118,1
Leukocytes,Moderate (++),70,Leu/uL,147,114,142,155,57,147,133,146,118,1
Leukocytes,Moderate (++),70,Leu/uL,140,121,142,147,38,142,136,139,119,1
Leukocytes,Moderate (++),70,Leu/uL,145,125,144,152,35,145,140,139,121,1
Leukocytes,Moderate (++),70,Leu/uL,147,124,148,149,41,148,140,141,118,1
Leukocytes,Moderate (++),70,Leu/uL,143,120,139,155,41,143,135,140,121,1
Leukocytes,Moderate (++),70,Leu/uL,140,115,153,140,63,153,133,145,111,1
Leukocytes,Moderate (++),70,Leu/uL,140,114,140,150,47,140,131,143,118,1
Leukocytes,Moderate (++),70,Leu/uL,145,118,148,147,52,148,135,144,116,1
Leukocytes,Moderate (++),70,Leu/uL,146,111,141,154,61,146,131,147,117,1
Leukocytes,Moderate (++),70,Leu/uL,148,116,149,149,56,149,135,147,115,1
Leukocytes,Moderate (++),70,Leu/uL,142,113,143,149,53,143,131,145,116,1
Leukocytes,Moderate (++),70,Leu/uL,139,115,145,144,53,145,132,143,115,1
Leukocytes,Moderate (++),70,Leu/uL,145,111,144,151,60,145,131,147,115,1
Leukocytes,Moderate (++),70,Leu/uL,141,114,145,146,55,145,132,144,115,1
Leukocytes,Moderate (++),70,Leu/uL,141,123,149,141,44,149,138,140,117,1
Leukocytes,Moderate (++),70,Leu/uL,148,115,140,157,57,148,134,145,119,1
Leukocytes,Moderate (++),70,Leu/uL,143,116,142,151,48,143,133,143,118,1
Leukocytes,Moderate (++),70,Leu/uL,138,117,142,145,45,142,133,141,117,1
Leukocytes,Moderate (++),70,Leu/uL,146,120,148,148,48,148,137,143,117,1
Leukocytes,Moderate (++),70,Leu/uL,138,119,141,146,40,141,134,140,119,1
Leukocytes,Moderate (++),70,Leu/uL,138,115,148,141,57,148,132,143,113,1
Leukocytes,Moderate (++),70,Leu/uL,142,123,146,145,40,146,138,140,118,1
Leukocytes,Moderate (++),70,Leu/uL,141,122,146,144,42,146,137,140,118,1
Leukocytes,Moderate (++),70,Leu/uL,139,124,145,141,37,145,138,138,119,1
Leukocytes,Moderate (++),70,Leu/uL,143,114,149,145,60,149,132,146,113,1
Leukocytes,Moderate (++),70,Leu/uL,145,120,142,154,44,145,136,142,120,1
Leukocytes,Moderate (++),70,Leu/uL,146,121,141,156,44,146,137,141,121,1
Leukocytes,Moderate (++),70,Leu/uL,137,119,138,148,35,138,133,138,120,1
Leukocytes,Moderate (++),70,Leu/uL,144,115,149,146,58,149,133,146,114,1
Leukocytes,Moderate (++),70,Leu/uL,141,121,142,149,38,142,136,140,119,1
Leukocytes,Moderate (++),70,Leu/uL,147,125,140,160,38,147,140,139,123,1
Leukocytes,Moderate (++),70,Leu/uL,144,128,144,150,28,144,142,137,122,1
Leukocytes,Moderate (++),70,Leu/uL,143,120,144,149,43,144,136,141,118,1
Leukocytes,Moderate (++),70,Leu/uL,136,122,136,150,26,136,135,136,122,1
Leukocytes,Moderate (++),70,Leu/uL,141,122,143,147,37,143,137,139,119,1
Leukocytes,Moderate (++),70,Leu/uL,140,121,141,149,36,141,136,139,120,1
Leukocytes,Moderate (++),70,Leu/uL,138,118,143,144,45,143,133,140,117,1
Leukocytes,Moderate (++),70,Leu/uL,138,120,146,141,45,146,135,140,116,1
Leukocytes,Moderate (++),70,Leu/uL,142,116,146,146,52,146,133,144,116,1
Leukocytes,Moderate (++),70,Leu/uL,148,116,147,151,55,148,135,146,116,1
Leukocytes,Moderate (++),70,Leu/uL,145,121,144,151,42,145,137,142,119,1
Leukocytes,Moderate (++),70,Leu/uL,139,115,145,144,53,145,132,143,115,1
Leukocytes,Moderate (++),70,Leu/uL,150,115,147,153,60,150,135,147,116,1
Leukocytes,Moderate (++),70,Leu/uL,142,117,150,143,56,150,134,144,114,1
Leukocytes,Moderate (++),70,Leu/uL,146,112,142,154,59,146,131,147,117,1
Leukocytes,Moderate (++),70,Leu/uL,148,118,139,159,52,148,135,143,121,1
Leukocytes,Moderate (++),70,Leu/uL,140,120,148,141,48,148,135,141,116,1
Leukocytes,Moderate (++),70,Leu/uL,143,127,147,144,35,147,141,138,119,1
Leukocytes,Moderate (++),70,Leu/uL,142,114,140,152,50,142,131,144,118,1
Leukocytes,Moderate (++),70,Leu/uL,144,115,151,144,61,151,134,146,113,1
Leukocytes,Moderate (++),70,Leu/uL,149,120,139,160,50,149,137,143,122,1
Leukocytes,Moderate (++),70,Leu/uL,140,122,142,147,36,142,136,139,120,1
Leukocytes,Moderate (++),70,Leu/uL,147,119,144,153,49,147,136,143,119,1
Leukocytes,Moderate (++),70,Leu/uL,140,117,145,145,49,145,133,142,116,1
Leukocytes,Moderate (++),70,Leu/uL,147,113,143,154,59,147,132,147,117,1
Leukocytes,Moderate (++),70,Leu/uL,143,120,140,154,41,143,136,141,120,1
Leukocytes,Moderate (++),70,Leu/uL,138,120,138,150,33,138,134,138,121,1
Leukocytes,Moderate (++),70,Leu/uL,148,116,138,159,55,148,134,144,121,1
Leukocytes,Moderate (++),70,Leu/uL,141,119,142,149,41,142,135,141,119,1
Leukocytes,Moderate (++),70,Leu/uL,143,120,143,150,41,143,136,141,119,1
Leukocytes,Moderate (++),70,Leu/uL,139,116,150,140,58,150,133,144,113,1
Leukocytes,Moderate (++),70,Leu/uL,150,109,148,151,70,150,131,151,113,1
Leukocytes,Moderate (++),70,Leu/uL,144,121,142,153,41,144,137,141,120,1
Leukocytes,Moderate (++),70,Leu/uL,136,119,140,144,38,140,133,139,119,1
Leukocytes,Moderate (++),70,Leu/uL,137,112,146,142,59,146,129,144,113,1
Leukocytes,Moderate (++),70,Leu/uL,144,120,147,147,47,147,136,142,117,1
Leukocytes,Moderate (++),70,Leu/uL,141,117,142,149,45,142,133,142,118,1
Leukocytes,Moderate (++),70,Leu/uL,142,113,146,146,58,146,131,146,114,1
Leukocytes,Moderate (++),70,Leu/uL,147,114,149,148,60,149,133,147,114,1
Leukocytes,Moderate (++),70,Leu/uL,143,118,137,157,45,143,134,141,121,1
Leukocytes,Moderate (++),70,Leu/uL,136,118,147,139,50,147,133,141,115,1
Leukocytes,Large (+++),125,Leu/uL,129,100,144,140,78,144,119,148,108,0
Leukocytes,Large (+++),125,Leu/uL,126,107,147,134,69,147,123,144,109,1
Leukocytes,Large (+++),125,Leu/uL,125,100,154,134,89,154,119,149,102,1
Leukocytes,Large (+++),125,Leu/uL,124,102,143,136,73,143,119,145,109,1
Leukocytes,Large (+++),125,Leu/uL,132,105,142,142,66,142,123,146,112,1
Leukocytes,Large (+++),125,Leu/uL,133,109,144,141,62,144,126,144,112,1
Leukocytes,Large (+++),125,Leu/uL,132,98,144,142,81,144,119,151,108,1
Leukocytes,Large (+++),125,Leu/uL,128,103,149,136,79,149,121,147,107,1
Leukocytes,Large (+++),125,Leu/uL,129,106,150,136,75,150,124,146,107,1
Leukocytes,Large (+++),125,Leu/uL,132,98,142,143,79,142,119,150,109,1
Leukocytes,Large (+++),125,Leu/uL,126,104,139,139,64,139,120,144,112,1
Leukocytes,Large (+++),125,Leu/uL,132,96,147,141,88,147,118,152,106,1
Leukocytes,Large (+++),125,Leu/uL,129,105,149,136,75,149,123,146,108,1
Leukocytes,Large (+++),125,Leu/uL,135,106,145,142,69,145,125,147,111,1
Leukocytes,Large (+++),125,Leu/uL,124,96,136,141,75,136,115,147,110,1
Leukocytes,Large (+++),125,Leu/uL,125,100,142,138,75,142,118,146,109,1
Leukocytes,Large (+++),125,Leu/uL,128,102,143,139,73,143,120,146,109,1
Leukocytes,Large (+++),125,Leu/uL,125,100,140,139,73,140,118,146,110,1
Leukocytes,Large (+++),125,Leu/uL,128,105,143,138,68,143,122,145,111,1
Leukocytes,Large (+++),125,Leu/uL,136,106,142,145,65,142,125,147,113,1
Leukocytes,Large (+++),125,Leu/uL,125,100,149,135,84,149,119,148,105,1
Leukocytes,Large (+++),125,Leu/uL,127,104,149,135,77,149,122,146,107,1
Leukocytes,Large (+++),125,Leu/uL,126,97,147,137,87,147,117,150,105,1
Leukocytes,Large (+++),125,Leu/uL,130,97,143,142,82,143,117,150,108,1
Leukocytes,Large (+++),125,Leu/uL,129,94,147,140,92,147,116,153,104,1
Leukocytes,Large (+++),125,Leu/uL,127,89,144,141,97,144,112,154,104,1
Leukocytes,Large (+++),125,Leu/uL,126,107,142,136,63,142,123,143,112,1
Leukocytes,Large (+++),125,Leu/uL,125,102,141,138,71,141,119,145,110,1
Leukocytes,Large (+++),125,Leu/uL,126,102,140,139,69,140,119,145,111,1
Leukocytes,Large (+++),125,Leu/uL,123,107,146,132,68,146,123,142,109,1
Leukocytes,Large (+++),125,Leu/uL,128,100,146,138,80,146,119,148,107,1
Leukocytes,Large (+++),125,Leu/uL,133,97,145,143,84,145,119,152,107,1
Leukocytes,Large (+++),125,Leu/uL,127,99,145,138,81,145,118,148,107,1
Leukocytes,Large (+++),125,Leu/uL,129,103,146,138,75,146,121,147,108,1
Leukocytes,Large (+++),125,Leu/uL,123,95,143,138,86,143,114,149,106,1
Leukocytes,Large (+++),125,Leu/uL,136,97,143,145,82,143,119,152,109,1
Leukocytes,Large (+++),125,Leu/uL,127,98,145,138,83,145,117,149,107,1
Leukocytes,Large (+++),125,Leu/uL,135,102,141,145,71,141,122,148,112,1
Leukocytes,Large (+++),125,Leu/uL,140,100,142,149,75,142,122,152,111,1
Leukocytes,Large (+++),125,Leu/uL,135,98,151,141,90,151,120,153,105,1
Leukocytes,Large (+++),125,Leu/uL,126,106,145,135,69,145,123,144,110,1
Leukocytes,Large (+++),125,Leu/uL,134,108,139,145,57,139,125,144,115,1
Leukocytes,Large (+++),125,Leu/uL,134,94,140,146,84,140,116,153,109,1
Leukocytes,Large (+++),125,Leu/uL,126,102,144,137,74,144,120,146,108,1
Leukocytes,Large (+++),125,Leu/uL,128,101,146,138,79,146,120,148,107,1
Leukocytes,Large (+++),125,Leu/uL,132,104,151,138,79,151,123,149,107,1
Leukocytes,Large (+++),125,Leu/uL,129,98,146,139,84,146,118,150,106,1
Leukocytes,Large (+++),125,Leu/uL,124,97,148,136,88,148,116,149,104,1
Leukocytes,Large (+++),125,Leu/uL,129,95,138,144,79,138,115,150,109,1
Leukocytes,Large (+++),125,Leu/uL,129,105,149,136,75,149,123,146,108,1
Leukocytes,Large (+++),125,Leu/uL,129,108,144,137,64,144,124,144,111,1
Leukocytes,Large (+++),125,Leu/uL,128,90,142,142,93,142,112,153,105,1
Leukocytes,Large (+++),125,Leu/uL,132,106,141,142,63,141,124,145,113,1
Leukocytes,Large (+++),125,Leu/uL,131,104,144,140,71,144,122,147,110,1
Leukocytes,Large (+++),125,Leu/uL,120,101,147,132,80,147,118,145,106,1
Leukocytes,Large (+++),125,Leu/uL,125,99,139,140,73,139,117,146,110,1
Leukocytes,Large (+++),125,Leu/uL,119,104,144,131,71,144,119,142,108,1
Leukocytes,Large (+++),125,Leu/uL,135,103,143,144,71,143,123,148,111,1
Leukocytes,Large (+++),125,Leu/uL,129,102,148,138,79,148,121,148,107,1
Leukocytes,Large (+++),125,Leu/uL,130,104,143,140,70,143,122,146,110,1
Leukocytes,Large (+++),125,Leu/uL,125,100,145,137,79,145,118,147,107,1
Leukocytes,Large (+++),125,Leu/uL,124,95,146,137,89,146,115,150,104,1
Leukocytes,Large (+++),125,Leu/uL,127,99,143,139,78,143,118,148,108,1
Leukocytes,Large (+++),125,Leu/uL,135,105,139,146,62,139,124,146,114,1
Leukocytes,Large (+++),125,Leu/uL,127,103,146,137,75,146,121,146,108,1
Leukocytes,Large (+++),125,Leu/uL,129,95,141,142,83,141,116,151,108,1
Leukocytes,Large (+++),125,Leu/uL,127,101,151,136,84,151,120,149,105,1
Leukocytes,Large (+++),125,Leu/uL,126,96,144,139,85,144,116,149,106,1
Leukocytes,Large (+++),125,Leu/uL,133,94,150,141,95,150,117,154,104,1
Leukocytes,Large (+++),125,Leu/uL,128,97,138,143,76,138,116,148,110,1
Leukocytes,Large (+++),125,Leu/uL,132,99,145,142,81,145,119,150,108,1
Leukocytes,Large (+++),125,Leu/uL,125,99,142,138,77,142,117,147,108,1
Leukocytes,Large (+++),125,Leu/uL,129,97,138,143,76,138,117,149,110,1
Leukocytes,Large (+++),125,Leu/uL,140,95,145,147,88,145,119,155,108,1
Leukocytes,Large (+++),125,Leu/uL,122,92,144,137,92,144,112,151,104,1
Leukocytes,Large (+++),125,Leu/uL,130,105,146,138,72,146,123,146,109,1
Leukocytes,Large (+++),125,Leu/uL,128,96,150,138,92,150,117,152,103,1
Leukocytes,Large (+++),125,Leu/uL,133,95,144,143,87,144,117,153,107,1
Leukocytes,Large (+++),125,Leu/uL,130,99,147,139,83,147,119,150,106,1
Leukocytes,Large (+++),125,Leu/uL,132,99,143,143,78,143,119,150,109,1
Leukocytes,Large (+++),125,Leu/uL,135,104,144,143,71,144,123,148,111,1
Leukocytes,Large (+++),125,Leu/uL,122,101,147,134,80,147,118,146,106,1
Leukocytes,Large (+++),125,Leu/uL,118,101,142,132,74,142,117,144,108,1
Leukocytes,Large (+++),125,Leu/uL,128,96,143,140,84,143,116,150,107,1
Leukocytes,Large (+++),125,Leu/uL,135,98,148,142,86,148,120,152,106,1
Leukocytes,Large (+++),125,Leu/uL,126,103,144,137,73,144,120,145,109,1
Leukocytes,Large (+++),125,Leu/uL,130,100,147,139,82,147,120,149,107,1
Leukocytes,Large (+++),125,Leu/uL,119,94,146,134,91,146,113,149,103,1
Leukocytes,Large (+++),125,Leu/uL,121,98,144,135,81,144,116,147,106,1
Leukocytes,Large (+++),125,Leu/uL,126,97,145,138,84,145,117,149,106,1
Leukocytes,Large (+++),125,Leu/uL,133,96,142,144,83,142,117,152,108,1
Leukocytes,Large (+++),125,Leu/uL,126,90,145,140,97,145,112,153,103,1
Leukocytes,Large (+++),125,Leu/uL,133,104,141,144,67,141,123,147,112,1
Leukocytes,Large (+++),125,Leu/uL,124,100,147,135,82,147,118,147,106,1
Leukocytes,Large (+++),125,Leu/uL,130,101,149,138,82,149,121,149,106,1
Leukocytes,Large (+++),125,Leu/uL,126,99,151,136,88,151,119,149,104,1
Leukocytes,Large (+++),125,Leu/uL,128,95,141,142,83,141,115,150,108,1
Leukocytes,Large (+++),125,Leu/uL,125,101,140,138,71,140,118,145,110,1
Leukocytes,Large (+++),125,Leu/uL,130,97,136,145,73,136,117,149,112,1
Leukocytes,Large (+++),125,Leu/uL,130,101,146,139,79,146,120,148,108,1
Leukocytes,Large (+++),125,Leu/uL,126,97,146,138,86,146,117,150,105,1
Leukocytes,Large (+++),125,Leu/uL,135,100,146,143,80,146,121,151,108,1
Leukocytes,Large (+++),125,Leu/uL,128,94,148,139,93,148,115,152,104,1
Leukocytes,Large (+++),125,Leu/uL,133,103,143,143,71,143,122,148,111,1
Leukocytes,Large (+++),125,Leu/uL,131,104,150,138,78,150,123,148,107,1
Leukocytes,Large (+++),125,Leu/uL,133,100,139,145,72,139,120,148,112,1
Leukocytes,Large (+++),125,Leu/uL,130,101,147,139,80,147,120,149,107,1
Leukocytes,Large (+++),125,Leu/uL,134,100,152,140,87,152,121,151,105,1
Leukocytes,Large (+++),125,Leu/uL,122,102,141,135,71,141,118,144,109,1
Leukocytes,Large (+++),125,Leu/uL,121,99,138,137,72,138,116,145,110,1
Leukocytes,Large (+++),125,Leu/uL,128,100,148,138,83,148,119,149,106,1
Leukocytes,Large (+++),125,Leu/uL,123,104,144,134,71,144,120,144,109,1
Leukocytes,Large (+++),125,Leu/uL,133,98,139,146,75,139,119,150,111,1
Leukocytes,Large (+++),125,Leu/uL,124,95,146,137,89,146,115,150,104,1
Leukocytes,Large (+++),125,Leu/uL,135,98,147,143,85,147,120,152,107,1
Leukocytes,Large (+++),125,Leu/uL,123,101,147,134,80,147,119,146,106,1
Leukocytes,Large (+++),125,Leu/uL,123,99,147,135,83,147,117,147,105,1
Leukocytes,Large (+++),125,Leu/uL,117,105,145,129,70,145,120,141,108,1
Leukocytes,Large (+++),125,Leu/uL,132,98,137,146,73,137,118,149,112,1
Leukocytes,Large (+++),125,Leu/uL,131,100,144,141,78,144,120,149,109,1
Leukocytes,Large (+++),125,Leu/uL,133,103,152,138,82,152,123,149,106,1
Leukocytes,Large (+++),125,Leu/uL,130,97,143,142,82,143,117,150,108,1
Leukocytes,Large (+++),125,Leu/uL,131,104,138,144,63,138,122,145,113,1
Leukocytes,Large (+++),125,Leu/uL,129,106,143,139,66,143,123,144,111,1
Leukocytes,Large (+++),125,Leu/uL,133,102,148,140,79,148,122,149,108,1
Leukocytes,Large (+++),125,Leu/uL,126,97,144,138,83,144,116,149,107,1
Leukocytes,Large (+++),125,Leu/uL,123,99,145,136,81,145,117,147,106,1
Leukocytes,Large (+++),125,Leu/uL,136,102,147,143,78,147,123,150,109,1
Leukocytes,Large (+++),125,Leu/uL,134,96,143,144,84,143,118,152,108,1
Leukocytes,Large (+++),125,Leu/uL,139,100,148,144,83,148,122,152,108,1
Leukocytes,Large (+++),125,Leu/uL,133,94,145,143,90,145,116,154,106,1
Leukocytes,Large (+++),125,Leu/uL,130,101,141,142,72,141,120,147,110,1
Leukocytes,Large (+++),125,Leu/uL,125,98,144,138,81,144,117,148,107,1
Leukocytes,Large (+++),125,Leu/uL,134,107,150,139,73,150,126,147,109,1
Leukocytes,Large (+++),125,Leu/uL,132,96,142,143,83,142,117,151,108,1
Leukocytes,Large (+++),125,Leu/uL,130,97,146,140,86,146,118,151,106,1
Leukocytes,Large (+++),125,Leu/uL,132,102,148,140,79,148,122,149,107,1
Leukocytes,Large (+++),125,Leu/uL,125,104,141,137,67,141,120,144,111,1
Leukocytes,Large (+++),125,Leu/uL,125,102,149,135,80,149,120,147,106,1
Leukocytes,Large (+++),125,Leu/uL,131,100,145,141,79,145,120,149,108,1
Leukocytes,Large (+++),125,Leu/uL,130,95,139,144,81,139,116,151,109,1
Leukocytes,Large (+++),125,Leu/uL,129,100,144,140,78,144,119,148,108,1
Leukocytes,Large (+++),125,Leu/uL,132,99,146,141,82,146,120,150,107,1
Leukocytes,Large (+++),125,Leu/uL,128,107,144,137,66,144,124,144,111,1
Leukocytes,Large (+++),125,Leu/uL,138,101,143,146,75,143,122,151,111,1
Leukocytes,Large (+++),125,Leu/uL,125,94,140,140,84,140,114,150,107,1
Leukocytes,Large (+++),125,Leu/uL,125,102,142,137,72,142,119,145,109,1
Leukocytes,Large (+++),125,Leu/uL,130,105,144,139,69,144,123,146,110,1
Leukocytes,Large (+++),125,Leu/uL,137,95,143,146,86,143,118,154,108,1
Leukocytes,Large (+++),125,Leu/uL,127,104,135,142,59,135,120,143,114,1
